transaction_id,date,region,store_id,employee_id,product_id,units,unit_price,discount,revenue,payment,customer_id,customer_segment
TXN_202507_014962,2025-07-18,REG_04,STORE_011,EMP_029,PROD_021,2,47.27,0.17,78.47,card,CUST_1408,Premium
TXN_202507_014963,2025-07-24,REG_03,STORE_008,EMP_003,PROD_044,2,138.39,0.28,199.28,credit,CUST_5568,VIP
TXN_202507_014964,2025-07-29,REG_09,STORE_025,EMP_025,PROD_017,5,241.57,0.17,1002.52,card,CUST_8192,VIP
TXN_202507_014965,2025-07-01,REG_07,STORE_019,EMP_007,PROD_016,1,350.41,0.24,266.31,credit,CUST_8030,New
TXN_202507_014966,2025-07-03,REG_04,STORE_012,EMP_026,PROD_037,4,240.96,0.09,877.09,mobile,CUST_5000,Regular
TXN_202507_014967,2025-07-29,REG_04,STORE_010,EMP_030,PROD_038,3,332.37,0.02,977.17,cash,CUST_6560,Regular
TXN_202507_014968,2025-07-13,REG_03,STORE_008,EMP_003,PROD_002,4,173.45,0.0,693.8,cash,CUST_4046,VIP
TXN_202507_014969,2025-07-03,REG_07,STORE_020,EMP_007,PROD_015,4,29.41,0.11,104.7,cash,CUST_8137,VIP
TXN_202507_014970,2025-07-06,REG_08,STORE_023,EMP_012,PROD_022,5,240.08,0.19,972.32,mobile,CUST_1507,Regular
TXN_202507_014971,2025-07-08,REG_03,STORE_009,EMP_003,PROD_042,3,342.44,0.14,883.5,mobile,CUST_2564,VIP
TXN_202507_014972,2025-07-23,REG_01,STORE_002,EMP_019,PROD_013,5,25.84,0.22,100.78,cash,CUST_7966,Regular
TXN_202507_014973,2025-07-01,REG_02,STORE_005,EMP_002,PROD_007,1,405.6,0.22,316.37,card,CUST_1128,Premium
TXN_202507_014974,2025-07-09,REG_04,STORE_010,EMP_026,PROD_016,1,209.3,0.13,182.09,credit,CUST_6094,Premium
TXN_202507_014975,2025-07-19,REG_08,STORE_022,EMP_023,PROD_006,3,220.19,0.07,614.33,credit,CUST_5234,VIP
TXN_202507_014976,2025-07-09,REG_03,STORE_009,EMP_003,PROD_038,4,151.35,0.21,478.27,credit,CUST_9001,New
TXN_202507_014977,2025-07-12,REG_10,STORE_030,EMP_010,PROD_015,4,163.33,0.11,581.45,credit,CUST_1999,Premium
TXN_202507_014978,2025-07-18,REG_07,STORE_019,EMP_007,PROD_048,4,264.88,0.03,1027.73,card,CUST_5143,Premium
TXN_202507_014979,2025-07-20,REG_03,STORE_007,EMP_014,PROD_017,1,216.05,0.02,211.73,cash,CUST_6672,Premium
TXN_202507_014980,2025-07-07,REG_10,STORE_028,EMP_020,PROD_003,5,457.1,0.02,2239.79,credit,CUST_3250,Premium
TXN_202507_014981,2025-07-23,REG_04,STORE_010,EMP_004,PROD_046,5,238.54,0.22,930.31,card,CUST_8918,New
TXN_202507_014982,2025-07-05,REG_05,STORE_015,EMP_005,PROD_041,3,44.68,0.09,121.98,card,CUST_7023,Regular
TXN_202507_014983,2025-07-22,REG_09,STORE_027,EMP_025,PROD_034,1,354.64,0.1,319.18,credit,CUST_1713,Regular
TXN_202507_014984,2025-07-27,REG_01,STORE_001,EMP_001,PROD_034,4,152.84,0.15,519.66,mobile,CUST_5356,Regular
TXN_202507_014985,2025-07-30,REG_08,STORE_022,EMP_008,PROD_009,5,456.42,0.21,1802.86,mobile,CUST_6853,New
TXN_202507_014986,2025-07-09,REG_07,STORE_021,EMP_007,PROD_025,2,229.25,0.21,362.22,credit,CUST_9879,VIP
TXN_202507_014987,2025-07-05,REG_06,STORE_018,EMP_006,PROD_046,5,144.6,0.2,578.4,cash,CUST_7599,Premium
TXN_202507_014988,2025-07-22,REG_07,STORE_021,EMP_007,PROD_031,4,52.19,0.26,154.48,mobile,CUST_2514,New
TXN_202507_014989,2025-07-18,REG_04,STORE_012,EMP_030,PROD_025,5,458.87,0.01,2271.41,credit,CUST_1001,VIP
TXN_202507_014990,2025-07-15,REG_09,STORE_025,EMP_009,PROD_040,1,376.84,0.19,305.24,cash,CUST_5555,Regular
TXN_202507_014991,2025-07-08,REG_06,STORE_017,EMP_006,PROD_047,3,112.73,0.28,243.5,credit,CUST_4482,Regular
TXN_202507_014992,2025-07-29,REG_09,STORE_025,EMP_025,PROD_025,5,308.45,0.2,1233.8,card,CUST_5581,Premium
TXN_202507_014993,2025-07-10,REG_07,STORE_020,EMP_007,PROD_029,5,215.64,0.1,970.38,mobile,CUST_1673,Premium
TXN_202507_014994,2025-07-06,REG_05,STORE_015,EMP_005,PROD_021,2,235.59,0.26,348.67,card,CUST_8177,VIP
TXN_202507_014995,2025-07-24,REG_08,STORE_022,EMP_012,PROD_031,2,69.33,0.09,126.18,card,CUST_8916,Regular
TXN_202507_014996,2025-07-05,REG_01,STORE_001,EMP_011,PROD_002,1,41.32,0.16,34.71,cash,CUST_5297,New
TXN_202507_014997,2025-07-11,REG_08,STORE_024,EMP_012,PROD_014,2,181.46,0.19,293.97,mobile,CUST_1105,Regular
TXN_202507_014998,2025-07-04,REG_01,STORE_001,EMP_019,PROD_006,1,228.64,0.06,214.92,mobile,CUST_9389,Regular
TXN_202507_014999,2025-07-14,REG_03,STORE_008,EMP_014,PROD_023,1,53.89,0.06,50.66,cash,CUST_1308,VIP
TXN_202507_015000,2025-07-22,REG_10,STORE_028,EMP_013,PROD_048,3,305.76,0.21,724.65,credit,CUST_1155,Regular
TXN_202507_015001,2025-07-10,REG_10,STORE_029,EMP_028,PROD_031,5,102.55,0.07,476.86,cash,CUST_2638,VIP
TXN_202507_015002,2025-07-27,REG_01,STORE_002,EMP_011,PROD_050,3,218.28,0.19,530.42,cash,CUST_2651,VIP
TXN_202507_015003,2025-07-21,REG_05,STORE_014,EMP_021,PROD_014,4,213.93,0.04,821.49,card,CUST_5330,Premium
TXN_202507_015004,2025-07-25,REG_06,STORE_016,EMP_006,PROD_018,4,100.77,0.04,386.96,mobile,CUST_9695,Premium
TXN_202507_015005,2025-07-11,REG_08,STORE_022,EMP_023,PROD_025,1,18.27,0.1,16.44,card,CUST_6255,New
TXN_202507_015006,2025-07-17,REG_01,STORE_001,EMP_019,PROD_043,1,470.04,0.16,394.83,mobile,CUST_6697,VIP
TXN_202507_015007,2025-07-09,REG_08,STORE_024,EMP_008,PROD_043,1,130.71,0.27,95.42,cash,CUST_4672,VIP
TXN_202507_015008,2025-07-26,REG_07,STORE_021,EMP_007,PROD_042,2,461.94,0.14,794.54,credit,CUST_2391,New
TXN_202507_015009,2025-07-17,REG_05,STORE_015,EMP_021,PROD_024,2,65.28,0.0,130.56,card,CUST_2343,Regular
TXN_202507_015010,2025-07-15,REG_06,STORE_016,EMP_006,PROD_032,4,410.51,0.29,1165.85,card,CUST_4442,VIP
TXN_202507_015011,2025-07-01,REG_08,STORE_024,EMP_012,PROD_012,4,194.58,0.17,646.01,cash,CUST_2145,Premium
TXN_202507_015012,2025-07-09,REG_04,STORE_010,EMP_004,PROD_031,4,367.38,0.03,1425.43,mobile,CUST_9054,Premium
TXN_202507_015013,2025-07-24,REG_09,STORE_027,EMP_009,PROD_040,4,31.45,0.16,105.67,card,CUST_2168,Regular
TXN_202507_015014,2025-07-24,REG_04,STORE_011,EMP_016,PROD_046,3,174.38,0.13,455.13,mobile,CUST_7472,Regular
TXN_202507_015015,2025-07-19,REG_03,STORE_009,EMP_003,PROD_048,2,472.41,0.0,944.82,credit,CUST_4937,Premium
TXN_202507_015016,2025-07-12,REG_10,STORE_030,EMP_017,PROD_020,1,277.73,0.18,227.74,cash,CUST_2746,Premium
TXN_202507_015017,2025-07-25,REG_02,STORE_006,EMP_002,PROD_001,2,53.77,0.07,100.01,cash,CUST_1585,New
TXN_202507_015018,2025-07-22,REG_01,STORE_003,EMP_001,PROD_005,2,147.91,0.16,248.49,mobile,CUST_3444,VIP
TXN_202507_015019,2025-07-30,REG_08,STORE_024,EMP_023,PROD_024,4,26.71,0.19,86.54,card,CUST_7009,Regular
TXN_202507_015020,2025-07-13,REG_06,STORE_017,EMP_006,PROD_029,5,480.36,0.27,1753.31,mobile,CUST_5798,New
TXN_202507_015021,2025-07-11,REG_08,STORE_022,EMP_015,PROD_041,5,383.17,0.14,1647.63,cash,CUST_8711,Regular
TXN_202507_015022,2025-07-10,REG_08,STORE_022,EMP_008,PROD_041,4,146.13,0.11,520.22,mobile,CUST_8715,Premium
TXN_202507_015023,2025-07-10,REG_06,STORE_018,EMP_006,PROD_041,2,59.58,0.11,106.05,cash,CUST_9627,VIP
TXN_202507_015024,2025-07-11,REG_02,STORE_005,EMP_002,PROD_009,2,94.06,0.09,171.19,card,CUST_8884,Premium
TXN_202507_015025,2025-07-07,REG_04,STORE_011,EMP_004,PROD_021,5,190.89,0.03,925.82,credit,CUST_9923,Premium
TXN_202507_015026,2025-07-31,REG_02,STORE_006,EMP_002,PROD_009,3,382.5,0.03,1113.08,cash,CUST_8423,Regular
TXN_202507_015027,2025-07-09,REG_07,STORE_020,EMP_007,PROD_025,1,176.3,0.16,148.09,cash,CUST_2800,Premium
TXN_202507_015028,2025-07-07,REG_09,STORE_025,EMP_009,PROD_021,4,201.79,0.01,799.09,card,CUST_9197,Regular
TXN_202507_015029,2025-07-03,REG_08,STORE_022,EMP_012,PROD_023,4,150.1,0.07,558.37,mobile,CUST_6152,Premium
TXN_202507_015030,2025-07-12,REG_03,STORE_009,EMP_003,PROD_001,5,175.68,0.14,755.42,credit,CUST_8318,New
TXN_202507_015031,2025-07-27,REG_07,STORE_021,EMP_007,PROD_036,2,128.11,0.07,238.28,cash,CUST_8169,VIP
TXN_202507_015032,2025-07-31,REG_07,STORE_020,EMP_007,PROD_028,5,250.53,0.07,1164.96,credit,CUST_1556,Regular
TXN_202507_015033,2025-07-31,REG_05,STORE_015,EMP_005,PROD_007,2,343.97,0.08,632.9,credit,CUST_8217,Premium
TXN_202507_015034,2025-07-02,REG_05,STORE_013,EMP_021,PROD_032,5,89.94,0.0,449.7,cash,CUST_9467,New
TXN_202507_015035,2025-07-04,REG_04,STORE_012,EMP_030,PROD_039,5,282.33,0.06,1326.95,mobile,CUST_2243,VIP
TXN_202507_015036,2025-07-23,REG_07,STORE_021,EMP_007,PROD_017,2,408.57,0.21,645.54,mobile,CUST_1145,New
TXN_202507_015037,2025-07-07,REG_06,STORE_018,EMP_006,PROD_033,1,288.29,0.01,285.41,card,CUST_8028,VIP
TXN_202507_015038,2025-07-07,REG_09,STORE_026,EMP_027,PROD_028,1,52.02,0.02,50.98,mobile,CUST_1869,Regular
TXN_202507_015039,2025-07-14,REG_08,STORE_022,EMP_012,PROD_036,3,47.87,0.06,134.99,mobile,CUST_2514,Premium
TXN_202507_015040,2025-07-28,REG_08,STORE_023,EMP_023,PROD_034,4,362.08,0.14,1245.56,cash,CUST_7733,VIP
TXN_202507_015041,2025-07-29,REG_07,STORE_021,EMP_007,PROD_008,3,59.33,0.22,138.83,credit,CUST_7319,Premium
TXN_202507_015042,2025-07-16,REG_05,STORE_013,EMP_005,PROD_047,3,211.59,0.08,583.99,cash,CUST_3970,New
TXN_202507_015043,2025-07-04,REG_06,STORE_018,EMP_006,PROD_006,5,180.42,0.26,667.55,credit,CUST_6634,Regular
TXN_202507_015044,2025-07-04,REG_10,STORE_029,EMP_020,PROD_028,4,333.54,0.22,1040.64,cash,CUST_6091,Regular
TXN_202507_015045,2025-07-30,REG_09,STORE_026,EMP_022,PROD_020,3,255.33,0.07,712.37,credit,CUST_7149,New
TXN_202507_015046,2025-07-08,REG_08,STORE_023,EMP_012,PROD_032,3,213.89,0.29,455.59,credit,CUST_1020,New
TXN_202507_015047,2025-07-13,REG_08,STORE_022,EMP_012,PROD_008,4,89.7,0.11,319.33,credit,CUST_6399,Premium
TXN_202507_015048,2025-07-26,REG_07,STORE_020,EMP_007,PROD_013,2,66.81,0.21,105.56,mobile,CUST_6599,New
TXN_202507_015049,2025-07-03,REG_08,STORE_022,EMP_012,PROD_037,2,185.3,0.06,348.36,cash,CUST_1487,Premium
TXN_202507_015050,2025-07-25,REG_06,STORE_016,EMP_006,PROD_050,4,35.21,0.18,115.49,mobile,CUST_4363,VIP
TXN_202507_015051,2025-07-21,REG_07,STORE_019,EMP_007,PROD_016,4,125.86,0.09,458.13,mobile,CUST_3519,New
TXN_202507_015052,2025-07-14,REG_08,STORE_024,EMP_008,PROD_012,4,71.59,0.07,266.31,cash,CUST_8917,New
TXN_202507_015053,2025-07-17,REG_05,STORE_014,EMP_005,PROD_023,2,314.4,0.29,446.45,card,CUST_7844,New
TXN_202507_015054,2025-07-08,REG_02,STORE_005,EMP_002,PROD_034,2,172.66,0.27,252.08,card,CUST_2531,Premium
TXN_202507_015055,2025-07-14,REG_08,STORE_023,EMP_015,PROD_005,3,67.16,0.17,167.23,mobile,CUST_3081,Regular
TXN_202507_015056,2025-07-28,REG_02,STORE_004,EMP_002,PROD_035,5,92.93,0.22,362.43,card,CUST_4902,New
TXN_202507_015057,2025-07-11,REG_03,STORE_009,EMP_003,PROD_022,2,165.86,0.02,325.09,cash,CUST_5045,VIP
TXN_202507_015058,2025-07-20,REG_06,STORE_018,EMP_006,PROD_023,1,440.57,0.27,321.62,mobile,CUST_4108,New
TXN_202507_015059,2025-07-28,REG_05,STORE_013,EMP_005,PROD_001,2,130.72,0.28,188.24,mobile,CUST_5522,Premium
TXN_202507_015060,2025-07-02,REG_01,STORE_001,EMP_018,PROD_049,1,138.19,0.23,106.41,card,CUST_4444,Premium
TXN_202507_015061,2025-07-09,REG_10,STORE_030,EMP_013,PROD_050,4,268.15,0.14,922.44,card,CUST_2225,Premium
TXN_202507_015062,2025-07-16,REG_09,STORE_027,EMP_022,PROD_006,1,289.4,0.09,263.35,cash,CUST_5415,VIP
TXN_202507_015063,2025-07-07,REG_04,STORE_011,EMP_029,PROD_019,1,494.89,0.03,480.04,mobile,CUST_5021,Regular
TXN_202507_015064,2025-07-11,REG_01,STORE_002,EMP_011,PROD_013,5,357.13,0.15,1517.8,mobile,CUST_2144,VIP
TXN_202507_015065,2025-07-10,REG_08,STORE_024,EMP_012,PROD_022,1,68.25,0.24,51.87,credit,CUST_9724,New
TXN_202507_015066,2025-07-21,REG_01,STORE_003,EMP_011,PROD_029,4,55.41,0.13,192.83,cash,CUST_6163,VIP
TXN_202507_015067,2025-07-15,REG_01,STORE_002,EMP_019,PROD_003,3,469.23,0.09,1281.0,card,CUST_7587,Premium
TXN_202507_015068,2025-07-02,REG_07,STORE_019,EMP_007,PROD_010,5,25.54,0.26,94.5,cash,CUST_5219,Premium
TXN_202507_015069,2025-07-16,REG_06,STORE_018,EMP_006,PROD_008,1,468.61,0.04,449.87,cash,CUST_3430,Regular
TXN_202507_015070,2025-07-02,REG_06,STORE_018,EMP_006,PROD_005,5,27.48,0.18,112.67,mobile,CUST_6579,VIP
TXN_202507_015071,2025-07-02,REG_03,STORE_008,EMP_003,PROD_044,1,287.14,0.21,226.84,credit,CUST_6181,Premium
TXN_202507_015072,2025-07-17,REG_07,STORE_021,EMP_007,PROD_037,1,481.7,0.05,457.61,credit,CUST_2645,Regular
TXN_202507_015073,2025-07-17,REG_03,STORE_007,EMP_003,PROD_044,3,205.18,0.03,597.07,cash,CUST_5725,New
TXN_202507_015074,2025-07-06,REG_06,STORE_017,EMP_006,PROD_049,4,429.3,0.12,1511.14,credit,CUST_6843,Premium
TXN_202507_015075,2025-07-15,REG_03,STORE_009,EMP_003,PROD_008,2,440.75,0.27,643.5,credit,CUST_9109,Regular
TXN_202507_015076,2025-07-30,REG_10,STORE_028,EMP_017,PROD_038,1,280.48,0.03,272.07,mobile,CUST_8202,VIP
TXN_202507_015077,2025-07-28,REG_02,STORE_004,EMP_002,PROD_030,4,153.32,0.29,435.43,mobile,CUST_4118,Regular
TXN_202507_015078,2025-07-22,REG_01,STORE_001,EMP_018,PROD_015,4,364.96,0.17,1211.67,card,CUST_5349,New
TXN_202507_015079,2025-07-09,REG_10,STORE_030,EMP_020,PROD_009,3,101.3,0.2,243.12,cash,CUST_6433,Premium
TXN_202507_015080,2025-07-02,REG_03,STORE_007,EMP_003,PROD_025,1,247.96,0.23,190.93,credit,CUST_9765,Premium
TXN_202507_015081,2025-07-31,REG_04,STORE_010,EMP_029,PROD_019,5,304.86,0.12,1341.38,mobile,CUST_4070,Premium
TXN_202507_015082,2025-07-23,REG_03,STORE_009,EMP_014,PROD_039,3,305.07,0.29,649.8,mobile,CUST_7191,Regular
TXN_202507_015083,2025-07-05,REG_07,STORE_021,EMP_007,PROD_017,3,305.52,0.16,769.91,mobile,CUST_5448,New
TXN_202507_015084,2025-07-28,REG_04,STORE_012,EMP_030,PROD_017,2,239.42,0.14,411.8,cash,CUST_9637,Premium
TXN_202507_015085,2025-07-20,REG_02,STORE_006,EMP_002,PROD_031,2,394.54,0.03,765.41,mobile,CUST_7406,Regular
TXN_202507_015086,2025-07-11,REG_08,STORE_023,EMP_023,PROD_022,1,202.92,0.0,202.92,credit,CUST_7509,Premium
TXN_202507_015087,2025-07-14,REG_07,STORE_020,EMP_007,PROD_049,4,39.45,0.15,134.13,credit,CUST_4619,New
TXN_202507_015088,2025-07-13,REG_07,STORE_021,EMP_007,PROD_007,1,424.45,0.01,420.21,mobile,CUST_1729,New
TXN_202507_015089,2025-07-11,REG_08,STORE_022,EMP_012,PROD_011,1,24.04,0.16,20.19,cash,CUST_3021,Regular
TXN_202507_015090,2025-07-18,REG_10,STORE_030,EMP_017,PROD_045,3,209.52,0.27,458.85,credit,CUST_3882,Regular
TXN_202507_015091,2025-07-24,REG_01,STORE_002,EMP_011,PROD_043,1,360.33,0.25,270.25,cash,CUST_6868,Regular
TXN_202507_015092,2025-07-24,REG_07,STORE_021,EMP_007,PROD_021,4,414.54,0.12,1459.18,card,CUST_9714,Premium
TXN_202507_015093,2025-07-01,REG_07,STORE_019,EMP_007,PROD_005,5,161.43,0.21,637.65,card,CUST_4682,Premium
TXN_202507_015094,2025-07-13,REG_07,STORE_019,EMP_007,PROD_048,2,485.26,0.04,931.7,card,CUST_8228,Premium
TXN_202507_015095,2025-07-16,REG_02,STORE_004,EMP_002,PROD_008,4,451.93,0.22,1410.02,cash,CUST_5924,Regular
TXN_202507_015096,2025-07-05,REG_06,STORE_016,EMP_006,PROD_019,4,124.84,0.29,354.55,card,CUST_2399,VIP
TXN_202507_015097,2025-07-28,REG_10,STORE_028,EMP_013,PROD_028,1,106.32,0.25,79.74,cash,CUST_6580,Premium
TXN_202507_015098,2025-07-21,REG_09,STORE_025,EMP_027,PROD_029,3,54.14,0.2,129.94,mobile,CUST_7459,Regular
TXN_202507_015099,2025-07-27,REG_01,STORE_002,EMP_001,PROD_001,2,357.98,0.23,551.29,card,CUST_1485,Regular
TXN_202507_015100,2025-07-17,REG_04,STORE_010,EMP_004,PROD_033,4,196.46,0.26,581.52,mobile,CUST_9325,Premium
TXN_202507_015101,2025-07-29,REG_09,STORE_027,EMP_009,PROD_013,5,142.87,0.09,650.06,card,CUST_6634,VIP
TXN_202507_015102,2025-07-07,REG_09,STORE_026,EMP_022,PROD_042,1,288.67,0.16,242.48,mobile,CUST_5159,VIP
TXN_202507_015103,2025-07-25,REG_01,STORE_003,EMP_001,PROD_036,5,23.02,0.02,112.8,mobile,CUST_8125,Regular
TXN_202507_015104,2025-07-23,REG_08,STORE_024,EMP_012,PROD_030,4,113.17,0.11,402.89,mobile,CUST_7404,Premium
TXN_202507_015105,2025-07-31,REG_10,STORE_028,EMP_028,PROD_040,2,340.1,0.26,503.35,card,CUST_4675,New
TXN_202507_015106,2025-07-21,REG_09,STORE_025,EMP_027,PROD_026,1,473.38,0.01,468.65,card,CUST_2608,Regular
TXN_202507_015107,2025-07-27,REG_05,STORE_015,EMP_005,PROD_003,3,126.31,0.3,265.25,credit,CUST_7191,Premium
TXN_202507_015108,2025-07-06,REG_09,STORE_026,EMP_027,PROD_012,1,197.63,0.2,158.1,cash,CUST_1085,Regular
TXN_202507_015109,2025-07-18,REG_03,STORE_007,EMP_014,PROD_019,4,170.68,0.16,573.48,credit,CUST_6983,VIP
TXN_202507_015110,2025-07-05,REG_05,STORE_015,EMP_021,PROD_039,1,393.54,0.17,326.64,credit,CUST_5082,VIP
TXN_202507_015111,2025-07-18,REG_03,STORE_009,EMP_014,PROD_011,5,139.0,0.18,569.9,card,CUST_1540,Regular
TXN_202507_015112,2025-07-15,REG_10,STORE_028,EMP_010,PROD_030,2,278.9,0.21,440.66,card,CUST_2653,VIP
TXN_202507_015113,2025-07-08,REG_01,STORE_001,EMP_001,PROD_023,3,399.06,0.12,1053.52,credit,CUST_3153,Regular
TXN_202507_015114,2025-07-19,REG_09,STORE_025,EMP_027,PROD_022,2,342.25,0.19,554.45,card,CUST_2597,Premium
TXN_202507_015115,2025-07-25,REG_03,STORE_007,EMP_014,PROD_035,1,202.56,0.23,155.97,mobile,CUST_5681,Premium
TXN_202507_015116,2025-07-12,REG_05,STORE_013,EMP_005,PROD_039,5,92.86,0.04,445.73,mobile,CUST_2238,Regular
TXN_202507_015117,2025-07-07,REG_01,STORE_003,EMP_019,PROD_009,4,52.02,0.04,199.76,card,CUST_5859,Premium
TXN_202507_015118,2025-07-19,REG_09,STORE_025,EMP_025,PROD_018,5,482.32,0.18,1977.51,cash,CUST_3120,VIP
TXN_202507_015119,2025-07-30,REG_09,STORE_026,EMP_025,PROD_025,3,339.0,0.05,966.15,mobile,CUST_8211,New
TXN_202507_015120,2025-07-16,REG_06,STORE_018,EMP_006,PROD_044,5,83.73,0.12,368.41,credit,CUST_6609,VIP
TXN_202507_015121,2025-07-03,REG_05,STORE_014,EMP_021,PROD_050,1,254.85,0.15,216.62,card,CUST_1477,Premium
TXN_202507_015122,2025-07-27,REG_09,STORE_025,EMP_027,PROD_044,3,402.8,0.29,857.96,mobile,CUST_6170,New
TXN_202507_015123,2025-07-27,REG_10,STORE_028,EMP_017,PROD_030,5,331.67,0.1,1492.52,credit,CUST_5661,Regular
TXN_202507_015124,2025-07-30,REG_03,STORE_007,EMP_014,PROD_007,3,117.9,0.17,293.57,cash,CUST_6301,New
TXN_202507_015125,2025-07-04,REG_07,STORE_020,EMP_007,PROD_043,1,141.1,0.1,126.99,credit,CUST_3248,Premium
TXN_202507_015126,2025-07-14,REG_03,STORE_009,EMP_014,PROD_021,2,346.33,0.13,602.61,card,CUST_1518,VIP
TXN_202507_015127,2025-07-17,REG_02,STORE_005,EMP_002,PROD_007,2,488.84,0.0,977.68,card,CUST_4147,New
TXN_202507_015128,2025-07-01,REG_10,STORE_028,EMP_020,PROD_007,3,240.01,0.2,576.02,cash,CUST_2226,Regular
TXN_202507_015129,2025-07-25,REG_10,STORE_029,EMP_013,PROD_004,1,356.11,0.07,331.18,cash,CUST_3453,Regular
TXN_202507_015130,2025-07-15,REG_09,STORE_027,EMP_027,PROD_020,1,26.42,0.15,22.46,credit,CUST_4034,New
TXN_202507_015131,2025-07-17,REG_02,STORE_005,EMP_002,PROD_004,4,141.7,0.04,544.13,mobile,CUST_8827,New
TXN_202507_015132,2025-07-24,REG_09,STORE_026,EMP_027,PROD_048,1,401.57,0.13,349.37,cash,CUST_4420,New
TXN_202507_015133,2025-07-23,REG_10,STORE_029,EMP_020,PROD_045,2,110.48,0.28,159.09,card,CUST_6093,New
TXN_202507_015134,2025-07-12,REG_07,STORE_019,EMP_007,PROD_014,4,433.01,0.2,1385.63,card,CUST_1505,New
TXN_202507_015135,2025-07-15,REG_03,STORE_008,EMP_003,PROD_009,1,316.24,0.07,294.1,card,CUST_4672,Premium
TXN_202507_015136,2025-07-08,REG_10,STORE_029,EMP_028,PROD_019,1,103.24,0.08,94.98,credit,CUST_5994,New
TXN_202507_015137,2025-07-31,REG_09,STORE_027,EMP_022,PROD_010,2,20.67,0.2,33.07,card,CUST_3601,Regular
TXN_202507_015138,2025-07-29,REG_09,STORE_027,EMP_025,PROD_041,5,154.03,0.18,631.52,credit,CUST_9493,Regular
TXN_202507_015139,2025-07-23,REG_04,STORE_011,EMP_030,PROD_033,1,198.14,0.07,184.27,credit,CUST_7556,Premium
TXN_202507_015140,2025-07-24,REG_09,STORE_025,EMP_009,PROD_042,4,446.43,0.1,1607.15,cash,CUST_4099,VIP
TXN_202507_015141,2025-07-10,REG_05,STORE_015,EMP_005,PROD_022,2,327.75,0.27,478.51,cash,CUST_7489,Regular
TXN_202507_015142,2025-07-10,REG_09,STORE_027,EMP_022,PROD_024,4,468.35,0.05,1779.73,mobile,CUST_2814,Premium
TXN_202507_015143,2025-07-14,REG_10,STORE_028,EMP_013,PROD_049,1,270.69,0.15,230.09,card,CUST_2579,VIP
TXN_202507_015144,2025-07-31,REG_10,STORE_029,EMP_028,PROD_026,1,128.14,0.27,93.54,credit,CUST_5836,Regular
TXN_202507_015145,2025-07-23,REG_08,STORE_023,EMP_012,PROD_032,4,386.22,0.01,1529.43,mobile,CUST_3283,Premium
TXN_202507_015146,2025-07-07,REG_07,STORE_019,EMP_007,PROD_006,1,339.82,0.05,322.83,mobile,CUST_8140,New
TXN_202507_015147,2025-07-26,REG_03,STORE_009,EMP_003,PROD_002,2,123.35,0.03,239.3,cash,CUST_4047,Regular
TXN_202507_015148,2025-07-15,REG_02,STORE_004,EMP_002,PROD_006,5,106.06,0.17,440.15,card,CUST_2108,VIP
TXN_202507_015149,2025-07-17,REG_02,STORE_006,EMP_002,PROD_026,2,194.58,0.11,346.35,mobile,CUST_8481,VIP
TXN_202507_015150,2025-07-31,REG_04,STORE_012,EMP_026,PROD_007,1,104.84,0.19,84.92,credit,CUST_9011,VIP
TXN_202507_015151,2025-07-17,REG_01,STORE_001,EMP_018,PROD_002,5,370.17,0.18,1517.7,cash,CUST_7945,Premium
TXN_202507_015152,2025-07-10,REG_08,STORE_024,EMP_023,PROD_035,3,375.21,0.01,1114.37,card,CUST_2429,New
TXN_202507_015153,2025-07-11,REG_08,STORE_024,EMP_012,PROD_026,4,207.84,0.0,831.36,cash,CUST_4469,Premium
TXN_202507_015154,2025-07-10,REG_04,STORE_012,EMP_024,PROD_028,3,222.38,0.05,633.78,mobile,CUST_9820,Regular
TXN_202507_015155,2025-07-03,REG_03,STORE_007,EMP_014,PROD_049,3,33.2,0.25,74.7,credit,CUST_1967,Premium
TXN_202507_015156,2025-07-08,REG_02,STORE_005,EMP_002,PROD_003,4,145.25,0.1,522.9,mobile,CUST_3154,Regular
TXN_202507_015157,2025-07-28,REG_01,STORE_002,EMP_018,PROD_030,1,492.48,0.13,428.46,mobile,CUST_7240,New
TXN_202507_015158,2025-07-22,REG_07,STORE_020,EMP_007,PROD_035,4,22.77,0.18,74.69,card,CUST_2979,Regular
TXN_202507_015159,2025-07-25,REG_07,STORE_020,EMP_007,PROD_010,2,295.76,0.03,573.77,cash,CUST_7774,Premium
TXN_202507_015160,2025-07-30,REG_09,STORE_025,EMP_009,PROD_028,1,16.78,0.29,11.91,credit,CUST_6277,New
TXN_202507_015161,2025-07-25,REG_07,STORE_020,EMP_007,PROD_020,4,364.38,0.24,1107.72,mobile,CUST_4740,Premium
TXN_202507_015162,2025-07-17,REG_02,STORE_004,EMP_002,PROD_035,2,160.6,0.09,292.29,credit,CUST_7486,VIP
TXN_202507_015163,2025-07-24,REG_04,STORE_012,EMP_026,PROD_023,5,114.93,0.25,430.99,credit,CUST_6797,Premium
TXN_202507_015164,2025-07-24,REG_01,STORE_002,EMP_001,PROD_042,3,173.85,0.15,443.32,cash,CUST_7443,Regular
TXN_202507_015165,2025-07-26,REG_03,STORE_008,EMP_003,PROD_049,4,112.44,0.02,440.76,mobile,CUST_1758,Regular
TXN_202507_015166,2025-07-29,REG_02,STORE_006,EMP_002,PROD_036,2,475.55,0.06,894.03,mobile,CUST_5134,New
TXN_202507_015167,2025-07-17,REG_04,STORE_011,EMP_016,PROD_021,4,64.08,0.06,240.94,card,CUST_5542,New
TXN_202507_015168,2025-07-26,REG_05,STORE_014,EMP_005,PROD_003,4,49.38,0.12,173.82,mobile,CUST_2878,VIP
TXN_202507_015169,2025-07-26,REG_06,STORE_018,EMP_006,PROD_046,3,320.31,0.21,759.13,card,CUST_7324,Regular
TXN_202507_015170,2025-07-19,REG_02,STORE_004,EMP_002,PROD_035,5,356.33,0.1,1603.48,credit,CUST_2308,New
TXN_202507_015171,2025-07-05,REG_09,STORE_027,EMP_009,PROD_014,2,480.24,0.09,874.04,mobile,CUST_6882,Premium
TXN_202507_015172,2025-07-08,REG_02,STORE_004,EMP_002,PROD_015,1,356.78,0.23,274.72,cash,CUST_5810,Regular
TXN_202507_015173,2025-07-23,REG_01,STORE_003,EMP_018,PROD_020,2,84.25,0.14,144.91,card,CUST_8232,VIP
TXN_202507_015174,2025-07-24,REG_02,STORE_005,EMP_002,PROD_021,3,254.28,0.18,625.53,card,CUST_3711,VIP
TXN_202507_015175,2025-07-03,REG_06,STORE_017,EMP_006,PROD_021,2,328.63,0.04,630.97,mobile,CUST_5883,Regular
TXN_202507_015176,2025-07-19,REG_04,STORE_012,EMP_026,PROD_043,4,91.84,0.25,275.52,credit,CUST_5961,Regular
TXN_202507_015177,2025-07-25,REG_10,STORE_028,EMP_020,PROD_014,5,87.02,0.04,417.7,credit,CUST_6985,New
TXN_202507_015178,2025-07-30,REG_04,STORE_012,EMP_004,PROD_043,2,238.63,0.26,353.17,mobile,CUST_9304,Regular
TXN_202507_015179,2025-07-10,REG_06,STORE_017,EMP_006,PROD_031,5,115.22,0.04,553.06,cash,CUST_5633,Premium
TXN_202507_015180,2025-07-26,REG_02,STORE_004,EMP_002,PROD_048,1,233.78,0.26,173.0,credit,CUST_5730,Regular
TXN_202507_015181,2025-07-14,REG_05,STORE_014,EMP_021,PROD_043,2,201.56,0.21,318.46,card,CUST_4138,New
TXN_202507_015182,2025-07-15,REG_04,STORE_011,EMP_004,PROD_017,3,407.97,0.07,1138.24,credit,CUST_9680,New
TXN_202507_015183,2025-07-30,REG_06,STORE_016,EMP_006,PROD_002,2,187.1,0.21,295.62,card,CUST_9558,VIP
TXN_202507_015184,2025-07-23,REG_06,STORE_016,EMP_006,PROD_001,3,120.09,0.12,317.04,mobile,CUST_1328,VIP
TXN_202507_015185,2025-07-21,REG_03,STORE_007,EMP_014,PROD_021,1,34.7,0.1,31.23,card,CUST_1033,Regular
TXN_202507_015186,2025-07-25,REG_03,STORE_009,EMP_014,PROD_020,4,50.72,0.03,196.79,mobile,CUST_7555,New
TXN_202507_015187,2025-07-06,REG_10,STORE_029,EMP_017,PROD_004,5,154.17,0.12,678.35,mobile,CUST_3819,VIP
TXN_202507_015188,2025-07-05,REG_05,STORE_013,EMP_021,PROD_005,3,109.61,0.28,236.76,cash,CUST_4861,Premium
TXN_202507_015189,2025-07-22,REG_08,STORE_024,EMP_023,PROD_038,3,167.89,0.22,392.86,mobile,CUST_8445,New
TXN_202507_015190,2025-07-19,REG_01,STORE_003,EMP_011,PROD_043,2,88.12,0.22,137.47,mobile,CUST_5393,Premium
TXN_202507_015191,2025-07-24,REG_08,STORE_024,EMP_008,PROD_017,2,93.76,0.19,151.89,mobile,CUST_1678,Regular
TXN_202507_015192,2025-07-21,REG_01,STORE_002,EMP_019,PROD_019,3,184.95,0.26,410.59,credit,CUST_6322,Regular
TXN_202507_015193,2025-07-12,REG_06,STORE_016,EMP_006,PROD_042,5,119.66,0.12,526.5,mobile,CUST_3132,New
TXN_202507_015194,2025-07-18,REG_05,STORE_014,EMP_005,PROD_032,4,450.06,0.15,1530.2,credit,CUST_8728,Premium
TXN_202507_015195,2025-07-28,REG_09,STORE_025,EMP_025,PROD_048,3,187.4,0.14,483.49,cash,CUST_2892,New
TXN_202507_015196,2025-07-25,REG_07,STORE_019,EMP_007,PROD_041,1,319.1,0.16,268.04,credit,CUST_6187,New
TXN_202507_015197,2025-07-24,REG_09,STORE_025,EMP_022,PROD_014,3,149.81,0.29,319.1,credit,CUST_8021,Regular
TXN_202507_015198,2025-07-15,REG_06,STORE_016,EMP_006,PROD_020,1,478.62,0.08,440.33,cash,CUST_1286,New
TXN_202507_015199,2025-07-07,REG_09,STORE_025,EMP_027,PROD_001,1,286.13,0.16,240.35,mobile,CUST_4923,New
TXN_202507_015200,2025-07-19,REG_03,STORE_009,EMP_003,PROD_009,2,353.84,0.07,658.14,mobile,CUST_4783,Regular
TXN_202507_015201,2025-07-23,REG_10,STORE_029,EMP_017,PROD_037,5,273.48,0.0,1367.4,mobile,CUST_2756,Regular
TXN_202507_015202,2025-07-06,REG_07,STORE_019,EMP_007,PROD_036,4,71.71,0.02,281.1,credit,CUST_1391,Premium
TXN_202507_015203,2025-07-14,REG_01,STORE_002,EMP_018,PROD_002,5,44.03,0.27,160.71,cash,CUST_5761,Premium
TXN_202507_015204,2025-07-11,REG_10,STORE_028,EMP_020,PROD_018,2,150.38,0.08,276.7,credit,CUST_4416,New
TXN_202507_015205,2025-07-11,REG_08,STORE_023,EMP_008,PROD_035,2,449.92,0.09,818.85,cash,CUST_2755,Regular
TXN_202507_015206,2025-07-27,REG_01,STORE_002,EMP_001,PROD_008,1,119.25,0.13,103.75,mobile,CUST_5119,Premium
TXN_202507_015207,2025-07-27,REG_02,STORE_006,EMP_002,PROD_008,3,52.29,0.01,155.3,cash,CUST_8773,Regular
TXN_202507_015208,2025-07-17,REG_02,STORE_006,EMP_002,PROD_018,5,361.22,0.29,1282.33,card,CUST_6358,VIP
TXN_202507_015209,2025-07-26,REG_07,STORE_021,EMP_007,PROD_029,4,421.03,0.27,1229.41,credit,CUST_8400,New
TXN_202507_015210,2025-07-19,REG_04,STORE_010,EMP_029,PROD_020,1,61.03,0.08,56.15,cash,CUST_1866,New
TXN_202507_015211,2025-07-18,REG_04,STORE_010,EMP_004,PROD_009,1,497.79,0.22,388.28,credit,CUST_1377,New
TXN_202507_015212,2025-07-31,REG_05,STORE_014,EMP_021,PROD_006,2,100.31,0.16,168.52,card,CUST_8679,Regular
TXN_202507_015213,2025-07-17,REG_08,STORE_022,EMP_015,PROD_011,2,483.97,0.05,919.54,card,CUST_1954,Premium
TXN_202507_015214,2025-07-16,REG_02,STORE_006,EMP_002,PROD_001,3,53.4,0.0,160.2,cash,CUST_2627,Premium
TXN_202507_015215,2025-07-17,REG_06,STORE_018,EMP_006,PROD_035,3,262.23,0.13,684.42,credit,CUST_4324,VIP
TXN_202507_015216,2025-07-20,REG_02,STORE_005,EMP_002,PROD_016,3,415.63,0.24,947.64,mobile,CUST_1726,VIP
TXN_202507_015217,2025-07-29,REG_03,STORE_009,EMP_003,PROD_035,5,436.42,0.24,1658.4,mobile,CUST_2596,Premium
TXN_202507_015218,2025-07-08,REG_05,STORE_013,EMP_005,PROD_025,1,134.3,0.01,132.96,card,CUST_4164,Regular
TXN_202507_015219,2025-07-15,REG_07,STORE_020,EMP_007,PROD_030,2,293.68,0.21,464.01,card,CUST_4490,Premium
TXN_202507_015220,2025-07-31,REG_06,STORE_018,EMP_006,PROD_035,3,95.23,0.23,219.98,cash,CUST_1253,VIP
TXN_202507_015221,2025-07-18,REG_05,STORE_014,EMP_005,PROD_040,1,262.92,0.24,199.82,mobile,CUST_5725,VIP
TXN_202507_015222,2025-07-08,REG_04,STORE_011,EMP_016,PROD_050,1,220.41,0.2,176.33,mobile,CUST_8619,VIP
TXN_202507_015223,2025-07-13,REG_10,STORE_029,EMP_028,PROD_039,1,368.08,0.17,305.51,credit,CUST_7966,VIP
TXN_202507_015224,2025-07-01,REG_05,STORE_014,EMP_021,PROD_020,4,368.31,0.08,1355.38,cash,CUST_9472,Regular
TXN_202507_015225,2025-07-27,REG_07,STORE_019,EMP_007,PROD_020,2,327.84,0.04,629.45,mobile,CUST_3416,VIP
TXN_202507_015226,2025-07-27,REG_07,STORE_021,EMP_007,PROD_035,2,266.81,0.04,512.28,card,CUST_1629,VIP
TXN_202507_015227,2025-07-07,REG_10,STORE_028,EMP_010,PROD_039,3,235.55,0.01,699.58,cash,CUST_9126,Regular
TXN_202507_015228,2025-07-14,REG_04,STORE_011,EMP_016,PROD_034,1,299.82,0.23,230.86,card,CUST_5559,Premium
TXN_202507_015229,2025-07-28,REG_08,STORE_024,EMP_012,PROD_021,5,305.98,0.15,1300.41,credit,CUST_8496,Regular
TXN_202507_015230,2025-07-27,REG_08,STORE_022,EMP_008,PROD_034,4,76.8,0.18,251.9,mobile,CUST_4859,Regular
TXN_202507_015231,2025-07-30,REG_10,STORE_030,EMP_020,PROD_015,1,477.36,0.22,372.34,credit,CUST_2889,Premium
TXN_202507_015232,2025-07-06,REG_04,STORE_012,EMP_030,PROD_020,3,381.85,0.16,962.26,credit,CUST_6649,New
TXN_202507_015233,2025-07-15,REG_03,STORE_007,EMP_003,PROD_039,5,64.17,0.0,320.85,cash,CUST_1332,New
TXN_202507_015234,2025-07-01,REG_07,STORE_019,EMP_007,PROD_008,5,27.58,0.02,135.14,cash,CUST_9523,VIP
TXN_202507_015235,2025-07-04,REG_06,STORE_018,EMP_006,PROD_031,1,314.93,0.17,261.39,card,CUST_7669,New
TXN_202507_015236,2025-07-12,REG_06,STORE_017,EMP_006,PROD_026,4,90.13,0.23,277.6,cash,CUST_9667,Regular
TXN_202507_015237,2025-07-15,REG_01,STORE_001,EMP_001,PROD_025,5,249.19,0.2,996.76,card,CUST_7814,Premium
TXN_202507_015238,2025-07-23,REG_01,STORE_003,EMP_018,PROD_029,2,249.41,0.09,453.93,mobile,CUST_1944,Regular
TXN_202507_015239,2025-07-05,REG_07,STORE_019,EMP_007,PROD_014,4,175.69,0.03,681.68,credit,CUST_5756,New
TXN_202507_015240,2025-07-05,REG_05,STORE_013,EMP_005,PROD_036,3,284.34,0.04,818.9,mobile,CUST_5781,New
TXN_202507_015241,2025-07-25,REG_07,STORE_021,EMP_007,PROD_005,4,273.33,0.2,874.66,mobile,CUST_4463,Regular
TXN_202507_015242,2025-07-17,REG_09,STORE_026,EMP_027,PROD_048,3,10.47,0.22,24.5,mobile,CUST_7036,New
TXN_202507_015243,2025-07-19,REG_08,STORE_022,EMP_008,PROD_029,1,223.56,0.23,172.14,card,CUST_1943,New
TXN_202507_015244,2025-07-04,REG_04,STORE_011,EMP_016,PROD_042,2,117.6,0.1,211.68,credit,CUST_3284,Premium
TXN_202507_015245,2025-07-09,REG_07,STORE_021,EMP_007,PROD_047,3,158.12,0.1,426.92,card,CUST_9501,VIP
TXN_202507_015246,2025-07-13,REG_02,STORE_006,EMP_002,PROD_044,3,102.72,0.17,255.77,credit,CUST_8951,Premium
TXN_202507_015247,2025-07-29,REG_06,STORE_016,EMP_006,PROD_040,4,180.7,0.19,585.47,card,CUST_2880,New
TXN_202507_015248,2025-07-11,REG_10,STORE_029,EMP_013,PROD_035,5,273.73,0.2,1094.92,card,CUST_1116,Premium
TXN_202507_015249,2025-07-22,REG_10,STORE_028,EMP_013,PROD_015,5,132.81,0.3,464.83,cash,CUST_5698,Regular
TXN_202507_015250,2025-07-19,REG_06,STORE_016,EMP_006,PROD_038,2,89.89,0.09,163.6,credit,CUST_6281,VIP
TXN_202507_015251,2025-07-29,REG_04,STORE_012,EMP_026,PROD_047,5,132.58,0.23,510.43,mobile,CUST_1403,Regular
TXN_202507_015252,2025-07-21,REG_03,STORE_009,EMP_014,PROD_038,1,240.68,0.06,226.24,mobile,CUST_5338,New
TXN_202507_015253,2025-07-16,REG_07,STORE_019,EMP_007,PROD_001,3,209.32,0.3,439.57,credit,CUST_4196,Regular
TXN_202507_015254,2025-07-25,REG_06,STORE_017,EMP_006,PROD_018,5,339.32,0.08,1560.87,card,CUST_1052,Premium
TXN_202507_015255,2025-07-16,REG_10,STORE_028,EMP_028,PROD_010,3,96.8,0.07,270.07,card,CUST_1455,New
TXN_202507_015256,2025-07-23,REG_10,STORE_030,EMP_010,PROD_032,4,156.94,0.06,590.09,card,CUST_4272,Regular
TXN_202507_015257,2025-07-01,REG_03,STORE_009,EMP_003,PROD_048,3,385.04,0.09,1051.16,card,CUST_5465,Regular
TXN_202507_015258,2025-07-21,REG_08,STORE_024,EMP_012,PROD_047,3,178.31,0.14,460.04,cash,CUST_4139,VIP
TXN_202507_015259,2025-07-14,REG_10,STORE_030,EMP_013,PROD_042,5,141.93,0.03,688.36,card,CUST_5183,Regular
TXN_202507_015260,2025-07-06,REG_04,STORE_011,EMP_026,PROD_017,4,496.45,0.16,1668.07,mobile,CUST_2826,Premium
TXN_202507_015261,2025-07-14,REG_07,STORE_020,EMP_007,PROD_037,5,453.91,0.25,1702.16,mobile,CUST_7754,New
TXN_202507_015262,2025-07-08,REG_04,STORE_012,EMP_026,PROD_009,1,366.62,0.22,285.96,card,CUST_4909,Premium
TXN_202507_015263,2025-07-06,REG_07,STORE_019,EMP_007,PROD_001,1,480.99,0.01,476.18,mobile,CUST_5725,Regular
TXN_202507_015264,2025-07-04,REG_08,STORE_024,EMP_015,PROD_045,5,170.81,0.04,819.89,mobile,CUST_8837,Regular
TXN_202507_015265,2025-07-22,REG_07,STORE_019,EMP_007,PROD_027,3,84.78,0.3,178.04,mobile,CUST_2433,VIP
TXN_202507_015266,2025-07-17,REG_06,STORE_017,EMP_006,PROD_035,3,499.75,0.26,1109.44,credit,CUST_8006,Premium
TXN_202507_015267,2025-07-19,REG_06,STORE_017,EMP_006,PROD_043,5,142.71,0.25,535.16,cash,CUST_2516,New
TXN_202507_015268,2025-07-07,REG_07,STORE_020,EMP_007,PROD_044,2,372.66,0.29,529.18,mobile,CUST_3183,VIP
TXN_202507_015269,2025-07-03,REG_10,STORE_029,EMP_017,PROD_041,5,90.57,0.19,366.81,card,CUST_9814,Premium
TXN_202507_015270,2025-07-23,REG_05,STORE_013,EMP_005,PROD_019,4,298.68,0.23,919.93,card,CUST_1690,Premium
TXN_202507_015271,2025-07-18,REG_03,STORE_008,EMP_014,PROD_042,5,331.26,0.09,1507.23,mobile,CUST_5951,New
TXN_202507_015272,2025-07-30,REG_05,STORE_013,EMP_021,PROD_005,2,41.95,0.3,58.73,credit,CUST_5906,New
TXN_202507_015273,2025-07-27,REG_02,STORE_005,EMP_002,PROD_018,2,229.49,0.13,399.31,mobile,CUST_4502,Premium
TXN_202507_015274,2025-07-25,REG_06,STORE_018,EMP_006,PROD_013,2,24.27,0.11,43.2,credit,CUST_3668,Regular
TXN_202507_015275,2025-07-15,REG_05,STORE_015,EMP_021,PROD_025,2,246.0,0.05,467.4,card,CUST_5207,Regular
TXN_202507_015276,2025-07-18,REG_03,STORE_009,EMP_014,PROD_044,4,16.16,0.17,53.65,credit,CUST_6111,VIP
TXN_202507_015277,2025-07-16,REG_07,STORE_020,EMP_007,PROD_032,1,450.56,0.26,333.41,mobile,CUST_9419,New
TXN_202507_015278,2025-07-15,REG_03,STORE_007,EMP_014,PROD_043,5,18.85,0.12,82.94,card,CUST_7586,VIP
TXN_202507_015279,2025-07-27,REG_09,STORE_025,EMP_009,PROD_031,2,127.99,0.15,217.58,card,CUST_7262,New
TXN_202507_015280,2025-07-08,REG_09,STORE_026,EMP_027,PROD_032,5,110.07,0.19,445.78,mobile,CUST_1405,Regular
TXN_202507_015281,2025-07-14,REG_02,STORE_006,EMP_002,PROD_013,5,463.84,0.11,2064.09,card,CUST_4773,Regular
TXN_202507_015282,2025-07-03,REG_07,STORE_021,EMP_007,PROD_010,2,486.47,0.06,914.56,mobile,CUST_1277,Regular
TXN_202507_015283,2025-07-14,REG_08,STORE_022,EMP_012,PROD_034,1,253.6,0.11,225.7,credit,CUST_3943,New
TXN_202507_015284,2025-07-26,REG_04,STORE_011,EMP_030,PROD_017,2,284.96,0.06,535.72,credit,CUST_6948,VIP
TXN_202507_015285,2025-07-20,REG_08,STORE_023,EMP_015,PROD_004,2,436.05,0.27,636.63,mobile,CUST_1093,Premium
TXN_202507_015286,2025-07-17,REG_02,STORE_006,EMP_002,PROD_039,2,461.03,0.16,774.53,cash,CUST_4311,New
TXN_202507_015287,2025-07-23,REG_09,STORE_026,EMP_009,PROD_040,2,220.3,0.05,418.57,cash,CUST_4715,VIP
TXN_202507_015288,2025-07-14,REG_02,STORE_004,EMP_002,PROD_034,4,210.67,0.18,691.0,card,CUST_1398,Regular
TXN_202507_015289,2025-07-27,REG_04,STORE_010,EMP_026,PROD_018,2,170.7,0.21,269.71,credit,CUST_9927,New
TXN_202507_015290,2025-07-08,REG_01,STORE_001,EMP_011,PROD_018,3,253.42,0.11,676.63,credit,CUST_1006,VIP
TXN_202507_015291,2025-07-25,REG_04,STORE_010,EMP_030,PROD_023,5,102.7,0.17,426.2,card,CUST_4975,VIP
TXN_202507_015292,2025-07-15,REG_08,STORE_023,EMP_015,PROD_025,4,456.08,0.0,1824.32,credit,CUST_1171,Regular
TXN_202507_015293,2025-07-11,REG_10,STORE_030,EMP_028,PROD_033,1,226.39,0.25,169.79,card,CUST_9243,Premium
TXN_202507_015294,2025-07-24,REG_09,STORE_026,EMP_009,PROD_023,5,219.49,0.29,779.19,card,CUST_2964,New
TXN_202507_015295,2025-07-22,REG_06,STORE_018,EMP_006,PROD_005,1,70.78,0.22,55.21,credit,CUST_7547,Premium
TXN_202507_015296,2025-07-20,REG_02,STORE_006,EMP_002,PROD_035,3,19.46,0.02,57.21,card,CUST_9433,New
TXN_202507_015297,2025-07-10,REG_04,STORE_012,EMP_004,PROD_015,5,218.74,0.3,765.59,mobile,CUST_3250,VIP
TXN_202507_015298,2025-07-01,REG_03,STORE_007,EMP_014,PROD_037,1,130.71,0.08,120.25,card,CUST_8261,VIP
TXN_202507_015299,2025-07-01,REG_04,STORE_012,EMP_016,PROD_015,1,175.77,0.26,130.07,cash,CUST_5433,New
TXN_202507_015300,2025-07-22,REG_07,STORE_020,EMP_007,PROD_013,2,397.63,0.1,715.73,cash,CUST_8432,Premium
TXN_202507_015301,2025-07-26,REG_05,STORE_014,EMP_005,PROD_030,1,70.9,0.29,50.34,credit,CUST_1689,New
TXN_202507_015302,2025-07-15,REG_02,STORE_004,EMP_002,PROD_001,3,127.49,0.25,286.85,card,CUST_9213,VIP
TXN_202507_015303,2025-07-06,REG_05,STORE_013,EMP_021,PROD_023,4,458.06,0.16,1539.08,credit,CUST_6586,VIP
TXN_202507_015304,2025-07-29,REG_04,STORE_010,EMP_026,PROD_014,3,387.31,0.26,859.83,mobile,CUST_5618,New
TXN_202507_015305,2025-07-20,REG_03,STORE_008,EMP_014,PROD_008,4,446.87,0.15,1519.36,mobile,CUST_3008,Regular
TXN_202507_015306,2025-07-15,REG_02,STORE_005,EMP_002,PROD_010,1,437.92,0.25,328.44,mobile,CUST_6714,Regular
TXN_202507_015307,2025-07-30,REG_02,STORE_005,EMP_002,PROD_033,1,84.05,0.22,65.56,card,CUST_8712,New
TXN_202507_015308,2025-07-20,REG_03,STORE_008,EMP_014,PROD_041,5,187.08,0.12,823.15,cash,CUST_3279,Premium
TXN_202507_015309,2025-07-23,REG_07,STORE_021,EMP_007,PROD_045,1,221.87,0.04,213.0,mobile,CUST_2966,Regular
TXN_202507_015310,2025-07-18,REG_08,STORE_023,EMP_012,PROD_024,3,329.14,0.18,809.68,card,CUST_7032,Premium
TXN_202507_015311,2025-07-21,REG_10,STORE_028,EMP_028,PROD_047,2,461.38,0.15,784.35,mobile,CUST_2596,Premium
TXN_202507_015312,2025-07-21,REG_10,STORE_028,EMP_020,PROD_024,1,90.57,0.14,77.89,credit,CUST_9087,Premium
TXN_202507_015313,2025-07-26,REG_06,STORE_018,EMP_006,PROD_046,1,14.2,0.04,13.63,credit,CUST_4281,Regular
TXN_202507_015314,2025-07-16,REG_04,STORE_010,EMP_016,PROD_017,5,214.23,0.16,899.77,cash,CUST_8257,Premium
TXN_202507_015315,2025-07-18,REG_04,STORE_012,EMP_030,PROD_012,4,139.21,0.1,501.16,cash,CUST_9177,Regular
TXN_202507_015316,2025-07-11,REG_10,STORE_030,EMP_013,PROD_005,3,290.95,0.19,707.01,credit,CUST_9615,Regular
TXN_202507_015317,2025-07-28,REG_10,STORE_030,EMP_020,PROD_013,3,91.34,0.02,268.54,mobile,CUST_9200,Regular
TXN_202507_015318,2025-07-28,REG_01,STORE_001,EMP_018,PROD_019,3,381.37,0.29,812.32,card,CUST_3439,New
TXN_202507_015319,2025-07-18,REG_09,STORE_026,EMP_022,PROD_008,3,223.65,0.29,476.37,card,CUST_5060,Premium
TXN_202507_015320,2025-07-15,REG_07,STORE_021,EMP_007,PROD_032,3,184.25,0.0,552.75,credit,CUST_6754,Regular
TXN_202507_015321,2025-07-10,REG_08,STORE_024,EMP_012,PROD_030,1,384.56,0.09,349.95,cash,CUST_5963,VIP
TXN_202507_015322,2025-07-18,REG_10,STORE_028,EMP_028,PROD_047,1,326.83,0.09,297.42,cash,CUST_9512,Premium
TXN_202507_015323,2025-07-20,REG_04,STORE_010,EMP_004,PROD_005,4,86.66,0.2,277.31,mobile,CUST_2889,Premium
TXN_202507_015324,2025-07-29,REG_09,STORE_026,EMP_025,PROD_005,1,192.11,0.01,190.19,card,CUST_1368,Premium
TXN_202507_015325,2025-07-14,REG_09,STORE_026,EMP_027,PROD_042,1,303.02,0.25,227.26,credit,CUST_5049,Premium
TXN_202507_015326,2025-07-04,REG_04,STORE_011,EMP_016,PROD_036,3,466.35,0.09,1273.14,cash,CUST_3195,Premium
TXN_202507_015327,2025-07-05,REG_09,STORE_025,EMP_025,PROD_033,3,252.71,0.12,667.15,cash,CUST_6265,Premium
TXN_202507_015328,2025-07-04,REG_01,STORE_003,EMP_019,PROD_033,5,288.7,0.2,1154.8,mobile,CUST_6982,New
TXN_202507_015329,2025-07-27,REG_04,STORE_010,EMP_030,PROD_019,1,262.48,0.22,204.73,mobile,CUST_7443,Regular
TXN_202507_015330,2025-07-11,REG_08,STORE_023,EMP_015,PROD_006,5,66.95,0.26,247.72,card,CUST_3202,Regular
TXN_202507_015331,2025-07-07,REG_07,STORE_021,EMP_007,PROD_019,4,138.1,0.17,458.49,cash,CUST_2868,Regular
TXN_202507_015332,2025-07-30,REG_10,STORE_030,EMP_013,PROD_037,3,307.8,0.21,729.49,cash,CUST_3813,Regular
TXN_202507_015333,2025-07-16,REG_07,STORE_021,EMP_007,PROD_045,1,399.79,0.03,387.8,cash,CUST_7612,New
TXN_202507_015334,2025-07-27,REG_08,STORE_024,EMP_015,PROD_011,1,212.46,0.05,201.84,cash,CUST_6863,VIP
TXN_202507_015335,2025-07-27,REG_01,STORE_003,EMP_019,PROD_001,2,14.43,0.23,22.22,credit,CUST_5130,Regular
TXN_202507_015336,2025-07-29,REG_01,STORE_003,EMP_019,PROD_004,5,176.63,0.2,706.52,credit,CUST_9947,Regular
TXN_202507_015337,2025-07-12,REG_02,STORE_006,EMP_002,PROD_039,1,175.17,0.22,136.63,mobile,CUST_4311,Premium
TXN_202507_015338,2025-07-26,REG_08,STORE_023,EMP_008,PROD_016,1,248.82,0.21,196.57,cash,CUST_5436,Premium
TXN_202507_015339,2025-07-16,REG_02,STORE_005,EMP_002,PROD_025,1,338.32,0.04,324.79,credit,CUST_2249,New
TXN_202507_015340,2025-07-16,REG_10,STORE_029,EMP_020,PROD_035,3,246.0,0.23,568.26,mobile,CUST_1641,Regular
TXN_202507_015341,2025-07-11,REG_08,STORE_024,EMP_023,PROD_025,5,434.8,0.06,2043.56,cash,CUST_4097,VIP
TXN_202507_015342,2025-07-10,REG_01,STORE_001,EMP_019,PROD_017,1,476.46,0.03,462.17,card,CUST_1045,New
TXN_202507_015343,2025-07-03,REG_10,STORE_029,EMP_013,PROD_016,2,356.56,0.07,663.2,card,CUST_1478,Regular
TXN_202507_015344,2025-07-15,REG_03,STORE_009,EMP_014,PROD_049,1,348.45,0.21,275.28,cash,CUST_2863,Regular
TXN_202507_015345,2025-07-16,REG_07,STORE_021,EMP_007,PROD_036,1,133.79,0.05,127.1,credit,CUST_4324,Regular
TXN_202507_015346,2025-07-04,REG_03,STORE_008,EMP_003,PROD_003,4,22.87,0.25,68.61,mobile,CUST_1396,Regular
TXN_202507_015347,2025-07-16,REG_02,STORE_005,EMP_002,PROD_002,5,108.6,0.18,445.26,credit,CUST_7146,Regular
TXN_202507_015348,2025-07-11,REG_10,STORE_029,EMP_013,PROD_019,2,136.37,0.14,234.56,cash,CUST_7703,VIP
TXN_202507_015349,2025-07-20,REG_10,STORE_029,EMP_013,PROD_006,5,165.87,0.14,713.24,mobile,CUST_3967,Regular
TXN_202507_015350,2025-07-16,REG_08,STORE_023,EMP_015,PROD_009,1,248.22,0.28,178.72,credit,CUST_1669,VIP
TXN_202507_015351,2025-07-31,REG_02,STORE_006,EMP_002,PROD_006,1,105.52,0.12,92.86,card,CUST_3637,VIP
TXN_202507_015352,2025-07-03,REG_06,STORE_017,EMP_006,PROD_008,1,257.28,0.26,190.39,card,CUST_6409,Premium
TXN_202507_015353,2025-07-27,REG_09,STORE_025,EMP_009,PROD_046,5,294.74,0.23,1134.75,cash,CUST_6467,New
TXN_202507_015354,2025-07-12,REG_03,STORE_007,EMP_003,PROD_019,1,64.29,0.25,48.22,mobile,CUST_5481,VIP
TXN_202507_015355,2025-07-23,REG_06,STORE_018,EMP_006,PROD_035,2,301.46,0.16,506.45,card,CUST_8618,VIP
TXN_202507_015356,2025-07-17,REG_03,STORE_008,EMP_003,PROD_032,1,89.53,0.22,69.83,credit,CUST_3253,VIP
TXN_202507_015357,2025-07-06,REG_06,STORE_018,EMP_006,PROD_041,1,90.73,0.28,65.33,cash,CUST_6026,New
TXN_202507_015358,2025-07-21,REG_09,STORE_026,EMP_009,PROD_037,1,111.29,0.17,92.37,cash,CUST_4711,New
TXN_202507_015359,2025-07-09,REG_10,STORE_028,EMP_028,PROD_019,1,197.19,0.02,193.25,credit,CUST_7808,New
TXN_202507_015360,2025-07-12,REG_03,STORE_009,EMP_003,PROD_032,3,461.83,0.06,1302.36,cash,CUST_2255,New
TXN_202507_015361,2025-07-23,REG_02,STORE_004,EMP_002,PROD_041,3,390.85,0.2,938.04,cash,CUST_7773,New
TXN_202507_015362,2025-07-10,REG_01,STORE_001,EMP_018,PROD_043,5,159.35,0.29,565.69,mobile,CUST_4002,Regular
TXN_202507_015363,2025-07-21,REG_05,STORE_013,EMP_021,PROD_027,3,370.95,0.16,934.79,card,CUST_6772,Regular
TXN_202507_015364,2025-07-27,REG_09,STORE_025,EMP_025,PROD_003,3,104.83,0.18,257.88,card,CUST_1803,VIP
TXN_202507_015365,2025-07-21,REG_03,STORE_007,EMP_014,PROD_013,2,79.33,0.3,111.06,card,CUST_5480,Premium
TXN_202507_015366,2025-07-01,REG_02,STORE_006,EMP_002,PROD_049,1,354.03,0.09,322.17,credit,CUST_9155,Regular
TXN_202507_015367,2025-07-28,REG_10,STORE_028,EMP_013,PROD_030,5,155.98,0.27,569.33,mobile,CUST_3713,Regular
TXN_202507_015368,2025-07-22,REG_08,STORE_022,EMP_023,PROD_015,3,10.48,0.23,24.21,mobile,CUST_2832,Regular
TXN_202507_015369,2025-07-04,REG_04,STORE_012,EMP_030,PROD_049,4,338.36,0.01,1339.91,mobile,CUST_8464,VIP
TXN_202507_015370,2025-07-07,REG_04,STORE_011,EMP_016,PROD_048,1,158.33,0.05,150.41,cash,CUST_5764,New
TXN_202507_015371,2025-07-20,REG_04,STORE_012,EMP_030,PROD_006,1,399.42,0.07,371.46,credit,CUST_5909,Premium
TXN_202507_015372,2025-07-27,REG_10,STORE_028,EMP_017,PROD_033,2,78.77,0.24,119.73,cash,CUST_4637,VIP
TXN_202507_015373,2025-07-13,REG_03,STORE_009,EMP_003,PROD_002,3,402.78,0.23,930.42,credit,CUST_4355,Regular
TXN_202507_015374,2025-07-07,REG_06,STORE_018,EMP_006,PROD_001,2,91.05,0.19,147.5,credit,CUST_5799,Regular
TXN_202507_015375,2025-07-01,REG_01,STORE_003,EMP_001,PROD_006,5,280.9,0.23,1081.46,mobile,CUST_8794,Premium
TXN_202507_015376,2025-07-29,REG_10,STORE_029,EMP_020,PROD_024,1,424.98,0.0,424.98,card,CUST_3615,Premium
TXN_202507_015377,2025-07-03,REG_07,STORE_019,EMP_007,PROD_049,1,321.51,0.06,302.22,mobile,CUST_2834,Regular
TXN_202507_015378,2025-07-23,REG_08,STORE_024,EMP_008,PROD_032,3,288.55,0.16,727.15,mobile,CUST_7022,Premium
TXN_202507_015379,2025-07-11,REG_09,STORE_026,EMP_025,PROD_044,5,278.75,0.25,1045.31,card,CUST_6223,Regular
TXN_202507_015380,2025-07-06,REG_02,STORE_005,EMP_002,PROD_022,5,212.88,0.22,830.23,credit,CUST_7958,New
TXN_202507_015381,2025-07-15,REG_05,STORE_014,EMP_005,PROD_046,1,159.74,0.06,150.16,cash,CUST_8643,VIP
TXN_202507_015382,2025-07-07,REG_07,STORE_019,EMP_007,PROD_004,5,61.87,0.2,247.48,credit,CUST_8032,New
TXN_202507_015383,2025-07-25,REG_03,STORE_008,EMP_014,PROD_017,5,447.36,0.03,2169.7,card,CUST_6362,VIP
TXN_202507_015384,2025-07-26,REG_02,STORE_006,EMP_002,PROD_026,3,235.64,0.27,516.05,card,CUST_6714,Premium
TXN_202507_015385,2025-07-08,REG_08,STORE_023,EMP_023,PROD_002,5,486.78,0.26,1801.09,card,CUST_6072,Regular
TXN_202507_015386,2025-07-10,REG_07,STORE_019,EMP_007,PROD_002,4,182.29,0.16,612.49,card,CUST_3687,VIP
TXN_202507_015387,2025-07-16,REG_01,STORE_003,EMP_018,PROD_022,5,100.92,0.07,469.28,card,CUST_1762,Premium
TXN_202507_015388,2025-07-02,REG_08,STORE_022,EMP_023,PROD_031,4,75.26,0.1,270.94,card,CUST_4318,Premium
TXN_202507_015389,2025-07-31,REG_06,STORE_016,EMP_006,PROD_004,5,464.03,0.14,1995.33,card,CUST_3261,New
TXN_202507_015390,2025-07-04,REG_04,STORE_011,EMP_029,PROD_028,4,182.67,0.14,628.38,cash,CUST_2503,Premium
TXN_202507_015391,2025-07-30,REG_01,STORE_002,EMP_018,PROD_013,3,233.98,0.17,582.61,mobile,CUST_3042,Premium
TXN_202507_015392,2025-07-21,REG_06,STORE_018,EMP_006,PROD_015,1,94.12,0.03,91.3,card,CUST_8715,New
TXN_202507_015393,2025-07-15,REG_06,STORE_016,EMP_006,PROD_050,1,467.36,0.14,401.93,card,CUST_1219,New
TXN_202507_015394,2025-07-19,REG_03,STORE_008,EMP_003,PROD_004,4,444.49,0.11,1582.38,cash,CUST_3432,Regular
TXN_202507_015395,2025-07-02,REG_10,STORE_030,EMP_017,PROD_032,1,492.06,0.3,344.44,mobile,CUST_7866,New
TXN_202507_015396,2025-07-14,REG_09,STORE_025,EMP_027,PROD_032,3,240.59,0.09,656.81,cash,CUST_2793,Regular
TXN_202507_015397,2025-07-11,REG_04,STORE_011,EMP_029,PROD_016,5,302.19,0.17,1254.09,mobile,CUST_5863,New
TXN_202507_015398,2025-07-05,REG_02,STORE_005,EMP_002,PROD_005,3,384.52,0.16,968.99,credit,CUST_5470,Premium
TXN_202507_015399,2025-07-23,REG_07,STORE_020,EMP_007,PROD_007,4,394.23,0.23,1214.23,cash,CUST_2257,VIP
TXN_202507_015400,2025-07-20,REG_07,STORE_020,EMP_007,PROD_017,1,130.55,0.22,101.83,mobile,CUST_2480,New
TXN_202507_015401,2025-07-09,REG_04,STORE_012,EMP_016,PROD_006,5,95.37,0.03,462.54,mobile,CUST_5096,Premium
TXN_202507_015402,2025-07-23,REG_04,STORE_010,EMP_026,PROD_049,5,120.75,0.08,555.45,credit,CUST_2624,New
TXN_202507_015403,2025-07-11,REG_07,STORE_019,EMP_007,PROD_023,4,151.45,0.01,599.74,credit,CUST_1299,Premium
TXN_202507_015404,2025-07-26,REG_05,STORE_015,EMP_005,PROD_039,3,82.92,0.26,184.08,mobile,CUST_5849,Regular
TXN_202507_015405,2025-07-23,REG_08,STORE_024,EMP_023,PROD_014,3,99.12,0.08,273.57,cash,CUST_2326,VIP
TXN_202507_015406,2025-07-13,REG_06,STORE_018,EMP_006,PROD_032,3,221.9,0.04,639.07,credit,CUST_3952,Regular
TXN_202507_015407,2025-07-17,REG_04,STORE_010,EMP_004,PROD_014,1,228.4,0.24,173.58,credit,CUST_5672,VIP
TXN_202507_015408,2025-07-10,REG_05,STORE_014,EMP_021,PROD_024,5,356.39,0.04,1710.67,credit,CUST_8035,New
TXN_202507_015409,2025-07-15,REG_09,STORE_026,EMP_009,PROD_014,3,121.5,0.1,328.05,credit,CUST_9042,New
TXN_202507_015410,2025-07-04,REG_06,STORE_018,EMP_006,PROD_047,3,476.81,0.01,1416.13,cash,CUST_4081,New
TXN_202507_015411,2025-07-21,REG_05,STORE_013,EMP_021,PROD_002,3,188.07,0.23,434.44,cash,CUST_8424,VIP
TXN_202507_015412,2025-07-02,REG_06,STORE_018,EMP_006,PROD_050,2,169.84,0.08,312.51,mobile,CUST_4875,VIP
TXN_202507_015413,2025-07-11,REG_07,STORE_019,EMP_007,PROD_009,3,84.12,0.19,204.41,credit,CUST_9618,Regular
TXN_202507_015414,2025-07-28,REG_06,STORE_018,EMP_006,PROD_011,3,254.81,0.22,596.26,card,CUST_1113,VIP
TXN_202507_015415,2025-07-15,REG_08,STORE_024,EMP_015,PROD_019,5,361.45,0.2,1445.8,credit,CUST_2679,New
TXN_202507_015416,2025-07-17,REG_08,STORE_023,EMP_012,PROD_018,1,290.07,0.08,266.86,credit,CUST_1384,VIP
TXN_202507_015417,2025-07-27,REG_02,STORE_006,EMP_002,PROD_026,3,185.87,0.23,429.36,credit,CUST_1926,Regular
TXN_202507_015418,2025-07-09,REG_08,STORE_023,EMP_008,PROD_025,2,353.23,0.15,600.49,mobile,CUST_3411,Regular
TXN_202507_015419,2025-07-20,REG_03,STORE_008,EMP_003,PROD_022,4,135.81,0.14,467.19,mobile,CUST_4525,VIP
TXN_202507_015420,2025-07-09,REG_08,STORE_023,EMP_023,PROD_013,2,468.21,0.07,870.87,cash,CUST_3285,Premium
TXN_202507_015421,2025-07-08,REG_01,STORE_003,EMP_018,PROD_044,4,299.02,0.09,1088.43,cash,CUST_4503,Premium
TXN_202507_015422,2025-07-23,REG_06,STORE_018,EMP_006,PROD_002,4,104.65,0.14,360.0,card,CUST_4906,New
TXN_202507_015423,2025-07-01,REG_10,STORE_029,EMP_028,PROD_024,5,175.65,0.14,755.29,card,CUST_7468,New
TXN_202507_015424,2025-07-18,REG_10,STORE_029,EMP_013,PROD_024,1,39.04,0.3,27.33,cash,CUST_7596,Premium
TXN_202507_015425,2025-07-09,REG_02,STORE_005,EMP_002,PROD_041,1,293.3,0.15,249.31,card,CUST_7124,VIP
TXN_202507_015426,2025-07-12,REG_07,STORE_020,EMP_007,PROD_047,5,170.56,0.29,605.49,card,CUST_3694,New
TXN_202507_015427,2025-07-12,REG_04,STORE_011,EMP_024,PROD_002,2,411.95,0.18,675.6,mobile,CUST_5090,New
TXN_202507_015428,2025-07-14,REG_08,STORE_023,EMP_015,PROD_029,1,379.61,0.27,277.12,cash,CUST_5045,Premium
TXN_202507_015429,2025-07-09,REG_02,STORE_006,EMP_002,PROD_025,1,354.52,0.07,329.7,mobile,CUST_5464,Premium
TXN_202507_015430,2025-07-27,REG_01,STORE_002,EMP_011,PROD_033,1,328.57,0.25,246.43,cash,CUST_6890,VIP
TXN_202507_015431,2025-07-23,REG_05,STORE_014,EMP_005,PROD_019,3,188.86,0.3,396.61,credit,CUST_6179,New
TXN_202507_015432,2025-07-22,REG_07,STORE_019,EMP_007,PROD_047,1,132.75,0.1,119.48,cash,CUST_1760,VIP
TXN_202507_015433,2025-07-23,REG_10,STORE_028,EMP_010,PROD_038,2,199.97,0.26,295.96,card,CUST_1790,Premium
TXN_202507_015434,2025-07-16,REG_10,STORE_030,EMP_028,PROD_022,4,312.68,0.1,1125.65,card,CUST_3622,Regular
TXN_202507_015435,2025-07-06,REG_09,STORE_026,EMP_025,PROD_041,1,464.73,0.29,329.96,cash,CUST_2320,Regular
TXN_202507_015436,2025-07-19,REG_07,STORE_021,EMP_007,PROD_043,1,487.23,0.24,370.29,cash,CUST_2309,VIP
TXN_202507_015437,2025-07-02,REG_09,STORE_026,EMP_025,PROD_004,5,326.02,0.19,1320.38,cash,CUST_4462,VIP
TXN_202507_015438,2025-07-20,REG_06,STORE_018,EMP_006,PROD_018,2,358.01,0.16,601.46,card,CUST_5349,Regular
TXN_202507_015439,2025-07-08,REG_10,STORE_029,EMP_017,PROD_025,2,480.81,0.19,778.91,cash,CUST_2274,Premium
TXN_202507_015440,2025-07-05,REG_01,STORE_001,EMP_019,PROD_005,2,108.87,0.22,169.84,card,CUST_7168,VIP
TXN_202507_015441,2025-07-09,REG_03,STORE_008,EMP_003,PROD_017,3,143.14,0.27,313.48,cash,CUST_8936,Premium
TXN_202507_015442,2025-07-02,REG_01,STORE_002,EMP_018,PROD_050,5,69.05,0.1,310.73,credit,CUST_7030,Regular
TXN_202507_015443,2025-07-15,REG_07,STORE_019,EMP_007,PROD_004,1,13.58,0.06,12.77,mobile,CUST_8190,New
TXN_202507_015444,2025-07-19,REG_03,STORE_007,EMP_014,PROD_050,5,92.65,0.15,393.76,credit,CUST_6122,New
TXN_202507_015445,2025-07-18,REG_07,STORE_021,EMP_007,PROD_015,3,24.35,0.07,67.94,card,CUST_6788,Premium
TXN_202507_015446,2025-07-29,REG_05,STORE_015,EMP_021,PROD_034,1,66.27,0.27,48.38,mobile,CUST_8356,Premium
TXN_202507_015447,2025-07-25,REG_07,STORE_020,EMP_007,PROD_042,3,414.36,0.02,1218.22,mobile,CUST_9996,Regular
TXN_202507_015448,2025-07-29,REG_08,STORE_022,EMP_008,PROD_013,4,327.47,0.21,1034.81,mobile,CUST_4063,VIP
TXN_202507_015449,2025-07-10,REG_04,STORE_012,EMP_016,PROD_037,5,266.5,0.02,1305.85,mobile,CUST_2290,Regular
TXN_202507_015450,2025-07-06,REG_06,STORE_016,EMP_006,PROD_033,4,444.09,0.2,1421.09,cash,CUST_2295,Premium
TXN_202507_015451,2025-07-02,REG_07,STORE_019,EMP_007,PROD_005,2,497.41,0.14,855.55,credit,CUST_5965,VIP
TXN_202507_015452,2025-07-24,REG_01,STORE_001,EMP_001,PROD_006,4,198.63,0.08,730.96,cash,CUST_5915,New
TXN_202507_015453,2025-07-18,REG_06,STORE_018,EMP_006,PROD_036,3,35.51,0.15,90.55,mobile,CUST_6178,VIP
TXN_202507_015454,2025-07-29,REG_05,STORE_014,EMP_021,PROD_007,3,414.6,0.05,1181.61,cash,CUST_8263,VIP
TXN_202507_015455,2025-07-04,REG_10,STORE_028,EMP_013,PROD_011,5,317.06,0.27,1157.27,card,CUST_2679,VIP
TXN_202507_015456,2025-07-19,REG_01,STORE_001,EMP_018,PROD_013,3,171.38,0.05,488.43,card,CUST_7577,Regular
TXN_202507_015457,2025-07-02,REG_03,STORE_007,EMP_014,PROD_004,4,99.53,0.19,322.48,cash,CUST_7777,Regular
TXN_202507_015458,2025-07-21,REG_01,STORE_003,EMP_019,PROD_042,4,12.93,0.18,42.41,credit,CUST_9054,New
TXN_202507_015459,2025-07-15,REG_08,STORE_022,EMP_008,PROD_020,2,190.17,0.13,330.9,card,CUST_6006,Regular
TXN_202507_015460,2025-07-18,REG_06,STORE_018,EMP_006,PROD_005,5,481.43,0.09,2190.51,credit,CUST_7307,New
TXN_202507_015461,2025-07-26,REG_08,STORE_023,EMP_012,PROD_019,4,449.9,0.11,1601.64,credit,CUST_9229,New
