transaction_id,date,region,store_id,employee_id,product_id,units,unit_price,discount,revenue,payment,customer_id,customer_segment
TXN_202310_004481,02/10/2023,REG_07,STORE_019,EMP_007,PROD_027,4,194.99,0.15,662.97,cash,CUST_3992,VIP
TXN_202310_004482,31/10/2023,REG_10,STORE_029,EMP_028,PROD_011,3,248.27,0.16,625.64,card,CUST_9831,Regular
TXN_202310_004483,14/10/2023,REG_06,STORE_016,EMP_006,PROD_002,3,330.26,0.28,713.36,cash,CUST_1955,Regular
TXN_202310_004484,26/10/2023,REG_04,STORE_011,EMP_024,PROD_038,3,479.18,0.12,1265.04,cash,CUST_8519,VIP
TXN_202310_004485,17/10/2023,REG_04,STORE_010,EMP_004,PROD_044,5,147.02,0.19,595.43,mobile,CUST_6036,Regular
TXN_202310_004486,30/10/2023,REG_02,STORE_004,EMP_002,PROD_005,1,457.96,0.19,370.95,mobile,CUST_8940,VIP
TXN_202310_004487,14/10/2023,REG_10,STORE_029,EMP_028,PROD_024,4,13.69,0.16,46.0,mobile,CUST_5500,New
TXN_202310_004488,18/10/2023,REG_04,STORE_012,EMP_026,PROD_005,4,339.12,0.17,1125.88,card,CUST_7127,VIP
TXN_202310_004489,15/10/2023,REG_01,STORE_001,EMP_011,PROD_004,2,269.44,0.11,479.6,credit,CUST_7360,Premium
TXN_202310_004490,26/10/2023,REG_08,STORE_023,EMP_023,PROD_021,2,332.34,0.23,511.8,credit,CUST_7837,VIP
TXN_202310_004491,22/10/2023,REG_07,STORE_020,EMP_007,PROD_011,1,314.61,0.1,283.15,mobile,CUST_9821,Regular
TXN_202310_004492,10/10/2023,REG_07,STORE_019,EMP_007,PROD_013,5,335.54,0.09,1526.71,mobile,CUST_3140,VIP
TXN_202310_004493,25/10/2023,REG_10,STORE_029,EMP_017,PROD_047,2,97.64,0.26,144.51,mobile,CUST_8844,Regular
TXN_202310_004494,27/10/2023,REG_06,STORE_017,EMP_006,PROD_041,3,470.2,0.16,1184.9,card,CUST_5227,Premium
TXN_202310_004495,09/10/2023,REG_05,STORE_014,EMP_021,PROD_030,2,406.23,0.14,698.72,card,CUST_3543,New
TXN_202310_004496,11/10/2023,REG_06,STORE_017,EMP_006,PROD_002,1,185.42,0.18,152.04,card,CUST_4144,Regular
TXN_202310_004497,24/10/2023,REG_01,STORE_003,EMP_011,PROD_020,2,14.01,0.27,20.45,card,CUST_6647,Regular
TXN_202310_004498,23/10/2023,REG_03,STORE_007,EMP_014,PROD_025,2,20.56,0.02,40.3,credit,CUST_6377,VIP
TXN_202310_004499,14/10/2023,REG_10,STORE_030,EMP_028,PROD_005,4,169.96,0.25,509.88,cash,CUST_1718,Regular
TXN_202310_004500,25/10/2023,REG_01,STORE_001,EMP_018,PROD_047,4,14.85,0.26,43.96,mobile,CUST_1684,Regular
TXN_202310_004501,28/10/2023,REG_06,STORE_016,EMP_006,PROD_012,1,90.05,0.29,63.94,mobile,CUST_5035,New
TXN_202310_004502,01/10/2023,REG_03,STORE_008,EMP_014,PROD_002,2,411.33,0.27,600.54,credit,CUST_9990,New
TXN_202310_004503,05/10/2023,REG_07,STORE_019,EMP_007,PROD_017,3,86.25,0.16,217.35,card,CUST_6651,New
TXN_202310_004504,28/10/2023,REG_08,STORE_024,EMP_012,PROD_049,3,441.17,0.23,1019.1,mobile,CUST_9514,VIP
TXN_202310_004505,02/10/2023,REG_10,STORE_030,EMP_010,PROD_002,1,109.89,0.27,80.22,cash,CUST_6363,New
TXN_202310_004506,26/10/2023,REG_04,STORE_011,EMP_026,PROD_044,2,423.79,0.23,652.64,mobile,CUST_6286,VIP
TXN_202310_004507,19/10/2023,REG_04,STORE_010,EMP_004,PROD_045,2,325.88,0.23,501.86,cash,CUST_7966,Premium
TXN_202310_004508,31/10/2023,REG_08,STORE_024,EMP_023,PROD_044,4,354.05,0.11,1260.42,cash,CUST_2011,Premium
TXN_202310_004509,16/10/2023,REG_02,STORE_006,EMP_002,PROD_037,2,44.78,0.28,64.48,cash,CUST_8797,Regular
TXN_202310_004510,15/10/2023,REG_03,STORE_009,EMP_014,PROD_019,5,269.61,0.27,984.08,credit,CUST_2559,New
TXN_202310_004511,05/10/2023,REG_09,STORE_025,EMP_022,PROD_003,4,315.7,0.05,1199.66,credit,CUST_6962,VIP
TXN_202310_004512,11/10/2023,REG_07,STORE_019,EMP_007,PROD_008,3,73.69,0.18,181.28,mobile,CUST_8532,Regular
TXN_202310_004513,16/10/2023,REG_01,STORE_002,EMP_019,PROD_036,1,400.83,0.01,396.82,card,CUST_6197,New
TXN_202310_004514,07/10/2023,REG_07,STORE_020,EMP_007,PROD_033,3,495.86,0.04,1428.08,credit,CUST_1303,Premium
TXN_202310_004515,04/10/2023,REG_04,STORE_011,EMP_026,PROD_024,1,13.1,0.05,12.44,credit,CUST_6994,Premium
TXN_202310_004516,18/10/2023,REG_07,STORE_020,EMP_007,PROD_010,2,31.65,0.29,44.94,credit,CUST_3714,Premium
TXN_202310_004517,09/10/2023,REG_04,STORE_011,EMP_030,PROD_015,3,383.84,0.19,932.73,cash,CUST_3108,Premium
TXN_202310_004518,14/10/2023,REG_04,STORE_012,EMP_016,PROD_036,4,232.77,0.06,875.22,card,CUST_9391,VIP
TXN_202310_004519,13/10/2023,REG_09,STORE_026,EMP_022,PROD_005,5,318.26,0.09,1448.08,mobile,CUST_5597,VIP
TXN_202310_004520,21/10/2023,REG_07,STORE_020,EMP_007,PROD_023,1,24.45,0.08,22.49,card,CUST_3165,VIP
TXN_202310_004521,23/10/2023,REG_02,STORE_005,EMP_002,PROD_013,4,357.49,0.14,1229.77,card,CUST_3101,Regular
TXN_202310_004522,18/10/2023,REG_03,STORE_008,EMP_003,PROD_041,5,58.3,0.08,268.18,credit,CUST_5081,VIP
TXN_202310_004523,06/10/2023,REG_06,STORE_018,EMP_006,PROD_041,2,15.81,0.1,28.46,cash,CUST_9402,Regular
TXN_202310_004524,16/10/2023,REG_05,STORE_014,EMP_021,PROD_029,3,110.47,0.03,321.47,card,CUST_2056,Premium
TXN_202310_004525,11/10/2023,REG_01,STORE_002,EMP_011,PROD_001,1,357.21,0.1,321.49,cash,CUST_6661,VIP
TXN_202310_004526,27/10/2023,REG_08,STORE_024,EMP_012,PROD_036,5,61.39,0.02,300.81,cash,CUST_4346,Premium
TXN_202310_004527,12/10/2023,REG_08,STORE_022,EMP_012,PROD_027,4,472.36,0.23,1454.87,cash,CUST_7760,Premium
TXN_202310_004528,11/10/2023,REG_08,STORE_023,EMP_012,PROD_048,2,172.34,0.18,282.64,cash,CUST_7324,Premium
TXN_202310_004529,31/10/2023,REG_03,STORE_009,EMP_003,PROD_004,4,453.94,0.25,1361.82,cash,CUST_1902,New
TXN_202310_004530,30/10/2023,REG_04,STORE_011,EMP_030,PROD_010,3,264.62,0.01,785.92,card,CUST_7245,Premium
TXN_202310_004531,08/10/2023,REG_09,STORE_026,EMP_027,PROD_011,3,140.51,0.25,316.15,card,CUST_9157,New
TXN_202310_004532,27/10/2023,REG_08,STORE_024,EMP_015,PROD_011,5,380.84,0.06,1789.95,card,CUST_1706,Regular
TXN_202310_004533,30/10/2023,REG_06,STORE_016,EMP_006,PROD_037,3,489.72,0.15,1248.79,cash,CUST_9873,Premium
TXN_202310_004534,19/10/2023,REG_05,STORE_015,EMP_005,PROD_006,5,146.46,0.06,688.36,cash,CUST_1760,Regular
TXN_202310_004535,14/10/2023,REG_03,STORE_009,EMP_014,PROD_009,3,234.5,0.16,590.94,cash,CUST_3424,Premium
TXN_202310_004536,04/10/2023,REG_09,STORE_025,EMP_027,PROD_007,5,83.25,0.29,295.54,card,CUST_5031,New
TXN_202310_004537,12/10/2023,REG_01,STORE_002,EMP_018,PROD_038,3,380.96,0.27,834.3,mobile,CUST_4167,VIP
TXN_202310_004538,20/10/2023,REG_03,STORE_008,EMP_014,PROD_027,3,169.69,0.14,437.8,card,CUST_7437,Regular
TXN_202310_004539,20/10/2023,REG_03,STORE_009,EMP_014,PROD_006,1,238.59,0.12,209.96,cash,CUST_9835,Premium
TXN_202310_004540,14/10/2023,REG_04,STORE_011,EMP_004,PROD_002,2,213.8,0.1,384.84,cash,CUST_1830,Regular
TXN_202310_004541,31/10/2023,REG_10,STORE_030,EMP_013,PROD_042,5,138.54,0.09,630.36,mobile,CUST_1930,Regular
TXN_202310_004542,03/10/2023,REG_09,STORE_025,EMP_025,PROD_038,4,269.02,0.08,989.99,credit,CUST_1221,Regular
TXN_202310_004543,16/10/2023,REG_04,STORE_011,EMP_016,PROD_008,4,414.08,0.03,1606.63,cash,CUST_2469,New
TXN_202310_004544,29/10/2023,REG_10,STORE_028,EMP_013,PROD_042,3,280.28,0.1,756.76,cash,CUST_1893,VIP
TXN_202310_004545,09/10/2023,REG_05,STORE_015,EMP_005,PROD_024,5,111.91,0.11,498.0,credit,CUST_3587,VIP
TXN_202310_004546,22/10/2023,REG_09,STORE_027,EMP_025,PROD_020,5,356.86,0.02,1748.61,card,CUST_6149,Regular
TXN_202310_004547,04/10/2023,REG_08,STORE_022,EMP_015,PROD_048,5,363.97,0.25,1364.89,mobile,CUST_6126,Regular
TXN_202310_004548,17/10/2023,REG_06,STORE_017,EMP_006,PROD_044,5,169.1,0.16,710.22,cash,CUST_4334,Regular
TXN_202310_004549,21/10/2023,REG_10,STORE_028,EMP_017,PROD_035,4,499.41,0.12,1757.92,mobile,CUST_4921,Regular
TXN_202310_004550,07/10/2023,REG_03,STORE_007,EMP_014,PROD_040,4,499.16,0.11,1777.01,mobile,CUST_3125,New
TXN_202310_004551,16/10/2023,REG_03,STORE_007,EMP_003,PROD_010,3,94.72,0.24,215.96,cash,CUST_1602,VIP
TXN_202310_004552,18/10/2023,REG_08,STORE_024,EMP_012,PROD_029,4,407.88,0.23,1256.27,mobile,CUST_8878,VIP
TXN_202310_004553,11/10/2023,REG_04,STORE_011,EMP_004,PROD_036,5,135.16,0.01,669.04,card,CUST_1608,Premium
TXN_202310_004554,13/10/2023,REG_02,STORE_006,EMP_002,PROD_016,3,264.18,0.22,618.18,cash,CUST_6495,Regular
TXN_202310_004555,24/10/2023,REG_07,STORE_019,EMP_007,PROD_002,3,469.5,0.01,1394.41,credit,CUST_4846,Regular
TXN_202310_004556,14/10/2023,REG_05,STORE_013,EMP_021,PROD_017,2,159.86,0.29,227.0,credit,CUST_8269,Premium
TXN_202310_004557,23/10/2023,REG_09,STORE_025,EMP_009,PROD_041,4,220.07,0.14,757.04,mobile,CUST_8932,New
TXN_202310_004558,28/10/2023,REG_01,STORE_002,EMP_001,PROD_031,5,75.34,0.16,316.43,cash,CUST_9359,Premium
TXN_202310_004559,06/10/2023,REG_01,STORE_001,EMP_018,PROD_001,1,346.53,0.06,325.74,mobile,CUST_8821,Premium
TXN_202310_004560,31/10/2023,REG_02,STORE_005,EMP_002,PROD_038,3,188.59,0.02,554.45,mobile,CUST_6922,Premium
TXN_202310_004561,02/10/2023,REG_05,STORE_015,EMP_021,PROD_031,3,150.9,0.0,452.7,credit,CUST_9904,VIP
TXN_202310_004562,27/10/2023,REG_01,STORE_001,EMP_018,PROD_009,1,434.12,0.15,369.0,card,CUST_9931,Regular
TXN_202310_004563,17/10/2023,REG_08,STORE_024,EMP_015,PROD_018,1,152.3,0.18,124.89,mobile,CUST_8577,VIP
TXN_202310_004564,07/10/2023,REG_10,STORE_030,EMP_010,PROD_028,3,73.08,0.25,164.43,mobile,CUST_3598,VIP
TXN_202310_004565,16/10/2023,REG_04,STORE_012,EMP_024,PROD_005,2,484.55,0.21,765.59,card,CUST_3156,VIP
TXN_202310_004566,26/10/2023,REG_10,STORE_028,EMP_017,PROD_007,1,320.1,0.02,313.7,card,CUST_4297,VIP
TXN_202310_004567,17/10/2023,REG_07,STORE_020,EMP_007,PROD_012,5,198.03,0.08,910.94,mobile,CUST_3601,Premium
TXN_202310_004568,26/10/2023,REG_10,STORE_030,EMP_017,PROD_038,2,449.65,0.26,665.48,credit,CUST_8391,Premium
TXN_202310_004569,16/10/2023,REG_05,STORE_014,EMP_005,PROD_018,3,465.15,0.07,1297.77,mobile,CUST_7289,New
TXN_202310_004570,15/10/2023,REG_05,STORE_014,EMP_005,PROD_006,1,413.02,0.24,313.9,credit,CUST_8943,Premium
TXN_202310_004571,02/10/2023,REG_04,STORE_011,EMP_030,PROD_037,4,229.62,0.16,771.52,credit,CUST_7213,Regular
TXN_202310_004572,08/10/2023,REG_09,STORE_027,EMP_027,PROD_028,1,234.26,0.0,234.26,card,CUST_8415,Regular
TXN_202310_004573,11/10/2023,REG_04,STORE_011,EMP_004,PROD_020,2,14.79,0.07,27.51,cash,CUST_4965,Regular
TXN_202310_004574,27/10/2023,REG_07,STORE_019,EMP_007,PROD_025,3,417.21,0.2,1001.3,mobile,CUST_2654,Premium
TXN_202310_004575,28/10/2023,REG_08,STORE_022,EMP_015,PROD_019,3,431.11,0.25,970.0,card,CUST_5497,Regular
TXN_202310_004576,30/10/2023,REG_05,STORE_015,EMP_005,PROD_022,1,432.23,0.3,302.56,mobile,CUST_3281,Regular
TXN_202310_004577,29/10/2023,REG_09,STORE_025,EMP_022,PROD_032,2,30.2,0.11,53.76,credit,CUST_3395,New
TXN_202310_004578,05/10/2023,REG_07,STORE_021,EMP_007,PROD_019,2,20.66,0.16,34.71,cash,CUST_1823,Regular
TXN_202310_004579,01/10/2023,REG_05,STORE_014,EMP_021,PROD_004,4,280.6,0.1,1010.16,card,CUST_3374,VIP
TXN_202310_004580,02/10/2023,REG_04,STORE_011,EMP_004,PROD_047,1,397.56,0.2,318.05,mobile,CUST_1299,VIP
TXN_202310_004581,06/10/2023,REG_08,STORE_023,EMP_023,PROD_025,2,351.05,0.27,512.53,card,CUST_2489,New
TXN_202310_004582,03/10/2023,REG_01,STORE_002,EMP_018,PROD_038,5,76.35,0.19,309.22,mobile,CUST_3305,New
TXN_202310_004583,02/10/2023,REG_02,STORE_005,EMP_002,PROD_015,3,395.63,0.28,854.56,mobile,CUST_4676,New
TXN_202310_004584,06/10/2023,REG_08,STORE_024,EMP_008,PROD_049,1,136.72,0.03,132.62,credit,CUST_9088,VIP
TXN_202310_004585,10/10/2023,REG_10,STORE_029,EMP_017,PROD_042,2,222.94,0.07,414.67,credit,CUST_1726,New
TXN_202310_004586,11/10/2023,REG_08,STORE_024,EMP_012,PROD_039,5,152.24,0.3,532.84,card,CUST_4232,VIP
TXN_202310_004587,16/10/2023,REG_02,STORE_005,EMP_002,PROD_036,2,323.78,0.02,634.61,mobile,CUST_7196,Premium
TXN_202310_004588,21/10/2023,REG_04,STORE_012,EMP_004,PROD_038,1,96.26,0.21,76.05,card,CUST_7019,Premium
TXN_202310_004589,31/10/2023,REG_05,STORE_013,EMP_005,PROD_025,1,201.4,0.14,173.2,card,CUST_2518,Premium
TXN_202310_004590,16/10/2023,REG_03,STORE_007,EMP_003,PROD_028,5,59.3,0.13,257.95,mobile,CUST_1582,New
TXN_202310_004591,13/10/2023,REG_10,STORE_029,EMP_020,PROD_044,1,465.66,0.09,423.75,card,CUST_3573,Regular
TXN_202310_004592,26/10/2023,REG_05,STORE_015,EMP_005,PROD_031,4,391.5,0.2,1252.8,card,CUST_3008,Premium
TXN_202310_004593,03/10/2023,REG_01,STORE_003,EMP_019,PROD_049,3,313.98,0.09,857.17,cash,CUST_4628,New
TXN_202310_004594,19/10/2023,REG_07,STORE_019,EMP_007,PROD_030,4,236.8,0.16,795.65,cash,CUST_1809,VIP
TXN_202310_004595,16/10/2023,REG_08,STORE_024,EMP_008,PROD_034,5,495.0,0.01,2450.25,mobile,CUST_2202,VIP
TXN_202310_004596,25/10/2023,REG_01,STORE_001,EMP_011,PROD_026,4,456.57,0.28,1314.92,card,CUST_3566,Regular
TXN_202310_004597,26/10/2023,REG_08,STORE_022,EMP_012,PROD_038,1,40.31,0.3,28.22,mobile,CUST_2251,VIP
TXN_202310_004598,04/10/2023,REG_10,STORE_030,EMP_010,PROD_007,5,164.54,0.19,666.39,credit,CUST_9708,New
TXN_202310_004599,09/10/2023,REG_10,STORE_029,EMP_017,PROD_045,5,196.68,0.27,717.88,card,CUST_3855,VIP
TXN_202310_004600,21/10/2023,REG_06,STORE_017,EMP_006,PROD_034,5,129.47,0.05,614.98,cash,CUST_5605,Premium
TXN_202310_004601,26/10/2023,REG_07,STORE_020,EMP_007,PROD_015,4,131.38,0.16,441.44,card,CUST_5050,Premium
TXN_202310_004602,28/10/2023,REG_04,STORE_010,EMP_004,PROD_013,2,475.08,0.12,836.14,cash,CUST_6711,New
TXN_202310_004603,14/10/2023,REG_04,STORE_012,EMP_004,PROD_027,2,122.5,0.29,173.95,cash,CUST_2574,VIP
TXN_202310_004604,27/10/2023,REG_03,STORE_008,EMP_003,PROD_035,5,275.77,0.16,1158.23,cash,CUST_4768,Regular
TXN_202310_004605,14/10/2023,REG_06,STORE_018,EMP_006,PROD_042,1,171.47,0.24,130.32,credit,CUST_8671,New
TXN_202310_004606,13/10/2023,REG_04,STORE_011,EMP_024,PROD_016,2,77.71,0.21,122.78,credit,CUST_2756,Premium
TXN_202310_004607,04/10/2023,REG_01,STORE_002,EMP_011,PROD_009,3,362.96,0.12,958.21,card,CUST_9772,Regular
TXN_202310_004608,28/10/2023,REG_05,STORE_015,EMP_005,PROD_038,2,422.89,0.01,837.32,card,CUST_5199,New
TXN_202310_004609,06/10/2023,REG_10,STORE_029,EMP_017,PROD_016,2,33.24,0.09,60.5,card,CUST_4004,Regular
TXN_202310_004610,25/10/2023,REG_07,STORE_021,EMP_007,PROD_042,3,131.9,0.2,316.56,card,CUST_6224,Regular
TXN_202310_004611,15/10/2023,REG_02,STORE_006,EMP_002,PROD_037,2,384.6,0.18,630.74,cash,CUST_1389,Regular
TXN_202310_004612,07/10/2023,REG_04,STORE_012,EMP_030,PROD_050,5,140.72,0.12,619.17,mobile,CUST_2725,New
TXN_202310_004613,14/10/2023,REG_07,STORE_019,EMP_007,PROD_002,4,237.66,0.24,722.49,mobile,CUST_5496,VIP
TXN_202310_004614,07/10/2023,REG_06,STORE_018,EMP_006,PROD_033,2,53.1,0.04,101.95,card,CUST_2029,New
TXN_202310_004615,28/10/2023,REG_04,STORE_011,EMP_030,PROD_013,3,162.9,0.18,400.73,cash,CUST_6447,New
TXN_202310_004616,27/10/2023,REG_09,STORE_026,EMP_025,PROD_022,4,37.87,0.3,106.04,credit,CUST_5647,VIP
TXN_202310_004617,28/10/2023,REG_09,STORE_027,EMP_022,PROD_050,3,283.16,0.06,798.51,cash,CUST_8105,VIP
TXN_202310_004618,08/10/2023,REG_04,STORE_012,EMP_030,PROD_020,1,70.12,0.17,58.2,credit,CUST_8670,New
TXN_202310_004619,12/10/2023,REG_02,STORE_005,EMP_002,PROD_031,3,17.21,0.12,45.43,card,CUST_4097,VIP
TXN_202310_004620,17/10/2023,REG_05,STORE_013,EMP_021,PROD_033,5,51.51,0.13,224.07,cash,CUST_8557,Premium
TXN_202310_004621,07/10/2023,REG_09,STORE_026,EMP_022,PROD_042,2,118.56,0.1,213.41,mobile,CUST_5725,Premium
TXN_202310_004622,17/10/2023,REG_10,STORE_030,EMP_010,PROD_003,2,54.76,0.06,102.95,card,CUST_7385,Premium
TXN_202310_004623,05/10/2023,REG_09,STORE_026,EMP_025,PROD_013,1,252.24,0.0,252.24,card,CUST_9734,Regular
TXN_202310_004624,19/10/2023,REG_06,STORE_018,EMP_006,PROD_032,1,434.26,0.23,334.38,credit,CUST_5956,Premium
TXN_202310_004625,04/10/2023,REG_10,STORE_030,EMP_017,PROD_028,4,175.22,0.24,532.67,cash,CUST_5312,New
TXN_202310_004626,08/10/2023,REG_05,STORE_014,EMP_005,PROD_020,2,61.18,0.01,121.14,credit,CUST_8085,VIP
TXN_202310_004627,04/10/2023,REG_07,STORE_019,EMP_007,PROD_038,5,216.71,0.11,964.36,cash,CUST_1465,New
TXN_202310_004628,26/10/2023,REG_05,STORE_014,EMP_005,PROD_034,1,424.39,0.09,386.19,mobile,CUST_8613,VIP
TXN_202310_004629,09/10/2023,REG_03,STORE_007,EMP_014,PROD_029,5,165.4,0.0,827.0,mobile,CUST_6789,VIP
TXN_202310_004630,08/10/2023,REG_08,STORE_024,EMP_023,PROD_045,5,452.94,0.13,1970.29,card,CUST_7970,VIP
TXN_202310_004631,26/10/2023,REG_06,STORE_018,EMP_006,PROD_002,1,78.16,0.05,74.25,credit,CUST_9760,Premium
TXN_202310_004632,29/10/2023,REG_02,STORE_006,EMP_002,PROD_041,2,64.27,0.17,106.69,cash,CUST_4139,Regular
TXN_202310_004633,07/10/2023,REG_03,STORE_009,EMP_014,PROD_007,2,109.27,0.25,163.91,mobile,CUST_1305,VIP
TXN_202310_004634,24/10/2023,REG_07,STORE_021,EMP_007,PROD_031,1,272.95,0.19,221.09,mobile,CUST_1569,Premium
TXN_202310_004635,24/10/2023,REG_04,STORE_010,EMP_004,PROD_041,3,209.51,0.04,603.39,credit,CUST_2002,Premium
TXN_202310_004636,12/10/2023,REG_05,STORE_014,EMP_021,PROD_028,3,397.96,0.08,1098.37,credit,CUST_9726,New
TXN_202310_004637,07/10/2023,REG_03,STORE_007,EMP_014,PROD_004,2,450.48,0.11,801.85,mobile,CUST_8781,Regular
TXN_202310_004638,14/10/2023,REG_01,STORE_001,EMP_011,PROD_023,3,269.11,0.06,758.89,card,CUST_8467,Regular
TXN_202310_004639,15/10/2023,REG_03,STORE_007,EMP_003,PROD_049,5,38.23,0.26,141.45,mobile,CUST_3552,New
TXN_202310_004640,13/10/2023,REG_09,STORE_026,EMP_025,PROD_004,2,108.55,0.28,156.31,card,CUST_7631,VIP
TXN_202310_004641,04/10/2023,REG_03,STORE_008,EMP_003,PROD_016,4,476.76,0.23,1468.42,mobile,CUST_7079,Regular
TXN_202310_004642,15/10/2023,REG_05,STORE_013,EMP_005,PROD_022,4,128.56,0.09,467.96,credit,CUST_6770,Premium
TXN_202310_004643,21/10/2023,REG_07,STORE_021,EMP_007,PROD_022,4,358.83,0.0,1435.32,mobile,CUST_8349,Premium
TXN_202310_004644,24/10/2023,REG_06,STORE_017,EMP_006,PROD_011,5,404.92,0.02,1984.11,card,CUST_7494,Regular
TXN_202310_004645,29/10/2023,REG_03,STORE_007,EMP_003,PROD_005,1,118.81,0.19,96.24,card,CUST_1026,New
TXN_202310_004646,14/10/2023,REG_03,STORE_009,EMP_014,PROD_048,5,136.64,0.02,669.54,credit,CUST_1635,Regular
TXN_202310_004647,24/10/2023,REG_02,STORE_004,EMP_002,PROD_022,2,35.75,0.05,67.92,mobile,CUST_6028,VIP
TXN_202310_004648,03/10/2023,REG_04,STORE_011,EMP_004,PROD_028,5,246.29,0.18,1009.79,credit,CUST_5527,VIP
TXN_202310_004649,09/10/2023,REG_01,STORE_001,EMP_011,PROD_008,5,68.42,0.0,342.1,mobile,CUST_9507,Premium
TXN_202310_004650,31/10/2023,REG_07,STORE_021,EMP_007,PROD_029,3,466.77,0.19,1134.25,card,CUST_4675,Premium
TXN_202310_004651,19/10/2023,REG_06,STORE_016,EMP_006,PROD_044,3,459.85,0.08,1269.19,card,CUST_1909,Premium
TXN_202310_004652,15/10/2023,REG_02,STORE_004,EMP_002,PROD_019,4,39.32,0.15,133.69,mobile,CUST_9849,Premium
TXN_202310_004653,02/10/2023,REG_01,STORE_002,EMP_001,PROD_036,1,226.69,0.03,219.89,cash,CUST_7249,Regular
TXN_202310_004654,29/10/2023,REG_06,STORE_016,EMP_006,PROD_016,5,196.66,0.03,953.8,credit,CUST_5109,Premium
TXN_202310_004655,29/10/2023,REG_04,STORE_010,EMP_030,PROD_019,2,134.11,0.02,262.86,credit,CUST_3167,Regular
TXN_202310_004656,21/10/2023,REG_04,STORE_010,EMP_024,PROD_007,5,267.76,0.17,1111.2,credit,CUST_9865,Regular
TXN_202310_004657,28/10/2023,REG_09,STORE_025,EMP_025,PROD_012,1,18.58,0.28,13.38,cash,CUST_7798,Regular
TXN_202310_004658,30/10/2023,REG_10,STORE_028,EMP_010,PROD_004,5,168.77,0.06,793.22,mobile,CUST_7148,Regular
TXN_202310_004659,14/10/2023,REG_05,STORE_013,EMP_021,PROD_004,2,25.81,0.24,39.23,card,CUST_8273,Regular
TXN_202310_004660,14/10/2023,REG_01,STORE_001,EMP_018,PROD_040,5,461.41,0.21,1822.57,cash,CUST_7751,VIP
TXN_202310_004661,14/10/2023,REG_09,STORE_025,EMP_027,PROD_033,4,195.61,0.25,586.83,cash,CUST_1051,New
TXN_202310_004662,23/10/2023,REG_07,STORE_020,EMP_007,PROD_030,1,214.55,0.11,190.95,cash,CUST_7248,VIP
TXN_202310_004663,10/10/2023,REG_09,STORE_027,EMP_009,PROD_024,5,76.46,0.18,313.49,card,CUST_5424,Regular
TXN_202310_004664,09/10/2023,REG_08,STORE_023,EMP_015,PROD_028,1,486.34,0.14,418.25,cash,CUST_2310,VIP
TXN_202310_004665,31/10/2023,REG_04,STORE_010,EMP_029,PROD_048,5,323.66,0.18,1327.01,mobile,CUST_1006,Premium
TXN_202310_004666,12/10/2023,REG_10,STORE_028,EMP_017,PROD_034,1,245.83,0.13,213.87,credit,CUST_9715,Regular
TXN_202310_004667,12/10/2023,REG_03,STORE_009,EMP_003,PROD_010,1,255.28,0.0,255.28,mobile,CUST_5090,Premium
TXN_202310_004668,03/10/2023,REG_07,STORE_021,EMP_007,PROD_044,3,428.55,0.3,899.96,credit,CUST_8303,Regular
TXN_202310_004669,23/10/2023,REG_08,STORE_022,EMP_008,PROD_041,1,259.44,0.11,230.9,mobile,CUST_3599,Regular
TXN_202310_004670,03/10/2023,REG_03,STORE_009,EMP_014,PROD_039,2,244.59,0.1,440.26,mobile,CUST_6093,Regular
TXN_202310_004671,25/10/2023,REG_03,STORE_009,EMP_003,PROD_009,1,41.35,0.14,35.56,mobile,CUST_8436,Regular
TXN_202310_004672,17/10/2023,REG_03,STORE_009,EMP_014,PROD_035,3,64.93,0.07,181.15,credit,CUST_7582,VIP
TXN_202310_004673,25/10/2023,REG_08,STORE_024,EMP_012,PROD_002,5,263.54,0.3,922.39,credit,CUST_8062,New
TXN_202310_004674,15/10/2023,REG_05,STORE_013,EMP_021,PROD_015,3,331.29,0.01,983.93,credit,CUST_7226,Regular
TXN_202310_004675,10/10/2023,REG_07,STORE_019,EMP_007,PROD_032,5,328.62,0.08,1511.65,credit,CUST_2480,New
TXN_202310_004676,26/10/2023,REG_02,STORE_005,EMP_002,PROD_040,5,335.1,0.18,1373.91,mobile,CUST_2462,Regular
TXN_202310_004677,09/10/2023,REG_02,STORE_006,EMP_002,PROD_004,3,140.96,0.17,350.99,cash,CUST_5568,VIP
TXN_202310_004678,17/10/2023,REG_04,STORE_011,EMP_024,PROD_026,2,409.55,0.06,769.95,credit,CUST_4318,VIP
TXN_202310_004679,03/10/2023,REG_05,STORE_013,EMP_005,PROD_028,3,328.53,0.23,758.9,mobile,CUST_8833,Premium
TXN_202310_004680,06/10/2023,REG_09,STORE_027,EMP_025,PROD_046,3,258.04,0.01,766.38,mobile,CUST_2094,Regular
TXN_202310_004681,01/10/2023,REG_02,STORE_004,EMP_002,PROD_016,1,375.65,0.28,270.47,credit,CUST_2151,Premium
TXN_202310_004682,20/10/2023,REG_02,STORE_004,EMP_002,PROD_026,4,323.91,0.08,1191.99,cash,CUST_8768,Premium
TXN_202310_004683,20/10/2023,REG_08,STORE_023,EMP_012,PROD_018,5,113.73,0.06,534.53,cash,CUST_8506,Premium
TXN_202310_004684,22/10/2023,REG_02,STORE_005,EMP_002,PROD_021,1,447.9,0.22,349.36,card,CUST_9299,VIP
TXN_202310_004685,18/10/2023,REG_10,STORE_030,EMP_013,PROD_009,4,96.23,0.25,288.69,card,CUST_5641,Regular
TXN_202310_004686,28/10/2023,REG_10,STORE_029,EMP_028,PROD_030,4,487.19,0.01,1929.27,mobile,CUST_6403,Regular
TXN_202310_004687,08/10/2023,REG_05,STORE_013,EMP_005,PROD_048,5,377.69,0.16,1586.3,cash,CUST_1649,Regular
TXN_202310_004688,06/10/2023,REG_10,STORE_029,EMP_017,PROD_007,4,25.22,0.09,91.8,card,CUST_4897,VIP
TXN_202310_004689,27/10/2023,REG_08,STORE_024,EMP_008,PROD_013,4,372.95,0.08,1372.46,cash,CUST_8612,Regular
TXN_202310_004690,06/10/2023,REG_02,STORE_006,EMP_002,PROD_032,3,262.71,0.21,622.62,credit,CUST_1307,New
TXN_202310_004691,08/10/2023,REG_05,STORE_014,EMP_005,PROD_021,5,243.25,0.02,1191.92,mobile,CUST_6058,VIP
TXN_202310_004692,15/10/2023,REG_08,STORE_023,EMP_008,PROD_020,3,170.81,0.19,415.07,cash,CUST_1356,New
TXN_202310_004693,25/10/2023,REG_05,STORE_015,EMP_021,PROD_041,1,271.57,0.26,200.96,credit,CUST_3664,Premium
TXN_202310_004694,19/10/2023,REG_01,STORE_003,EMP_011,PROD_017,3,480.59,0.04,1384.1,mobile,CUST_4084,Regular
TXN_202310_004695,22/10/2023,REG_03,STORE_007,EMP_003,PROD_024,1,454.9,0.02,445.8,mobile,CUST_8289,Regular
TXN_202310_004696,06/10/2023,REG_01,STORE_001,EMP_019,PROD_044,2,448.33,0.04,860.79,card,CUST_6735,New
TXN_202310_004697,13/10/2023,REG_05,STORE_015,EMP_021,PROD_022,1,213.36,0.13,185.62,card,CUST_9361,Premium
TXN_202310_004698,30/10/2023,REG_05,STORE_014,EMP_021,PROD_037,1,450.64,0.29,319.95,cash,CUST_9216,Premium
TXN_202310_004699,19/10/2023,REG_07,STORE_019,EMP_007,PROD_007,3,172.77,0.04,497.58,cash,CUST_5259,Premium
TXN_202310_004700,05/10/2023,REG_09,STORE_026,EMP_025,PROD_027,3,390.1,0.07,1088.38,card,CUST_6833,Regular
TXN_202310_004701,17/10/2023,REG_05,STORE_013,EMP_021,PROD_033,5,460.64,0.13,2003.78,cash,CUST_1301,New
TXN_202310_004702,25/10/2023,REG_07,STORE_020,EMP_007,PROD_046,3,89.26,0.17,222.26,card,CUST_5220,Regular
TXN_202310_004703,25/10/2023,REG_07,STORE_021,EMP_007,PROD_018,4,312.88,0.1,1126.37,credit,CUST_9531,Regular
TXN_202310_004704,08/10/2023,REG_07,STORE_021,EMP_007,PROD_023,2,360.62,0.27,526.51,card,CUST_6404,VIP
TXN_202310_004705,17/10/2023,REG_09,STORE_025,EMP_025,PROD_048,4,141.09,0.27,411.98,mobile,CUST_7994,Regular
TXN_202310_004706,31/10/2023,REG_03,STORE_009,EMP_014,PROD_027,4,311.64,0.23,959.85,cash,CUST_6166,Premium
TXN_202310_004707,06/10/2023,REG_10,STORE_028,EMP_010,PROD_040,5,390.16,0.29,1385.07,credit,CUST_3614,New
TXN_202310_004708,21/10/2023,REG_08,STORE_024,EMP_015,PROD_031,1,58.8,0.06,55.27,card,CUST_8695,Regular
TXN_202310_004709,24/10/2023,REG_07,STORE_020,EMP_007,PROD_044,4,290.91,0.29,826.18,credit,CUST_5897,VIP
TXN_202310_004710,19/10/2023,REG_05,STORE_015,EMP_021,PROD_008,4,381.74,0.03,1481.15,card,CUST_1395,VIP
TXN_202310_004711,04/10/2023,REG_03,STORE_008,EMP_003,PROD_007,2,117.04,0.12,205.99,credit,CUST_7837,Premium
TXN_202310_004712,12/10/2023,REG_08,STORE_023,EMP_008,PROD_013,3,303.36,0.29,646.16,card,CUST_2455,Premium
TXN_202310_004713,05/10/2023,REG_06,STORE_017,EMP_006,PROD_024,5,476.99,0.28,1717.16,cash,CUST_8803,Premium
TXN_202310_004714,06/10/2023,REG_09,STORE_026,EMP_009,PROD_007,4,24.34,0.22,75.94,mobile,CUST_7147,Regular
TXN_202310_004715,29/10/2023,REG_04,STORE_010,EMP_030,PROD_015,3,13.17,0.21,31.21,card,CUST_7159,New
TXN_202310_004716,10/10/2023,REG_01,STORE_003,EMP_001,PROD_007,1,152.3,0.3,106.61,cash,CUST_5467,VIP
TXN_202310_004717,09/10/2023,REG_09,STORE_025,EMP_025,PROD_019,4,386.33,0.19,1251.71,mobile,CUST_3187,Regular
TXN_202310_004718,06/10/2023,REG_03,STORE_007,EMP_003,PROD_031,2,117.58,0.28,169.32,mobile,CUST_5167,Regular
TXN_202310_004719,21/10/2023,REG_06,STORE_018,EMP_006,PROD_046,5,251.07,0.21,991.73,card,CUST_2843,Premium
TXN_202310_004720,21/10/2023,REG_03,STORE_007,EMP_014,PROD_032,1,361.45,0.17,300.0,cash,CUST_9730,Regular
TXN_202310_004721,18/10/2023,REG_09,STORE_027,EMP_025,PROD_025,3,410.48,0.25,923.58,credit,CUST_4600,Premium
TXN_202310_004722,17/10/2023,REG_03,STORE_008,EMP_003,PROD_027,3,475.49,0.03,1383.68,credit,CUST_3455,Premium
TXN_202310_004723,29/10/2023,REG_05,STORE_013,EMP_021,PROD_008,4,324.94,0.11,1156.79,card,CUST_4964,VIP
TXN_202310_004724,02/10/2023,REG_03,STORE_008,EMP_003,PROD_020,1,497.84,0.14,428.14,cash,CUST_6875,New
TXN_202310_004725,30/10/2023,REG_01,STORE_003,EMP_018,PROD_013,3,271.63,0.21,643.76,credit,CUST_4537,New
TXN_202310_004726,17/10/2023,REG_04,STORE_010,EMP_024,PROD_038,3,245.87,0.11,656.47,card,CUST_9263,VIP
TXN_202310_004727,19/10/2023,REG_02,STORE_006,EMP_002,PROD_023,1,143.59,0.16,120.62,cash,CUST_3345,New
TXN_202310_004728,22/10/2023,REG_05,STORE_014,EMP_021,PROD_020,4,195.33,0.3,546.92,card,CUST_5634,VIP
TXN_202310_004729,16/10/2023,REG_10,STORE_029,EMP_017,PROD_037,3,323.1,0.24,736.67,mobile,CUST_1728,New
TXN_202310_004730,26/10/2023,REG_02,STORE_005,EMP_002,PROD_029,2,177.69,0.06,334.06,cash,CUST_9743,Regular
TXN_202310_004731,01/10/2023,REG_04,STORE_011,EMP_024,PROD_022,5,260.98,0.1,1174.41,mobile,CUST_5017,VIP
TXN_202310_004732,25/10/2023,REG_09,STORE_027,EMP_009,PROD_025,3,130.7,0.06,368.57,credit,CUST_7166,VIP
TXN_202310_004733,05/10/2023,REG_02,STORE_004,EMP_002,PROD_016,4,223.57,0.14,769.08,credit,CUST_1000,VIP
TXN_202310_004734,16/10/2023,REG_01,STORE_003,EMP_001,PROD_044,2,341.41,0.01,675.99,mobile,CUST_9225,Regular
TXN_202310_004735,13/10/2023,REG_07,STORE_020,EMP_007,PROD_034,4,39.05,0.19,126.52,cash,CUST_4079,New
TXN_202310_004736,06/10/2023,REG_04,STORE_011,EMP_029,PROD_015,3,128.39,0.19,311.99,mobile,CUST_1491,VIP
TXN_202310_004737,06/10/2023,REG_02,STORE_006,EMP_002,PROD_019,4,460.49,0.22,1436.73,mobile,CUST_2659,VIP
TXN_202310_004738,12/10/2023,REG_03,STORE_007,EMP_014,PROD_038,5,429.52,0.28,1546.27,card,CUST_5380,New
TXN_202310_004739,28/10/2023,REG_05,STORE_015,EMP_005,PROD_027,2,456.8,0.13,794.83,card,CUST_7086,Regular
TXN_202310_004740,01/10/2023,REG_03,STORE_009,EMP_003,PROD_029,2,76.59,0.1,137.86,mobile,CUST_6270,New
TXN_202310_004741,25/10/2023,REG_10,STORE_030,EMP_020,PROD_002,2,27.91,0.08,51.35,cash,CUST_9429,New
TXN_202310_004742,14/10/2023,REG_02,STORE_005,EMP_002,PROD_028,4,360.81,0.17,1197.89,credit,CUST_9690,Regular
TXN_202310_004743,15/10/2023,REG_09,STORE_026,EMP_009,PROD_022,5,15.11,0.1,68.0,credit,CUST_8933,Regular
TXN_202310_004744,05/10/2023,REG_10,STORE_030,EMP_028,PROD_037,3,139.45,0.03,405.8,card,CUST_6131,VIP
TXN_202310_004745,26/10/2023,REG_06,STORE_018,EMP_006,PROD_046,2,171.4,0.27,250.24,card,CUST_1589,Premium
TXN_202310_004746,10/10/2023,REG_09,STORE_026,EMP_009,PROD_050,1,91.25,0.18,74.83,mobile,CUST_5075,Regular
TXN_202310_004747,26/10/2023,REG_10,STORE_028,EMP_013,PROD_004,1,394.54,0.17,327.47,cash,CUST_9100,Regular
TXN_202310_004748,31/10/2023,REG_09,STORE_025,EMP_025,PROD_002,2,167.37,0.06,314.66,mobile,CUST_4344,VIP
TXN_202310_004749,01/10/2023,REG_04,STORE_012,EMP_016,PROD_042,2,221.44,0.14,380.88,card,CUST_3685,New
TXN_202310_004750,04/10/2023,REG_04,STORE_012,EMP_024,PROD_047,2,356.62,0.22,556.33,mobile,CUST_7768,Regular
TXN_202310_004751,12/10/2023,REG_01,STORE_001,EMP_001,PROD_035,2,69.26,0.07,128.82,credit,CUST_9171,Premium
TXN_202310_004752,18/10/2023,REG_08,STORE_023,EMP_012,PROD_036,5,86.18,0.22,336.1,cash,CUST_6310,Regular
TXN_202310_004753,25/10/2023,REG_01,STORE_001,EMP_001,PROD_023,5,390.33,0.06,1834.55,mobile,CUST_2410,VIP
TXN_202310_004754,23/10/2023,REG_08,STORE_024,EMP_008,PROD_017,4,135.53,0.06,509.59,credit,CUST_4530,VIP
TXN_202310_004755,13/10/2023,REG_02,STORE_005,EMP_002,PROD_041,2,60.87,0.28,87.65,card,CUST_6711,VIP
TXN_202310_004756,02/10/2023,REG_09,STORE_027,EMP_025,PROD_040,5,340.64,0.23,1311.46,credit,CUST_9434,Premium
TXN_202310_004757,04/10/2023,REG_06,STORE_017,EMP_006,PROD_041,2,381.06,0.29,541.11,cash,CUST_5635,VIP
TXN_202310_004758,27/10/2023,REG_10,STORE_028,EMP_010,PROD_036,1,57.52,0.29,40.84,credit,CUST_4400,VIP
TXN_202310_004759,12/10/2023,REG_04,STORE_010,EMP_026,PROD_029,3,477.67,0.19,1160.74,mobile,CUST_6372,VIP
TXN_202310_004760,27/10/2023,REG_09,STORE_027,EMP_027,PROD_025,1,476.38,0.2,381.1,card,CUST_7309,VIP
TXN_202310_004761,28/10/2023,REG_05,STORE_013,EMP_005,PROD_031,3,105.16,0.06,296.55,cash,CUST_5980,Premium
TXN_202310_004762,01/10/2023,REG_09,STORE_027,EMP_022,PROD_011,1,169.98,0.29,120.69,cash,CUST_7810,Premium
TXN_202310_004763,03/10/2023,REG_04,STORE_012,EMP_029,PROD_008,2,257.55,0.14,442.99,cash,CUST_2218,Premium
TXN_202310_004764,26/10/2023,REG_07,STORE_019,EMP_007,PROD_019,1,42.56,0.15,36.18,card,CUST_4387,New
TXN_202310_004765,05/10/2023,REG_10,STORE_029,EMP_020,PROD_049,3,114.19,0.21,270.63,credit,CUST_2946,New
TXN_202310_004766,12/10/2023,REG_06,STORE_016,EMP_006,PROD_043,4,136.76,0.13,475.92,mobile,CUST_3099,New
TXN_202310_004767,23/10/2023,REG_02,STORE_005,EMP_002,PROD_022,2,431.55,0.16,725.0,cash,CUST_1928,VIP
TXN_202310_004768,04/10/2023,REG_04,STORE_010,EMP_026,PROD_035,5,190.16,0.27,694.08,credit,CUST_9666,Premium
TXN_202310_004769,27/10/2023,REG_08,STORE_022,EMP_012,PROD_028,4,219.7,0.1,790.92,card,CUST_8263,VIP
TXN_202310_004770,07/10/2023,REG_04,STORE_012,EMP_016,PROD_036,1,149.48,0.19,121.08,card,CUST_9541,Premium
TXN_202310_004771,02/10/2023,REG_03,STORE_009,EMP_003,PROD_004,3,254.76,0.08,703.14,mobile,CUST_4100,Premium
TXN_202310_004772,25/10/2023,REG_02,STORE_004,EMP_002,PROD_005,4,138.53,0.1,498.71,credit,CUST_4915,Premium
TXN_202310_004773,29/10/2023,REG_10,STORE_030,EMP_010,PROD_042,4,10.55,0.13,36.71,card,CUST_5676,New
TXN_202310_004774,29/10/2023,REG_03,STORE_008,EMP_003,PROD_050,4,140.32,0.23,432.19,card,CUST_5650,Premium
TXN_202310_004775,13/10/2023,REG_05,STORE_014,EMP_005,PROD_032,2,116.8,0.12,205.57,credit,CUST_1505,Regular
TXN_202310_004776,26/10/2023,REG_07,STORE_020,EMP_007,PROD_046,4,159.47,0.19,516.68,card,CUST_8100,Regular
TXN_202310_004777,30/10/2023,REG_10,STORE_029,EMP_017,PROD_014,4,340.87,0.03,1322.58,card,CUST_9331,New
TXN_202310_004778,11/10/2023,REG_10,STORE_028,EMP_028,PROD_027,3,407.59,0.02,1198.31,mobile,CUST_4034,Premium
TXN_202310_004779,09/10/2023,REG_03,STORE_007,EMP_014,PROD_037,5,115.37,0.22,449.94,cash,CUST_7771,Premium
TXN_202310_004780,16/10/2023,REG_08,STORE_023,EMP_015,PROD_031,3,499.5,0.14,1288.71,card,CUST_9842,Regular
TXN_202310_004781,15/10/2023,REG_10,STORE_030,EMP_028,PROD_027,4,328.73,0.11,1170.28,card,CUST_4424,Premium
TXN_202310_004782,28/10/2023,REG_05,STORE_015,EMP_021,PROD_040,5,90.59,0.26,335.18,cash,CUST_9662,Regular
TXN_202310_004783,24/10/2023,REG_07,STORE_021,EMP_007,PROD_024,2,272.92,0.3,382.09,card,CUST_3482,Premium
TXN_202310_004784,11/10/2023,REG_07,STORE_021,EMP_007,PROD_016,2,20.49,0.07,38.11,mobile,CUST_4185,Regular
TXN_202310_004785,24/10/2023,REG_07,STORE_019,EMP_007,PROD_005,3,214.0,0.23,494.34,cash,CUST_3338,Regular
TXN_202310_004786,30/10/2023,REG_03,STORE_009,EMP_014,PROD_009,1,62.01,0.29,44.03,credit,CUST_9951,Premium
TXN_202310_004787,05/10/2023,REG_03,STORE_009,EMP_014,PROD_009,3,144.0,0.17,358.56,mobile,CUST_4222,Regular
TXN_202310_004788,28/10/2023,REG_08,STORE_023,EMP_008,PROD_030,5,168.67,0.09,767.45,mobile,CUST_7619,VIP
TXN_202310_004789,18/10/2023,REG_06,STORE_016,EMP_006,PROD_037,2,423.73,0.13,737.29,credit,CUST_1472,Regular
TXN_202310_004790,05/10/2023,REG_10,STORE_030,EMP_028,PROD_023,1,47.1,0.11,41.92,card,CUST_2608,Premium
TXN_202310_004791,03/10/2023,REG_06,STORE_018,EMP_006,PROD_018,4,375.61,0.26,1111.81,cash,CUST_2678,New
TXN_202310_004792,22/10/2023,REG_06,STORE_017,EMP_006,PROD_012,4,489.81,0.15,1665.35,cash,CUST_3685,Regular
TXN_202310_004793,18/10/2023,REG_04,STORE_012,EMP_026,PROD_041,3,365.06,0.16,919.95,credit,CUST_5059,Regular
TXN_202310_004794,22/10/2023,REG_03,STORE_008,EMP_014,PROD_041,3,14.57,0.04,41.96,card,CUST_1085,Premium
TXN_202310_004795,26/10/2023,REG_01,STORE_002,EMP_018,PROD_042,5,326.39,0.05,1550.35,card,CUST_3669,Regular
TXN_202310_004796,14/10/2023,REG_10,STORE_030,EMP_010,PROD_005,2,311.87,0.15,530.18,mobile,CUST_9587,Regular
TXN_202310_004797,18/10/2023,REG_09,STORE_025,EMP_027,PROD_019,5,19.98,0.0,99.9,credit,CUST_5678,New
TXN_202310_004798,14/10/2023,REG_03,STORE_007,EMP_003,PROD_026,4,352.36,0.2,1127.55,card,CUST_1420,VIP
TXN_202310_004799,04/10/2023,REG_03,STORE_008,EMP_003,PROD_034,2,468.11,0.29,664.72,cash,CUST_5438,VIP
TXN_202310_004800,12/10/2023,REG_02,STORE_004,EMP_002,PROD_024,1,345.23,0.25,258.92,mobile,CUST_5383,Regular
TXN_202310_004801,06/10/2023,REG_08,STORE_022,EMP_012,PROD_010,1,191.22,0.17,158.71,mobile,CUST_3433,VIP
TXN_202310_004802,19/10/2023,REG_10,STORE_029,EMP_013,PROD_042,5,399.4,0.21,1577.63,cash,CUST_8192,Regular
TXN_202310_004803,28/10/2023,REG_07,STORE_019,EMP_007,PROD_014,5,471.93,0.01,2336.05,credit,CUST_3375,Regular
TXN_202310_004804,23/10/2023,REG_04,STORE_011,EMP_024,PROD_050,5,39.97,0.18,163.88,card,CUST_4272,New
TXN_202310_004805,11/10/2023,REG_02,STORE_006,EMP_002,PROD_032,4,271.53,0.29,771.15,mobile,CUST_5653,VIP
TXN_202310_004806,31/10/2023,REG_05,STORE_015,EMP_005,PROD_041,2,130.09,0.29,184.73,cash,CUST_6120,Premium
TXN_202310_004807,15/10/2023,REG_04,STORE_011,EMP_004,PROD_005,4,261.62,0.04,1004.62,cash,CUST_3919,Premium
TXN_202310_004808,16/10/2023,REG_09,STORE_026,EMP_009,PROD_032,5,258.61,0.11,1150.81,mobile,CUST_5874,New
TXN_202310_004809,28/10/2023,REG_10,STORE_030,EMP_013,PROD_040,5,308.1,0.24,1170.78,credit,CUST_2072,Premium
TXN_202310_004810,12/10/2023,REG_02,STORE_006,EMP_002,PROD_022,4,268.67,0.1,967.21,card,CUST_8184,Regular
TXN_202310_004811,31/10/2023,REG_07,STORE_021,EMP_007,PROD_038,4,379.56,0.07,1411.96,cash,CUST_3045,VIP
TXN_202310_004812,12/10/2023,REG_09,STORE_026,EMP_022,PROD_016,2,430.55,0.04,826.66,card,CUST_3818,New
TXN_202310_004813,12/10/2023,REG_10,STORE_030,EMP_028,PROD_005,2,46.02,0.1,82.84,card,CUST_2629,VIP
TXN_202310_004814,07/10/2023,REG_09,STORE_025,EMP_027,PROD_030,4,418.39,0.13,1456.0,cash,CUST_5442,Regular
TXN_202310_004815,22/10/2023,REG_02,STORE_005,EMP_002,PROD_033,1,164.39,0.0,164.39,mobile,CUST_9645,Regular
TXN_202310_004816,03/10/2023,REG_10,STORE_028,EMP_010,PROD_023,2,105.73,0.01,209.35,cash,CUST_5473,VIP
TXN_202310_004817,19/10/2023,REG_06,STORE_017,EMP_006,PROD_017,3,89.32,0.08,246.52,cash,CUST_4654,VIP
TXN_202310_004818,17/10/2023,REG_06,STORE_018,EMP_006,PROD_028,2,385.68,0.17,640.23,cash,CUST_8219,Regular
TXN_202310_004819,11/10/2023,REG_10,STORE_028,EMP_010,PROD_001,4,486.82,0.24,1479.93,card,CUST_9506,Regular
TXN_202310_004820,01/10/2023,REG_01,STORE_001,EMP_011,PROD_013,5,248.6,0.04,1193.28,cash,CUST_6961,New
TXN_202310_004821,11/10/2023,REG_07,STORE_019,EMP_007,PROD_029,4,230.44,0.04,884.89,cash,CUST_3992,New
TXN_202310_004822,27/10/2023,REG_08,STORE_023,EMP_015,PROD_011,4,148.52,0.21,469.32,credit,CUST_7827,Regular
TXN_202310_004823,30/10/2023,REG_06,STORE_016,EMP_006,PROD_009,1,151.11,0.26,111.82,credit,CUST_3128,New
TXN_202310_004824,01/10/2023,REG_07,STORE_020,EMP_007,PROD_005,4,38.09,0.18,124.94,credit,CUST_1943,VIP
TXN_202310_004825,17/10/2023,REG_06,STORE_016,EMP_006,PROD_018,3,310.29,0.09,847.09,card,CUST_3591,New
TXN_202310_004826,21/10/2023,REG_10,STORE_028,EMP_013,PROD_018,5,378.7,0.25,1420.12,mobile,CUST_5434,New
TXN_202310_004827,02/10/2023,REG_03,STORE_007,EMP_014,PROD_012,3,137.21,0.15,349.89,credit,CUST_2336,VIP
TXN_202310_004828,29/10/2023,REG_08,STORE_022,EMP_008,PROD_048,1,16.07,0.25,12.05,cash,CUST_8598,Premium
TXN_202310_004829,14/10/2023,REG_05,STORE_013,EMP_021,PROD_015,2,161.57,0.04,310.21,card,CUST_9282,Premium
TXN_202310_004830,13/10/2023,REG_05,STORE_015,EMP_005,PROD_026,3,393.29,0.19,955.69,cash,CUST_8155,Premium
TXN_202310_004831,27/10/2023,REG_02,STORE_005,EMP_002,PROD_010,3,481.35,0.04,1386.29,mobile,CUST_5437,New
TXN_202310_004832,31/10/2023,REG_08,STORE_024,EMP_015,PROD_018,5,323.06,0.18,1324.55,card,CUST_2401,Regular
TXN_202310_004833,25/10/2023,REG_01,STORE_003,EMP_018,PROD_027,3,425.19,0.02,1250.06,cash,CUST_1551,Regular
TXN_202310_004834,22/10/2023,REG_09,STORE_027,EMP_022,PROD_044,4,361.57,0.05,1373.97,card,CUST_8180,New
TXN_202310_004835,26/10/2023,REG_03,STORE_008,EMP_003,PROD_021,4,298.17,0.18,978.0,card,CUST_3914,VIP
TXN_202310_004836,20/10/2023,REG_04,STORE_012,EMP_030,PROD_045,4,448.51,0.13,1560.81,mobile,CUST_4272,VIP
TXN_202310_004837,07/10/2023,REG_09,STORE_027,EMP_009,PROD_004,3,325.47,0.22,761.6,cash,CUST_7231,New
TXN_202310_004838,29/10/2023,REG_10,STORE_028,EMP_017,PROD_041,3,313.24,0.13,817.56,cash,CUST_8177,Regular
TXN_202310_004839,06/10/2023,REG_04,STORE_011,EMP_004,PROD_024,3,167.64,0.25,377.19,cash,CUST_1353,VIP
TXN_202310_004840,10/10/2023,REG_08,STORE_024,EMP_015,PROD_015,5,368.41,0.25,1381.54,cash,CUST_6905,Premium
TXN_202310_004841,18/10/2023,REG_04,STORE_010,EMP_004,PROD_039,3,440.93,0.09,1203.74,credit,CUST_5577,Premium
TXN_202310_004842,10/10/2023,REG_02,STORE_004,EMP_002,PROD_048,1,218.37,0.24,165.96,card,CUST_5475,Regular
TXN_202310_004843,28/10/2023,REG_06,STORE_018,EMP_006,PROD_022,5,407.25,0.26,1506.83,cash,CUST_8972,VIP
TXN_202310_004844,27/10/2023,REG_06,STORE_016,EMP_006,PROD_018,4,484.96,0.07,1804.05,cash,CUST_5226,Premium
TXN_202310_004845,16/10/2023,REG_06,STORE_017,EMP_006,PROD_023,4,382.95,0.06,1439.89,mobile,CUST_5774,VIP
TXN_202310_004846,09/10/2023,REG_04,STORE_011,EMP_004,PROD_041,1,305.18,0.03,296.02,credit,CUST_6467,Premium
TXN_202310_004847,03/10/2023,REG_06,STORE_016,EMP_006,PROD_014,5,37.45,0.15,159.16,credit,CUST_5225,Regular
TXN_202310_004848,26/10/2023,REG_08,STORE_022,EMP_012,PROD_033,4,14.09,0.07,52.41,mobile,CUST_8480,New
TXN_202310_004849,01/10/2023,REG_02,STORE_006,EMP_002,PROD_012,5,179.19,0.29,636.12,credit,CUST_2549,Regular
TXN_202310_004850,06/10/2023,REG_09,STORE_026,EMP_027,PROD_005,3,461.92,0.12,1219.47,card,CUST_6361,Regular
TXN_202310_004851,06/10/2023,REG_04,STORE_011,EMP_024,PROD_043,5,40.3,0.29,143.06,card,CUST_7214,New
TXN_202310_004852,05/10/2023,REG_03,STORE_008,EMP_014,PROD_027,5,324.62,0.17,1347.17,credit,CUST_9856,Premium
TXN_202310_004853,09/10/2023,REG_10,STORE_029,EMP_017,PROD_006,5,399.37,0.06,1877.04,cash,CUST_9062,VIP
TXN_202310_004854,15/10/2023,REG_05,STORE_013,EMP_005,PROD_045,4,197.11,0.26,583.45,cash,CUST_3927,VIP
TXN_202310_004855,04/10/2023,REG_04,STORE_012,EMP_016,PROD_045,3,289.19,0.18,711.41,mobile,CUST_2878,New
TXN_202310_004856,15/10/2023,REG_05,STORE_014,EMP_005,PROD_010,4,224.41,0.08,825.83,cash,CUST_2344,Premium
TXN_202310_004857,16/10/2023,REG_07,STORE_021,EMP_007,PROD_029,1,266.83,0.16,224.14,mobile,CUST_4019,Regular
TXN_202310_004858,02/10/2023,REG_10,STORE_028,EMP_010,PROD_002,5,402.95,0.03,1954.31,card,CUST_4391,VIP
TXN_202310_004859,16/10/2023,REG_08,STORE_023,EMP_012,PROD_028,4,278.69,0.11,992.14,mobile,CUST_6038,VIP
TXN_202310_004860,14/10/2023,REG_04,STORE_011,EMP_004,PROD_036,3,355.12,0.2,852.29,cash,CUST_6635,Regular
TXN_202310_004861,30/10/2023,REG_02,STORE_005,EMP_002,PROD_014,5,443.83,0.26,1642.17,cash,CUST_3109,VIP
TXN_202310_004862,19/10/2023,REG_09,STORE_027,EMP_027,PROD_039,5,440.85,0.08,2027.91,credit,CUST_4079,Premium
TXN_202310_004863,09/10/2023,REG_06,STORE_017,EMP_006,PROD_013,5,217.3,0.04,1043.04,cash,CUST_9617,Premium
TXN_202310_004864,19/10/2023,REG_06,STORE_018,EMP_006,PROD_031,1,445.64,0.3,311.95,cash,CUST_3115,Regular
TXN_202310_004865,11/10/2023,REG_03,STORE_008,EMP_003,PROD_041,5,194.05,0.14,834.41,mobile,CUST_7695,VIP
TXN_202310_004866,03/10/2023,REG_07,STORE_019,EMP_007,PROD_026,5,254.8,0.07,1184.82,cash,CUST_2917,VIP
TXN_202310_004867,15/10/2023,REG_08,STORE_024,EMP_023,PROD_024,1,17.01,0.04,16.33,mobile,CUST_5360,VIP
TXN_202310_004868,13/10/2023,REG_06,STORE_018,EMP_006,PROD_023,2,374.58,0.09,681.74,credit,CUST_5857,Premium
TXN_202310_004869,18/10/2023,REG_10,STORE_030,EMP_020,PROD_015,1,128.89,0.08,118.58,cash,CUST_3139,VIP
TXN_202310_004870,12/10/2023,REG_07,STORE_020,EMP_007,PROD_024,4,393.97,0.1,1418.29,card,CUST_7418,Premium
TXN_202310_004871,29/10/2023,REG_03,STORE_009,EMP_003,PROD_012,2,32.25,0.28,46.44,cash,CUST_2480,New
TXN_202310_004872,01/10/2023,REG_06,STORE_017,EMP_006,PROD_026,3,260.08,0.13,678.81,cash,CUST_8594,Premium
TXN_202310_004873,21/10/2023,REG_05,STORE_015,EMP_005,PROD_007,2,212.09,0.24,322.38,card,CUST_8844,New
TXN_202310_004874,10/10/2023,REG_08,STORE_022,EMP_015,PROD_042,1,157.14,0.01,155.57,card,CUST_6435,VIP
TXN_202310_004875,05/10/2023,REG_03,STORE_008,EMP_014,PROD_008,1,153.22,0.02,150.16,credit,CUST_5672,VIP
TXN_202310_004876,05/10/2023,REG_02,STORE_004,EMP_002,PROD_046,1,148.54,0.12,130.72,credit,CUST_1981,Regular
TXN_202310_004877,04/10/2023,REG_04,STORE_011,EMP_004,PROD_003,4,162.54,0.03,630.66,mobile,CUST_5966,Premium
TXN_202310_004878,15/10/2023,REG_08,STORE_023,EMP_012,PROD_007,1,407.6,0.2,326.08,mobile,CUST_9286,Premium
TXN_202310_004879,24/10/2023,REG_03,STORE_007,EMP_014,PROD_046,5,174.64,0.15,742.22,card,CUST_2386,Regular
TXN_202310_004880,21/10/2023,REG_06,STORE_017,EMP_006,PROD_010,2,254.3,0.12,447.57,mobile,CUST_1658,Premium
TXN_202310_004881,11/10/2023,REG_02,STORE_006,EMP_002,PROD_013,2,307.4,0.06,577.91,mobile,CUST_1036,VIP
TXN_202310_004882,10/10/2023,REG_05,STORE_014,EMP_005,PROD_049,1,63.08,0.06,59.3,credit,CUST_8383,VIP
TXN_202310_004883,11/10/2023,REG_04,STORE_012,EMP_016,PROD_025,2,229.7,0.02,450.21,credit,CUST_9195,VIP
TXN_202310_004884,26/10/2023,REG_10,STORE_028,EMP_028,PROD_008,5,343.72,0.12,1512.37,mobile,CUST_4048,New
TXN_202310_004885,29/10/2023,REG_04,STORE_010,EMP_004,PROD_003,1,234.24,0.3,163.97,cash,CUST_9731,Regular
TXN_202310_004886,07/10/2023,REG_03,STORE_008,EMP_014,PROD_003,2,148.37,0.18,243.33,mobile,CUST_6574,VIP
TXN_202310_004887,20/10/2023,REG_05,STORE_013,EMP_021,PROD_027,2,335.41,0.2,536.66,mobile,CUST_2456,Regular
TXN_202310_004888,27/10/2023,REG_07,STORE_021,EMP_007,PROD_037,2,121.71,0.29,172.83,card,CUST_3112,Regular
TXN_202310_004889,25/10/2023,REG_08,STORE_022,EMP_008,PROD_044,1,170.43,0.19,138.05,card,CUST_6068,Premium
TXN_202310_004890,26/10/2023,REG_07,STORE_021,EMP_007,PROD_026,3,429.58,0.04,1237.19,mobile,CUST_6670,Regular
TXN_202310_004891,16/10/2023,REG_08,STORE_023,EMP_015,PROD_032,4,301.46,0.21,952.61,mobile,CUST_9731,VIP
TXN_202310_004892,18/10/2023,REG_03,STORE_009,EMP_003,PROD_032,2,223.04,0.01,441.62,credit,CUST_7290,VIP
TXN_202310_004893,23/10/2023,REG_08,STORE_022,EMP_008,PROD_047,2,245.76,0.23,378.47,cash,CUST_3236,Regular
TXN_202310_004894,25/10/2023,REG_09,STORE_025,EMP_025,PROD_001,3,401.06,0.12,1058.8,cash,CUST_3257,New
TXN_202310_004895,13/10/2023,REG_10,STORE_029,EMP_013,PROD_035,3,480.99,0.27,1053.37,mobile,CUST_8639,New
TXN_202310_004896,31/10/2023,REG_06,STORE_017,EMP_006,PROD_041,2,275.74,0.17,457.73,card,CUST_3487,New
TXN_202310_004897,04/10/2023,REG_02,STORE_005,EMP_002,PROD_002,5,167.35,0.14,719.61,credit,CUST_5544,VIP
TXN_202310_004898,09/10/2023,REG_04,STORE_012,EMP_026,PROD_017,4,118.76,0.02,465.54,mobile,CUST_2021,New
TXN_202310_004899,23/10/2023,REG_05,STORE_014,EMP_005,PROD_050,4,481.82,0.0,1927.28,cash,CUST_8468,Regular
TXN_202310_004900,30/10/2023,REG_04,STORE_012,EMP_024,PROD_009,5,25.4,0.02,124.46,card,CUST_8680,New
TXN_202310_004901,05/10/2023,REG_02,STORE_005,EMP_002,PROD_021,5,44.71,0.23,172.13,mobile,CUST_2079,New
TXN_202310_004902,22/10/2023,REG_05,STORE_014,EMP_005,PROD_050,2,46.12,0.07,85.78,credit,CUST_1137,VIP
TXN_202310_004903,23/10/2023,REG_03,STORE_007,EMP_014,PROD_019,5,352.52,0.24,1339.58,mobile,CUST_5558,VIP
TXN_202310_004904,26/10/2023,REG_06,STORE_017,EMP_006,PROD_003,5,158.83,0.15,675.03,mobile,CUST_9115,Premium
TXN_202310_004905,14/10/2023,REG_02,STORE_005,EMP_002,PROD_017,4,95.94,0.17,318.52,card,CUST_3196,VIP
TXN_202310_004906,31/10/2023,REG_06,STORE_017,EMP_006,PROD_038,5,298.62,0.22,1164.62,mobile,CUST_7375,VIP
TXN_202310_004907,22/10/2023,REG_02,STORE_005,EMP_002,PROD_030,5,150.71,0.05,715.87,credit,CUST_4868,Premium
TXN_202310_004908,24/10/2023,REG_10,STORE_030,EMP_010,PROD_025,1,213.67,0.01,211.53,mobile,CUST_6715,New
TXN_202310_004909,24/10/2023,REG_07,STORE_020,EMP_007,PROD_026,5,313.74,0.29,1113.78,card,CUST_2824,Regular
TXN_202310_004910,07/10/2023,REG_02,STORE_004,EMP_002,PROD_033,2,327.02,0.15,555.93,card,CUST_3448,New
TXN_202310_004911,13/10/2023,REG_02,STORE_004,EMP_002,PROD_001,5,239.17,0.23,920.8,cash,CUST_8542,New
TXN_202310_004912,14/10/2023,REG_03,STORE_008,EMP_014,PROD_007,2,178.95,0.23,275.58,cash,CUST_5509,Premium
TXN_202310_004913,18/10/2023,REG_09,STORE_026,EMP_022,PROD_032,5,163.27,0.23,628.59,cash,CUST_3824,VIP
TXN_202310_004914,18/10/2023,REG_03,STORE_008,EMP_014,PROD_034,5,455.19,0.03,2207.67,card,CUST_7777,Premium
TXN_202310_004915,17/10/2023,REG_08,STORE_022,EMP_012,PROD_040,3,249.58,0.23,576.53,cash,CUST_4803,New
TXN_202310_004916,13/10/2023,REG_09,STORE_025,EMP_027,PROD_030,4,256.45,0.02,1005.28,mobile,CUST_1260,Regular
TXN_202310_004917,26/10/2023,REG_01,STORE_003,EMP_001,PROD_040,1,290.32,0.25,217.74,card,CUST_1621,Premium
TXN_202310_004918,08/10/2023,REG_02,STORE_005,EMP_002,PROD_037,4,280.6,0.21,886.7,credit,CUST_8205,Regular
TXN_202310_004919,15/10/2023,REG_09,STORE_027,EMP_025,PROD_021,4,276.26,0.24,839.83,credit,CUST_3521,Premium
TXN_202310_004920,17/10/2023,REG_01,STORE_001,EMP_018,PROD_034,5,106.44,0.03,516.23,cash,CUST_5775,VIP
TXN_202310_004921,19/10/2023,REG_01,STORE_001,EMP_011,PROD_016,2,273.88,0.05,520.37,credit,CUST_9203,Premium
TXN_202310_004922,29/10/2023,REG_09,STORE_026,EMP_027,PROD_026,4,186.04,0.28,535.8,cash,CUST_8316,Regular
TXN_202310_004923,01/10/2023,REG_05,STORE_015,EMP_005,PROD_026,3,131.16,0.09,358.07,card,CUST_5369,Regular
TXN_202310_004924,25/10/2023,REG_06,STORE_017,EMP_006,PROD_023,4,360.18,0.02,1411.91,card,CUST_1196,Regular
TXN_202310_004925,03/10/2023,REG_07,STORE_019,EMP_007,PROD_004,3,494.74,0.1,1335.8,credit,CUST_8616,New
TXN_202310_004926,20/10/2023,REG_04,STORE_012,EMP_024,PROD_036,3,272.36,0.12,719.03,credit,CUST_9760,New
TXN_202310_004927,28/10/2023,REG_02,STORE_004,EMP_002,PROD_042,3,388.54,0.12,1025.75,mobile,CUST_1824,Regular
TXN_202310_004928,27/10/2023,REG_05,STORE_014,EMP_021,PROD_003,1,25.89,0.12,22.78,credit,CUST_1450,New
TXN_202310_004929,19/10/2023,REG_01,STORE_002,EMP_001,PROD_023,4,461.62,0.14,1587.97,mobile,CUST_7032,VIP
TXN_202310_004930,10/10/2023,REG_10,STORE_028,EMP_010,PROD_030,5,339.26,0.16,1424.89,credit,CUST_4495,VIP
TXN_202310_004931,07/10/2023,REG_03,STORE_008,EMP_014,PROD_015,4,85.77,0.18,281.33,mobile,CUST_3202,Regular
TXN_202310_004932,23/10/2023,REG_02,STORE_005,EMP_002,PROD_036,3,16.37,0.28,35.36,cash,CUST_7620,Premium
TXN_202310_004933,25/10/2023,REG_08,STORE_022,EMP_015,PROD_037,3,238.66,0.06,673.02,mobile,CUST_3206,Regular
TXN_202310_004934,11/10/2023,REG_08,STORE_022,EMP_023,PROD_011,4,196.31,0.05,745.98,mobile,CUST_7235,VIP
TXN_202310_004935,24/10/2023,REG_02,STORE_004,EMP_002,PROD_029,4,474.2,0.12,1669.18,credit,CUST_7310,New
TXN_202310_004936,23/10/2023,REG_09,STORE_026,EMP_025,PROD_042,5,461.28,0.26,1706.74,mobile,CUST_3184,Premium
TXN_202310_004937,04/10/2023,REG_04,STORE_012,EMP_024,PROD_035,3,203.99,0.16,514.05,cash,CUST_2234,Premium
TXN_202310_004938,25/10/2023,REG_10,STORE_028,EMP_020,PROD_005,2,297.14,0.28,427.88,mobile,CUST_7737,VIP
TXN_202310_004939,09/10/2023,REG_07,STORE_019,EMP_007,PROD_048,4,473.32,0.12,1666.09,mobile,CUST_5083,Premium
TXN_202310_004940,13/10/2023,REG_10,STORE_030,EMP_013,PROD_020,2,355.99,0.2,569.58,cash,CUST_1058,VIP
TXN_202310_004941,20/10/2023,REG_02,STORE_006,EMP_002,PROD_028,1,45.61,0.18,37.4,credit,CUST_6496,Premium
TXN_202310_004942,15/10/2023,REG_03,STORE_007,EMP_014,PROD_028,4,205.36,0.29,583.22,cash,CUST_6588,VIP
TXN_202310_004943,15/10/2023,REG_03,STORE_009,EMP_003,PROD_004,5,21.28,0.04,102.14,mobile,CUST_1182,Premium
TXN_202310_004944,24/10/2023,REG_02,STORE_006,EMP_002,PROD_011,1,128.87,0.21,101.81,credit,CUST_8675,New
TXN_202310_004945,23/10/2023,REG_02,STORE_005,EMP_002,PROD_039,4,406.06,0.29,1153.21,cash,CUST_2408,VIP
TXN_202310_004946,30/10/2023,REG_05,STORE_015,EMP_005,PROD_034,1,454.77,0.29,322.89,mobile,CUST_6865,New
TXN_202310_004947,15/10/2023,REG_09,STORE_027,EMP_009,PROD_012,1,232.08,0.12,204.23,mobile,CUST_6675,New
TXN_202310_004948,31/10/2023,REG_04,STORE_012,EMP_016,PROD_024,5,311.63,0.29,1106.29,cash,CUST_9137,Premium
TXN_202310_004949,31/10/2023,REG_06,STORE_016,EMP_006,PROD_006,2,143.64,0.2,229.82,cash,CUST_7922,New
TXN_202310_004950,19/10/2023,REG_10,STORE_028,EMP_017,PROD_018,2,249.66,0.19,404.45,credit,CUST_3901,Premium
TXN_202310_004951,17/10/2023,REG_08,STORE_023,EMP_012,PROD_018,3,294.74,0.24,672.01,cash,CUST_2252,Premium
TXN_202310_004952,20/10/2023,REG_07,STORE_021,EMP_007,PROD_011,2,258.87,0.17,429.72,credit,CUST_6269,Regular
TXN_202310_004953,25/10/2023,REG_07,STORE_020,EMP_007,PROD_041,5,151.3,0.16,635.46,mobile,CUST_7452,Regular
TXN_202310_004954,18/10/2023,REG_07,STORE_021,EMP_007,PROD_036,2,258.89,0.18,424.58,mobile,CUST_3584,Regular
TXN_202310_004955,26/10/2023,REG_10,STORE_029,EMP_020,PROD_027,5,21.07,0.19,85.33,cash,CUST_2069,Regular
TXN_202310_004956,20/10/2023,REG_01,STORE_001,EMP_001,PROD_039,4,296.83,0.06,1116.08,mobile,CUST_2925,New
TXN_202310_004957,25/10/2023,REG_02,STORE_004,EMP_002,PROD_028,1,422.82,0.27,308.66,cash,CUST_8816,Premium
TXN_202310_004958,19/10/2023,REG_01,STORE_003,EMP_011,PROD_033,1,134.98,0.18,110.68,mobile,CUST_9111,New
TXN_202310_004959,03/10/2023,REG_10,STORE_028,EMP_017,PROD_024,2,139.44,0.16,234.26,card,CUST_8389,New
TXN_202310_004960,18/10/2023,REG_04,STORE_010,EMP_016,PROD_001,5,79.5,0.03,385.57,card,CUST_8154,Premium
TXN_202310_004961,15/10/2023,REG_04,STORE_012,EMP_030,PROD_004,2,219.85,0.14,378.14,credit,CUST_6030,New
TXN_202310_004962,29/10/2023,REG_07,STORE_021,EMP_007,PROD_018,2,450.6,0.22,702.94,mobile,CUST_3169,Regular
TXN_202310_004963,19/10/2023,REG_04,STORE_012,EMP_026,PROD_036,2,239.8,0.21,378.88,credit,CUST_1292,Premium
TXN_202310_004964,27/10/2023,REG_10,STORE_029,EMP_013,PROD_022,4,253.62,0.13,882.6,mobile,CUST_7054,Premium
TXN_202310_004965,25/10/2023,REG_03,STORE_009,EMP_014,PROD_024,1,320.43,0.1,288.39,credit,CUST_4400,VIP
TXN_202310_004966,01/10/2023,REG_03,STORE_009,EMP_014,PROD_037,4,285.39,0.3,799.09,cash,CUST_7404,Regular
TXN_202310_004967,17/10/2023,REG_09,STORE_025,EMP_022,PROD_044,2,408.37,0.1,735.07,credit,CUST_4475,VIP
TXN_202310_004968,15/10/2023,REG_03,STORE_007,EMP_003,PROD_048,2,182.96,0.15,311.03,card,CUST_1599,Regular
TXN_202310_004969,02/10/2023,REG_10,STORE_029,EMP_010,PROD_013,3,203.46,0.12,537.13,mobile,CUST_6788,Regular
TXN_202310_004970,22/10/2023,REG_08,STORE_023,EMP_012,PROD_018,1,417.59,0.25,313.19,mobile,CUST_2118,New
TXN_202310_004971,22/10/2023,REG_10,STORE_028,EMP_013,PROD_019,5,170.1,0.11,756.95,cash,CUST_3325,Premium
TXN_202310_004972,18/10/2023,REG_10,STORE_028,EMP_020,PROD_031,1,246.66,0.29,175.13,mobile,CUST_2338,New
TXN_202310_004973,22/10/2023,REG_10,STORE_028,EMP_013,PROD_017,3,447.21,0.17,1113.55,mobile,CUST_4166,Premium
TXN_202310_004974,14/10/2023,REG_03,STORE_007,EMP_014,PROD_048,1,11.24,0.25,8.43,credit,CUST_1476,Regular
TXN_202310_004975,10/10/2023,REG_03,STORE_008,EMP_003,PROD_027,5,268.87,0.13,1169.58,cash,CUST_4094,New
TXN_202310_004976,10/10/2023,REG_02,STORE_006,EMP_002,PROD_003,2,384.96,0.11,685.23,cash,CUST_7173,Premium
TXN_202310_004977,09/10/2023,REG_06,STORE_016,EMP_006,PROD_028,4,137.22,0.05,521.44,mobile,CUST_4438,Premium
TXN_202310_004978,21/10/2023,REG_05,STORE_015,EMP_005,PROD_008,2,423.31,0.22,660.36,credit,CUST_4783,New
TXN_202310_004979,30/10/2023,REG_05,STORE_015,EMP_021,PROD_011,1,223.03,0.27,162.81,cash,CUST_5031,VIP
TXN_202310_004980,25/10/2023,REG_01,STORE_003,EMP_001,PROD_008,5,202.0,0.15,858.5,card,CUST_5594,New
