transaction_id,date,region,store_id,employee_id,product_id,units,unit_price,discount,revenue,payment,customer_id,customer_segment
TXN_202508_015462,2025-08-05,REG_07,STORE_019,EMP_007,PROD_026,4,304.62,0.11,1084.45,card,CUST_3259,VIP
TXN_202508_015463,2025-08-20,REG_02,STORE_004,EMP_002,PROD_034,4,209.72,0.0,838.88,credit,CUST_8413,New
TXN_202508_015464,2025-08-04,REG_06,STORE_017,EMP_006,PROD_012,3,144.97,0.11,387.07,cash,CUST_1866,Regular
TXN_202508_015465,2025-08-12,REG_04,STORE_010,EMP_004,PROD_001,1,338.25,0.16,284.13,mobile,CUST_7504,VIP
TXN_202508_015466,2025-08-19,REG_02,STORE_006,EMP_002,PROD_021,3,413.8,0.14,1067.6,card,CUST_4340,Regular
TXN_202508_015467,2025-08-21,REG_02,STORE_006,EMP_002,PROD_011,1,179.37,0.24,136.32,credit,CUST_7974,Premium
TXN_202508_015468,2025-08-23,REG_07,STORE_021,EMP_007,PROD_017,4,299.99,0.19,971.97,mobile,CUST_6537,VIP
TXN_202508_015469,2025-08-14,REG_05,STORE_013,EMP_021,PROD_008,2,118.49,0.08,218.02,card,CUST_6369,New
TXN_202508_015470,2025-08-14,REG_02,STORE_005,EMP_002,PROD_034,2,131.24,0.24,199.48,credit,CUST_9189,Premium
TXN_202508_015471,2025-08-23,REG_01,STORE_002,EMP_019,PROD_048,4,197.37,0.05,750.01,cash,CUST_3983,VIP
TXN_202508_015472,2025-08-11,REG_01,STORE_003,EMP_011,PROD_047,3,74.56,0.25,167.76,cash,CUST_9426,Premium
TXN_202508_015473,2025-08-24,REG_07,STORE_019,EMP_007,PROD_008,4,184.46,0.06,693.57,mobile,CUST_7929,Premium
TXN_202508_015474,2025-08-25,REG_04,STORE_011,EMP_024,PROD_015,2,339.18,0.16,569.82,cash,CUST_3457,Regular
TXN_202508_015475,2025-08-22,REG_07,STORE_020,EMP_007,PROD_021,2,17.1,0.09,31.12,cash,CUST_2120,Premium
TXN_202508_015476,2025-08-28,REG_02,STORE_006,EMP_002,PROD_018,3,151.96,0.26,337.35,credit,CUST_2625,VIP
TXN_202508_015477,2025-08-23,REG_06,STORE_016,EMP_006,PROD_039,3,368.99,0.23,852.37,card,CUST_2611,Regular
TXN_202508_015478,2025-08-15,REG_10,STORE_029,EMP_017,PROD_031,5,327.71,0.04,1573.01,card,CUST_3368,Premium
TXN_202508_015479,2025-08-21,REG_02,STORE_006,EMP_002,PROD_012,3,480.01,0.02,1411.23,credit,CUST_1919,VIP
TXN_202508_015480,2025-08-04,REG_06,STORE_017,EMP_006,PROD_018,5,261.41,0.22,1019.5,card,CUST_6246,VIP
TXN_202508_015481,2025-08-19,REG_01,STORE_001,EMP_019,PROD_013,2,294.22,0.26,435.45,credit,CUST_1737,VIP
TXN_202508_015482,2025-08-17,REG_01,STORE_001,EMP_001,PROD_015,3,127.71,0.27,279.68,card,CUST_5050,Premium
TXN_202508_015483,2025-08-27,REG_09,STORE_025,EMP_025,PROD_020,4,52.56,0.27,153.48,mobile,CUST_8889,New
TXN_202508_015484,2025-08-20,REG_10,STORE_029,EMP_013,PROD_047,3,485.59,0.2,1165.42,card,CUST_6011,Regular
TXN_202508_015485,2025-08-10,REG_08,STORE_024,EMP_023,PROD_047,4,230.78,0.06,867.73,credit,CUST_2966,New
TXN_202508_015486,2025-08-03,REG_07,STORE_021,EMP_007,PROD_039,1,433.45,0.07,403.11,card,CUST_4333,Premium
TXN_202508_015487,2025-08-24,REG_09,STORE_025,EMP_022,PROD_048,2,389.98,0.24,592.77,credit,CUST_1610,New
TXN_202508_015488,2025-08-26,REG_10,STORE_030,EMP_010,PROD_044,2,457.19,0.22,713.22,cash,CUST_5454,VIP
TXN_202508_015489,2025-08-16,REG_04,STORE_011,EMP_030,PROD_047,2,332.59,0.28,478.93,cash,CUST_4410,VIP
TXN_202508_015490,2025-08-27,REG_01,STORE_003,EMP_011,PROD_034,3,140.34,0.27,307.34,cash,CUST_8736,Regular
TXN_202508_015491,2025-08-05,REG_04,STORE_012,EMP_026,PROD_027,5,149.21,0.06,701.29,card,CUST_5145,New
TXN_202508_015492,2025-08-17,REG_09,STORE_027,EMP_022,PROD_003,4,145.1,0.26,429.5,credit,CUST_3385,VIP
TXN_202508_015493,2025-08-14,REG_07,STORE_021,EMP_007,PROD_042,2,82.45,0.11,146.76,credit,CUST_3266,Premium
TXN_202508_015494,2025-08-03,REG_04,STORE_011,EMP_029,PROD_044,4,200.68,0.23,618.09,credit,CUST_3630,VIP
TXN_202508_015495,2025-08-05,REG_04,STORE_011,EMP_004,PROD_020,2,182.41,0.29,259.02,cash,CUST_7099,New
TXN_202508_015496,2025-08-13,REG_04,STORE_012,EMP_030,PROD_013,1,443.57,0.14,381.47,card,CUST_3421,VIP
TXN_202508_015497,2025-08-04,REG_02,STORE_005,EMP_002,PROD_009,2,209.05,0.07,388.83,cash,CUST_5971,Premium
TXN_202508_015498,2025-08-02,REG_06,STORE_016,EMP_006,PROD_035,4,437.69,0.26,1295.56,credit,CUST_4128,New
TXN_202508_015499,2025-08-06,REG_02,STORE_006,EMP_002,PROD_011,5,281.83,0.01,1395.06,mobile,CUST_8601,VIP
TXN_202508_015500,2025-08-01,REG_04,STORE_011,EMP_029,PROD_037,5,345.43,0.1,1554.44,cash,CUST_3346,VIP
TXN_202508_015501,2025-08-23,REG_07,STORE_019,EMP_007,PROD_046,3,423.61,0.24,965.83,mobile,CUST_1617,Regular
TXN_202508_015502,2025-08-22,REG_07,STORE_020,EMP_007,PROD_042,5,192.75,0.13,838.46,credit,CUST_5937,Regular
TXN_202508_015503,2025-08-24,REG_07,STORE_020,EMP_007,PROD_017,5,106.07,0.11,472.01,card,CUST_3793,VIP
TXN_202508_015504,2025-08-06,REG_06,STORE_018,EMP_006,PROD_046,1,425.09,0.29,301.81,card,CUST_1683,VIP
TXN_202508_015505,2025-08-03,REG_09,STORE_026,EMP_022,PROD_040,5,69.24,0.07,321.97,mobile,CUST_6606,Regular
TXN_202508_015506,2025-08-15,REG_04,STORE_012,EMP_016,PROD_046,3,411.47,0.05,1172.69,credit,CUST_7055,VIP
TXN_202508_015507,2025-08-12,REG_09,STORE_026,EMP_027,PROD_006,5,396.74,0.26,1467.94,cash,CUST_8063,New
TXN_202508_015508,2025-08-26,REG_04,STORE_011,EMP_030,PROD_004,5,349.75,0.16,1468.95,mobile,CUST_6867,New
TXN_202508_015509,2025-08-02,REG_05,STORE_015,EMP_021,PROD_039,1,373.06,0.16,313.37,cash,CUST_9707,Regular
TXN_202508_015510,2025-08-23,REG_01,STORE_002,EMP_011,PROD_039,2,218.95,0.26,324.05,credit,CUST_6865,Regular
TXN_202508_015511,2025-08-06,REG_09,STORE_025,EMP_027,PROD_017,2,321.0,0.04,616.32,mobile,CUST_3369,Regular
TXN_202508_015512,2025-08-23,REG_04,STORE_012,EMP_030,PROD_013,2,494.47,0.18,810.93,card,CUST_8949,VIP
TXN_202508_015513,2025-08-21,REG_07,STORE_021,EMP_007,PROD_001,3,288.88,0.19,701.98,cash,CUST_9938,Premium
TXN_202508_015514,2025-08-17,REG_10,STORE_028,EMP_017,PROD_029,5,275.45,0.06,1294.62,cash,CUST_9344,New
TXN_202508_015515,2025-08-18,REG_03,STORE_009,EMP_014,PROD_001,3,260.41,0.22,609.36,mobile,CUST_7686,Premium
TXN_202508_015516,2025-08-05,REG_03,STORE_007,EMP_014,PROD_002,1,56.42,0.2,45.14,credit,CUST_2478,Regular
TXN_202508_015517,2025-08-31,REG_08,STORE_022,EMP_015,PROD_007,2,380.17,0.25,570.25,card,CUST_4302,New
TXN_202508_015518,2025-08-27,REG_09,STORE_026,EMP_022,PROD_018,3,295.78,0.21,701.0,mobile,CUST_5198,Premium
TXN_202508_015519,2025-08-13,REG_03,STORE_009,EMP_014,PROD_011,5,206.87,0.13,899.88,mobile,CUST_9438,VIP
TXN_202508_015520,2025-08-29,REG_02,STORE_004,EMP_002,PROD_004,3,34.64,0.25,77.94,mobile,CUST_6832,New
TXN_202508_015521,2025-08-15,REG_08,STORE_024,EMP_023,PROD_012,5,462.5,0.24,1757.5,card,CUST_1502,Premium
TXN_202508_015522,2025-08-31,REG_08,STORE_022,EMP_015,PROD_033,2,118.44,0.05,225.04,cash,CUST_2501,New
TXN_202508_015523,2025-08-21,REG_10,STORE_028,EMP_028,PROD_049,2,24.55,0.27,35.84,credit,CUST_6462,New
TXN_202508_015524,2025-08-01,REG_08,STORE_024,EMP_008,PROD_037,2,48.34,0.13,84.11,card,CUST_1306,Regular
TXN_202508_015525,2025-08-16,REG_06,STORE_017,EMP_006,PROD_013,5,443.08,0.05,2104.63,credit,CUST_7487,Regular
TXN_202508_015526,2025-08-18,REG_04,STORE_012,EMP_016,PROD_023,1,107.54,0.21,84.96,credit,CUST_2103,Regular
TXN_202508_015527,2025-08-29,REG_02,STORE_006,EMP_002,PROD_047,3,26.67,0.14,68.81,cash,CUST_9585,Regular
TXN_202508_015528,2025-08-19,REG_03,STORE_008,EMP_003,PROD_028,5,254.03,0.06,1193.94,mobile,CUST_2929,Regular
TXN_202508_015529,2025-08-09,REG_02,STORE_005,EMP_002,PROD_050,5,78.24,0.02,383.38,card,CUST_5568,Premium
TXN_202508_015530,2025-08-16,REG_09,STORE_025,EMP_022,PROD_037,2,128.76,0.05,244.64,mobile,CUST_1481,VIP
TXN_202508_015531,2025-08-30,REG_03,STORE_008,EMP_014,PROD_001,4,231.41,0.3,647.95,card,CUST_3548,VIP
TXN_202508_015532,2025-08-26,REG_03,STORE_009,EMP_003,PROD_049,3,204.01,0.15,520.23,card,CUST_6273,New
TXN_202508_015533,2025-08-17,REG_10,STORE_029,EMP_028,PROD_023,1,357.28,0.07,332.27,credit,CUST_8024,Regular
TXN_202508_015534,2025-08-01,REG_05,STORE_015,EMP_005,PROD_019,1,372.41,0.03,361.24,mobile,CUST_8643,Regular
TXN_202508_015535,2025-08-03,REG_03,STORE_009,EMP_014,PROD_047,2,368.27,0.17,611.33,credit,CUST_5432,Regular
TXN_202508_015536,2025-08-09,REG_08,STORE_023,EMP_008,PROD_012,3,266.51,0.11,711.58,mobile,CUST_6976,Regular
TXN_202508_015537,2025-08-19,REG_10,STORE_029,EMP_013,PROD_027,3,301.08,0.25,677.43,card,CUST_8397,Regular
TXN_202508_015538,2025-08-30,REG_06,STORE_018,EMP_006,PROD_041,2,93.86,0.05,178.33,card,CUST_9881,VIP
TXN_202508_015539,2025-08-07,REG_09,STORE_026,EMP_022,PROD_023,1,22.39,0.19,18.14,credit,CUST_4659,VIP
TXN_202508_015540,2025-08-23,REG_03,STORE_009,EMP_003,PROD_014,5,359.75,0.16,1510.95,credit,CUST_7789,VIP
TXN_202508_015541,2025-08-26,REG_08,STORE_024,EMP_015,PROD_017,3,43.5,0.21,103.09,credit,CUST_3632,VIP
TXN_202508_015542,2025-08-30,REG_10,STORE_028,EMP_010,PROD_009,5,37.47,0.18,153.63,credit,CUST_6956,New
TXN_202508_015543,2025-08-11,REG_01,STORE_002,EMP_019,PROD_014,2,89.64,0.29,127.29,cash,CUST_6037,New
TXN_202508_015544,2025-08-14,REG_04,STORE_012,EMP_016,PROD_039,5,377.87,0.3,1322.54,card,CUST_5722,Premium
TXN_202508_015545,2025-08-04,REG_10,STORE_030,EMP_017,PROD_026,3,132.62,0.25,298.39,mobile,CUST_8897,Regular
TXN_202508_015546,2025-08-29,REG_07,STORE_020,EMP_007,PROD_021,2,496.74,0.23,764.98,mobile,CUST_9070,Premium
TXN_202508_015547,2025-08-07,REG_07,STORE_019,EMP_007,PROD_021,2,308.21,0.13,536.29,mobile,CUST_1843,Premium
TXN_202508_015548,2025-08-16,REG_04,STORE_012,EMP_029,PROD_037,4,69.36,0.18,227.5,mobile,CUST_6344,New
TXN_202508_015549,2025-08-26,REG_03,STORE_009,EMP_003,PROD_001,5,475.25,0.11,2114.86,cash,CUST_9072,Premium
TXN_202508_015550,2025-08-28,REG_01,STORE_003,EMP_018,PROD_033,2,13.42,0.23,20.67,mobile,CUST_1385,New
TXN_202508_015551,2025-08-15,REG_10,STORE_028,EMP_017,PROD_022,3,377.39,0.06,1064.24,cash,CUST_8832,New
TXN_202508_015552,2025-08-24,REG_04,STORE_011,EMP_004,PROD_001,1,83.37,0.17,69.2,cash,CUST_9955,Premium
TXN_202508_015553,2025-08-12,REG_06,STORE_018,EMP_006,PROD_028,1,268.35,0.27,195.9,mobile,CUST_2835,Premium
TXN_202508_015554,2025-08-01,REG_09,STORE_027,EMP_022,PROD_020,4,165.97,0.15,564.3,card,CUST_3531,New
TXN_202508_015555,2025-08-09,REG_10,STORE_029,EMP_017,PROD_035,5,258.9,0.18,1061.49,cash,CUST_8131,New
TXN_202508_015556,2025-08-27,REG_09,STORE_025,EMP_027,PROD_045,4,236.69,0.03,918.36,card,CUST_4046,New
TXN_202508_015557,2025-08-18,REG_10,STORE_028,EMP_017,PROD_010,5,99.23,0.11,441.57,cash,CUST_9734,Premium
TXN_202508_015558,2025-08-02,REG_03,STORE_008,EMP_014,PROD_026,4,343.52,0.23,1058.04,credit,CUST_9861,Premium
TXN_202508_015559,2025-08-31,REG_03,STORE_008,EMP_003,PROD_036,3,155.25,0.07,433.15,credit,CUST_8370,Regular
TXN_202508_015560,2025-08-20,REG_10,STORE_029,EMP_010,PROD_049,2,354.48,0.19,574.26,credit,CUST_2094,New
TXN_202508_015561,2025-08-11,REG_07,STORE_021,EMP_007,PROD_011,1,222.89,0.06,209.52,credit,CUST_5097,VIP
TXN_202508_015562,2025-08-02,REG_07,STORE_020,EMP_007,PROD_048,4,367.23,0.23,1131.07,credit,CUST_9676,Regular
TXN_202508_015563,2025-08-01,REG_01,STORE_003,EMP_019,PROD_026,5,255.67,0.25,958.76,credit,CUST_4020,VIP
TXN_202508_015564,2025-08-12,REG_01,STORE_002,EMP_011,PROD_004,5,429.7,0.07,1998.1,mobile,CUST_8003,Premium
TXN_202508_015565,2025-08-03,REG_02,STORE_006,EMP_002,PROD_035,3,374.8,0.22,877.03,credit,CUST_9368,Premium
TXN_202508_015566,2025-08-30,REG_06,STORE_018,EMP_006,PROD_012,3,498.18,0.2,1195.63,credit,CUST_3651,VIP
TXN_202508_015567,2025-08-07,REG_02,STORE_005,EMP_002,PROD_002,2,310.55,0.2,496.88,card,CUST_1844,Premium
TXN_202508_015568,2025-08-09,REG_10,STORE_028,EMP_017,PROD_030,3,278.86,0.04,803.12,card,CUST_4529,Premium
TXN_202508_015569,2025-08-29,REG_04,STORE_012,EMP_024,PROD_004,2,487.9,0.1,878.22,cash,CUST_1413,New
TXN_202508_015570,2025-08-12,REG_09,STORE_027,EMP_027,PROD_031,5,451.02,0.03,2187.45,card,CUST_2642,Premium
TXN_202508_015571,2025-08-30,REG_08,STORE_024,EMP_023,PROD_045,4,356.58,0.01,1412.06,card,CUST_3475,Regular
TXN_202508_015572,2025-08-06,REG_05,STORE_014,EMP_021,PROD_027,5,176.55,0.25,662.06,card,CUST_6414,Premium
TXN_202508_015573,2025-08-04,REG_08,STORE_024,EMP_015,PROD_045,2,429.15,0.26,635.14,cash,CUST_7196,Premium
TXN_202508_015574,2025-08-23,REG_07,STORE_020,EMP_007,PROD_036,2,379.61,0.05,721.26,credit,CUST_2735,New
TXN_202508_015575,2025-08-23,REG_07,STORE_019,EMP_007,PROD_030,5,89.6,0.15,380.8,card,CUST_5937,Regular
TXN_202508_015576,2025-08-09,REG_10,STORE_028,EMP_010,PROD_031,3,405.33,0.09,1106.55,cash,CUST_2339,Premium
TXN_202508_015577,2025-08-09,REG_02,STORE_004,EMP_002,PROD_004,1,15.91,0.05,15.11,cash,CUST_3648,Premium
TXN_202508_015578,2025-08-21,REG_10,STORE_030,EMP_028,PROD_031,2,321.97,0.13,560.23,cash,CUST_6487,Premium
TXN_202508_015579,2025-08-24,REG_02,STORE_005,EMP_002,PROD_047,2,458.73,0.22,715.62,card,CUST_6196,Premium
TXN_202508_015580,2025-08-05,REG_01,STORE_002,EMP_019,PROD_027,1,145.55,0.18,119.35,card,CUST_8354,VIP
TXN_202508_015581,2025-08-09,REG_06,STORE_018,EMP_006,PROD_041,1,406.91,0.05,386.56,card,CUST_6278,New
TXN_202508_015582,2025-08-13,REG_02,STORE_006,EMP_002,PROD_029,5,11.68,0.21,46.14,card,CUST_6296,VIP
TXN_202508_015583,2025-08-02,REG_01,STORE_003,EMP_001,PROD_035,2,219.37,0.21,346.6,mobile,CUST_7340,Regular
TXN_202508_015584,2025-08-24,REG_02,STORE_004,EMP_002,PROD_023,5,412.74,0.08,1898.6,card,CUST_7614,Premium
TXN_202508_015585,2025-08-04,REG_04,STORE_012,EMP_026,PROD_012,5,113.92,0.15,484.16,credit,CUST_9387,VIP
TXN_202508_015586,2025-08-29,REG_09,STORE_027,EMP_022,PROD_036,1,94.5,0.04,90.72,credit,CUST_9921,Premium
TXN_202508_015587,2025-08-11,REG_07,STORE_021,EMP_007,PROD_048,5,220.4,0.11,980.78,cash,CUST_5125,VIP
TXN_202508_015588,2025-08-12,REG_10,STORE_028,EMP_017,PROD_011,2,443.23,0.2,709.17,mobile,CUST_7135,Regular
TXN_202508_015589,2025-08-10,REG_04,STORE_010,EMP_029,PROD_019,4,329.6,0.08,1212.93,cash,CUST_6851,Premium
TXN_202508_015590,2025-08-30,REG_02,STORE_004,EMP_002,PROD_006,5,25.16,0.17,104.41,credit,CUST_2519,Premium
TXN_202508_015591,2025-08-03,REG_02,STORE_004,EMP_002,PROD_004,4,160.78,0.19,520.93,card,CUST_2307,Premium
TXN_202508_015592,2025-08-23,REG_06,STORE_018,EMP_006,PROD_026,1,258.19,0.24,196.22,cash,CUST_9161,Regular
TXN_202508_015593,2025-08-03,REG_01,STORE_001,EMP_001,PROD_013,2,13.38,0.23,20.61,card,CUST_7032,Premium
TXN_202508_015594,2025-08-15,REG_04,STORE_012,EMP_029,PROD_006,3,174.86,0.29,372.45,cash,CUST_6778,New
TXN_202508_015595,2025-08-01,REG_03,STORE_008,EMP_003,PROD_032,4,132.34,0.02,518.77,mobile,CUST_7866,Regular
TXN_202508_015596,2025-08-05,REG_01,STORE_002,EMP_018,PROD_047,2,432.41,0.15,735.1,cash,CUST_8110,Premium
TXN_202508_015597,2025-08-15,REG_09,STORE_025,EMP_025,PROD_018,3,496.45,0.1,1340.41,credit,CUST_8247,New
TXN_202508_015598,2025-08-16,REG_08,STORE_023,EMP_015,PROD_002,2,71.36,0.09,129.88,cash,CUST_8749,New
TXN_202508_015599,2025-08-21,REG_06,STORE_017,EMP_006,PROD_016,1,265.02,0.05,251.77,cash,CUST_8472,Premium
TXN_202508_015600,2025-08-06,REG_07,STORE_020,EMP_007,PROD_010,3,269.03,0.19,653.74,card,CUST_1327,Regular
TXN_202508_015601,2025-08-24,REG_08,STORE_024,EMP_008,PROD_008,4,46.06,0.25,138.18,credit,CUST_7582,Regular
TXN_202508_015602,2025-08-02,REG_05,STORE_015,EMP_005,PROD_014,5,443.83,0.18,1819.7,card,CUST_8668,New
TXN_202508_015603,2025-08-14,REG_08,STORE_023,EMP_015,PROD_043,5,209.52,0.16,879.98,cash,CUST_9469,Regular
TXN_202508_015604,2025-08-30,REG_09,STORE_025,EMP_027,PROD_009,2,53.13,0.02,104.13,card,CUST_7087,VIP
TXN_202508_015605,2025-08-25,REG_01,STORE_001,EMP_011,PROD_040,1,426.25,0.16,358.05,cash,CUST_5140,Regular
TXN_202508_015606,2025-08-12,REG_03,STORE_009,EMP_014,PROD_041,4,486.9,0.22,1519.13,card,CUST_2068,Regular
TXN_202508_015607,2025-08-02,REG_04,STORE_010,EMP_029,PROD_021,3,376.1,0.1,1015.47,cash,CUST_6478,Premium
TXN_202508_015608,2025-08-30,REG_09,STORE_025,EMP_022,PROD_031,4,348.56,0.06,1310.59,card,CUST_4139,Regular
TXN_202508_015609,2025-08-29,REG_09,STORE_026,EMP_025,PROD_015,4,165.7,0.01,656.17,mobile,CUST_2027,New
TXN_202508_015610,2025-08-15,REG_07,STORE_020,EMP_007,PROD_023,2,294.48,0.2,471.17,mobile,CUST_8368,Regular
TXN_202508_015611,2025-08-31,REG_04,STORE_011,EMP_030,PROD_049,4,14.99,0.01,59.36,card,CUST_9245,New
TXN_202508_015612,2025-08-29,REG_06,STORE_017,EMP_006,PROD_008,1,178.71,0.09,162.63,cash,CUST_2000,VIP
TXN_202508_015613,2025-08-25,REG_07,STORE_021,EMP_007,PROD_017,1,40.57,0.2,32.46,card,CUST_5780,VIP
TXN_202508_015614,2025-08-28,REG_06,STORE_016,EMP_006,PROD_036,3,142.24,0.1,384.05,card,CUST_3191,Premium
TXN_202508_015615,2025-08-22,REG_02,STORE_006,EMP_002,PROD_002,4,30.03,0.09,109.31,card,CUST_5730,VIP
TXN_202508_015616,2025-08-24,REG_07,STORE_021,EMP_007,PROD_016,1,287.84,0.12,253.3,credit,CUST_8510,Regular
TXN_202508_015617,2025-08-19,REG_06,STORE_017,EMP_006,PROD_008,1,251.04,0.26,185.77,credit,CUST_6000,VIP
TXN_202508_015618,2025-08-14,REG_03,STORE_009,EMP_014,PROD_018,3,145.74,0.16,367.26,credit,CUST_8168,Premium
TXN_202508_015619,2025-08-10,REG_03,STORE_007,EMP_014,PROD_045,5,188.36,0.2,753.44,card,CUST_2705,VIP
TXN_202508_015620,2025-08-09,REG_07,STORE_019,EMP_007,PROD_034,2,285.8,0.03,554.45,card,CUST_5577,Regular
TXN_202508_015621,2025-08-30,REG_10,STORE_030,EMP_028,PROD_037,2,323.6,0.3,453.04,credit,CUST_9244,Premium
TXN_202508_015622,2025-08-18,REG_06,STORE_016,EMP_006,PROD_043,3,220.41,0.22,515.76,card,CUST_2036,Regular
TXN_202508_015623,2025-08-09,REG_08,STORE_024,EMP_008,PROD_021,1,452.07,0.09,411.38,cash,CUST_1918,VIP
TXN_202508_015624,2025-08-06,REG_03,STORE_008,EMP_014,PROD_023,5,103.39,0.21,408.39,mobile,CUST_2835,New
TXN_202508_015625,2025-08-03,REG_09,STORE_027,EMP_027,PROD_011,3,34.32,0.05,97.81,credit,CUST_1887,Regular
TXN_202508_015626,2025-08-24,REG_10,STORE_028,EMP_028,PROD_045,4,173.75,0.06,653.3,mobile,CUST_6760,VIP
TXN_202508_015627,2025-08-11,REG_09,STORE_025,EMP_022,PROD_043,5,498.25,0.11,2217.21,cash,CUST_4920,Premium
TXN_202508_015628,2025-08-29,REG_08,STORE_022,EMP_008,PROD_046,1,484.62,0.17,402.23,cash,CUST_7174,Regular
TXN_202508_015629,2025-08-25,REG_08,STORE_024,EMP_008,PROD_026,2,136.68,0.06,256.96,card,CUST_1395,Regular
TXN_202508_015630,2025-08-14,REG_03,STORE_009,EMP_014,PROD_015,2,79.47,0.08,146.22,mobile,CUST_6485,Regular
TXN_202508_015631,2025-08-05,REG_08,STORE_022,EMP_012,PROD_037,2,50.99,0.24,77.5,credit,CUST_4661,New
TXN_202508_015632,2025-08-27,REG_07,STORE_020,EMP_007,PROD_017,1,306.21,0.23,235.78,cash,CUST_4636,VIP
TXN_202508_015633,2025-08-31,REG_04,STORE_011,EMP_016,PROD_008,2,355.92,0.13,619.3,credit,CUST_2368,Premium
TXN_202508_015634,2025-08-27,REG_04,STORE_010,EMP_004,PROD_035,3,190.77,0.11,509.36,mobile,CUST_6077,VIP
TXN_202508_015635,2025-08-20,REG_02,STORE_006,EMP_002,PROD_029,5,232.41,0.08,1069.09,cash,CUST_7984,New
TXN_202508_015636,2025-08-12,REG_04,STORE_011,EMP_029,PROD_013,4,106.3,0.03,412.44,cash,CUST_3437,Regular
TXN_202508_015637,2025-08-04,REG_05,STORE_014,EMP_005,PROD_034,5,394.9,0.22,1540.11,cash,CUST_9484,Premium
TXN_202508_015638,2025-08-08,REG_08,STORE_024,EMP_008,PROD_047,2,155.35,0.13,270.31,cash,CUST_1403,Regular
TXN_202508_015639,2025-08-15,REG_08,STORE_023,EMP_008,PROD_003,3,390.23,0.15,995.09,credit,CUST_2477,Regular
TXN_202508_015640,2025-08-29,REG_01,STORE_002,EMP_018,PROD_030,1,179.38,0.05,170.41,credit,CUST_8731,VIP
TXN_202508_015641,2025-08-15,REG_07,STORE_021,EMP_007,PROD_006,5,439.0,0.29,1558.45,credit,CUST_3075,New
TXN_202508_015642,2025-08-28,REG_08,STORE_023,EMP_008,PROD_008,2,212.4,0.16,356.83,card,CUST_8891,VIP
TXN_202508_015643,2025-08-31,REG_10,STORE_030,EMP_017,PROD_023,4,477.77,0.05,1815.53,mobile,CUST_4177,Premium
TXN_202508_015644,2025-08-29,REG_10,STORE_028,EMP_010,PROD_046,4,217.36,0.27,634.69,mobile,CUST_8731,Regular
TXN_202508_015645,2025-08-25,REG_08,STORE_024,EMP_008,PROD_009,4,279.76,0.03,1085.47,credit,CUST_6648,New
TXN_202508_015646,2025-08-17,REG_04,STORE_011,EMP_024,PROD_040,4,454.89,0.18,1492.04,credit,CUST_5744,Regular
TXN_202508_015647,2025-08-07,REG_03,STORE_009,EMP_014,PROD_017,2,53.6,0.15,91.12,cash,CUST_3725,Premium
TXN_202508_015648,2025-08-15,REG_01,STORE_002,EMP_001,PROD_022,4,376.51,0.02,1475.92,cash,CUST_2963,VIP
TXN_202508_015649,2025-08-03,REG_05,STORE_015,EMP_005,PROD_006,2,263.08,0.14,452.5,cash,CUST_5116,Regular
TXN_202508_015650,2025-08-15,REG_01,STORE_001,EMP_001,PROD_028,3,265.8,0.18,653.87,card,CUST_1291,Regular
TXN_202508_015651,2025-08-05,REG_10,STORE_030,EMP_010,PROD_050,5,125.56,0.11,558.74,cash,CUST_7757,Regular
TXN_202508_015652,2025-08-04,REG_06,STORE_018,EMP_006,PROD_026,4,185.01,0.09,673.44,cash,CUST_9583,Regular
TXN_202508_015653,2025-08-28,REG_04,STORE_010,EMP_029,PROD_010,4,104.48,0.06,392.84,credit,CUST_2089,New
TXN_202508_015654,2025-08-22,REG_05,STORE_013,EMP_005,PROD_035,5,485.97,0.22,1895.28,card,CUST_2739,VIP
TXN_202508_015655,2025-08-25,REG_02,STORE_005,EMP_002,PROD_029,3,459.82,0.16,1158.75,cash,CUST_1038,Premium
TXN_202508_015656,2025-08-27,REG_09,STORE_025,EMP_022,PROD_019,3,68.84,0.04,198.26,credit,CUST_5665,VIP
TXN_202508_015657,2025-08-17,REG_05,STORE_015,EMP_021,PROD_017,4,369.65,0.01,1463.81,card,CUST_1556,VIP
TXN_202508_015658,2025-08-19,REG_05,STORE_015,EMP_005,PROD_035,2,138.14,0.16,232.08,mobile,CUST_5656,New
TXN_202508_015659,2025-08-26,REG_06,STORE_016,EMP_006,PROD_027,1,217.13,0.23,167.19,card,CUST_2516,New
TXN_202508_015660,2025-08-14,REG_10,STORE_030,EMP_010,PROD_047,4,222.74,0.23,686.04,mobile,CUST_9557,Regular
TXN_202508_015661,2025-08-21,REG_03,STORE_008,EMP_014,PROD_027,3,440.0,0.06,1240.8,mobile,CUST_5404,Regular
TXN_202508_015662,2025-08-16,REG_07,STORE_020,EMP_007,PROD_041,1,71.26,0.26,52.73,mobile,CUST_2241,VIP
TXN_202508_015663,2025-08-26,REG_08,STORE_024,EMP_023,PROD_007,2,286.04,0.28,411.9,cash,CUST_9075,VIP
TXN_202508_015664,2025-08-27,REG_04,STORE_012,EMP_004,PROD_015,2,277.14,0.2,443.42,mobile,CUST_7029,New
TXN_202508_015665,2025-08-22,REG_04,STORE_010,EMP_004,PROD_036,2,282.98,0.05,537.66,credit,CUST_4299,New
TXN_202508_015666,2025-08-05,REG_05,STORE_013,EMP_005,PROD_032,1,484.29,0.02,474.6,credit,CUST_4274,VIP
TXN_202508_015667,2025-08-25,REG_03,STORE_007,EMP_014,PROD_004,1,409.18,0.1,368.26,card,CUST_2885,New
TXN_202508_015668,2025-08-05,REG_10,STORE_028,EMP_017,PROD_046,5,399.92,0.25,1499.7,card,CUST_9445,New
TXN_202508_015669,2025-08-09,REG_10,STORE_028,EMP_013,PROD_016,1,253.87,0.27,185.33,mobile,CUST_6963,New
TXN_202508_015670,2025-08-21,REG_01,STORE_001,EMP_011,PROD_033,3,369.8,0.1,998.46,cash,CUST_6775,Premium
TXN_202508_015671,2025-08-16,REG_06,STORE_018,EMP_006,PROD_025,1,229.99,0.14,197.79,cash,CUST_1551,New
TXN_202508_015672,2025-08-19,REG_08,STORE_024,EMP_015,PROD_028,1,21.57,0.12,18.98,card,CUST_3954,Regular
TXN_202508_015673,2025-08-16,REG_09,STORE_026,EMP_022,PROD_046,2,226.39,0.23,348.64,cash,CUST_9807,Regular
TXN_202508_015674,2025-08-26,REG_05,STORE_014,EMP_021,PROD_007,5,54.31,0.06,255.26,credit,CUST_6685,Premium
TXN_202508_015675,2025-08-03,REG_07,STORE_019,EMP_007,PROD_025,1,86.24,0.19,69.85,cash,CUST_6763,Premium
TXN_202508_015676,2025-08-04,REG_01,STORE_003,EMP_001,PROD_043,2,338.95,0.21,535.54,card,CUST_6414,VIP
TXN_202508_015677,2025-08-19,REG_05,STORE_013,EMP_021,PROD_034,2,230.97,0.24,351.07,card,CUST_4981,Regular
TXN_202508_015678,2025-08-31,REG_02,STORE_005,EMP_002,PROD_044,5,256.16,0.01,1267.99,card,CUST_9037,VIP
TXN_202508_015679,2025-08-19,REG_10,STORE_030,EMP_020,PROD_028,2,294.68,0.25,442.02,mobile,CUST_7321,VIP
TXN_202508_015680,2025-08-07,REG_07,STORE_021,EMP_007,PROD_014,2,127.98,0.23,197.09,card,CUST_2622,Regular
TXN_202508_015681,2025-08-31,REG_10,STORE_029,EMP_028,PROD_001,3,155.81,0.24,355.25,cash,CUST_3512,VIP
TXN_202508_015682,2025-08-22,REG_09,STORE_026,EMP_022,PROD_010,3,277.5,0.3,582.75,credit,CUST_6037,Regular
TXN_202508_015683,2025-08-12,REG_06,STORE_017,EMP_006,PROD_020,5,491.35,0.1,2211.08,mobile,CUST_5788,Regular
TXN_202508_015684,2025-08-24,REG_10,STORE_028,EMP_020,PROD_046,1,14.94,0.07,13.89,credit,CUST_7540,Regular
TXN_202508_015685,2025-08-28,REG_04,STORE_012,EMP_024,PROD_035,1,412.4,0.22,321.67,card,CUST_2168,Premium
TXN_202508_015686,2025-08-04,REG_09,STORE_025,EMP_025,PROD_002,5,237.56,0.1,1069.02,credit,CUST_5225,VIP
TXN_202508_015687,2025-08-30,REG_07,STORE_021,EMP_007,PROD_021,1,193.9,0.27,141.55,card,CUST_2916,Regular
TXN_202508_015688,2025-08-10,REG_01,STORE_003,EMP_019,PROD_022,3,379.02,0.02,1114.32,cash,CUST_6969,New
TXN_202508_015689,2025-08-24,REG_09,STORE_026,EMP_009,PROD_015,2,426.2,0.2,681.92,credit,CUST_3498,Premium
TXN_202508_015690,2025-08-09,REG_02,STORE_005,EMP_002,PROD_004,3,479.09,0.18,1178.56,cash,CUST_5107,Premium
TXN_202508_015691,2025-08-29,REG_06,STORE_017,EMP_006,PROD_022,5,278.61,0.08,1281.61,card,CUST_3069,New
TXN_202508_015692,2025-08-26,REG_10,STORE_029,EMP_017,PROD_003,5,463.5,0.24,1761.3,credit,CUST_4847,New
TXN_202508_015693,2025-08-12,REG_03,STORE_009,EMP_003,PROD_026,5,330.36,0.29,1172.78,cash,CUST_7006,VIP
TXN_202508_015694,2025-08-28,REG_06,STORE_017,EMP_006,PROD_005,3,11.4,0.15,29.07,credit,CUST_9357,Premium
TXN_202508_015695,2025-08-27,REG_05,STORE_015,EMP_021,PROD_002,5,404.9,0.21,1599.36,credit,CUST_1551,Regular
TXN_202508_015696,2025-08-12,REG_01,STORE_001,EMP_001,PROD_033,5,224.55,0.17,931.88,cash,CUST_4031,VIP
TXN_202508_015697,2025-08-10,REG_09,STORE_026,EMP_027,PROD_027,4,254.33,0.1,915.59,mobile,CUST_1788,Premium
TXN_202508_015698,2025-08-05,REG_05,STORE_014,EMP_021,PROD_016,4,82.18,0.14,282.7,cash,CUST_4638,VIP
TXN_202508_015699,2025-08-20,REG_03,STORE_008,EMP_003,PROD_027,3,231.11,0.1,624.0,card,CUST_3725,VIP
TXN_202508_015700,2025-08-02,REG_10,STORE_029,EMP_020,PROD_036,2,425.62,0.18,698.02,mobile,CUST_9987,Premium
TXN_202508_015701,2025-08-29,REG_07,STORE_019,EMP_007,PROD_018,2,290.89,0.05,552.69,cash,CUST_6347,New
TXN_202508_015702,2025-08-13,REG_07,STORE_019,EMP_007,PROD_018,5,181.83,0.0,909.15,cash,CUST_3345,New
TXN_202508_015703,2025-08-16,REG_10,STORE_029,EMP_013,PROD_014,4,458.64,0.03,1779.52,credit,CUST_5594,Premium
TXN_202508_015704,2025-08-15,REG_04,STORE_012,EMP_016,PROD_009,4,204.12,0.16,685.84,cash,CUST_5775,VIP
TXN_202508_015705,2025-08-06,REG_02,STORE_006,EMP_002,PROD_043,2,327.87,0.22,511.48,card,CUST_4673,VIP
TXN_202508_015706,2025-08-04,REG_07,STORE_020,EMP_007,PROD_028,3,73.32,0.2,175.97,credit,CUST_7821,VIP
TXN_202508_015707,2025-08-14,REG_06,STORE_017,EMP_006,PROD_007,1,149.68,0.03,145.19,cash,CUST_8620,Premium
TXN_202508_015708,2025-08-27,REG_08,STORE_022,EMP_015,PROD_028,3,392.09,0.3,823.39,cash,CUST_8712,Premium
TXN_202508_015709,2025-08-20,REG_09,STORE_025,EMP_009,PROD_035,5,194.11,0.25,727.91,credit,CUST_7815,Regular
TXN_202508_015710,2025-08-14,REG_03,STORE_007,EMP_003,PROD_010,5,93.68,0.15,398.14,credit,CUST_7868,Regular
TXN_202508_015711,2025-08-20,REG_02,STORE_006,EMP_002,PROD_007,2,265.58,0.01,525.85,cash,CUST_6856,New
TXN_202508_015712,2025-08-27,REG_02,STORE_006,EMP_002,PROD_027,3,487.16,0.01,1446.87,cash,CUST_7348,VIP
TXN_202508_015713,2025-08-06,REG_02,STORE_005,EMP_002,PROD_002,5,115.97,0.02,568.25,card,CUST_6296,Premium
TXN_202508_015714,2025-08-12,REG_06,STORE_017,EMP_006,PROD_045,2,476.57,0.29,676.73,cash,CUST_9573,Regular
TXN_202508_015715,2025-08-06,REG_10,STORE_029,EMP_017,PROD_029,5,78.24,0.03,379.46,cash,CUST_3921,Regular
TXN_202508_015716,2025-08-31,REG_01,STORE_003,EMP_018,PROD_040,4,311.3,0.16,1045.97,card,CUST_6925,Premium
TXN_202508_015717,2025-08-16,REG_09,STORE_025,EMP_009,PROD_027,1,191.19,0.0,191.19,card,CUST_8625,Regular
TXN_202508_015718,2025-08-04,REG_10,STORE_028,EMP_013,PROD_032,1,13.04,0.09,11.87,card,CUST_5046,New
TXN_202508_015719,2025-08-19,REG_10,STORE_030,EMP_028,PROD_012,1,412.12,0.13,358.54,mobile,CUST_8807,VIP
TXN_202508_015720,2025-08-31,REG_04,STORE_010,EMP_024,PROD_030,1,327.09,0.11,291.11,credit,CUST_8906,New
TXN_202508_015721,2025-08-07,REG_09,STORE_027,EMP_025,PROD_017,5,63.35,0.06,297.75,card,CUST_5294,Premium
TXN_202508_015722,2025-08-01,REG_02,STORE_006,EMP_002,PROD_007,4,33.21,0.01,131.51,card,CUST_1437,Regular
TXN_202508_015723,2025-08-26,REG_05,STORE_013,EMP_005,PROD_012,3,92.54,0.04,266.52,mobile,CUST_7332,Premium
TXN_202508_015724,2025-08-05,REG_04,STORE_010,EMP_026,PROD_027,4,114.16,0.2,365.31,credit,CUST_1035,Regular
TXN_202508_015725,2025-08-24,REG_06,STORE_018,EMP_006,PROD_042,2,251.1,0.22,391.72,card,CUST_4636,Regular
TXN_202508_015726,2025-08-09,REG_06,STORE_018,EMP_006,PROD_001,4,234.97,0.02,921.08,cash,CUST_4495,Premium
TXN_202508_015727,2025-08-08,REG_06,STORE_017,EMP_006,PROD_028,2,444.28,0.25,666.42,credit,CUST_4240,VIP
TXN_202508_015728,2025-08-03,REG_09,STORE_027,EMP_025,PROD_011,2,123.44,0.07,229.6,card,CUST_5569,VIP
TXN_202508_015729,2025-08-01,REG_07,STORE_019,EMP_007,PROD_001,3,268.54,0.1,725.06,card,CUST_6328,Regular
TXN_202508_015730,2025-08-28,REG_02,STORE_004,EMP_002,PROD_003,1,81.54,0.02,79.91,cash,CUST_5131,Regular
TXN_202508_015731,2025-08-17,REG_10,STORE_030,EMP_010,PROD_042,5,215.91,0.02,1057.96,card,CUST_5528,New
TXN_202508_015732,2025-08-31,REG_07,STORE_020,EMP_007,PROD_001,4,146.3,0.29,415.49,mobile,CUST_7166,New
TXN_202508_015733,2025-08-19,REG_01,STORE_001,EMP_001,PROD_047,2,255.1,0.02,500.0,cash,CUST_5445,Regular
TXN_202508_015734,2025-08-09,REG_07,STORE_021,EMP_007,PROD_014,3,355.07,0.09,969.34,cash,CUST_4442,New
TXN_202508_015735,2025-08-13,REG_02,STORE_006,EMP_002,PROD_019,2,185.35,0.07,344.75,card,CUST_6999,New
TXN_202508_015736,2025-08-08,REG_09,STORE_026,EMP_009,PROD_025,3,400.25,0.03,1164.73,cash,CUST_1556,VIP
TXN_202508_015737,2025-08-13,REG_01,STORE_001,EMP_018,PROD_047,2,240.21,0.23,369.92,mobile,CUST_1796,Regular
TXN_202508_015738,2025-08-04,REG_05,STORE_014,EMP_005,PROD_042,1,368.38,0.19,298.39,card,CUST_6115,Regular
TXN_202508_015739,2025-08-10,REG_09,STORE_025,EMP_027,PROD_046,5,421.65,0.21,1665.52,mobile,CUST_4473,New
TXN_202508_015740,2025-08-23,REG_04,STORE_011,EMP_016,PROD_049,2,225.16,0.1,405.29,credit,CUST_6974,New
TXN_202508_015741,2025-08-07,REG_06,STORE_018,EMP_006,PROD_008,1,485.66,0.07,451.66,mobile,CUST_8840,New
TXN_202508_015742,2025-08-28,REG_01,STORE_001,EMP_011,PROD_019,2,195.09,0.04,374.57,mobile,CUST_5852,New
TXN_202508_015743,2025-08-01,REG_04,STORE_012,EMP_024,PROD_016,4,117.82,0.06,443.0,card,CUST_2133,Premium
TXN_202508_015744,2025-08-02,REG_05,STORE_013,EMP_021,PROD_039,2,368.77,0.29,523.65,cash,CUST_6432,New
TXN_202508_015745,2025-08-11,REG_01,STORE_003,EMP_018,PROD_028,2,385.53,0.21,609.14,credit,CUST_9389,New
TXN_202508_015746,2025-08-23,REG_04,STORE_010,EMP_029,PROD_040,4,482.78,0.09,1757.32,credit,CUST_5890,Regular
TXN_202508_015747,2025-08-23,REG_08,STORE_024,EMP_012,PROD_015,1,418.74,0.11,372.68,mobile,CUST_6009,New
TXN_202508_015748,2025-08-04,REG_07,STORE_021,EMP_007,PROD_042,2,331.29,0.09,602.95,cash,CUST_9213,Regular
TXN_202508_015749,2025-08-07,REG_03,STORE_009,EMP_003,PROD_044,2,178.25,0.27,260.25,cash,CUST_8920,Premium
TXN_202508_015750,2025-08-12,REG_05,STORE_014,EMP_005,PROD_033,5,484.21,0.15,2057.89,credit,CUST_2202,Regular
TXN_202508_015751,2025-08-22,REG_02,STORE_006,EMP_002,PROD_017,1,279.64,0.05,265.66,cash,CUST_5880,New
TXN_202508_015752,2025-08-10,REG_02,STORE_004,EMP_002,PROD_012,5,223.0,0.11,992.35,mobile,CUST_8287,Premium
TXN_202508_015753,2025-08-07,REG_01,STORE_002,EMP_018,PROD_016,1,25.85,0.05,24.56,credit,CUST_6138,New
TXN_202508_015754,2025-08-22,REG_01,STORE_002,EMP_001,PROD_009,4,442.08,0.05,1679.9,card,CUST_2185,VIP
TXN_202508_015755,2025-08-01,REG_04,STORE_012,EMP_026,PROD_021,5,262.23,0.28,944.03,mobile,CUST_4310,Regular
TXN_202508_015756,2025-08-18,REG_04,STORE_011,EMP_024,PROD_028,1,447.43,0.29,317.68,card,CUST_7334,Premium
TXN_202508_015757,2025-08-26,REG_04,STORE_011,EMP_029,PROD_007,5,326.72,0.19,1323.22,credit,CUST_1361,Regular
TXN_202508_015758,2025-08-10,REG_09,STORE_027,EMP_025,PROD_037,2,494.49,0.16,830.74,card,CUST_2922,Premium
TXN_202508_015759,2025-08-27,REG_02,STORE_006,EMP_002,PROD_030,5,196.9,0.19,797.45,mobile,CUST_1020,Regular
TXN_202508_015760,2025-08-16,REG_03,STORE_009,EMP_003,PROD_005,2,184.9,0.22,288.44,credit,CUST_5250,Regular
TXN_202508_015761,2025-08-23,REG_06,STORE_018,EMP_006,PROD_016,2,236.79,0.3,331.51,cash,CUST_2824,Premium
TXN_202508_015762,2025-08-02,REG_03,STORE_007,EMP_014,PROD_033,4,483.15,0.26,1430.12,cash,CUST_6147,VIP
TXN_202508_015763,2025-08-18,REG_07,STORE_021,EMP_007,PROD_024,2,82.86,0.16,139.2,card,CUST_2609,Regular
TXN_202508_015764,2025-08-19,REG_01,STORE_001,EMP_011,PROD_027,3,361.45,0.13,943.38,mobile,CUST_9504,Regular
TXN_202508_015765,2025-08-31,REG_10,STORE_030,EMP_020,PROD_014,5,57.67,0.16,242.21,credit,CUST_9114,VIP
TXN_202508_015766,2025-08-08,REG_05,STORE_013,EMP_005,PROD_047,5,286.72,0.06,1347.58,credit,CUST_6620,Premium
TXN_202508_015767,2025-08-21,REG_05,STORE_013,EMP_005,PROD_009,5,331.62,0.19,1343.06,card,CUST_4906,Premium
TXN_202508_015768,2025-08-20,REG_06,STORE_018,EMP_006,PROD_034,1,23.18,0.2,18.54,credit,CUST_8565,New
TXN_202508_015769,2025-08-05,REG_04,STORE_012,EMP_026,PROD_022,4,19.27,0.29,54.73,cash,CUST_2212,Premium
TXN_202508_015770,2025-08-01,REG_07,STORE_020,EMP_007,PROD_003,3,46.98,0.11,125.44,card,CUST_8901,New
TXN_202508_015771,2025-08-29,REG_10,STORE_030,EMP_028,PROD_038,2,497.79,0.21,786.51,mobile,CUST_5392,VIP
TXN_202508_015772,2025-08-31,REG_05,STORE_015,EMP_021,PROD_004,1,227.27,0.08,209.09,cash,CUST_2420,Regular
TXN_202508_015773,2025-08-09,REG_03,STORE_008,EMP_003,PROD_032,1,64.78,0.21,51.18,card,CUST_8843,Regular
TXN_202508_015774,2025-08-28,REG_06,STORE_016,EMP_006,PROD_009,4,226.49,0.0,905.96,card,CUST_8908,New
TXN_202508_015775,2025-08-31,REG_07,STORE_020,EMP_007,PROD_038,3,288.0,0.19,699.84,card,CUST_6877,Regular
TXN_202508_015776,2025-08-21,REG_10,STORE_030,EMP_017,PROD_025,3,332.24,0.16,837.24,cash,CUST_3757,New
TXN_202508_015777,2025-08-22,REG_07,STORE_020,EMP_007,PROD_003,1,299.93,0.27,218.95,cash,CUST_9176,Premium
TXN_202508_015778,2025-08-29,REG_07,STORE_020,EMP_007,PROD_036,2,471.26,0.06,885.97,mobile,CUST_8831,VIP
TXN_202508_015779,2025-08-08,REG_05,STORE_015,EMP_021,PROD_015,3,405.56,0.03,1180.18,card,CUST_9657,VIP
TXN_202508_015780,2025-08-12,REG_08,STORE_022,EMP_012,PROD_047,4,469.24,0.2,1501.57,mobile,CUST_5631,New
TXN_202508_015781,2025-08-14,REG_01,STORE_002,EMP_018,PROD_015,4,274.67,0.11,977.83,cash,CUST_7662,VIP
TXN_202508_015782,2025-08-22,REG_03,STORE_009,EMP_014,PROD_005,1,194.2,0.01,192.26,credit,CUST_3487,Premium
TXN_202508_015783,2025-08-17,REG_06,STORE_018,EMP_006,PROD_031,4,436.11,0.02,1709.55,mobile,CUST_7229,VIP
TXN_202508_015784,2025-08-27,REG_03,STORE_007,EMP_003,PROD_038,3,125.29,0.08,345.8,credit,CUST_8704,Regular
TXN_202508_015785,2025-08-26,REG_09,STORE_027,EMP_027,PROD_045,1,149.04,0.09,135.63,cash,CUST_3276,New
TXN_202508_015786,2025-08-05,REG_05,STORE_014,EMP_005,PROD_046,3,16.19,0.28,34.97,card,CUST_2931,New
TXN_202508_015787,2025-08-25,REG_01,STORE_001,EMP_018,PROD_021,2,232.69,0.02,456.07,cash,CUST_7107,Premium
TXN_202508_015788,2025-08-25,REG_05,STORE_014,EMP_005,PROD_050,1,89.24,0.15,75.85,card,CUST_1321,VIP
TXN_202508_015789,2025-08-18,REG_06,STORE_016,EMP_006,PROD_021,1,300.78,0.1,270.7,credit,CUST_8662,VIP
TXN_202508_015790,2025-08-06,REG_07,STORE_019,EMP_007,PROD_020,2,484.39,0.25,726.59,cash,CUST_6856,Regular
TXN_202508_015791,2025-08-12,REG_01,STORE_001,EMP_011,PROD_011,4,361.75,0.18,1186.54,mobile,CUST_8928,Premium
TXN_202508_015792,2025-08-19,REG_05,STORE_013,EMP_021,PROD_025,3,179.13,0.02,526.64,mobile,CUST_3896,Premium
TXN_202508_015793,2025-08-08,REG_08,STORE_024,EMP_008,PROD_029,5,137.43,0.18,563.46,credit,CUST_1028,Regular
TXN_202508_015794,2025-08-28,REG_07,STORE_019,EMP_007,PROD_044,1,142.17,0.15,120.84,mobile,CUST_5376,Regular
TXN_202508_015795,2025-08-30,REG_03,STORE_007,EMP_003,PROD_008,2,233.58,0.12,411.1,cash,CUST_9637,Premium
TXN_202508_015796,2025-08-02,REG_06,STORE_017,EMP_006,PROD_014,5,408.82,0.13,1778.37,card,CUST_3024,Regular
TXN_202508_015797,2025-08-29,REG_05,STORE_015,EMP_021,PROD_045,5,465.17,0.11,2070.01,mobile,CUST_4097,New
TXN_202508_015798,2025-08-17,REG_09,STORE_025,EMP_022,PROD_049,4,212.02,0.29,602.14,cash,CUST_6134,VIP
TXN_202508_015799,2025-08-28,REG_06,STORE_018,EMP_006,PROD_044,3,428.95,0.11,1145.3,card,CUST_6781,New
TXN_202508_015800,2025-08-16,REG_10,STORE_028,EMP_013,PROD_027,2,36.09,0.03,70.01,credit,CUST_5491,Premium
TXN_202508_015801,2025-08-09,REG_01,STORE_001,EMP_011,PROD_033,5,196.65,0.11,875.09,credit,CUST_9230,New
TXN_202508_015802,2025-08-18,REG_07,STORE_020,EMP_007,PROD_028,2,479.95,0.18,787.12,card,CUST_6905,New
TXN_202508_015803,2025-08-12,REG_08,STORE_024,EMP_012,PROD_001,5,342.8,0.21,1354.06,card,CUST_2500,Regular
TXN_202508_015804,2025-08-26,REG_01,STORE_002,EMP_018,PROD_016,1,220.52,0.11,196.26,mobile,CUST_5620,Premium
TXN_202508_015805,2025-08-24,REG_03,STORE_008,EMP_014,PROD_043,4,77.36,0.19,250.65,mobile,CUST_1421,VIP
TXN_202508_015806,2025-08-19,REG_01,STORE_001,EMP_011,PROD_036,3,318.06,0.14,820.59,credit,CUST_4166,New
TXN_202508_015807,2025-08-11,REG_03,STORE_008,EMP_003,PROD_035,4,429.85,0.04,1650.62,cash,CUST_9651,New
TXN_202508_015808,2025-08-13,REG_05,STORE_015,EMP_021,PROD_038,1,222.58,0.02,218.13,credit,CUST_4136,VIP
TXN_202508_015809,2025-08-12,REG_07,STORE_020,EMP_007,PROD_027,5,273.07,0.24,1037.67,card,CUST_9020,New
TXN_202508_015810,2025-08-26,REG_04,STORE_011,EMP_004,PROD_007,3,196.93,0.16,496.26,card,CUST_2925,Regular
TXN_202508_015811,2025-08-09,REG_10,STORE_029,EMP_028,PROD_020,3,116.5,0.3,244.65,credit,CUST_9488,Regular
TXN_202508_015812,2025-08-22,REG_06,STORE_017,EMP_006,PROD_010,5,139.21,0.1,626.45,cash,CUST_8053,New
TXN_202508_015813,2025-08-15,REG_05,STORE_014,EMP_005,PROD_040,5,130.18,0.13,566.28,card,CUST_3000,Premium
TXN_202508_015814,2025-08-28,REG_04,STORE_011,EMP_016,PROD_041,5,444.92,0.21,1757.43,mobile,CUST_8652,Premium
TXN_202508_015815,2025-08-04,REG_07,STORE_020,EMP_007,PROD_010,4,415.57,0.26,1230.09,credit,CUST_4924,Regular
TXN_202508_015816,2025-08-04,REG_07,STORE_021,EMP_007,PROD_047,3,165.43,0.19,401.99,cash,CUST_8190,New
TXN_202508_015817,2025-08-04,REG_08,STORE_024,EMP_008,PROD_022,1,274.15,0.1,246.73,card,CUST_6329,VIP
TXN_202508_015818,2025-08-17,REG_04,STORE_010,EMP_024,PROD_042,4,42.46,0.22,132.48,card,CUST_3694,VIP
TXN_202508_015819,2025-08-15,REG_09,STORE_026,EMP_009,PROD_003,2,12.57,0.21,19.86,mobile,CUST_7368,Regular
TXN_202508_015820,2025-08-31,REG_05,STORE_014,EMP_005,PROD_037,2,22.07,0.2,35.31,cash,CUST_5104,Premium
TXN_202508_015821,2025-08-06,REG_01,STORE_002,EMP_001,PROD_030,2,359.43,0.23,553.52,credit,CUST_4439,Regular
TXN_202508_015822,2025-08-16,REG_07,STORE_019,EMP_007,PROD_031,4,337.72,0.23,1040.18,card,CUST_2665,New
TXN_202508_015823,2025-08-28,REG_02,STORE_004,EMP_002,PROD_011,1,196.6,0.04,188.74,mobile,CUST_7033,Regular
TXN_202508_015824,2025-08-20,REG_05,STORE_013,EMP_021,PROD_024,2,442.19,0.28,636.75,card,CUST_3982,New
TXN_202508_015825,2025-08-07,REG_07,STORE_020,EMP_007,PROD_004,4,39.01,0.18,127.95,mobile,CUST_1084,New
TXN_202508_015826,2025-08-02,REG_04,STORE_010,EMP_026,PROD_044,2,44.5,0.03,86.33,card,CUST_9303,New
TXN_202508_015827,2025-08-20,REG_08,STORE_023,EMP_023,PROD_042,2,72.24,0.04,138.7,cash,CUST_6541,VIP
TXN_202508_015828,2025-08-19,REG_04,STORE_012,EMP_024,PROD_026,5,480.25,0.08,2209.15,mobile,CUST_7402,New
TXN_202508_015829,2025-08-31,REG_09,STORE_026,EMP_022,PROD_028,1,418.49,0.02,410.12,card,CUST_6342,VIP
TXN_202508_015830,2025-08-30,REG_09,STORE_027,EMP_027,PROD_048,5,458.69,0.05,2178.78,mobile,CUST_8148,Regular
TXN_202508_015831,2025-08-12,REG_03,STORE_007,EMP_003,PROD_044,2,482.44,0.27,704.36,card,CUST_8334,New
TXN_202508_015832,2025-08-11,REG_07,STORE_020,EMP_007,PROD_001,1,238.47,0.12,209.85,mobile,CUST_4144,Premium
TXN_202508_015833,2025-08-28,REG_05,STORE_015,EMP_021,PROD_021,3,110.6,0.12,291.98,mobile,CUST_8460,VIP
TXN_202508_015834,2025-08-02,REG_01,STORE_003,EMP_019,PROD_031,3,122.48,0.12,323.35,mobile,CUST_8091,New
TXN_202508_015835,2025-08-13,REG_01,STORE_001,EMP_018,PROD_040,4,219.05,0.09,797.34,cash,CUST_8889,VIP
TXN_202508_015836,2025-08-18,REG_08,STORE_024,EMP_008,PROD_009,5,322.9,0.06,1517.63,credit,CUST_7434,Regular
TXN_202508_015837,2025-08-21,REG_02,STORE_006,EMP_002,PROD_033,2,291.73,0.13,507.61,cash,CUST_7357,Premium
TXN_202508_015838,2025-08-20,REG_05,STORE_015,EMP_021,PROD_044,3,374.97,0.18,922.43,credit,CUST_2095,Regular
TXN_202508_015839,2025-08-03,REG_06,STORE_018,EMP_006,PROD_029,3,198.29,0.21,469.95,card,CUST_8283,VIP
TXN_202508_015840,2025-08-12,REG_09,STORE_025,EMP_027,PROD_009,3,131.06,0.15,334.2,cash,CUST_5830,Premium
TXN_202508_015841,2025-08-29,REG_01,STORE_001,EMP_018,PROD_037,3,28.14,0.08,77.67,mobile,CUST_7609,Regular
TXN_202508_015842,2025-08-23,REG_08,STORE_022,EMP_023,PROD_045,5,251.25,0.19,1017.56,card,CUST_3577,Premium
TXN_202508_015843,2025-08-27,REG_03,STORE_008,EMP_014,PROD_014,3,478.76,0.18,1177.75,cash,CUST_2911,Regular
TXN_202508_015844,2025-08-05,REG_02,STORE_005,EMP_002,PROD_050,5,120.39,0.0,601.95,credit,CUST_9861,VIP
TXN_202508_015845,2025-08-08,REG_01,STORE_003,EMP_011,PROD_002,1,130.52,0.0,130.52,mobile,CUST_9614,Premium
TXN_202508_015846,2025-08-10,REG_06,STORE_018,EMP_006,PROD_011,2,39.99,0.1,71.98,card,CUST_3355,VIP
TXN_202508_015847,2025-08-11,REG_03,STORE_008,EMP_003,PROD_035,5,271.67,0.21,1073.1,card,CUST_5473,Premium
TXN_202508_015848,2025-08-18,REG_03,STORE_007,EMP_014,PROD_004,1,333.68,0.04,320.33,cash,CUST_8443,New
TXN_202508_015849,2025-08-09,REG_10,STORE_030,EMP_010,PROD_042,1,326.58,0.29,231.87,cash,CUST_5528,Regular
TXN_202508_015850,2025-08-06,REG_09,STORE_025,EMP_022,PROD_030,4,222.98,0.14,767.05,card,CUST_1336,VIP
TXN_202508_015851,2025-08-09,REG_09,STORE_027,EMP_009,PROD_012,4,148.67,0.3,416.28,credit,CUST_9995,VIP
TXN_202508_015852,2025-08-14,REG_07,STORE_021,EMP_007,PROD_029,3,21.15,0.1,57.1,card,CUST_7735,New
TXN_202508_015853,2025-08-09,REG_01,STORE_002,EMP_019,PROD_036,3,495.85,0.2,1190.04,cash,CUST_1348,Premium
TXN_202508_015854,2025-08-26,REG_02,STORE_006,EMP_002,PROD_033,5,191.44,0.04,918.91,mobile,CUST_8443,New
TXN_202508_015855,2025-08-20,REG_03,STORE_008,EMP_003,PROD_001,4,36.93,0.02,144.77,credit,CUST_9900,New
TXN_202508_015856,2025-08-05,REG_02,STORE_004,EMP_002,PROD_027,1,263.7,0.08,242.6,credit,CUST_9953,Regular
TXN_202508_015857,2025-08-25,REG_10,STORE_029,EMP_028,PROD_043,5,364.98,0.17,1514.67,cash,CUST_1057,New
TXN_202508_015858,2025-08-10,REG_04,STORE_011,EMP_030,PROD_003,2,19.45,0.08,35.79,credit,CUST_2047,New
TXN_202508_015859,2025-08-26,REG_06,STORE_017,EMP_006,PROD_047,4,53.32,0.1,191.95,cash,CUST_4930,New
TXN_202508_015860,2025-08-31,REG_03,STORE_008,EMP_014,PROD_031,4,194.5,0.16,653.52,card,CUST_5355,Premium
TXN_202508_015861,2025-08-22,REG_01,STORE_003,EMP_011,PROD_009,5,97.65,0.23,375.95,cash,CUST_9059,Regular
TXN_202508_015862,2025-08-27,REG_05,STORE_013,EMP_021,PROD_006,3,457.6,0.02,1345.34,cash,CUST_8508,New
TXN_202508_015863,2025-08-12,REG_08,STORE_022,EMP_023,PROD_027,2,146.13,0.12,257.19,credit,CUST_4371,Regular
TXN_202508_015864,2025-08-21,REG_05,STORE_013,EMP_021,PROD_046,2,328.7,0.15,558.79,mobile,CUST_2507,Premium
TXN_202508_015865,2025-08-01,REG_03,STORE_008,EMP_014,PROD_042,3,331.59,0.01,984.82,card,CUST_4843,Regular
TXN_202508_015866,2025-08-04,REG_10,STORE_030,EMP_017,PROD_030,3,190.85,0.25,429.41,card,CUST_1167,VIP
TXN_202508_015867,2025-08-27,REG_08,STORE_023,EMP_015,PROD_014,1,203.72,0.09,185.39,mobile,CUST_2880,Regular
TXN_202508_015868,2025-08-26,REG_01,STORE_002,EMP_019,PROD_027,3,118.46,0.09,323.4,mobile,CUST_4757,New
TXN_202508_015869,2025-08-07,REG_01,STORE_002,EMP_018,PROD_023,5,60.79,0.05,288.75,credit,CUST_1964,New
TXN_202508_015870,2025-08-26,REG_06,STORE_017,EMP_006,PROD_037,3,174.52,0.02,513.09,cash,CUST_9943,Regular
TXN_202508_015871,2025-08-11,REG_09,STORE_027,EMP_009,PROD_023,2,412.95,0.22,644.2,mobile,CUST_5023,New
TXN_202508_015872,2025-08-21,REG_03,STORE_009,EMP_003,PROD_034,1,287.59,0.08,264.58,credit,CUST_8060,VIP
TXN_202508_015873,2025-08-13,REG_09,STORE_026,EMP_009,PROD_018,4,442.89,0.1,1594.4,credit,CUST_2978,Regular
TXN_202508_015874,2025-08-16,REG_07,STORE_021,EMP_007,PROD_046,4,462.25,0.01,1830.51,cash,CUST_1118,Regular
TXN_202508_015875,2025-08-22,REG_03,STORE_009,EMP_014,PROD_043,5,319.91,0.3,1119.68,cash,CUST_6045,VIP
TXN_202508_015876,2025-08-04,REG_03,STORE_009,EMP_003,PROD_002,5,246.67,0.02,1208.68,cash,CUST_3504,New
TXN_202508_015877,2025-08-08,REG_05,STORE_014,EMP_021,PROD_002,5,298.66,0.15,1269.31,cash,CUST_3345,Premium
TXN_202508_015878,2025-08-24,REG_06,STORE_017,EMP_006,PROD_050,4,481.03,0.04,1847.16,card,CUST_7187,VIP
TXN_202508_015879,2025-08-20,REG_09,STORE_026,EMP_022,PROD_035,5,499.17,0.24,1896.85,cash,CUST_3125,Regular
TXN_202508_015880,2025-08-12,REG_01,STORE_001,EMP_011,PROD_013,3,288.1,0.12,760.58,card,CUST_2192,Premium
TXN_202508_015881,2025-08-21,REG_10,STORE_028,EMP_010,PROD_027,2,314.5,0.18,515.78,card,CUST_5096,Regular
TXN_202508_015882,2025-08-02,REG_09,STORE_026,EMP_022,PROD_013,1,327.8,0.03,317.97,credit,CUST_3687,Premium
TXN_202508_015883,2025-08-23,REG_07,STORE_020,EMP_007,PROD_028,2,364.19,0.03,706.53,mobile,CUST_6286,VIP
TXN_202508_015884,2025-08-20,REG_06,STORE_016,EMP_006,PROD_047,5,488.99,0.2,1955.96,cash,CUST_9201,Regular
TXN_202508_015885,2025-08-29,REG_07,STORE_020,EMP_007,PROD_002,4,432.68,0.25,1298.04,credit,CUST_3967,New
TXN_202508_015886,2025-08-18,REG_06,STORE_016,EMP_006,PROD_027,5,245.54,0.06,1154.04,mobile,CUST_1075,Regular
TXN_202508_015887,2025-08-26,REG_01,STORE_003,EMP_018,PROD_033,2,439.7,0.2,703.52,cash,CUST_4862,VIP
TXN_202508_015888,2025-08-25,REG_10,STORE_029,EMP_013,PROD_002,1,183.87,0.03,178.35,credit,CUST_6456,VIP
TXN_202508_015889,2025-08-28,REG_01,STORE_002,EMP_019,PROD_021,5,409.47,0.02,2006.4,card,CUST_5893,Premium
TXN_202508_015890,2025-08-01,REG_05,STORE_015,EMP_021,PROD_019,3,146.49,0.24,334.0,cash,CUST_6626,VIP
TXN_202508_015891,2025-08-17,REG_09,STORE_025,EMP_009,PROD_013,3,193.08,0.24,440.22,card,CUST_6101,Regular
TXN_202508_015892,2025-08-26,REG_04,STORE_010,EMP_024,PROD_008,3,153.54,0.29,327.04,cash,CUST_8828,Regular
TXN_202508_015893,2025-08-10,REG_10,STORE_030,EMP_013,PROD_040,3,20.25,0.15,51.64,card,CUST_1957,VIP
TXN_202508_015894,2025-08-08,REG_02,STORE_005,EMP_002,PROD_025,2,33.51,0.07,62.33,card,CUST_9674,New
TXN_202508_015895,2025-08-18,REG_10,STORE_028,EMP_028,PROD_050,4,378.66,0.18,1242.0,credit,CUST_4569,Regular
TXN_202508_015896,2025-08-02,REG_08,STORE_022,EMP_012,PROD_020,2,37.86,0.11,67.39,credit,CUST_1175,New
TXN_202508_015897,2025-08-31,REG_01,STORE_002,EMP_001,PROD_033,1,233.32,0.01,230.99,cash,CUST_4413,Premium
TXN_202508_015898,2025-08-15,REG_06,STORE_017,EMP_006,PROD_039,2,339.12,0.29,481.55,credit,CUST_1805,Premium
TXN_202508_015899,2025-08-24,REG_05,STORE_015,EMP_021,PROD_005,2,274.49,0.14,472.12,card,CUST_9444,VIP
TXN_202508_015900,2025-08-26,REG_01,STORE_001,EMP_019,PROD_042,1,433.06,0.2,346.45,credit,CUST_3210,New
TXN_202508_015901,2025-08-15,REG_07,STORE_020,EMP_007,PROD_034,1,21.19,0.18,17.38,credit,CUST_9032,VIP
TXN_202508_015902,2025-08-13,REG_09,STORE_025,EMP_009,PROD_045,2,453.56,0.14,780.12,cash,CUST_1011,Premium
TXN_202508_015903,2025-08-21,REG_05,STORE_014,EMP_005,PROD_046,1,392.72,0.01,388.79,credit,CUST_5393,New
TXN_202508_015904,2025-08-06,REG_04,STORE_012,EMP_029,PROD_009,4,223.08,0.07,829.86,card,CUST_2778,VIP
TXN_202508_015905,2025-08-10,REG_06,STORE_016,EMP_006,PROD_041,5,418.11,0.28,1505.2,card,CUST_1078,VIP
TXN_202508_015906,2025-08-04,REG_10,STORE_030,EMP_017,PROD_036,4,303.71,0.13,1056.91,credit,CUST_4493,VIP
TXN_202508_015907,2025-08-17,REG_03,STORE_008,EMP_014,PROD_028,3,51.2,0.22,119.81,card,CUST_4305,New
TXN_202508_015908,2025-08-02,REG_10,STORE_030,EMP_010,PROD_002,2,183.09,0.08,336.89,cash,CUST_6969,Regular
TXN_202508_015909,2025-08-08,REG_01,STORE_001,EMP_018,PROD_047,5,494.25,0.1,2224.12,cash,CUST_8571,VIP
TXN_202508_015910,2025-08-15,REG_02,STORE_006,EMP_002,PROD_005,5,440.34,0.09,2003.55,credit,CUST_2261,VIP
TXN_202508_015911,2025-08-15,REG_08,STORE_024,EMP_015,PROD_010,2,494.65,0.18,811.23,card,CUST_8954,VIP
TXN_202508_015912,2025-08-11,REG_06,STORE_018,EMP_006,PROD_031,5,456.63,0.05,2168.99,mobile,CUST_1574,New
TXN_202508_015913,2025-08-17,REG_05,STORE_015,EMP_021,PROD_018,4,425.22,0.2,1360.7,cash,CUST_7416,Regular
TXN_202508_015914,2025-08-28,REG_06,STORE_016,EMP_006,PROD_025,2,329.86,0.02,646.53,credit,CUST_1162,Regular
TXN_202508_015915,2025-08-07,REG_06,STORE_016,EMP_006,PROD_039,3,390.31,0.27,854.78,mobile,CUST_3405,Regular
TXN_202508_015916,2025-08-20,REG_10,STORE_029,EMP_013,PROD_025,2,25.9,0.09,47.14,mobile,CUST_1293,VIP
TXN_202508_015917,2025-08-19,REG_03,STORE_007,EMP_003,PROD_020,3,483.29,0.08,1333.88,mobile,CUST_7004,Regular
TXN_202508_015918,2025-08-01,REG_03,STORE_008,EMP_014,PROD_049,2,414.26,0.27,604.82,cash,CUST_6830,New
TXN_202508_015919,2025-08-22,REG_10,STORE_028,EMP_013,PROD_042,2,355.81,0.01,704.5,mobile,CUST_9405,New
TXN_202508_015920,2025-08-28,REG_04,STORE_012,EMP_026,PROD_045,4,73.69,0.18,241.7,cash,CUST_9323,Premium
TXN_202508_015921,2025-08-07,REG_03,STORE_007,EMP_014,PROD_021,1,155.54,0.07,144.65,cash,CUST_1930,New
TXN_202508_015922,2025-08-29,REG_01,STORE_001,EMP_011,PROD_004,4,98.1,0.26,290.38,mobile,CUST_1019,New
TXN_202508_015923,2025-08-30,REG_10,STORE_029,EMP_010,PROD_003,5,211.44,0.09,962.05,cash,CUST_1183,Regular
TXN_202508_015924,2025-08-19,REG_03,STORE_008,EMP_003,PROD_026,2,273.63,0.21,432.34,mobile,CUST_9165,New
TXN_202508_015925,2025-08-01,REG_05,STORE_015,EMP_021,PROD_024,5,151.38,0.01,749.33,credit,CUST_7116,New
TXN_202508_015926,2025-08-10,REG_06,STORE_018,EMP_006,PROD_032,1,222.62,0.27,162.51,credit,CUST_4343,Premium
TXN_202508_015927,2025-08-02,REG_01,STORE_003,EMP_019,PROD_050,1,115.45,0.0,115.45,credit,CUST_3245,Regular
TXN_202508_015928,2025-08-17,REG_10,STORE_028,EMP_017,PROD_043,4,161.23,0.06,606.22,mobile,CUST_9460,Premium
TXN_202508_015929,2025-08-08,REG_10,STORE_030,EMP_010,PROD_037,3,336.54,0.25,757.22,credit,CUST_1817,Premium
TXN_202508_015930,2025-08-23,REG_01,STORE_001,EMP_011,PROD_007,1,129.47,0.29,91.92,card,CUST_2032,VIP
TXN_202508_015931,2025-08-05,REG_09,STORE_026,EMP_009,PROD_030,2,149.48,0.22,233.19,mobile,CUST_7216,Premium
TXN_202508_015932,2025-08-01,REG_07,STORE_020,EMP_007,PROD_017,3,483.48,0.29,1029.81,mobile,CUST_1589,Regular
TXN_202508_015933,2025-08-31,REG_03,STORE_007,EMP_003,PROD_003,3,89.6,0.08,247.3,cash,CUST_4284,Regular
TXN_202508_015934,2025-08-10,REG_08,STORE_022,EMP_015,PROD_005,1,165.55,0.03,160.58,card,CUST_3189,Regular
TXN_202508_015935,2025-08-21,REG_01,STORE_001,EMP_001,PROD_038,4,344.37,0.27,1005.56,credit,CUST_5547,Premium
TXN_202508_015936,2025-08-15,REG_04,STORE_011,EMP_024,PROD_044,4,441.28,0.07,1641.56,cash,CUST_2317,Premium
TXN_202508_015937,2025-08-03,REG_01,STORE_002,EMP_001,PROD_033,2,150.75,0.25,226.12,card,CUST_5813,New
TXN_202508_015938,2025-08-06,REG_01,STORE_001,EMP_001,PROD_012,3,483.54,0.12,1276.55,mobile,CUST_8935,New
TXN_202508_015939,2025-08-21,REG_10,STORE_030,EMP_028,PROD_010,2,100.17,0.16,168.29,cash,CUST_4565,Regular
TXN_202508_015940,2025-08-26,REG_03,STORE_009,EMP_003,PROD_014,1,301.64,0.18,247.34,card,CUST_7827,Premium
TXN_202508_015941,2025-08-07,REG_08,STORE_023,EMP_023,PROD_018,4,176.85,0.16,594.22,cash,CUST_9667,New
TXN_202508_015942,2025-08-13,REG_04,STORE_011,EMP_026,PROD_004,5,124.27,0.03,602.71,credit,CUST_4427,New
TXN_202508_015943,2025-08-20,REG_05,STORE_015,EMP_005,PROD_042,3,209.55,0.15,534.35,cash,CUST_3804,VIP
TXN_202508_015944,2025-08-24,REG_07,STORE_019,EMP_007,PROD_030,1,76.97,0.23,59.27,cash,CUST_1104,New
TXN_202508_015945,2025-08-20,REG_03,STORE_008,EMP_014,PROD_002,4,138.41,0.02,542.57,cash,CUST_7369,Regular
TXN_202508_015946,2025-08-18,REG_06,STORE_018,EMP_006,PROD_041,1,61.94,0.28,44.6,mobile,CUST_2565,New
TXN_202508_015947,2025-08-20,REG_02,STORE_005,EMP_002,PROD_049,1,20.26,0.03,19.65,credit,CUST_7347,New
TXN_202508_015948,2025-08-16,REG_05,STORE_014,EMP_005,PROD_023,3,428.97,0.14,1106.74,mobile,CUST_6692,New
TXN_202508_015949,2025-08-29,REG_02,STORE_005,EMP_002,PROD_023,5,137.69,0.08,633.37,credit,CUST_3790,Premium
TXN_202508_015950,2025-08-18,REG_04,STORE_012,EMP_029,PROD_018,3,160.33,0.15,408.84,credit,CUST_9590,Regular
TXN_202508_015951,2025-08-26,REG_09,STORE_025,EMP_027,PROD_012,4,293.44,0.07,1091.6,mobile,CUST_8442,VIP
TXN_202508_015952,2025-08-09,REG_04,STORE_010,EMP_026,PROD_028,3,53.23,0.17,132.54,cash,CUST_8283,Regular
TXN_202508_015953,2025-08-23,REG_05,STORE_014,EMP_005,PROD_020,1,311.35,0.17,258.42,cash,CUST_6263,Regular
TXN_202508_015954,2025-08-30,REG_08,STORE_022,EMP_015,PROD_045,1,199.69,0.06,187.71,mobile,CUST_3142,Regular
TXN_202508_015955,2025-08-22,REG_10,STORE_028,EMP_010,PROD_029,2,32.37,0.07,60.21,cash,CUST_2006,Premium
TXN_202508_015956,2025-08-19,REG_05,STORE_014,EMP_005,PROD_026,1,163.85,0.03,158.93,credit,CUST_5567,New
TXN_202508_015957,2025-08-23,REG_09,STORE_027,EMP_022,PROD_014,1,465.21,0.25,348.91,cash,CUST_5820,Premium
TXN_202508_015958,2025-08-19,REG_10,STORE_030,EMP_020,PROD_015,5,321.96,0.03,1561.51,card,CUST_8577,Premium
TXN_202508_015959,2025-08-21,REG_07,STORE_019,EMP_007,PROD_030,2,275.85,0.15,468.95,credit,CUST_3314,VIP
TXN_202508_015960,2025-08-20,REG_06,STORE_016,EMP_006,PROD_014,3,65.84,0.04,189.62,credit,CUST_8749,New
TXN_202508_015961,2025-08-10,REG_01,STORE_003,EMP_011,PROD_029,2,382.87,0.01,758.08,credit,CUST_3796,New
