transaction_id,date,region,store_id,employee_id,product_id,units,unit_price,discount,revenue,payment,customer_id,customer_segment
TXN_202408_009481,2024-08-17,REG_10,STORE_029,EMP_010,PROD_032,4,15.19,0.29,43.14,mobile,CUST_3925,New
TXN_202408_009482,2024-08-27,REG_09,STORE_027,EMP_022,PROD_030,2,73.87,0.03,143.31,mobile,CUST_2527,New
TXN_202408_009483,2024-08-24,REG_01,STORE_003,EMP_018,PROD_007,2,235.12,0.29,333.87,mobile,CUST_6489,Regular
TXN_202408_009484,2024-08-07,REG_02,STORE_006,EMP_002,PROD_042,2,247.56,0.2,396.1,mobile,CUST_8631,Premium
TXN_202408_009485,2024-08-06,REG_03,STORE_007,EMP_014,PROD_009,1,106.38,0.26,78.72,mobile,CUST_5318,Premium
TXN_202408_009486,2024-08-12,REG_09,STORE_027,EMP_027,PROD_039,1,20.14,0.24,15.31,cash,CUST_7070,Premium
TXN_202408_009487,2024-08-17,REG_06,STORE_018,EMP_006,PROD_038,4,416.12,0.13,1448.1,mobile,CUST_5084,VIP
TXN_202408_009488,2024-08-19,REG_05,STORE_015,EMP_005,PROD_001,3,52.45,0.28,113.29,card,CUST_9362,VIP
TXN_202408_009489,2024-08-31,REG_10,STORE_028,EMP_017,PROD_034,4,489.53,0.02,1918.96,card,CUST_2580,New
TXN_202408_009490,2024-08-13,REG_05,STORE_013,EMP_005,PROD_001,2,82.55,0.11,146.94,cash,CUST_6638,VIP
TXN_202408_009491,2024-08-13,REG_07,STORE_021,EMP_007,PROD_016,5,172.87,0.29,613.69,credit,CUST_5882,VIP
TXN_202408_009492,2024-08-04,REG_02,STORE_004,EMP_002,PROD_011,5,365.73,0.26,1353.2,credit,CUST_9434,Regular
TXN_202408_009493,2024-08-30,REG_03,STORE_008,EMP_014,PROD_017,2,386.64,0.23,595.43,card,CUST_6802,Regular
TXN_202408_009494,2024-08-17,REG_02,STORE_004,EMP_002,PROD_027,4,212.85,0.2,681.12,mobile,CUST_2934,Regular
TXN_202408_009495,2024-08-20,REG_04,STORE_011,EMP_026,PROD_013,2,269.93,0.14,464.28,cash,CUST_7024,Premium
TXN_202408_009496,2024-08-15,REG_04,STORE_010,EMP_029,PROD_027,2,363.98,0.24,553.25,credit,CUST_8155,Regular
TXN_202408_009497,2024-08-25,REG_07,STORE_019,EMP_007,PROD_020,5,28.64,0.24,108.83,cash,CUST_6257,Premium
TXN_202408_009498,2024-08-14,REG_04,STORE_010,EMP_026,PROD_018,3,400.98,0.04,1154.82,mobile,CUST_6644,VIP
TXN_202408_009499,2024-08-31,REG_08,STORE_022,EMP_023,PROD_020,1,218.67,0.26,161.82,card,CUST_1268,Premium
TXN_202408_009500,2024-08-20,REG_03,STORE_008,EMP_014,PROD_034,1,454.09,0.18,372.35,credit,CUST_6678,Regular
TXN_202408_009501,2024-08-10,REG_01,STORE_002,EMP_001,PROD_017,2,166.94,0.18,273.78,mobile,CUST_6522,Regular
TXN_202408_009502,2024-08-16,REG_03,STORE_008,EMP_003,PROD_005,3,443.58,0.0,1330.74,credit,CUST_9598,New
TXN_202408_009503,2024-08-16,REG_05,STORE_014,EMP_005,PROD_039,5,38.82,0.2,155.28,card,CUST_7870,Regular
TXN_202408_009504,2024-08-15,REG_01,STORE_003,EMP_011,PROD_002,3,400.89,0.07,1118.48,card,CUST_1464,VIP
TXN_202408_009505,2024-08-26,REG_07,STORE_020,EMP_007,PROD_045,5,130.56,0.08,600.58,credit,CUST_2641,New
TXN_202408_009506,2024-08-05,REG_02,STORE_004,EMP_002,PROD_010,3,359.13,0.09,980.42,mobile,CUST_9555,Premium
TXN_202408_009507,2024-08-27,REG_10,STORE_030,EMP_010,PROD_039,5,142.18,0.05,675.36,cash,CUST_4911,Premium
TXN_202408_009508,2024-08-18,REG_06,STORE_016,EMP_006,PROD_017,5,192.98,0.12,849.11,card,CUST_7465,Regular
TXN_202408_009509,2024-08-27,REG_02,STORE_005,EMP_002,PROD_040,2,468.22,0.0,936.44,card,CUST_7073,New
TXN_202408_009510,2024-08-13,REG_04,STORE_011,EMP_030,PROD_049,1,437.03,0.04,419.55,card,CUST_6769,VIP
TXN_202408_009511,2024-08-22,REG_02,STORE_005,EMP_002,PROD_036,5,79.84,0.23,307.38,card,CUST_3347,VIP
TXN_202408_009512,2024-08-31,REG_07,STORE_020,EMP_007,PROD_025,5,266.75,0.03,1293.74,mobile,CUST_4963,New
TXN_202408_009513,2024-08-13,REG_10,STORE_029,EMP_017,PROD_045,2,129.66,0.24,197.08,card,CUST_8550,Premium
TXN_202408_009514,2024-08-22,REG_08,STORE_022,EMP_023,PROD_012,5,128.03,0.03,620.95,cash,CUST_4225,Regular
TXN_202408_009515,2024-08-28,REG_02,STORE_005,EMP_002,PROD_037,4,408.67,0.27,1193.32,card,CUST_5257,New
TXN_202408_009516,2024-08-15,REG_01,STORE_001,EMP_011,PROD_015,1,64.91,0.27,47.38,mobile,CUST_2005,VIP
TXN_202408_009517,2024-08-19,REG_02,STORE_005,EMP_002,PROD_021,2,97.53,0.2,156.05,credit,CUST_6766,Premium
TXN_202408_009518,2024-08-26,REG_07,STORE_019,EMP_007,PROD_019,5,449.73,0.28,1619.03,credit,CUST_9393,Regular
TXN_202408_009519,2024-08-30,REG_01,STORE_002,EMP_019,PROD_018,4,139.03,0.07,517.19,mobile,CUST_3886,New
TXN_202408_009520,2024-08-17,REG_04,STORE_010,EMP_030,PROD_037,3,55.23,0.22,129.24,mobile,CUST_4819,VIP
TXN_202408_009521,2024-08-26,REG_09,STORE_026,EMP_022,PROD_043,2,44.69,0.27,65.25,card,CUST_8989,VIP
TXN_202408_009522,2024-08-24,REG_07,STORE_019,EMP_007,PROD_041,3,366.35,0.16,923.2,credit,CUST_7595,VIP
TXN_202408_009523,2024-08-24,REG_05,STORE_013,EMP_021,PROD_021,2,377.96,0.02,740.8,credit,CUST_6018,New
TXN_202408_009524,2024-08-14,REG_10,STORE_030,EMP_020,PROD_021,1,413.66,0.18,339.2,cash,CUST_9374,New
TXN_202408_009525,2024-08-27,REG_04,STORE_012,EMP_030,PROD_013,1,463.76,0.2,371.01,card,CUST_1447,VIP
TXN_202408_009526,2024-08-15,REG_08,STORE_022,EMP_015,PROD_049,2,371.33,0.29,527.29,card,CUST_3174,VIP
TXN_202408_009527,2024-08-29,REG_03,STORE_007,EMP_003,PROD_018,1,66.9,0.03,64.89,cash,CUST_6544,Premium
TXN_202408_009528,2024-08-24,REG_05,STORE_015,EMP_005,PROD_020,3,145.77,0.16,367.34,credit,CUST_6152,Regular
TXN_202408_009529,2024-08-21,REG_06,STORE_016,EMP_006,PROD_001,1,193.31,0.07,179.78,cash,CUST_3126,New
TXN_202408_009530,2024-08-19,REG_02,STORE_004,EMP_002,PROD_036,5,389.97,0.03,1891.35,card,CUST_3573,VIP
TXN_202408_009531,2024-08-17,REG_03,STORE_008,EMP_003,PROD_017,4,122.77,0.11,437.06,credit,CUST_9485,New
TXN_202408_009532,2024-08-04,REG_02,STORE_006,EMP_002,PROD_021,1,269.73,0.02,264.34,mobile,CUST_7705,Premium
TXN_202408_009533,2024-08-23,REG_09,STORE_025,EMP_025,PROD_034,3,240.29,0.25,540.65,mobile,CUST_2044,New
TXN_202408_009534,2024-08-31,REG_01,STORE_001,EMP_019,PROD_033,5,190.0,0.3,665.0,mobile,CUST_2358,VIP
TXN_202408_009535,2024-08-23,REG_08,STORE_022,EMP_015,PROD_019,2,212.08,0.11,377.5,card,CUST_6668,Premium
TXN_202408_009536,2024-08-24,REG_08,STORE_022,EMP_023,PROD_023,4,148.57,0.09,540.79,credit,CUST_3618,New
TXN_202408_009537,2024-08-08,REG_07,STORE_020,EMP_007,PROD_048,1,443.8,0.01,439.36,cash,CUST_3357,Regular
TXN_202408_009538,2024-08-25,REG_04,STORE_012,EMP_030,PROD_019,5,317.46,0.26,1174.6,cash,CUST_7151,Regular
TXN_202408_009539,2024-08-03,REG_01,STORE_002,EMP_019,PROD_018,5,169.58,0.29,602.01,mobile,CUST_6944,Premium
TXN_202408_009540,2024-08-20,REG_06,STORE_016,EMP_006,PROD_003,4,328.41,0.24,998.37,mobile,CUST_6661,Premium
TXN_202408_009541,2024-08-15,REG_03,STORE_008,EMP_003,PROD_003,5,345.48,0.21,1364.65,card,CUST_6697,Regular
TXN_202408_009542,2024-08-25,REG_09,STORE_025,EMP_025,PROD_009,1,182.23,0.12,160.36,cash,CUST_2402,Regular
TXN_202408_009543,2024-08-01,REG_05,STORE_014,EMP_021,PROD_007,2,193.9,0.06,364.53,card,CUST_2481,New
TXN_202408_009544,2024-08-15,REG_03,STORE_008,EMP_003,PROD_044,5,57.46,0.08,264.32,card,CUST_8369,New
TXN_202408_009545,2024-08-29,REG_10,STORE_028,EMP_028,PROD_005,3,174.93,0.23,404.09,credit,CUST_7831,Premium
TXN_202408_009546,2024-08-25,REG_01,STORE_002,EMP_001,PROD_045,4,416.32,0.1,1498.75,card,CUST_2881,Premium
TXN_202408_009547,2024-08-14,REG_05,STORE_014,EMP_021,PROD_038,4,172.28,0.21,544.4,card,CUST_2686,Regular
TXN_202408_009548,2024-08-24,REG_07,STORE_021,EMP_007,PROD_043,4,325.09,0.19,1053.29,card,CUST_9644,Regular
TXN_202408_009549,2024-08-29,REG_08,STORE_024,EMP_008,PROD_018,5,122.54,0.19,496.29,credit,CUST_8034,Premium
TXN_202408_009550,2024-08-17,REG_08,STORE_023,EMP_023,PROD_007,2,375.86,0.02,736.69,cash,CUST_9463,VIP
TXN_202408_009551,2024-08-26,REG_05,STORE_014,EMP_005,PROD_013,3,81.84,0.1,220.97,cash,CUST_9545,Regular
TXN_202408_009552,2024-08-06,REG_02,STORE_004,EMP_002,PROD_035,1,22.61,0.22,17.64,card,CUST_3734,Regular
TXN_202408_009553,2024-08-22,REG_10,STORE_030,EMP_028,PROD_032,5,271.37,0.28,976.93,cash,CUST_3840,VIP
TXN_202408_009554,2024-08-24,REG_03,STORE_008,EMP_014,PROD_026,5,94.69,0.06,445.04,cash,CUST_2896,VIP
TXN_202408_009555,2024-08-12,REG_07,STORE_021,EMP_007,PROD_041,2,197.0,0.0,394.0,credit,CUST_9998,New
TXN_202408_009556,2024-08-01,REG_01,STORE_003,EMP_001,PROD_041,3,37.53,0.09,102.46,cash,CUST_4140,Regular
TXN_202408_009557,2024-08-15,REG_01,STORE_001,EMP_018,PROD_037,3,357.32,0.14,921.89,cash,CUST_6176,Regular
TXN_202408_009558,2024-08-22,REG_08,STORE_022,EMP_008,PROD_045,1,464.85,0.24,353.29,credit,CUST_4205,VIP
TXN_202408_009559,2024-08-31,REG_08,STORE_022,EMP_023,PROD_035,5,219.77,0.23,846.11,credit,CUST_1350,VIP
TXN_202408_009560,2024-08-25,REG_09,STORE_025,EMP_009,PROD_042,1,40.72,0.1,36.65,mobile,CUST_3394,Regular
TXN_202408_009561,2024-08-02,REG_07,STORE_020,EMP_007,PROD_014,2,306.34,0.29,435.0,credit,CUST_2479,VIP
TXN_202408_009562,2024-08-30,REG_08,STORE_024,EMP_015,PROD_003,2,12.59,0.02,24.68,mobile,CUST_5951,Regular
TXN_202408_009563,2024-08-18,REG_05,STORE_015,EMP_005,PROD_042,4,269.96,0.18,885.47,mobile,CUST_9210,New
TXN_202408_009564,2024-08-29,REG_04,STORE_011,EMP_016,PROD_032,1,313.34,0.08,288.27,card,CUST_8605,Premium
TXN_202408_009565,2024-08-10,REG_06,STORE_016,EMP_006,PROD_048,5,108.83,0.03,527.83,mobile,CUST_3403,Regular
TXN_202408_009566,2024-08-31,REG_08,STORE_024,EMP_023,PROD_008,2,420.61,0.14,723.45,cash,CUST_9590,VIP
TXN_202408_009567,2024-08-27,REG_07,STORE_021,EMP_007,PROD_014,3,213.75,0.08,589.95,credit,CUST_7119,New
TXN_202408_009568,2024-08-06,REG_07,STORE_020,EMP_007,PROD_020,5,425.05,0.19,1721.45,credit,CUST_4537,Premium
TXN_202408_009569,2024-08-14,REG_04,STORE_011,EMP_029,PROD_006,2,360.36,0.28,518.92,mobile,CUST_4196,Regular
TXN_202408_009570,2024-08-05,REG_10,STORE_028,EMP_010,PROD_021,2,68.99,0.16,115.9,card,CUST_2182,New
TXN_202408_009571,2024-08-18,REG_03,STORE_008,EMP_003,PROD_028,1,441.62,0.14,379.79,credit,CUST_8332,VIP
TXN_202408_009572,2024-08-25,REG_03,STORE_009,EMP_014,PROD_037,2,360.55,0.2,576.88,cash,CUST_8135,Regular
TXN_202408_009573,2024-08-13,REG_03,STORE_007,EMP_014,PROD_036,5,127.62,0.21,504.1,credit,CUST_3646,New
TXN_202408_009574,2024-08-22,REG_09,STORE_027,EMP_009,PROD_049,4,162.73,0.29,462.15,cash,CUST_8455,New
TXN_202408_009575,2024-08-14,REG_02,STORE_004,EMP_002,PROD_038,4,357.44,0.18,1172.4,mobile,CUST_7860,Regular
TXN_202408_009576,2024-08-26,REG_01,STORE_001,EMP_019,PROD_031,5,285.87,0.09,1300.71,credit,CUST_6507,VIP
TXN_202408_009577,2024-08-07,REG_08,STORE_022,EMP_015,PROD_047,2,12.68,0.25,19.02,credit,CUST_1598,Premium
TXN_202408_009578,2024-08-12,REG_09,STORE_026,EMP_027,PROD_035,4,134.57,0.21,425.24,credit,CUST_5581,New
TXN_202408_009579,2024-08-01,REG_10,STORE_029,EMP_010,PROD_011,5,232.96,0.15,990.08,cash,CUST_1871,Premium
TXN_202408_009580,2024-08-30,REG_06,STORE_017,EMP_006,PROD_035,2,436.46,0.08,803.09,mobile,CUST_9180,VIP
TXN_202408_009581,2024-08-07,REG_05,STORE_015,EMP_021,PROD_037,1,93.65,0.29,66.49,card,CUST_2710,Regular
TXN_202408_009582,2024-08-10,REG_07,STORE_019,EMP_007,PROD_015,4,480.68,0.14,1653.54,mobile,CUST_4083,New
TXN_202408_009583,2024-08-27,REG_09,STORE_025,EMP_009,PROD_049,3,226.24,0.12,597.27,card,CUST_1262,Regular
TXN_202408_009584,2024-08-03,REG_04,STORE_011,EMP_024,PROD_026,2,377.41,0.26,558.57,credit,CUST_9303,VIP
TXN_202408_009585,2024-08-14,REG_03,STORE_007,EMP_003,PROD_045,2,222.54,0.16,373.87,mobile,CUST_6829,Premium
TXN_202408_009586,2024-08-22,REG_06,STORE_016,EMP_006,PROD_035,5,387.41,0.21,1530.27,mobile,CUST_1717,Regular
TXN_202408_009587,2024-08-20,REG_04,STORE_010,EMP_016,PROD_009,1,200.75,0.18,164.62,card,CUST_8943,New
TXN_202408_009588,2024-08-13,REG_08,STORE_022,EMP_008,PROD_010,4,315.42,0.2,1009.34,cash,CUST_5548,VIP
TXN_202408_009589,2024-08-13,REG_05,STORE_013,EMP_021,PROD_014,1,64.13,0.21,50.66,cash,CUST_7979,Regular
TXN_202408_009590,2024-08-29,REG_04,STORE_011,EMP_029,PROD_030,4,272.24,0.08,1001.84,card,CUST_6669,Premium
TXN_202408_009591,2024-08-26,REG_03,STORE_007,EMP_014,PROD_041,1,104.21,0.23,80.24,card,CUST_5386,VIP
TXN_202408_009592,2024-08-28,REG_07,STORE_021,EMP_007,PROD_024,1,71.42,0.22,55.71,card,CUST_3878,New
TXN_202408_009593,2024-08-06,REG_04,STORE_010,EMP_024,PROD_022,1,119.79,0.11,106.61,mobile,CUST_8349,New
TXN_202408_009594,2024-08-17,REG_03,STORE_009,EMP_014,PROD_009,4,450.01,0.06,1692.04,card,CUST_9105,VIP
TXN_202408_009595,2024-08-08,REG_08,STORE_023,EMP_008,PROD_022,1,209.28,0.28,150.68,mobile,CUST_6957,Premium
TXN_202408_009596,2024-08-11,REG_10,STORE_030,EMP_010,PROD_021,3,463.63,0.03,1349.16,mobile,CUST_4515,Regular
TXN_202408_009597,2024-08-17,REG_08,STORE_023,EMP_012,PROD_010,5,216.6,0.17,898.89,mobile,CUST_9853,VIP
TXN_202408_009598,2024-08-07,REG_03,STORE_007,EMP_014,PROD_014,4,460.25,0.16,1546.44,card,CUST_2265,New
TXN_202408_009599,2024-08-25,REG_07,STORE_019,EMP_007,PROD_020,5,222.33,0.06,1044.95,credit,CUST_2092,Regular
TXN_202408_009600,2024-08-21,REG_10,STORE_028,EMP_020,PROD_017,5,346.69,0.23,1334.76,card,CUST_4740,Premium
TXN_202408_009601,2024-08-28,REG_02,STORE_004,EMP_002,PROD_033,2,156.6,0.27,228.64,cash,CUST_8829,Premium
TXN_202408_009602,2024-08-24,REG_02,STORE_004,EMP_002,PROD_023,5,452.24,0.29,1605.45,credit,CUST_3859,Premium
TXN_202408_009603,2024-08-23,REG_05,STORE_014,EMP_005,PROD_021,5,282.23,0.03,1368.82,cash,CUST_8297,VIP
TXN_202408_009604,2024-08-27,REG_09,STORE_027,EMP_027,PROD_035,3,404.44,0.15,1031.32,cash,CUST_1329,New
TXN_202408_009605,2024-08-20,REG_10,STORE_028,EMP_028,PROD_022,5,112.06,0.05,532.28,cash,CUST_7336,Regular
TXN_202408_009606,2024-08-21,REG_02,STORE_006,EMP_002,PROD_025,1,51.7,0.19,41.88,card,CUST_2676,New
TXN_202408_009607,2024-08-26,REG_06,STORE_018,EMP_006,PROD_021,3,90.57,0.15,230.95,card,CUST_1445,Regular
TXN_202408_009608,2024-08-16,REG_02,STORE_006,EMP_002,PROD_024,2,119.95,0.27,175.13,cash,CUST_1282,Premium
TXN_202408_009609,2024-08-17,REG_03,STORE_007,EMP_014,PROD_020,4,102.06,0.2,326.59,card,CUST_5564,Premium
TXN_202408_009610,2024-08-11,REG_05,STORE_013,EMP_005,PROD_035,1,214.55,0.11,190.95,credit,CUST_8164,VIP
TXN_202408_009611,2024-08-22,REG_02,STORE_005,EMP_002,PROD_050,3,57.64,0.0,172.92,credit,CUST_3738,Regular
TXN_202408_009612,2024-08-11,REG_01,STORE_001,EMP_019,PROD_036,5,103.98,0.11,462.71,cash,CUST_4970,New
TXN_202408_009613,2024-08-24,REG_07,STORE_019,EMP_007,PROD_009,4,293.83,0.26,869.74,mobile,CUST_8482,VIP
TXN_202408_009614,2024-08-07,REG_05,STORE_015,EMP_021,PROD_002,1,106.56,0.09,96.97,credit,CUST_1288,Premium
TXN_202408_009615,2024-08-26,REG_02,STORE_004,EMP_002,PROD_006,5,15.27,0.27,55.74,mobile,CUST_5664,VIP
TXN_202408_009616,2024-08-28,REG_05,STORE_015,EMP_021,PROD_027,1,361.67,0.04,347.2,mobile,CUST_8174,New
TXN_202408_009617,2024-08-26,REG_05,STORE_013,EMP_005,PROD_017,5,60.54,0.09,275.46,credit,CUST_6289,Regular
TXN_202408_009618,2024-08-25,REG_03,STORE_009,EMP_003,PROD_029,2,261.28,0.26,386.69,mobile,CUST_7108,VIP
TXN_202408_009619,2024-08-20,REG_09,STORE_026,EMP_022,PROD_041,5,148.56,0.25,557.1,card,CUST_8463,New
TXN_202408_009620,2024-08-14,REG_01,STORE_003,EMP_001,PROD_020,5,79.8,0.25,299.25,mobile,CUST_4848,New
TXN_202408_009621,2024-08-14,REG_03,STORE_007,EMP_014,PROD_050,2,460.69,0.02,902.95,card,CUST_5742,New
TXN_202408_009622,2024-08-02,REG_02,STORE_006,EMP_002,PROD_015,4,307.56,0.03,1193.33,credit,CUST_2999,VIP
TXN_202408_009623,2024-08-20,REG_03,STORE_007,EMP_014,PROD_044,5,275.23,0.23,1059.64,mobile,CUST_7051,New
TXN_202408_009624,2024-08-11,REG_01,STORE_002,EMP_019,PROD_020,1,127.23,0.01,125.96,credit,CUST_7708,New
TXN_202408_009625,2024-08-30,REG_03,STORE_007,EMP_014,PROD_040,1,283.64,0.23,218.4,credit,CUST_7129,New
TXN_202408_009626,2024-08-20,REG_06,STORE_017,EMP_006,PROD_021,2,185.01,0.05,351.52,cash,CUST_2523,VIP
TXN_202408_009627,2024-08-21,REG_01,STORE_001,EMP_018,PROD_034,1,369.1,0.23,284.21,credit,CUST_7608,VIP
TXN_202408_009628,2024-08-12,REG_06,STORE_017,EMP_006,PROD_009,5,156.2,0.17,648.23,credit,CUST_9689,VIP
TXN_202408_009629,2024-08-15,REG_02,STORE_006,EMP_002,PROD_045,3,186.72,0.3,392.11,card,CUST_5930,VIP
TXN_202408_009630,2024-08-29,REG_09,STORE_025,EMP_009,PROD_008,2,242.64,0.22,378.52,mobile,CUST_8900,Premium
TXN_202408_009631,2024-08-23,REG_05,STORE_015,EMP_021,PROD_044,5,176.09,0.23,677.95,card,CUST_6847,New
TXN_202408_009632,2024-08-01,REG_05,STORE_014,EMP_021,PROD_035,4,12.03,0.11,42.83,card,CUST_3822,Regular
TXN_202408_009633,2024-08-21,REG_01,STORE_003,EMP_019,PROD_049,3,251.21,0.18,617.98,credit,CUST_1932,Premium
TXN_202408_009634,2024-08-17,REG_02,STORE_004,EMP_002,PROD_044,1,185.62,0.2,148.5,card,CUST_8544,Regular
TXN_202408_009635,2024-08-01,REG_10,STORE_030,EMP_017,PROD_007,2,478.05,0.23,736.2,credit,CUST_4868,VIP
TXN_202408_009636,2024-08-15,REG_04,STORE_012,EMP_026,PROD_050,1,295.33,0.08,271.7,credit,CUST_8386,New
TXN_202408_009637,2024-08-16,REG_10,STORE_029,EMP_028,PROD_018,3,475.96,0.22,1113.75,card,CUST_5267,Regular
TXN_202408_009638,2024-08-09,REG_08,STORE_024,EMP_008,PROD_031,5,107.71,0.27,393.14,card,CUST_9504,New
TXN_202408_009639,2024-08-25,REG_06,STORE_018,EMP_006,PROD_009,1,46.3,0.3,32.41,mobile,CUST_5623,Regular
TXN_202408_009640,2024-08-28,REG_04,STORE_011,EMP_024,PROD_022,3,117.77,0.03,342.71,mobile,CUST_3710,Regular
TXN_202408_009641,2024-08-05,REG_07,STORE_019,EMP_007,PROD_045,3,445.67,0.28,962.65,mobile,CUST_7202,Regular
TXN_202408_009642,2024-08-28,REG_09,STORE_026,EMP_009,PROD_013,2,243.69,0.28,350.91,mobile,CUST_4533,New
TXN_202408_009643,2024-08-13,REG_04,STORE_012,EMP_004,PROD_040,3,67.96,0.05,193.69,mobile,CUST_8747,New
TXN_202408_009644,2024-08-16,REG_06,STORE_016,EMP_006,PROD_032,5,206.12,0.17,855.4,mobile,CUST_4248,Premium
TXN_202408_009645,2024-08-25,REG_07,STORE_019,EMP_007,PROD_001,3,77.24,0.3,162.2,cash,CUST_7061,Premium
TXN_202408_009646,2024-08-14,REG_08,STORE_024,EMP_012,PROD_032,1,32.3,0.18,26.49,mobile,CUST_3884,New
TXN_202408_009647,2024-08-08,REG_06,STORE_017,EMP_006,PROD_014,5,34.22,0.06,160.83,credit,CUST_3505,VIP
TXN_202408_009648,2024-08-11,REG_09,STORE_025,EMP_009,PROD_028,4,460.88,0.25,1382.64,credit,CUST_7366,VIP
TXN_202408_009649,2024-08-29,REG_06,STORE_016,EMP_006,PROD_028,2,165.87,0.11,295.25,mobile,CUST_7428,Regular
TXN_202408_009650,2024-08-20,REG_02,STORE_005,EMP_002,PROD_030,3,493.73,0.06,1392.32,credit,CUST_3900,VIP
TXN_202408_009651,2024-08-06,REG_04,STORE_011,EMP_004,PROD_034,5,363.85,0.05,1728.29,cash,CUST_4894,VIP
TXN_202408_009652,2024-08-06,REG_08,STORE_024,EMP_012,PROD_034,3,418.69,0.21,992.3,credit,CUST_6336,Premium
TXN_202408_009653,2024-08-06,REG_05,STORE_014,EMP_005,PROD_031,4,284.34,0.3,796.15,mobile,CUST_9746,Premium
TXN_202408_009654,2024-08-10,REG_01,STORE_002,EMP_018,PROD_036,5,260.98,0.2,1043.92,cash,CUST_6861,Premium
TXN_202408_009655,2024-08-03,REG_07,STORE_021,EMP_007,PROD_042,5,470.87,0.05,2236.63,card,CUST_6860,Premium
TXN_202408_009656,2024-08-01,REG_03,STORE_009,EMP_014,PROD_005,4,52.76,0.06,198.38,card,CUST_5958,New
TXN_202408_009657,2024-08-01,REG_05,STORE_015,EMP_021,PROD_037,1,480.07,0.09,436.86,mobile,CUST_1766,New
TXN_202408_009658,2024-08-03,REG_10,STORE_028,EMP_010,PROD_046,5,450.75,0.23,1735.39,cash,CUST_6108,Premium
TXN_202408_009659,2024-08-09,REG_10,STORE_028,EMP_020,PROD_029,1,175.57,0.13,152.75,mobile,CUST_8029,Premium
TXN_202408_009660,2024-08-29,REG_03,STORE_008,EMP_003,PROD_027,3,32.43,0.19,78.8,cash,CUST_1856,VIP
TXN_202408_009661,2024-08-29,REG_07,STORE_019,EMP_007,PROD_014,2,406.44,0.02,796.62,card,CUST_6053,New
TXN_202408_009662,2024-08-21,REG_07,STORE_020,EMP_007,PROD_022,2,28.31,0.26,41.9,card,CUST_2706,Premium
TXN_202408_009663,2024-08-08,REG_08,STORE_022,EMP_008,PROD_048,2,345.53,0.29,490.65,card,CUST_8390,VIP
TXN_202408_009664,2024-08-10,REG_03,STORE_009,EMP_003,PROD_013,2,322.22,0.27,470.44,cash,CUST_7944,New
TXN_202408_009665,2024-08-14,REG_01,STORE_002,EMP_019,PROD_019,2,262.99,0.24,399.74,cash,CUST_2296,New
TXN_202408_009666,2024-08-02,REG_10,STORE_030,EMP_020,PROD_010,4,84.91,0.01,336.24,mobile,CUST_8428,VIP
TXN_202408_009667,2024-08-18,REG_10,STORE_029,EMP_020,PROD_028,4,208.5,0.02,817.32,cash,CUST_4754,VIP
TXN_202408_009668,2024-08-01,REG_06,STORE_018,EMP_006,PROD_017,4,58.66,0.12,206.48,credit,CUST_2730,Regular
TXN_202408_009669,2024-08-24,REG_02,STORE_006,EMP_002,PROD_022,1,308.61,0.29,219.11,card,CUST_9496,Regular
TXN_202408_009670,2024-08-13,REG_10,STORE_028,EMP_010,PROD_022,1,230.17,0.12,202.55,mobile,CUST_4414,Premium
TXN_202408_009671,2024-08-28,REG_06,STORE_018,EMP_006,PROD_026,5,209.85,0.07,975.8,cash,CUST_5007,Premium
TXN_202408_009672,2024-08-10,REG_01,STORE_003,EMP_011,PROD_045,4,47.21,0.06,177.51,mobile,CUST_6083,New
TXN_202408_009673,2024-08-16,REG_10,STORE_030,EMP_010,PROD_021,5,58.01,0.25,217.54,cash,CUST_1078,Regular
TXN_202408_009674,2024-08-03,REG_04,STORE_011,EMP_024,PROD_029,1,477.49,0.11,424.97,credit,CUST_2408,Premium
TXN_202408_009675,2024-08-13,REG_01,STORE_003,EMP_019,PROD_026,5,10.07,0.18,41.29,cash,CUST_6036,New
TXN_202408_009676,2024-08-14,REG_02,STORE_006,EMP_002,PROD_028,3,296.18,0.04,853.0,mobile,CUST_6563,Premium
TXN_202408_009677,2024-08-25,REG_10,STORE_028,EMP_010,PROD_043,4,385.73,0.27,1126.33,cash,CUST_9294,New
TXN_202408_009678,2024-08-19,REG_10,STORE_028,EMP_010,PROD_048,5,283.44,0.01,1403.03,card,CUST_7590,New
TXN_202408_009679,2024-08-08,REG_06,STORE_016,EMP_006,PROD_024,5,31.56,0.08,145.18,card,CUST_3015,Premium
TXN_202408_009680,2024-08-14,REG_01,STORE_003,EMP_019,PROD_037,5,488.37,0.07,2270.92,cash,CUST_2393,Premium
TXN_202408_009681,2024-08-18,REG_05,STORE_015,EMP_005,PROD_048,1,460.78,0.14,396.27,cash,CUST_8537,Premium
TXN_202408_009682,2024-08-21,REG_01,STORE_003,EMP_011,PROD_004,5,157.0,0.13,682.95,credit,CUST_5519,Premium
TXN_202408_009683,2024-08-13,REG_05,STORE_014,EMP_005,PROD_046,2,190.6,0.03,369.76,mobile,CUST_1802,New
TXN_202408_009684,2024-08-11,REG_05,STORE_013,EMP_021,PROD_018,2,73.9,0.22,115.28,card,CUST_9990,VIP
TXN_202408_009685,2024-08-29,REG_02,STORE_005,EMP_002,PROD_032,3,50.15,0.02,147.44,cash,CUST_7121,VIP
TXN_202408_009686,2024-08-11,REG_03,STORE_009,EMP_014,PROD_040,2,306.86,0.06,576.9,cash,CUST_8874,VIP
TXN_202408_009687,2024-08-27,REG_07,STORE_020,EMP_007,PROD_033,2,290.5,0.13,505.47,mobile,CUST_8632,Premium
TXN_202408_009688,2024-08-17,REG_09,STORE_025,EMP_022,PROD_005,4,402.74,0.17,1337.1,card,CUST_3670,New
TXN_202408_009689,2024-08-26,REG_05,STORE_013,EMP_021,PROD_019,1,384.66,0.22,300.03,card,CUST_4392,VIP
TXN_202408_009690,2024-08-04,REG_09,STORE_027,EMP_009,PROD_020,4,282.75,0.23,870.87,cash,CUST_5369,Regular
TXN_202408_009691,2024-08-24,REG_06,STORE_017,EMP_006,PROD_008,2,432.26,0.13,752.13,mobile,CUST_3564,Premium
TXN_202408_009692,2024-08-20,REG_09,STORE_025,EMP_022,PROD_021,2,91.08,0.19,147.55,cash,CUST_8855,Premium
TXN_202408_009693,2024-08-18,REG_08,STORE_022,EMP_023,PROD_022,3,84.28,0.21,199.74,card,CUST_2226,VIP
TXN_202408_009694,2024-08-21,REG_05,STORE_013,EMP_021,PROD_035,1,117.12,0.09,106.58,cash,CUST_2531,Regular
TXN_202408_009695,2024-08-17,REG_09,STORE_025,EMP_022,PROD_038,4,387.1,0.13,1347.11,card,CUST_8186,Regular
TXN_202408_009696,2024-08-18,REG_07,STORE_021,EMP_007,PROD_002,1,481.97,0.08,443.41,card,CUST_8487,VIP
TXN_202408_009697,2024-08-14,REG_01,STORE_003,EMP_001,PROD_004,1,282.48,0.08,259.88,cash,CUST_9386,VIP
TXN_202408_009698,2024-08-09,REG_06,STORE_017,EMP_006,PROD_047,2,441.31,0.1,794.36,card,CUST_1502,New
TXN_202408_009699,2024-08-05,REG_05,STORE_013,EMP_005,PROD_011,2,121.19,0.18,198.75,credit,CUST_2533,Regular
TXN_202408_009700,2024-08-10,REG_01,STORE_003,EMP_018,PROD_046,3,427.48,0.01,1269.62,card,CUST_3407,Regular
TXN_202408_009701,2024-08-27,REG_09,STORE_026,EMP_025,PROD_002,5,331.56,0.02,1624.64,cash,CUST_5922,Premium
TXN_202408_009702,2024-08-22,REG_09,STORE_027,EMP_027,PROD_020,3,29.58,0.13,77.2,card,CUST_1802,Premium
TXN_202408_009703,2024-08-13,REG_07,STORE_020,EMP_007,PROD_004,1,447.47,0.07,416.15,credit,CUST_8721,New
TXN_202408_009704,2024-08-26,REG_05,STORE_013,EMP_005,PROD_048,2,159.22,0.26,235.65,cash,CUST_3052,Regular
TXN_202408_009705,2024-08-29,REG_07,STORE_020,EMP_007,PROD_027,3,17.38,0.26,38.58,credit,CUST_9715,New
TXN_202408_009706,2024-08-03,REG_09,STORE_027,EMP_027,PROD_017,3,157.45,0.27,344.82,card,CUST_8832,Regular
TXN_202408_009707,2024-08-29,REG_02,STORE_004,EMP_002,PROD_028,4,420.2,0.23,1294.22,credit,CUST_5658,Premium
TXN_202408_009708,2024-08-14,REG_02,STORE_005,EMP_002,PROD_021,5,164.08,0.07,762.97,mobile,CUST_3637,Premium
TXN_202408_009709,2024-08-24,REG_05,STORE_014,EMP_005,PROD_040,5,58.62,0.05,278.44,card,CUST_8376,Regular
TXN_202408_009710,2024-08-17,REG_08,STORE_024,EMP_008,PROD_031,5,165.94,0.26,613.98,credit,CUST_9639,Regular
TXN_202408_009711,2024-08-19,REG_09,STORE_026,EMP_022,PROD_038,2,163.32,0.14,280.91,credit,CUST_4710,Premium
TXN_202408_009712,2024-08-23,REG_10,STORE_029,EMP_013,PROD_021,1,176.3,0.05,167.49,cash,CUST_7434,VIP
TXN_202408_009713,2024-08-14,REG_05,STORE_014,EMP_005,PROD_029,4,453.02,0.02,1775.84,mobile,CUST_2962,VIP
TXN_202408_009714,2024-08-13,REG_04,STORE_012,EMP_029,PROD_005,1,135.14,0.21,106.76,card,CUST_9296,Premium
TXN_202408_009715,2024-08-26,REG_07,STORE_019,EMP_007,PROD_014,5,298.45,0.22,1163.95,cash,CUST_5467,New
TXN_202408_009716,2024-08-03,REG_09,STORE_025,EMP_009,PROD_050,4,389.17,0.18,1276.48,card,CUST_2106,Premium
TXN_202408_009717,2024-08-27,REG_01,STORE_002,EMP_011,PROD_045,5,271.67,0.05,1290.43,credit,CUST_6154,New
TXN_202408_009718,2024-08-08,REG_10,STORE_029,EMP_020,PROD_036,4,290.25,0.15,986.85,cash,CUST_8291,VIP
TXN_202408_009719,2024-08-17,REG_08,STORE_022,EMP_008,PROD_019,3,28.08,0.06,79.19,credit,CUST_7709,New
TXN_202408_009720,2024-08-06,REG_01,STORE_002,EMP_018,PROD_013,3,51.12,0.18,125.76,cash,CUST_7443,VIP
TXN_202408_009721,2024-08-15,REG_01,STORE_002,EMP_001,PROD_037,2,294.96,0.13,513.23,credit,CUST_2642,VIP
TXN_202408_009722,2024-08-13,REG_02,STORE_004,EMP_002,PROD_025,5,496.93,0.28,1788.95,card,CUST_2613,VIP
TXN_202408_009723,2024-08-28,REG_10,STORE_029,EMP_013,PROD_043,4,101.28,0.27,295.74,card,CUST_7902,New
TXN_202408_009724,2024-08-09,REG_05,STORE_015,EMP_021,PROD_035,4,83.9,0.1,302.04,mobile,CUST_8367,Premium
TXN_202408_009725,2024-08-20,REG_05,STORE_015,EMP_005,PROD_037,3,104.73,0.16,263.92,card,CUST_6706,New
TXN_202408_009726,2024-08-02,REG_05,STORE_014,EMP_021,PROD_003,1,218.19,0.1,196.37,mobile,CUST_4045,VIP
TXN_202408_009727,2024-08-23,REG_08,STORE_024,EMP_008,PROD_019,3,62.2,0.02,182.87,credit,CUST_8810,VIP
TXN_202408_009728,2024-08-03,REG_06,STORE_017,EMP_006,PROD_011,5,236.75,0.05,1124.56,mobile,CUST_4131,Premium
TXN_202408_009729,2024-08-08,REG_10,STORE_028,EMP_020,PROD_031,4,76.29,0.0,305.16,credit,CUST_7877,Premium
TXN_202408_009730,2024-08-21,REG_05,STORE_014,EMP_021,PROD_044,2,498.9,0.21,788.26,mobile,CUST_7237,Premium
TXN_202408_009731,2024-08-10,REG_08,STORE_022,EMP_015,PROD_044,3,252.75,0.26,561.11,credit,CUST_5957,Regular
TXN_202408_009732,2024-08-01,REG_01,STORE_003,EMP_001,PROD_031,1,431.86,0.18,354.13,mobile,CUST_2424,VIP
TXN_202408_009733,2024-08-11,REG_09,STORE_025,EMP_009,PROD_018,3,456.49,0.12,1205.13,mobile,CUST_3666,Premium
TXN_202408_009734,2024-08-17,REG_09,STORE_026,EMP_027,PROD_047,2,292.81,0.08,538.77,cash,CUST_4340,Premium
TXN_202408_009735,2024-08-09,REG_10,STORE_028,EMP_017,PROD_014,3,321.1,0.17,799.54,cash,CUST_1142,VIP
TXN_202408_009736,2024-08-14,REG_04,STORE_012,EMP_026,PROD_028,5,34.17,0.15,145.22,credit,CUST_6533,New
TXN_202408_009737,2024-08-20,REG_10,STORE_028,EMP_020,PROD_024,5,461.95,0.02,2263.55,cash,CUST_2794,VIP
TXN_202408_009738,2024-08-03,REG_09,STORE_025,EMP_025,PROD_026,5,406.13,0.1,1827.59,mobile,CUST_7509,Premium
TXN_202408_009739,2024-08-23,REG_04,STORE_012,EMP_016,PROD_003,3,421.27,0.08,1162.71,mobile,CUST_7889,Regular
TXN_202408_009740,2024-08-26,REG_08,STORE_022,EMP_008,PROD_029,3,388.89,0.26,863.34,mobile,CUST_9111,Regular
TXN_202408_009741,2024-08-22,REG_08,STORE_022,EMP_015,PROD_017,1,321.57,0.09,292.63,card,CUST_4392,Premium
TXN_202408_009742,2024-08-24,REG_09,STORE_027,EMP_022,PROD_037,1,487.45,0.2,389.96,cash,CUST_7020,VIP
TXN_202408_009743,2024-08-01,REG_06,STORE_018,EMP_006,PROD_010,3,223.81,0.25,503.57,card,CUST_6031,Premium
TXN_202408_009744,2024-08-13,REG_04,STORE_011,EMP_030,PROD_050,1,357.19,0.19,289.32,credit,CUST_2248,New
TXN_202408_009745,2024-08-26,REG_07,STORE_021,EMP_007,PROD_015,1,191.58,0.06,180.09,mobile,CUST_8511,Premium
TXN_202408_009746,2024-08-26,REG_04,STORE_010,EMP_029,PROD_047,3,84.41,0.3,177.26,credit,CUST_8506,VIP
TXN_202408_009747,2024-08-21,REG_05,STORE_014,EMP_021,PROD_007,5,316.86,0.03,1536.77,credit,CUST_6100,Regular
TXN_202408_009748,2024-08-06,REG_04,STORE_011,EMP_004,PROD_045,1,181.63,0.13,158.02,credit,CUST_5661,Regular
TXN_202408_009749,2024-08-19,REG_08,STORE_024,EMP_015,PROD_034,1,95.9,0.2,76.72,mobile,CUST_3806,New
TXN_202408_009750,2024-08-12,REG_03,STORE_009,EMP_003,PROD_027,2,447.82,0.15,761.29,mobile,CUST_7446,Premium
TXN_202408_009751,2024-08-11,REG_08,STORE_023,EMP_008,PROD_019,5,423.07,0.06,1988.43,card,CUST_4372,Regular
TXN_202408_009752,2024-08-29,REG_02,STORE_004,EMP_002,PROD_009,5,257.68,0.22,1004.95,cash,CUST_6956,Regular
TXN_202408_009753,2024-08-22,REG_05,STORE_013,EMP_021,PROD_020,5,346.0,0.16,1453.2,card,CUST_1776,Premium
TXN_202408_009754,2024-08-25,REG_10,STORE_028,EMP_017,PROD_036,2,231.63,0.25,347.44,cash,CUST_6698,VIP
TXN_202408_009755,2024-08-24,REG_09,STORE_026,EMP_025,PROD_018,3,220.07,0.17,547.97,credit,CUST_7460,VIP
TXN_202408_009756,2024-08-05,REG_04,STORE_012,EMP_029,PROD_039,2,37.97,0.2,60.75,cash,CUST_2003,New
TXN_202408_009757,2024-08-24,REG_05,STORE_013,EMP_021,PROD_039,3,154.61,0.11,412.81,cash,CUST_1762,New
TXN_202408_009758,2024-08-10,REG_09,STORE_027,EMP_009,PROD_002,1,193.16,0.11,171.91,mobile,CUST_7897,New
TXN_202408_009759,2024-08-14,REG_08,STORE_022,EMP_012,PROD_011,3,414.24,0.28,894.76,credit,CUST_1701,VIP
TXN_202408_009760,2024-08-15,REG_02,STORE_004,EMP_002,PROD_044,1,398.84,0.07,370.92,card,CUST_8235,Premium
TXN_202408_009761,2024-08-28,REG_05,STORE_015,EMP_021,PROD_027,2,232.82,0.0,465.64,credit,CUST_5620,VIP
TXN_202408_009762,2024-08-14,REG_10,STORE_030,EMP_020,PROD_016,2,121.8,0.1,219.24,cash,CUST_8783,Regular
TXN_202408_009763,2024-08-12,REG_07,STORE_020,EMP_007,PROD_001,4,181.57,0.02,711.75,mobile,CUST_6638,New
TXN_202408_009764,2024-08-15,REG_10,STORE_028,EMP_020,PROD_035,4,74.64,0.18,244.82,credit,CUST_7664,VIP
TXN_202408_009765,2024-08-26,REG_09,STORE_025,EMP_022,PROD_022,5,451.93,0.01,2237.05,cash,CUST_4871,New
TXN_202408_009766,2024-08-03,REG_02,STORE_006,EMP_002,PROD_010,1,154.18,0.04,148.01,cash,CUST_1957,VIP
TXN_202408_009767,2024-08-11,REG_03,STORE_009,EMP_014,PROD_001,5,105.43,0.11,469.16,card,CUST_6136,VIP
TXN_202408_009768,2024-08-26,REG_02,STORE_006,EMP_002,PROD_016,4,99.68,0.12,350.87,credit,CUST_2466,Premium
TXN_202408_009769,2024-08-12,REG_01,STORE_002,EMP_011,PROD_006,4,184.82,0.1,665.35,cash,CUST_1782,Regular
TXN_202408_009770,2024-08-04,REG_02,STORE_004,EMP_002,PROD_045,3,24.46,0.16,61.64,card,CUST_4831,Premium
TXN_202408_009771,2024-08-21,REG_10,STORE_028,EMP_017,PROD_015,4,69.52,0.17,230.81,card,CUST_2502,VIP
TXN_202408_009772,2024-08-01,REG_05,STORE_013,EMP_005,PROD_017,1,27.73,0.08,25.51,credit,CUST_1226,Regular
TXN_202408_009773,2024-08-21,REG_04,STORE_010,EMP_026,PROD_025,2,486.04,0.16,816.55,credit,CUST_5510,VIP
TXN_202408_009774,2024-08-22,REG_02,STORE_005,EMP_002,PROD_022,5,311.92,0.26,1154.1,mobile,CUST_1365,New
TXN_202408_009775,2024-08-28,REG_09,STORE_025,EMP_025,PROD_003,3,362.72,0.22,848.76,card,CUST_3591,Regular
TXN_202408_009776,2024-08-06,REG_05,STORE_014,EMP_021,PROD_020,2,266.63,0.16,447.94,credit,CUST_1825,New
TXN_202408_009777,2024-08-11,REG_01,STORE_001,EMP_018,PROD_021,3,384.41,0.07,1072.5,mobile,CUST_3214,Regular
TXN_202408_009778,2024-08-29,REG_01,STORE_003,EMP_011,PROD_024,4,261.88,0.2,838.02,mobile,CUST_7306,VIP
TXN_202408_009779,2024-08-29,REG_07,STORE_020,EMP_007,PROD_001,5,199.75,0.06,938.82,cash,CUST_5684,Premium
TXN_202408_009780,2024-08-15,REG_08,STORE_024,EMP_023,PROD_016,5,464.54,0.3,1625.89,mobile,CUST_7839,New
TXN_202408_009781,2024-08-27,REG_07,STORE_019,EMP_007,PROD_037,3,26.81,0.23,61.93,mobile,CUST_4243,VIP
TXN_202408_009782,2024-08-07,REG_02,STORE_006,EMP_002,PROD_025,4,388.96,0.27,1135.76,mobile,CUST_7008,New
TXN_202408_009783,2024-08-17,REG_01,STORE_001,EMP_019,PROD_029,3,397.74,0.03,1157.42,card,CUST_5558,New
TXN_202408_009784,2024-08-29,REG_10,STORE_030,EMP_020,PROD_008,4,194.97,0.16,655.1,mobile,CUST_9821,New
TXN_202408_009785,2024-08-20,REG_01,STORE_002,EMP_001,PROD_033,2,11.03,0.17,18.31,card,CUST_9103,Regular
TXN_202408_009786,2024-08-04,REG_01,STORE_002,EMP_011,PROD_032,1,493.82,0.17,409.87,credit,CUST_1999,Premium
TXN_202408_009787,2024-08-12,REG_06,STORE_017,EMP_006,PROD_042,5,352.96,0.06,1658.91,card,CUST_5540,VIP
TXN_202408_009788,2024-08-10,REG_06,STORE_017,EMP_006,PROD_019,1,34.67,0.29,24.62,mobile,CUST_9230,VIP
TXN_202408_009789,2024-08-18,REG_02,STORE_005,EMP_002,PROD_006,5,393.99,0.1,1772.96,mobile,CUST_8592,New
TXN_202408_009790,2024-08-17,REG_02,STORE_006,EMP_002,PROD_029,2,82.11,0.0,164.22,card,CUST_4134,VIP
TXN_202408_009791,2024-08-12,REG_01,STORE_001,EMP_011,PROD_031,5,180.94,0.01,895.65,cash,CUST_7025,Premium
TXN_202408_009792,2024-08-10,REG_06,STORE_018,EMP_006,PROD_004,1,73.15,0.23,56.33,mobile,CUST_9853,New
TXN_202408_009793,2024-08-23,REG_05,STORE_014,EMP_005,PROD_007,4,35.93,0.14,123.6,card,CUST_7970,New
TXN_202408_009794,2024-08-10,REG_10,STORE_028,EMP_017,PROD_030,2,464.02,0.09,844.52,card,CUST_3619,New
TXN_202408_009795,2024-08-28,REG_05,STORE_013,EMP_021,PROD_029,5,246.98,0.02,1210.2,cash,CUST_8173,Regular
TXN_202408_009796,2024-08-29,REG_07,STORE_021,EMP_007,PROD_004,5,316.16,0.07,1470.14,credit,CUST_2350,VIP
TXN_202408_009797,2024-08-16,REG_10,STORE_030,EMP_013,PROD_043,1,298.49,0.28,214.91,credit,CUST_6736,VIP
TXN_202408_009798,2024-08-29,REG_04,STORE_011,EMP_024,PROD_023,5,482.54,0.28,1737.14,cash,CUST_4420,New
TXN_202408_009799,2024-08-28,REG_07,STORE_021,EMP_007,PROD_025,4,357.17,0.01,1414.39,mobile,CUST_3125,Premium
TXN_202408_009800,2024-08-22,REG_03,STORE_008,EMP_014,PROD_042,5,373.94,0.26,1383.58,credit,CUST_8167,New
TXN_202408_009801,2024-08-29,REG_04,STORE_011,EMP_030,PROD_038,1,268.45,0.21,212.08,cash,CUST_5889,VIP
TXN_202408_009802,2024-08-27,REG_03,STORE_007,EMP_014,PROD_006,3,369.45,0.02,1086.18,cash,CUST_7179,New
TXN_202408_009803,2024-08-18,REG_08,STORE_024,EMP_015,PROD_044,1,332.31,0.2,265.85,card,CUST_3388,Regular
TXN_202408_009804,2024-08-03,REG_01,STORE_002,EMP_001,PROD_029,3,117.91,0.11,314.82,card,CUST_8843,Regular
TXN_202408_009805,2024-08-03,REG_01,STORE_001,EMP_011,PROD_041,2,136.48,0.15,232.02,credit,CUST_3075,Premium
TXN_202408_009806,2024-08-28,REG_07,STORE_021,EMP_007,PROD_034,4,65.37,0.07,243.18,card,CUST_3347,Premium
TXN_202408_009807,2024-08-24,REG_08,STORE_023,EMP_012,PROD_015,4,125.28,0.18,410.92,credit,CUST_7446,New
TXN_202408_009808,2024-08-11,REG_09,STORE_026,EMP_022,PROD_009,3,248.05,0.09,677.18,card,CUST_2159,New
TXN_202408_009809,2024-08-20,REG_05,STORE_013,EMP_021,PROD_004,5,470.31,0.13,2045.85,card,CUST_7804,Regular
TXN_202408_009810,2024-08-18,REG_08,STORE_022,EMP_015,PROD_004,1,434.68,0.2,347.74,mobile,CUST_4329,Regular
TXN_202408_009811,2024-08-28,REG_09,STORE_025,EMP_027,PROD_001,4,320.89,0.16,1078.19,cash,CUST_9493,New
TXN_202408_009812,2024-08-27,REG_08,STORE_023,EMP_015,PROD_049,3,470.96,0.16,1186.82,mobile,CUST_2139,New
TXN_202408_009813,2024-08-19,REG_08,STORE_023,EMP_023,PROD_039,3,338.14,0.29,720.24,credit,CUST_6146,Regular
TXN_202408_009814,2024-08-07,REG_03,STORE_007,EMP_003,PROD_032,3,433.35,0.15,1105.04,credit,CUST_3503,Premium
TXN_202408_009815,2024-08-19,REG_05,STORE_015,EMP_021,PROD_005,3,108.86,0.13,284.12,mobile,CUST_3247,Regular
TXN_202408_009816,2024-08-24,REG_08,STORE_022,EMP_023,PROD_035,2,344.08,0.22,536.76,credit,CUST_5925,New
TXN_202408_009817,2024-08-11,REG_06,STORE_018,EMP_006,PROD_026,5,487.81,0.24,1853.68,mobile,CUST_6400,Regular
TXN_202408_009818,2024-08-04,REG_05,STORE_014,EMP_021,PROD_048,2,204.52,0.26,302.69,card,CUST_4032,Regular
TXN_202408_009819,2024-08-28,REG_07,STORE_020,EMP_007,PROD_037,1,205.21,0.26,151.86,card,CUST_2720,VIP
TXN_202408_009820,2024-08-10,REG_08,STORE_022,EMP_012,PROD_019,3,304.81,0.26,676.68,mobile,CUST_2117,Regular
TXN_202408_009821,2024-08-26,REG_10,STORE_028,EMP_017,PROD_040,2,302.8,0.02,593.49,credit,CUST_9610,Premium
TXN_202408_009822,2024-08-31,REG_05,STORE_014,EMP_021,PROD_027,4,346.86,0.13,1207.07,cash,CUST_8977,New
TXN_202408_009823,2024-08-27,REG_06,STORE_018,EMP_006,PROD_007,5,395.42,0.23,1522.37,credit,CUST_9189,Regular
TXN_202408_009824,2024-08-11,REG_02,STORE_004,EMP_002,PROD_017,2,106.21,0.23,163.56,credit,CUST_6117,VIP
TXN_202408_009825,2024-08-30,REG_02,STORE_006,EMP_002,PROD_006,5,378.55,0.07,1760.26,mobile,CUST_8265,VIP
TXN_202408_009826,2024-08-19,REG_07,STORE_019,EMP_007,PROD_006,3,278.47,0.14,718.45,card,CUST_5372,New
TXN_202408_009827,2024-08-22,REG_07,STORE_021,EMP_007,PROD_034,4,173.54,0.04,666.39,mobile,CUST_3811,Regular
TXN_202408_009828,2024-08-17,REG_01,STORE_003,EMP_018,PROD_014,4,233.96,0.05,889.05,mobile,CUST_8844,Regular
TXN_202408_009829,2024-08-30,REG_07,STORE_021,EMP_007,PROD_032,2,97.75,0.1,175.95,credit,CUST_4716,Premium
TXN_202408_009830,2024-08-06,REG_01,STORE_003,EMP_011,PROD_009,5,40.84,0.27,149.07,credit,CUST_8323,VIP
TXN_202408_009831,2024-08-01,REG_05,STORE_015,EMP_021,PROD_002,3,226.4,0.01,672.41,card,CUST_1644,Regular
TXN_202408_009832,2024-08-02,REG_09,STORE_025,EMP_009,PROD_034,1,86.41,0.11,76.9,card,CUST_2214,New
TXN_202408_009833,2024-08-06,REG_04,STORE_012,EMP_026,PROD_005,5,353.27,0.12,1554.39,credit,CUST_5638,Regular
TXN_202408_009834,2024-08-06,REG_09,STORE_025,EMP_022,PROD_028,1,332.87,0.17,276.28,credit,CUST_9463,Regular
TXN_202408_009835,2024-08-31,REG_01,STORE_002,EMP_018,PROD_019,3,265.04,0.22,620.19,credit,CUST_8411,VIP
TXN_202408_009836,2024-08-18,REG_06,STORE_018,EMP_006,PROD_007,2,447.58,0.27,653.47,card,CUST_5429,Premium
TXN_202408_009837,2024-08-17,REG_08,STORE_024,EMP_015,PROD_015,2,475.31,0.18,779.51,cash,CUST_7477,VIP
TXN_202408_009838,2024-08-03,REG_04,STORE_011,EMP_016,PROD_047,1,149.23,0.2,119.38,mobile,CUST_9429,Premium
TXN_202408_009839,2024-08-19,REG_02,STORE_005,EMP_002,PROD_010,2,94.02,0.08,173.0,mobile,CUST_3096,Premium
TXN_202408_009840,2024-08-09,REG_07,STORE_019,EMP_007,PROD_050,1,458.05,0.01,453.47,credit,CUST_4214,Premium
TXN_202408_009841,2024-08-23,REG_07,STORE_019,EMP_007,PROD_012,4,250.63,0.03,972.44,credit,CUST_2665,Regular
TXN_202408_009842,2024-08-07,REG_10,STORE_030,EMP_020,PROD_035,1,496.43,0.03,481.54,mobile,CUST_3832,VIP
TXN_202408_009843,2024-08-14,REG_06,STORE_018,EMP_006,PROD_044,1,249.73,0.08,229.75,credit,CUST_5524,New
TXN_202408_009844,2024-08-28,REG_04,STORE_012,EMP_030,PROD_013,1,211.44,0.13,183.95,mobile,CUST_2414,VIP
TXN_202408_009845,2024-08-28,REG_04,STORE_012,EMP_026,PROD_049,1,328.93,0.17,273.01,card,CUST_1214,Regular
TXN_202408_009846,2024-08-25,REG_05,STORE_015,EMP_021,PROD_027,5,218.44,0.02,1070.36,cash,CUST_3283,VIP
TXN_202408_009847,2024-08-23,REG_07,STORE_019,EMP_007,PROD_012,5,242.8,0.13,1056.18,mobile,CUST_1784,VIP
TXN_202408_009848,2024-08-13,REG_06,STORE_016,EMP_006,PROD_022,5,201.01,0.11,894.49,credit,CUST_7390,Premium
TXN_202408_009849,2024-08-16,REG_09,STORE_026,EMP_025,PROD_035,1,459.16,0.01,454.57,mobile,CUST_7569,VIP
TXN_202408_009850,2024-08-01,REG_10,STORE_029,EMP_020,PROD_023,5,234.9,0.11,1045.31,mobile,CUST_2951,VIP
TXN_202408_009851,2024-08-09,REG_01,STORE_001,EMP_018,PROD_014,1,134.63,0.22,105.01,cash,CUST_6748,Premium
TXN_202408_009852,2024-08-13,REG_07,STORE_021,EMP_007,PROD_048,2,84.0,0.15,142.8,credit,CUST_5550,VIP
TXN_202408_009853,2024-08-06,REG_03,STORE_007,EMP_003,PROD_003,4,451.95,0.1,1627.02,cash,CUST_5439,Regular
TXN_202408_009854,2024-08-24,REG_09,STORE_027,EMP_022,PROD_032,2,231.11,0.08,425.24,mobile,CUST_9413,New
TXN_202408_009855,2024-08-01,REG_01,STORE_001,EMP_001,PROD_006,5,216.09,0.3,756.31,mobile,CUST_7507,Premium
TXN_202408_009856,2024-08-17,REG_10,STORE_030,EMP_010,PROD_046,1,477.61,0.11,425.07,card,CUST_2866,New
TXN_202408_009857,2024-08-18,REG_08,STORE_024,EMP_015,PROD_020,2,174.65,0.13,303.89,cash,CUST_3885,Premium
TXN_202408_009858,2024-08-28,REG_07,STORE_019,EMP_007,PROD_020,1,83.06,0.03,80.57,card,CUST_6526,Regular
TXN_202408_009859,2024-08-01,REG_07,STORE_021,EMP_007,PROD_013,2,133.63,0.24,203.12,card,CUST_8521,New
TXN_202408_009860,2024-08-18,REG_03,STORE_009,EMP_014,PROD_049,4,416.37,0.24,1265.76,mobile,CUST_3270,Regular
TXN_202408_009861,2024-08-27,REG_04,STORE_011,EMP_029,PROD_043,2,53.87,0.26,79.73,credit,CUST_9967,Regular
TXN_202408_009862,2024-08-04,REG_05,STORE_013,EMP_005,PROD_030,1,470.0,0.0,470.0,cash,CUST_4915,New
TXN_202408_009863,2024-08-01,REG_06,STORE_016,EMP_006,PROD_022,4,281.81,0.16,946.88,credit,CUST_1853,VIP
TXN_202408_009864,2024-08-10,REG_03,STORE_007,EMP_003,PROD_026,5,413.19,0.22,1611.44,cash,CUST_6339,New
TXN_202408_009865,2024-08-28,REG_06,STORE_017,EMP_006,PROD_042,2,97.41,0.03,188.98,credit,CUST_3929,VIP
TXN_202408_009866,2024-08-14,REG_05,STORE_014,EMP_005,PROD_042,3,167.13,0.09,456.26,credit,CUST_4226,New
TXN_202408_009867,2024-08-30,REG_01,STORE_002,EMP_011,PROD_012,3,481.3,0.15,1227.32,mobile,CUST_1596,Regular
TXN_202408_009868,2024-08-17,REG_08,STORE_024,EMP_023,PROD_003,2,129.99,0.02,254.78,cash,CUST_4739,Premium
TXN_202408_009869,2024-08-13,REG_04,STORE_010,EMP_016,PROD_025,1,29.66,0.04,28.47,mobile,CUST_3959,Regular
TXN_202408_009870,2024-08-07,REG_03,STORE_009,EMP_014,PROD_041,4,82.33,0.02,322.73,credit,CUST_5048,Regular
TXN_202408_009871,2024-08-13,REG_06,STORE_018,EMP_006,PROD_011,4,103.84,0.02,407.05,cash,CUST_2397,Premium
TXN_202408_009872,2024-08-25,REG_07,STORE_021,EMP_007,PROD_031,5,376.27,0.01,1862.54,card,CUST_9809,New
TXN_202408_009873,2024-08-02,REG_06,STORE_016,EMP_006,PROD_032,5,114.9,0.28,413.64,mobile,CUST_5819,VIP
TXN_202408_009874,2024-08-15,REG_07,STORE_019,EMP_007,PROD_050,3,247.02,0.18,607.67,cash,CUST_9351,VIP
TXN_202408_009875,2024-08-08,REG_10,STORE_029,EMP_020,PROD_020,4,232.36,0.17,771.44,credit,CUST_1823,New
TXN_202408_009876,2024-08-03,REG_03,STORE_008,EMP_014,PROD_007,4,153.89,0.25,461.67,credit,CUST_4144,Regular
TXN_202408_009877,2024-08-17,REG_02,STORE_006,EMP_002,PROD_029,2,255.49,0.21,403.67,credit,CUST_8548,VIP
TXN_202408_009878,2024-08-26,REG_06,STORE_018,EMP_006,PROD_008,2,56.84,0.29,80.71,credit,CUST_5513,Regular
TXN_202408_009879,2024-08-22,REG_07,STORE_019,EMP_007,PROD_022,1,182.98,0.2,146.38,credit,CUST_3289,New
TXN_202408_009880,2024-08-15,REG_05,STORE_013,EMP_021,PROD_044,1,307.78,0.21,243.15,cash,CUST_9790,Regular
TXN_202408_009881,2024-08-29,REG_02,STORE_004,EMP_002,PROD_005,2,69.45,0.27,101.4,credit,CUST_7738,Regular
TXN_202408_009882,2024-08-09,REG_03,STORE_007,EMP_014,PROD_040,4,470.92,0.08,1732.99,card,CUST_4923,Premium
TXN_202408_009883,2024-08-09,REG_09,STORE_025,EMP_009,PROD_022,1,355.46,0.26,263.04,mobile,CUST_2229,VIP
TXN_202408_009884,2024-08-29,REG_07,STORE_020,EMP_007,PROD_032,3,162.56,0.07,453.54,card,CUST_7049,Premium
TXN_202408_009885,2024-08-21,REG_01,STORE_002,EMP_019,PROD_024,4,208.06,0.06,782.31,cash,CUST_7504,VIP
TXN_202408_009886,2024-08-27,REG_08,STORE_024,EMP_008,PROD_007,1,315.46,0.07,293.38,cash,CUST_4029,Premium
TXN_202408_009887,2024-08-28,REG_03,STORE_007,EMP_003,PROD_050,1,77.52,0.08,71.32,mobile,CUST_7430,Regular
TXN_202408_009888,2024-08-21,REG_07,STORE_020,EMP_007,PROD_020,2,119.68,0.03,232.18,card,CUST_6897,Premium
TXN_202408_009889,2024-08-17,REG_02,STORE_004,EMP_002,PROD_037,1,443.32,0.27,323.62,card,CUST_5537,Regular
TXN_202408_009890,2024-08-20,REG_05,STORE_015,EMP_021,PROD_007,4,312.74,0.06,1175.9,credit,CUST_9574,Premium
TXN_202408_009891,2024-08-01,REG_04,STORE_011,EMP_016,PROD_035,2,76.61,0.08,140.96,cash,CUST_4256,Regular
TXN_202408_009892,2024-08-12,REG_04,STORE_010,EMP_026,PROD_041,2,187.77,0.12,330.48,card,CUST_9830,VIP
TXN_202408_009893,2024-08-03,REG_01,STORE_003,EMP_011,PROD_044,3,475.93,0.0,1427.79,card,CUST_3392,Premium
TXN_202408_009894,2024-08-26,REG_09,STORE_025,EMP_025,PROD_035,1,56.44,0.29,40.07,cash,CUST_1364,New
TXN_202408_009895,2024-08-21,REG_04,STORE_011,EMP_029,PROD_002,5,59.39,0.0,296.95,cash,CUST_1142,Regular
TXN_202408_009896,2024-08-20,REG_09,STORE_027,EMP_025,PROD_048,3,383.52,0.25,862.92,credit,CUST_7642,Premium
TXN_202408_009897,2024-08-19,REG_03,STORE_007,EMP_014,PROD_005,3,351.37,0.11,938.16,card,CUST_4517,Regular
TXN_202408_009898,2024-08-13,REG_10,STORE_030,EMP_013,PROD_024,3,205.91,0.19,500.36,mobile,CUST_6296,Regular
TXN_202408_009899,2024-08-27,REG_03,STORE_008,EMP_003,PROD_039,2,359.01,0.07,667.76,card,CUST_4804,Regular
TXN_202408_009900,2024-08-02,REG_06,STORE_016,EMP_006,PROD_007,4,222.82,0.28,641.72,credit,CUST_9228,Regular
TXN_202408_009901,2024-08-31,REG_04,STORE_011,EMP_004,PROD_041,1,12.59,0.23,9.69,credit,CUST_2855,New
TXN_202408_009902,2024-08-26,REG_05,STORE_013,EMP_021,PROD_002,5,137.16,0.13,596.65,mobile,CUST_4036,VIP
TXN_202408_009903,2024-08-09,REG_10,STORE_029,EMP_020,PROD_022,3,224.01,0.01,665.31,cash,CUST_1547,Regular
TXN_202408_009904,2024-08-26,REG_01,STORE_002,EMP_018,PROD_034,2,201.83,0.23,310.82,card,CUST_6647,Premium
TXN_202408_009905,2024-08-15,REG_07,STORE_021,EMP_007,PROD_031,5,432.53,0.15,1838.25,credit,CUST_4743,Premium
TXN_202408_009906,2024-08-04,REG_10,STORE_029,EMP_013,PROD_041,2,411.64,0.1,740.95,card,CUST_8664,VIP
TXN_202408_009907,2024-08-24,REG_06,STORE_017,EMP_006,PROD_020,2,365.61,0.21,577.66,cash,CUST_9643,Regular
TXN_202408_009908,2024-08-16,REG_06,STORE_018,EMP_006,PROD_011,2,457.37,0.28,658.61,card,CUST_6091,Premium
TXN_202408_009909,2024-08-03,REG_09,STORE_026,EMP_027,PROD_033,5,303.59,0.02,1487.59,credit,CUST_2580,Regular
TXN_202408_009910,2024-08-09,REG_08,STORE_023,EMP_023,PROD_042,4,374.27,0.02,1467.14,cash,CUST_4443,VIP
TXN_202408_009911,2024-08-27,REG_02,STORE_006,EMP_002,PROD_023,3,24.64,0.18,60.61,card,CUST_8241,Regular
TXN_202408_009912,2024-08-25,REG_03,STORE_007,EMP_014,PROD_050,1,314.82,0.03,305.38,cash,CUST_7653,VIP
TXN_202408_009913,2024-08-13,REG_08,STORE_022,EMP_008,PROD_002,2,356.47,0.29,506.19,mobile,CUST_3635,VIP
TXN_202408_009914,2024-08-31,REG_05,STORE_013,EMP_021,PROD_016,5,498.55,0.16,2093.91,cash,CUST_3726,New
TXN_202408_009915,2024-08-26,REG_04,STORE_012,EMP_016,PROD_036,1,64.54,0.15,54.86,credit,CUST_7902,Premium
TXN_202408_009916,2024-08-17,REG_07,STORE_021,EMP_007,PROD_042,5,223.31,0.08,1027.23,mobile,CUST_3461,VIP
TXN_202408_009917,2024-08-14,REG_09,STORE_027,EMP_022,PROD_023,1,215.37,0.27,157.22,mobile,CUST_6953,Regular
TXN_202408_009918,2024-08-11,REG_05,STORE_014,EMP_005,PROD_048,4,69.26,0.03,268.73,credit,CUST_9278,New
TXN_202408_009919,2024-08-25,REG_07,STORE_021,EMP_007,PROD_006,3,88.01,0.2,211.22,card,CUST_8162,Regular
TXN_202408_009920,2024-08-02,REG_02,STORE_004,EMP_002,PROD_016,2,483.43,0.06,908.85,credit,CUST_8544,Regular
TXN_202408_009921,2024-08-21,REG_10,STORE_030,EMP_020,PROD_016,3,227.64,0.08,628.29,credit,CUST_4888,New
TXN_202408_009922,2024-08-07,REG_09,STORE_025,EMP_022,PROD_014,4,330.73,0.16,1111.25,cash,CUST_4500,VIP
TXN_202408_009923,2024-08-24,REG_03,STORE_009,EMP_014,PROD_007,2,211.99,0.0,423.98,mobile,CUST_1285,VIP
TXN_202408_009924,2024-08-16,REG_01,STORE_003,EMP_011,PROD_036,5,206.03,0.05,978.64,card,CUST_6562,VIP
TXN_202408_009925,2024-08-15,REG_08,STORE_022,EMP_008,PROD_005,3,475.19,0.05,1354.29,mobile,CUST_5482,Premium
TXN_202408_009926,2024-08-17,REG_05,STORE_013,EMP_021,PROD_006,3,121.86,0.0,365.58,mobile,CUST_5688,VIP
TXN_202408_009927,2024-08-10,REG_08,STORE_022,EMP_012,PROD_002,1,459.0,0.19,371.79,credit,CUST_3410,Premium
TXN_202408_009928,2024-08-23,REG_03,STORE_009,EMP_014,PROD_035,4,241.64,0.17,802.24,cash,CUST_6370,Premium
TXN_202408_009929,2024-08-30,REG_02,STORE_005,EMP_002,PROD_025,4,302.2,0.29,858.25,cash,CUST_1585,New
TXN_202408_009930,2024-08-01,REG_01,STORE_003,EMP_018,PROD_014,2,178.06,0.23,274.21,card,CUST_3352,New
TXN_202408_009931,2024-08-15,REG_07,STORE_021,EMP_007,PROD_013,1,205.7,0.26,152.22,cash,CUST_2247,Premium
TXN_202408_009932,2024-08-11,REG_03,STORE_008,EMP_014,PROD_028,3,203.27,0.22,475.65,cash,CUST_9374,Regular
TXN_202408_009933,2024-08-12,REG_03,STORE_009,EMP_014,PROD_016,2,345.16,0.01,683.42,card,CUST_4931,Regular
TXN_202408_009934,2024-08-15,REG_06,STORE_017,EMP_006,PROD_031,2,87.72,0.08,161.4,mobile,CUST_2845,New
TXN_202408_009935,2024-08-02,REG_09,STORE_025,EMP_009,PROD_043,3,246.66,0.11,658.58,credit,CUST_3501,Premium
TXN_202408_009936,2024-08-24,REG_07,STORE_021,EMP_007,PROD_038,3,335.47,0.02,986.28,cash,CUST_4220,New
TXN_202408_009937,2024-08-13,REG_03,STORE_008,EMP_014,PROD_038,2,135.71,0.21,214.42,credit,CUST_6594,New
TXN_202408_009938,2024-08-07,REG_07,STORE_020,EMP_007,PROD_044,5,472.86,0.29,1678.65,cash,CUST_4720,Premium
TXN_202408_009939,2024-08-20,REG_03,STORE_007,EMP_014,PROD_047,3,213.49,0.21,505.97,mobile,CUST_7013,Premium
TXN_202408_009940,2024-08-06,REG_08,STORE_023,EMP_008,PROD_030,2,21.06,0.13,36.64,card,CUST_4844,Premium
TXN_202408_009941,2024-08-29,REG_01,STORE_003,EMP_018,PROD_021,5,163.47,0.2,653.88,credit,CUST_7656,Premium
TXN_202408_009942,2024-08-24,REG_02,STORE_005,EMP_002,PROD_026,3,12.56,0.11,33.54,card,CUST_8360,Premium
TXN_202408_009943,2024-08-13,REG_05,STORE_013,EMP_021,PROD_024,3,211.51,0.24,482.24,credit,CUST_2758,Premium
TXN_202408_009944,2024-08-25,REG_08,STORE_022,EMP_015,PROD_019,4,80.99,0.01,320.72,cash,CUST_6577,VIP
TXN_202408_009945,2024-08-27,REG_02,STORE_004,EMP_002,PROD_005,2,124.39,0.1,223.9,mobile,CUST_4314,Premium
TXN_202408_009946,2024-08-18,REG_04,STORE_010,EMP_030,PROD_004,1,439.53,0.2,351.62,cash,CUST_4815,VIP
TXN_202408_009947,2024-08-08,REG_10,STORE_030,EMP_017,PROD_011,1,359.74,0.21,284.19,credit,CUST_7641,Premium
TXN_202408_009948,2024-08-13,REG_03,STORE_008,EMP_014,PROD_037,5,54.52,0.09,248.07,mobile,CUST_3590,New
TXN_202408_009949,2024-08-31,REG_07,STORE_020,EMP_007,PROD_009,2,166.79,0.28,240.18,credit,CUST_1340,New
TXN_202408_009950,2024-08-12,REG_04,STORE_010,EMP_029,PROD_039,3,118.98,0.13,310.54,mobile,CUST_7468,New
TXN_202408_009951,2024-08-27,REG_08,STORE_022,EMP_012,PROD_033,4,211.35,0.18,693.23,cash,CUST_1443,VIP
TXN_202408_009952,2024-08-26,REG_04,STORE_012,EMP_029,PROD_006,3,366.48,0.19,890.55,card,CUST_1375,New
TXN_202408_009953,2024-08-27,REG_02,STORE_005,EMP_002,PROD_017,4,396.57,0.03,1538.69,card,CUST_1528,VIP
TXN_202408_009954,2024-08-20,REG_07,STORE_021,EMP_007,PROD_027,4,142.6,0.22,444.91,cash,CUST_8178,Regular
TXN_202408_009955,2024-08-10,REG_07,STORE_021,EMP_007,PROD_012,3,282.83,0.28,610.91,cash,CUST_1972,Premium
TXN_202408_009956,2024-08-09,REG_04,STORE_010,EMP_004,PROD_001,3,437.66,0.24,997.86,mobile,CUST_3081,New
TXN_202408_009957,2024-08-09,REG_08,STORE_024,EMP_015,PROD_020,4,293.41,0.02,1150.17,card,CUST_4290,Regular
TXN_202408_009958,2024-08-24,REG_10,STORE_030,EMP_020,PROD_005,1,18.55,0.08,17.07,mobile,CUST_4901,Regular
TXN_202408_009959,2024-08-25,REG_06,STORE_017,EMP_006,PROD_040,4,449.39,0.14,1545.9,credit,CUST_1801,New
TXN_202408_009960,2024-08-03,REG_01,STORE_001,EMP_018,PROD_042,2,209.17,0.12,368.14,card,CUST_5028,New
TXN_202408_009961,2024-08-26,REG_07,STORE_021,EMP_007,PROD_004,5,96.01,0.16,403.24,mobile,CUST_8657,New
TXN_202408_009962,2024-08-03,REG_07,STORE_020,EMP_007,PROD_050,3,403.88,0.01,1199.52,credit,CUST_4621,Premium
TXN_202408_009963,2024-08-09,REG_02,STORE_004,EMP_002,PROD_043,4,336.04,0.21,1061.89,mobile,CUST_3221,VIP
TXN_202408_009964,2024-08-26,REG_10,STORE_030,EMP_020,PROD_024,5,105.56,0.09,480.3,mobile,CUST_3160,Regular
TXN_202408_009965,2024-08-23,REG_05,STORE_015,EMP_021,PROD_042,5,330.84,0.15,1406.07,mobile,CUST_2770,VIP
TXN_202408_009966,2024-08-16,REG_05,STORE_014,EMP_021,PROD_040,1,197.42,0.11,175.7,credit,CUST_2801,Premium
TXN_202408_009967,2024-08-17,REG_09,STORE_025,EMP_022,PROD_002,5,255.91,0.27,934.07,card,CUST_7167,New
TXN_202408_009968,2024-08-17,REG_05,STORE_015,EMP_021,PROD_038,4,232.87,0.01,922.17,mobile,CUST_2722,New
TXN_202408_009969,2024-08-30,REG_07,STORE_021,EMP_007,PROD_041,4,237.02,0.24,720.54,card,CUST_2319,Premium
TXN_202408_009970,2024-08-03,REG_06,STORE_018,EMP_006,PROD_013,1,357.5,0.12,314.6,credit,CUST_9138,VIP
TXN_202408_009971,2024-08-14,REG_01,STORE_003,EMP_018,PROD_049,3,493.04,0.07,1375.58,card,CUST_7866,Regular
TXN_202408_009972,2024-08-26,REG_10,STORE_029,EMP_013,PROD_029,1,198.01,0.29,140.59,credit,CUST_4482,New
TXN_202408_009973,2024-08-20,REG_05,STORE_014,EMP_005,PROD_031,2,146.25,0.05,277.88,cash,CUST_6105,VIP
TXN_202408_009974,2024-08-21,REG_04,STORE_011,EMP_030,PROD_008,3,64.0,0.04,184.32,card,CUST_5604,Premium
TXN_202408_009975,2024-08-17,REG_07,STORE_020,EMP_007,PROD_009,3,446.21,0.23,1030.75,card,CUST_7266,VIP
TXN_202408_009976,2024-08-19,REG_10,STORE_028,EMP_010,PROD_025,2,232.27,0.27,339.11,mobile,CUST_4616,New
TXN_202408_009977,2024-08-26,REG_01,STORE_001,EMP_011,PROD_047,2,445.79,0.18,731.1,mobile,CUST_9849,Premium
TXN_202408_009978,2024-08-14,REG_10,STORE_029,EMP_020,PROD_001,1,70.2,0.24,53.35,credit,CUST_2714,VIP
TXN_202408_009979,2024-08-16,REG_01,STORE_003,EMP_011,PROD_025,1,215.21,0.01,213.06,mobile,CUST_3955,New
TXN_202408_009980,2024-08-02,REG_06,STORE_018,EMP_006,PROD_025,5,181.9,0.13,791.26,credit,CUST_2734,VIP
