transaction_id,date,region,store_id,employee_id,product_id,units,unit_price,discount,revenue,payment,customer_id,customer_segment
TXN_202311_004981,2023-11-09,REG_09,STORE_025,EMP_027,PROD_050,3,376.51,0.16,948.81,credit,CUST_9181,New
TXN_202311_004982,2023-11-15,REG_05,STORE_014,EMP_021,PROD_018,4,400.5,0.13,1393.74,mobile,CUST_4988,New
TXN_202311_004983,2023-11-30,REG_09,STORE_025,EMP_025,PROD_009,3,254.98,0.19,619.6,credit,CUST_4183,Premium
TXN_202311_004984,2023-11-13,REG_03,STORE_008,EMP_014,PROD_022,4,308.87,0.29,877.19,credit,CUST_3128,VIP
TXN_202311_004985,2023-11-17,REG_09,STORE_027,EMP_027,PROD_023,3,22.23,0.29,47.35,mobile,CUST_5712,Regular
TXN_202311_004986,2023-11-16,REG_09,STORE_027,EMP_025,PROD_048,4,430.27,0.07,1600.6,card,CUST_1766,Regular
TXN_202311_004987,2023-11-29,REG_10,STORE_030,EMP_010,PROD_031,4,191.77,0.07,713.38,credit,CUST_3353,New
TXN_202311_004988,2023-11-04,REG_01,STORE_003,EMP_018,PROD_013,1,296.95,0.05,282.1,mobile,CUST_5960,Regular
TXN_202311_004989,2023-11-09,REG_09,STORE_027,EMP_022,PROD_008,2,166.84,0.11,296.98,credit,CUST_1898,Regular
TXN_202311_004990,2023-11-10,REG_10,STORE_029,EMP_013,PROD_035,5,379.98,0.15,1614.91,cash,CUST_4555,Premium
TXN_202311_004991,2023-11-03,REG_07,STORE_021,EMP_007,PROD_043,3,209.24,0.06,590.06,mobile,CUST_2595,New
TXN_202311_004992,2023-11-28,REG_03,STORE_009,EMP_003,PROD_037,2,497.07,0.02,974.26,cash,CUST_2060,Regular
TXN_202311_004993,2023-11-30,REG_06,STORE_017,EMP_006,PROD_024,2,457.58,0.17,759.58,credit,CUST_7760,New
TXN_202311_004994,2023-11-30,REG_05,STORE_014,EMP_021,PROD_027,5,20.34,0.26,75.26,card,CUST_6502,New
TXN_202311_004995,2023-11-20,REG_10,STORE_029,EMP_028,PROD_042,1,226.74,0.08,208.6,mobile,CUST_7583,New
TXN_202311_004996,2023-11-11,REG_07,STORE_020,EMP_007,PROD_048,5,124.94,0.02,612.21,card,CUST_2454,Regular
TXN_202311_004997,2023-11-26,REG_04,STORE_012,EMP_004,PROD_043,4,39.93,0.0,159.72,cash,CUST_9704,VIP
TXN_202311_004998,2023-11-02,REG_01,STORE_002,EMP_018,PROD_021,2,253.97,0.15,431.75,credit,CUST_7992,VIP
TXN_202311_004999,2023-11-17,REG_09,STORE_027,EMP_022,PROD_002,1,105.4,0.18,86.43,card,CUST_2776,Regular
TXN_202311_005000,2023-11-13,REG_01,STORE_001,EMP_018,PROD_050,2,485.22,0.24,737.53,cash,CUST_2801,New
TXN_202311_005001,2023-11-17,REG_07,STORE_020,EMP_007,PROD_021,3,105.8,0.23,244.4,card,CUST_6631,New
TXN_202311_005002,2023-11-22,REG_02,STORE_005,EMP_002,PROD_037,2,20.94,0.22,32.67,credit,CUST_9261,Regular
TXN_202311_005003,2023-11-20,REG_04,STORE_010,EMP_004,PROD_046,3,121.23,0.07,338.23,credit,CUST_4994,New
TXN_202311_005004,2023-11-02,REG_03,STORE_009,EMP_003,PROD_023,4,179.18,0.03,695.22,card,CUST_1674,Premium
TXN_202311_005005,2023-11-11,REG_06,STORE_016,EMP_006,PROD_030,5,278.59,0.06,1309.37,card,CUST_1534,VIP
TXN_202311_005006,2023-11-22,REG_05,STORE_015,EMP_005,PROD_039,4,186.83,0.25,560.49,mobile,CUST_2907,New
TXN_202311_005007,2023-11-17,REG_07,STORE_021,EMP_007,PROD_003,2,442.8,0.04,850.18,cash,CUST_6667,VIP
TXN_202311_005008,2023-11-16,REG_09,STORE_025,EMP_022,PROD_041,2,182.77,0.21,288.78,cash,CUST_1702,New
TXN_202311_005009,2023-11-15,REG_01,STORE_003,EMP_011,PROD_035,3,362.91,0.12,958.08,cash,CUST_5705,New
TXN_202311_005010,2023-11-19,REG_06,STORE_018,EMP_006,PROD_034,3,434.42,0.02,1277.19,credit,CUST_1134,Regular
TXN_202311_005011,2023-11-10,REG_10,STORE_028,EMP_017,PROD_005,4,303.29,0.28,873.48,mobile,CUST_1896,Premium
TXN_202311_005012,2023-11-30,REG_04,STORE_011,EMP_026,PROD_026,4,326.51,0.29,927.29,cash,CUST_3971,VIP
TXN_202311_005013,2023-11-26,REG_06,STORE_016,EMP_006,PROD_017,5,172.95,0.24,657.21,card,CUST_5781,Regular
TXN_202311_005014,2023-11-29,REG_06,STORE_018,EMP_006,PROD_050,5,29.05,0.12,127.82,mobile,CUST_5344,Premium
TXN_202311_005015,2023-11-03,REG_07,STORE_020,EMP_007,PROD_005,1,325.44,0.24,247.33,cash,CUST_5922,VIP
TXN_202311_005016,2023-11-07,REG_08,STORE_023,EMP_023,PROD_041,3,103.09,0.27,225.77,card,CUST_8983,Premium
TXN_202311_005017,2023-11-18,REG_03,STORE_008,EMP_014,PROD_009,5,402.7,0.22,1570.53,credit,CUST_4914,Regular
TXN_202311_005018,2023-11-03,REG_09,STORE_025,EMP_025,PROD_036,4,63.42,0.21,200.41,mobile,CUST_6588,Premium
TXN_202311_005019,2023-11-01,REG_04,STORE_012,EMP_029,PROD_010,2,20.12,0.14,34.61,mobile,CUST_8738,New
TXN_202311_005020,2023-11-24,REG_03,STORE_007,EMP_014,PROD_025,1,227.68,0.05,216.3,credit,CUST_8379,VIP
TXN_202311_005021,2023-11-18,REG_01,STORE_002,EMP_019,PROD_018,4,230.14,0.18,754.86,credit,CUST_6243,Regular
TXN_202311_005022,2023-11-18,REG_05,STORE_013,EMP_021,PROD_050,2,468.88,0.15,797.1,mobile,CUST_3414,VIP
TXN_202311_005023,2023-11-01,REG_09,STORE_027,EMP_022,PROD_044,4,340.06,0.0,1360.24,cash,CUST_1874,VIP
TXN_202311_005024,2023-11-26,REG_10,STORE_030,EMP_028,PROD_027,3,406.37,0.1,1097.2,cash,CUST_4466,New
TXN_202311_005025,2023-11-16,REG_02,STORE_006,EMP_002,PROD_024,5,280.25,0.09,1275.14,credit,CUST_7255,Regular
TXN_202311_005026,2023-11-07,REG_07,STORE_020,EMP_007,PROD_030,1,305.07,0.08,280.66,credit,CUST_5327,Regular
TXN_202311_005027,2023-11-12,REG_08,STORE_023,EMP_023,PROD_008,5,344.65,0.12,1516.46,credit,CUST_2351,New
TXN_202311_005028,2023-11-26,REG_01,STORE_001,EMP_019,PROD_007,3,138.9,0.27,304.19,card,CUST_4451,VIP
TXN_202311_005029,2023-11-26,REG_06,STORE_016,EMP_006,PROD_013,2,151.97,0.1,273.55,mobile,CUST_5008,New
TXN_202311_005030,2023-11-09,REG_07,STORE_021,EMP_007,PROD_011,5,224.62,0.14,965.87,mobile,CUST_5691,Premium
TXN_202311_005031,2023-11-20,REG_07,STORE_020,EMP_007,PROD_028,1,313.63,0.0,313.63,card,CUST_1903,New
TXN_202311_005032,2023-11-05,REG_06,STORE_017,EMP_006,PROD_048,3,377.54,0.28,815.49,cash,CUST_1580,New
TXN_202311_005033,2023-11-07,REG_02,STORE_004,EMP_002,PROD_015,1,493.25,0.15,419.26,cash,CUST_4907,VIP
TXN_202311_005034,2023-11-15,REG_04,STORE_010,EMP_026,PROD_022,5,483.22,0.11,2150.33,mobile,CUST_5961,Premium
TXN_202311_005035,2023-11-07,REG_08,STORE_023,EMP_015,PROD_016,3,162.51,0.19,394.9,mobile,CUST_3669,New
TXN_202311_005036,2023-11-28,REG_07,STORE_021,EMP_007,PROD_029,2,454.35,0.26,672.44,cash,CUST_6847,Premium
TXN_202311_005037,2023-11-10,REG_05,STORE_013,EMP_005,PROD_050,3,19.78,0.13,51.63,mobile,CUST_6024,Regular
TXN_202311_005038,2023-11-09,REG_07,STORE_019,EMP_007,PROD_038,4,194.95,0.25,584.85,card,CUST_9175,Regular
TXN_202311_005039,2023-11-23,REG_04,STORE_010,EMP_016,PROD_018,2,354.24,0.1,637.63,credit,CUST_5530,Regular
TXN_202311_005040,2023-11-10,REG_10,STORE_029,EMP_010,PROD_012,2,210.9,0.07,392.27,credit,CUST_7209,VIP
TXN_202311_005041,2023-11-14,REG_05,STORE_013,EMP_005,PROD_003,1,216.42,0.1,194.78,cash,CUST_1593,VIP
TXN_202311_005042,2023-11-13,REG_04,STORE_011,EMP_029,PROD_012,5,105.75,0.29,375.41,cash,CUST_5886,Premium
TXN_202311_005043,2023-11-11,REG_06,STORE_016,EMP_006,PROD_022,1,362.66,0.22,282.87,credit,CUST_5109,VIP
TXN_202311_005044,2023-11-17,REG_04,STORE_010,EMP_030,PROD_017,2,186.15,0.27,271.78,cash,CUST_6434,Premium
TXN_202311_005045,2023-11-19,REG_03,STORE_007,EMP_014,PROD_041,1,449.96,0.25,337.47,mobile,CUST_3258,New
TXN_202311_005046,2023-11-09,REG_09,STORE_025,EMP_025,PROD_032,5,463.85,0.06,2180.09,credit,CUST_3905,New
TXN_202311_005047,2023-11-09,REG_07,STORE_021,EMP_007,PROD_019,3,426.25,0.09,1163.66,credit,CUST_8628,New
TXN_202311_005048,2023-11-19,REG_07,STORE_020,EMP_007,PROD_039,4,67.06,0.0,268.24,credit,CUST_2530,Regular
TXN_202311_005049,2023-11-13,REG_07,STORE_019,EMP_007,PROD_036,4,130.96,0.11,466.22,cash,CUST_6223,Regular
TXN_202311_005050,2023-11-20,REG_07,STORE_019,EMP_007,PROD_026,1,210.27,0.15,178.73,card,CUST_6783,Regular
TXN_202311_005051,2023-11-09,REG_10,STORE_030,EMP_010,PROD_012,4,379.55,0.04,1457.47,card,CUST_9668,New
TXN_202311_005052,2023-11-10,REG_01,STORE_001,EMP_018,PROD_013,1,286.81,0.14,246.66,cash,CUST_8233,Premium
TXN_202311_005053,2023-11-09,REG_08,STORE_024,EMP_015,PROD_003,2,218.74,0.22,341.23,cash,CUST_3903,Premium
TXN_202311_005054,2023-11-25,REG_06,STORE_017,EMP_006,PROD_030,5,330.88,0.13,1439.33,mobile,CUST_3475,New
TXN_202311_005055,2023-11-21,REG_04,STORE_012,EMP_026,PROD_029,2,39.37,0.28,56.69,cash,CUST_2581,Premium
TXN_202311_005056,2023-11-19,REG_08,STORE_024,EMP_012,PROD_010,2,81.73,0.21,129.13,cash,CUST_8560,Regular
TXN_202311_005057,2023-11-28,REG_07,STORE_021,EMP_007,PROD_043,3,126.91,0.09,346.46,cash,CUST_1393,Regular
TXN_202311_005058,2023-11-22,REG_03,STORE_007,EMP_003,PROD_019,5,304.91,0.01,1509.3,card,CUST_8178,Premium
TXN_202311_005059,2023-11-20,REG_08,STORE_024,EMP_015,PROD_016,1,450.93,0.24,342.71,card,CUST_1637,Premium
TXN_202311_005060,2023-11-30,REG_01,STORE_003,EMP_011,PROD_034,3,107.45,0.17,267.55,mobile,CUST_9721,Regular
TXN_202311_005061,2023-11-20,REG_09,STORE_026,EMP_025,PROD_034,5,491.04,0.14,2111.47,credit,CUST_8846,Premium
TXN_202311_005062,2023-11-18,REG_02,STORE_006,EMP_002,PROD_035,4,139.55,0.19,452.14,mobile,CUST_2226,Premium
TXN_202311_005063,2023-11-30,REG_08,STORE_023,EMP_023,PROD_044,5,275.78,0.25,1034.17,mobile,CUST_4878,Regular
TXN_202311_005064,2023-11-07,REG_01,STORE_003,EMP_001,PROD_040,3,90.12,0.23,208.18,mobile,CUST_3197,Regular
TXN_202311_005065,2023-11-20,REG_06,STORE_018,EMP_006,PROD_035,4,342.39,0.29,972.39,card,CUST_9727,Premium
TXN_202311_005066,2023-11-30,REG_07,STORE_019,EMP_007,PROD_050,4,159.54,0.13,555.2,cash,CUST_2821,Regular
TXN_202311_005067,2023-11-13,REG_03,STORE_008,EMP_003,PROD_006,2,184.64,0.17,306.5,cash,CUST_3805,VIP
TXN_202311_005068,2023-11-28,REG_08,STORE_023,EMP_023,PROD_013,2,306.32,0.04,588.13,credit,CUST_1540,Regular
TXN_202311_005069,2023-11-20,REG_09,STORE_025,EMP_025,PROD_018,1,327.85,0.12,288.51,card,CUST_9442,Regular
TXN_202311_005070,2023-11-07,REG_02,STORE_004,EMP_002,PROD_009,4,143.5,0.24,436.24,card,CUST_6333,VIP
TXN_202311_005071,2023-11-15,REG_01,STORE_001,EMP_018,PROD_043,5,188.26,0.26,696.56,card,CUST_3226,VIP
TXN_202311_005072,2023-11-21,REG_04,STORE_011,EMP_029,PROD_009,1,414.61,0.25,310.96,mobile,CUST_5572,Premium
TXN_202311_005073,2023-11-20,REG_02,STORE_004,EMP_002,PROD_011,1,189.28,0.3,132.5,cash,CUST_4041,Regular
TXN_202311_005074,2023-11-17,REG_05,STORE_015,EMP_021,PROD_006,5,489.63,0.27,1787.15,card,CUST_1189,Premium
TXN_202311_005075,2023-11-20,REG_04,STORE_010,EMP_030,PROD_029,2,66.76,0.18,109.49,mobile,CUST_2606,VIP
TXN_202311_005076,2023-11-08,REG_08,STORE_023,EMP_023,PROD_010,5,387.75,0.02,1899.97,card,CUST_3256,New
TXN_202311_005077,2023-11-02,REG_02,STORE_005,EMP_002,PROD_045,3,462.39,0.27,1012.63,mobile,CUST_4570,New
TXN_202311_005078,2023-11-27,REG_03,STORE_007,EMP_003,PROD_042,5,463.47,0.08,2131.96,cash,CUST_2769,Premium
TXN_202311_005079,2023-11-27,REG_08,STORE_022,EMP_008,PROD_047,5,19.85,0.11,88.33,mobile,CUST_8453,VIP
TXN_202311_005080,2023-11-11,REG_08,STORE_023,EMP_012,PROD_013,5,148.8,0.02,729.12,card,CUST_6262,VIP
TXN_202311_005081,2023-11-13,REG_04,STORE_012,EMP_026,PROD_031,3,105.98,0.04,305.22,card,CUST_1366,New
TXN_202311_005082,2023-11-03,REG_07,STORE_020,EMP_007,PROD_013,5,256.66,0.13,1116.47,mobile,CUST_2388,Premium
TXN_202311_005083,2023-11-19,REG_01,STORE_003,EMP_018,PROD_037,5,135.79,0.22,529.58,credit,CUST_2489,Premium
TXN_202311_005084,2023-11-20,REG_04,STORE_011,EMP_024,PROD_018,5,85.55,0.28,307.98,credit,CUST_1713,New
TXN_202311_005085,2023-11-17,REG_06,STORE_017,EMP_006,PROD_002,5,143.59,0.02,703.59,card,CUST_5763,Premium
TXN_202311_005086,2023-11-20,REG_06,STORE_017,EMP_006,PROD_014,2,294.77,0.11,524.69,credit,CUST_7016,Regular
TXN_202311_005087,2023-11-25,REG_02,STORE_004,EMP_002,PROD_036,5,270.58,0.13,1177.02,card,CUST_2151,New
TXN_202311_005088,2023-11-02,REG_04,STORE_012,EMP_029,PROD_033,4,463.42,0.03,1798.07,mobile,CUST_1148,New
TXN_202311_005089,2023-11-03,REG_02,STORE_006,EMP_002,PROD_001,4,173.52,0.18,569.15,mobile,CUST_5348,Regular
TXN_202311_005090,2023-11-02,REG_07,STORE_021,EMP_007,PROD_020,4,485.54,0.26,1437.2,card,CUST_7239,New
TXN_202311_005091,2023-11-20,REG_01,STORE_001,EMP_001,PROD_001,5,295.94,0.13,1287.34,credit,CUST_8401,New
TXN_202311_005092,2023-11-20,REG_06,STORE_016,EMP_006,PROD_009,4,136.76,0.19,443.1,credit,CUST_8387,VIP
TXN_202311_005093,2023-11-19,REG_05,STORE_014,EMP_005,PROD_018,2,469.01,0.28,675.37,cash,CUST_9916,VIP
TXN_202311_005094,2023-11-12,REG_04,STORE_010,EMP_024,PROD_012,4,264.66,0.23,815.15,mobile,CUST_3236,New
TXN_202311_005095,2023-11-18,REG_05,STORE_015,EMP_005,PROD_026,1,360.17,0.15,306.14,card,CUST_4320,New
TXN_202311_005096,2023-11-16,REG_03,STORE_009,EMP_014,PROD_043,3,297.29,0.22,695.66,credit,CUST_6735,Premium
TXN_202311_005097,2023-11-26,REG_03,STORE_008,EMP_014,PROD_037,1,150.43,0.28,108.31,mobile,CUST_2018,VIP
TXN_202311_005098,2023-11-15,REG_01,STORE_001,EMP_001,PROD_038,4,157.42,0.04,604.49,credit,CUST_7454,Premium
TXN_202311_005099,2023-11-12,REG_08,STORE_022,EMP_023,PROD_023,2,478.89,0.01,948.2,mobile,CUST_5361,VIP
TXN_202311_005100,2023-11-01,REG_09,STORE_025,EMP_025,PROD_038,3,256.39,0.25,576.88,card,CUST_8420,Premium
TXN_202311_005101,2023-11-04,REG_08,STORE_024,EMP_008,PROD_047,2,464.63,0.26,687.65,cash,CUST_3507,VIP
TXN_202311_005102,2023-11-06,REG_07,STORE_019,EMP_007,PROD_034,1,298.84,0.15,254.01,cash,CUST_7570,Premium
TXN_202311_005103,2023-11-11,REG_06,STORE_018,EMP_006,PROD_020,3,158.28,0.05,451.1,cash,CUST_6941,VIP
TXN_202311_005104,2023-11-20,REG_09,STORE_026,EMP_025,PROD_004,5,337.05,0.13,1466.17,credit,CUST_9753,VIP
TXN_202311_005105,2023-11-22,REG_09,STORE_025,EMP_009,PROD_028,2,326.27,0.03,632.96,cash,CUST_6359,Premium
TXN_202311_005106,2023-11-06,REG_05,STORE_015,EMP_021,PROD_021,1,474.9,0.17,394.17,credit,CUST_8755,VIP
TXN_202311_005107,2023-11-20,REG_07,STORE_021,EMP_007,PROD_015,3,171.09,0.01,508.14,mobile,CUST_7337,Regular
TXN_202311_005108,2023-11-01,REG_04,STORE_011,EMP_004,PROD_046,3,12.22,0.14,31.53,mobile,CUST_1574,Regular
TXN_202311_005109,2023-11-11,REG_04,STORE_010,EMP_030,PROD_014,3,256.0,0.07,714.24,cash,CUST_8574,Regular
TXN_202311_005110,2023-11-14,REG_03,STORE_007,EMP_014,PROD_008,4,217.91,0.19,706.03,credit,CUST_7286,VIP
TXN_202311_005111,2023-11-08,REG_06,STORE_016,EMP_006,PROD_022,4,250.68,0.29,711.93,mobile,CUST_7478,VIP
TXN_202311_005112,2023-11-14,REG_02,STORE_004,EMP_002,PROD_009,4,153.83,0.02,603.01,mobile,CUST_6241,Premium
TXN_202311_005113,2023-11-27,REG_05,STORE_015,EMP_005,PROD_046,3,114.7,0.02,337.22,credit,CUST_9107,Premium
TXN_202311_005114,2023-11-07,REG_03,STORE_009,EMP_003,PROD_047,4,199.81,0.05,759.28,mobile,CUST_4070,Premium
TXN_202311_005115,2023-11-23,REG_07,STORE_019,EMP_007,PROD_010,3,79.63,0.04,229.33,card,CUST_6638,New
TXN_202311_005116,2023-11-17,REG_01,STORE_002,EMP_011,PROD_044,4,441.42,0.11,1571.46,card,CUST_5649,VIP
TXN_202311_005117,2023-11-19,REG_10,STORE_029,EMP_020,PROD_018,4,460.95,0.28,1327.54,credit,CUST_8964,VIP
TXN_202311_005118,2023-11-21,REG_04,STORE_010,EMP_029,PROD_036,3,157.76,0.17,392.82,mobile,CUST_9819,VIP
TXN_202311_005119,2023-11-04,REG_09,STORE_026,EMP_009,PROD_040,3,394.4,0.07,1100.38,mobile,CUST_1713,VIP
TXN_202311_005120,2023-11-17,REG_04,STORE_012,EMP_029,PROD_012,5,412.31,0.21,1628.62,cash,CUST_7158,VIP
TXN_202311_005121,2023-11-20,REG_07,STORE_019,EMP_007,PROD_047,5,313.65,0.2,1254.6,card,CUST_8962,Premium
TXN_202311_005122,2023-11-09,REG_09,STORE_027,EMP_025,PROD_041,3,67.58,0.3,141.92,mobile,CUST_1465,New
TXN_202311_005123,2023-11-24,REG_02,STORE_006,EMP_002,PROD_041,5,354.52,0.22,1382.63,credit,CUST_1486,VIP
TXN_202311_005124,2023-11-19,REG_01,STORE_003,EMP_001,PROD_045,4,155.97,0.21,492.87,mobile,CUST_9944,Premium
TXN_202311_005125,2023-11-13,REG_04,STORE_011,EMP_024,PROD_014,4,321.54,0.2,1028.93,mobile,CUST_2317,Regular
TXN_202311_005126,2023-11-22,REG_01,STORE_002,EMP_011,PROD_024,1,386.48,0.26,286.0,cash,CUST_8390,VIP
TXN_202311_005127,2023-11-04,REG_07,STORE_019,EMP_007,PROD_036,1,156.11,0.23,120.2,card,CUST_6144,VIP
TXN_202311_005128,2023-11-05,REG_06,STORE_017,EMP_006,PROD_029,1,114.09,0.14,98.12,credit,CUST_8445,VIP
TXN_202311_005129,2023-11-20,REG_05,STORE_015,EMP_005,PROD_025,1,117.74,0.29,83.6,mobile,CUST_4683,Regular
TXN_202311_005130,2023-11-11,REG_03,STORE_007,EMP_003,PROD_032,4,295.06,0.09,1074.02,card,CUST_5851,Regular
TXN_202311_005131,2023-11-13,REG_05,STORE_015,EMP_005,PROD_002,4,498.22,0.15,1693.95,cash,CUST_2435,VIP
TXN_202311_005132,2023-11-06,REG_10,STORE_030,EMP_028,PROD_025,2,234.84,0.13,408.62,cash,CUST_7871,VIP
TXN_202311_005133,2023-11-12,REG_04,STORE_011,EMP_029,PROD_027,5,486.76,0.25,1825.35,credit,CUST_2498,Premium
TXN_202311_005134,2023-11-14,REG_04,STORE_012,EMP_004,PROD_001,1,198.58,0.15,168.79,credit,CUST_9010,VIP
TXN_202311_005135,2023-11-18,REG_01,STORE_002,EMP_001,PROD_005,2,58.2,0.11,103.6,cash,CUST_1439,Premium
TXN_202311_005136,2023-11-27,REG_06,STORE_017,EMP_006,PROD_028,4,33.51,0.07,124.66,credit,CUST_5008,Regular
TXN_202311_005137,2023-11-08,REG_02,STORE_005,EMP_002,PROD_015,4,392.74,0.01,1555.25,cash,CUST_9976,Regular
TXN_202311_005138,2023-11-29,REG_02,STORE_005,EMP_002,PROD_001,4,36.43,0.08,134.06,credit,CUST_2277,VIP
TXN_202311_005139,2023-11-28,REG_08,STORE_023,EMP_015,PROD_014,5,462.96,0.28,1666.66,cash,CUST_2175,New
TXN_202311_005140,2023-11-17,REG_05,STORE_015,EMP_021,PROD_003,4,123.15,0.18,403.93,card,CUST_2980,New
TXN_202311_005141,2023-11-29,REG_06,STORE_016,EMP_006,PROD_036,2,108.63,0.07,202.05,mobile,CUST_7058,New
TXN_202311_005142,2023-11-11,REG_05,STORE_015,EMP_021,PROD_038,5,194.95,0.19,789.55,mobile,CUST_1040,New
TXN_202311_005143,2023-11-28,REG_10,STORE_030,EMP_028,PROD_049,2,99.42,0.17,165.04,mobile,CUST_4077,Premium
TXN_202311_005144,2023-11-16,REG_02,STORE_004,EMP_002,PROD_023,4,14.98,0.13,52.13,credit,CUST_5206,New
TXN_202311_005145,2023-11-03,REG_01,STORE_003,EMP_018,PROD_002,5,244.05,0.28,878.58,mobile,CUST_3790,New
TXN_202311_005146,2023-11-10,REG_03,STORE_008,EMP_003,PROD_017,3,487.41,0.25,1096.67,mobile,CUST_2999,Premium
TXN_202311_005147,2023-11-27,REG_08,STORE_024,EMP_015,PROD_012,3,276.15,0.14,712.47,credit,CUST_5152,Premium
TXN_202311_005148,2023-11-03,REG_01,STORE_002,EMP_019,PROD_040,2,168.93,0.14,290.56,cash,CUST_1081,Premium
TXN_202311_005149,2023-11-08,REG_04,STORE_010,EMP_024,PROD_037,5,28.86,0.07,134.2,card,CUST_3683,VIP
TXN_202311_005150,2023-11-28,REG_04,STORE_012,EMP_024,PROD_041,2,322.93,0.02,632.94,credit,CUST_2345,Premium
TXN_202311_005151,2023-11-06,REG_09,STORE_025,EMP_022,PROD_017,3,489.31,0.14,1262.42,mobile,CUST_5001,Regular
TXN_202311_005152,2023-11-28,REG_10,STORE_029,EMP_028,PROD_026,3,236.85,0.12,625.28,credit,CUST_1865,Regular
TXN_202311_005153,2023-11-22,REG_02,STORE_006,EMP_002,PROD_022,5,173.84,0.29,617.13,mobile,CUST_6431,Premium
TXN_202311_005154,2023-11-30,REG_10,STORE_028,EMP_020,PROD_044,2,258.21,0.16,433.79,card,CUST_8118,Premium
TXN_202311_005155,2023-11-19,REG_04,STORE_011,EMP_016,PROD_032,2,245.67,0.01,486.43,credit,CUST_9111,New
TXN_202311_005156,2023-11-19,REG_01,STORE_003,EMP_019,PROD_027,4,203.56,0.1,732.82,credit,CUST_2909,VIP
TXN_202311_005157,2023-11-13,REG_01,STORE_003,EMP_018,PROD_041,3,299.42,0.04,862.33,card,CUST_6269,Regular
TXN_202311_005158,2023-11-17,REG_10,STORE_029,EMP_028,PROD_009,1,477.5,0.25,358.12,credit,CUST_4440,New
TXN_202311_005159,2023-11-11,REG_04,STORE_012,EMP_029,PROD_001,2,154.64,0.16,259.8,cash,CUST_8261,Premium
TXN_202311_005160,2023-11-14,REG_06,STORE_016,EMP_006,PROD_007,4,452.7,0.29,1285.67,mobile,CUST_2597,VIP
TXN_202311_005161,2023-11-06,REG_03,STORE_007,EMP_014,PROD_017,1,218.37,0.05,207.45,card,CUST_1562,Regular
TXN_202311_005162,2023-11-10,REG_10,STORE_030,EMP_010,PROD_046,2,162.57,0.05,308.88,credit,CUST_7227,Premium
TXN_202311_005163,2023-11-11,REG_04,STORE_010,EMP_026,PROD_046,1,468.3,0.28,337.18,mobile,CUST_9049,Premium
TXN_202311_005164,2023-11-01,REG_03,STORE_009,EMP_014,PROD_034,3,140.66,0.12,371.34,cash,CUST_8939,VIP
TXN_202311_005165,2023-11-05,REG_05,STORE_015,EMP_005,PROD_024,2,137.3,0.17,227.92,card,CUST_7348,VIP
TXN_202311_005166,2023-11-17,REG_06,STORE_016,EMP_006,PROD_004,2,121.48,0.2,194.37,mobile,CUST_9275,Premium
TXN_202311_005167,2023-11-07,REG_01,STORE_003,EMP_011,PROD_047,2,261.71,0.08,481.55,credit,CUST_5988,Regular
TXN_202311_005168,2023-11-25,REG_09,STORE_027,EMP_027,PROD_027,3,29.87,0.1,80.65,cash,CUST_2121,New
TXN_202311_005169,2023-11-28,REG_09,STORE_025,EMP_025,PROD_007,1,144.13,0.17,119.63,mobile,CUST_6433,Premium
TXN_202311_005170,2023-11-02,REG_10,STORE_030,EMP_020,PROD_026,3,89.81,0.1,242.49,credit,CUST_3326,Regular
TXN_202311_005171,2023-11-23,REG_10,STORE_028,EMP_017,PROD_031,4,431.91,0.03,1675.81,cash,CUST_5589,Premium
TXN_202311_005172,2023-11-22,REG_05,STORE_015,EMP_005,PROD_027,5,145.04,0.12,638.18,credit,CUST_8810,Regular
TXN_202311_005173,2023-11-01,REG_09,STORE_025,EMP_009,PROD_048,2,368.31,0.03,714.52,card,CUST_7747,Premium
TXN_202311_005174,2023-11-20,REG_10,STORE_030,EMP_017,PROD_031,4,487.98,0.17,1620.09,cash,CUST_6577,New
TXN_202311_005175,2023-11-18,REG_06,STORE_017,EMP_006,PROD_044,3,149.1,0.17,371.26,cash,CUST_3295,VIP
TXN_202311_005176,2023-11-07,REG_04,STORE_011,EMP_030,PROD_025,2,225.49,0.07,419.41,credit,CUST_1009,VIP
TXN_202311_005177,2023-11-05,REG_02,STORE_006,EMP_002,PROD_022,1,413.39,0.22,322.44,card,CUST_7448,New
TXN_202311_005178,2023-11-19,REG_09,STORE_027,EMP_027,PROD_046,4,460.28,0.03,1785.89,cash,CUST_6849,VIP
TXN_202311_005179,2023-11-23,REG_09,STORE_026,EMP_022,PROD_019,1,440.98,0.29,313.1,card,CUST_2626,Premium
TXN_202311_005180,2023-11-13,REG_04,STORE_010,EMP_004,PROD_034,2,387.44,0.1,697.39,cash,CUST_6060,New
TXN_202311_005181,2023-11-05,REG_08,STORE_022,EMP_008,PROD_036,3,189.85,0.24,432.86,card,CUST_6206,Premium
TXN_202311_005182,2023-11-19,REG_09,STORE_027,EMP_025,PROD_011,4,410.05,0.04,1574.59,mobile,CUST_5299,VIP
TXN_202311_005183,2023-11-16,REG_10,STORE_029,EMP_017,PROD_035,5,121.1,0.04,581.28,cash,CUST_9337,Regular
TXN_202311_005184,2023-11-20,REG_08,STORE_024,EMP_012,PROD_013,5,317.46,0.19,1285.71,mobile,CUST_1536,VIP
TXN_202311_005185,2023-11-26,REG_01,STORE_003,EMP_019,PROD_022,2,215.45,0.09,392.12,credit,CUST_8690,Premium
TXN_202311_005186,2023-11-13,REG_02,STORE_006,EMP_002,PROD_021,2,110.23,0.16,185.19,mobile,CUST_4580,Regular
TXN_202311_005187,2023-11-09,REG_05,STORE_015,EMP_021,PROD_042,4,274.39,0.16,921.95,cash,CUST_2426,Regular
TXN_202311_005188,2023-11-03,REG_09,STORE_026,EMP_027,PROD_047,4,340.71,0.16,1144.79,cash,CUST_7186,VIP
TXN_202311_005189,2023-11-16,REG_06,STORE_017,EMP_006,PROD_029,5,376.99,0.3,1319.46,credit,CUST_3145,New
TXN_202311_005190,2023-11-08,REG_07,STORE_019,EMP_007,PROD_049,1,339.57,0.04,325.99,cash,CUST_3410,Premium
TXN_202311_005191,2023-11-28,REG_10,STORE_030,EMP_020,PROD_037,5,28.05,0.05,133.24,mobile,CUST_2599,VIP
TXN_202311_005192,2023-11-15,REG_06,STORE_016,EMP_006,PROD_026,1,171.63,0.22,133.87,mobile,CUST_8525,VIP
TXN_202311_005193,2023-11-19,REG_02,STORE_006,EMP_002,PROD_046,4,106.07,0.21,335.18,mobile,CUST_7145,Regular
TXN_202311_005194,2023-11-25,REG_05,STORE_015,EMP_005,PROD_035,4,357.83,0.05,1359.75,mobile,CUST_7186,New
TXN_202311_005195,2023-11-01,REG_09,STORE_026,EMP_022,PROD_036,5,24.5,0.18,100.45,card,CUST_4769,Premium
TXN_202311_005196,2023-11-05,REG_07,STORE_021,EMP_007,PROD_005,5,172.21,0.06,809.39,cash,CUST_5673,VIP
TXN_202311_005197,2023-11-03,REG_09,STORE_025,EMP_022,PROD_003,2,399.94,0.19,647.9,credit,CUST_1136,VIP
TXN_202311_005198,2023-11-21,REG_03,STORE_008,EMP_003,PROD_041,4,148.89,0.17,494.31,credit,CUST_1853,Premium
TXN_202311_005199,2023-11-08,REG_07,STORE_021,EMP_007,PROD_018,4,181.01,0.29,514.07,card,CUST_2735,VIP
TXN_202311_005200,2023-11-18,REG_01,STORE_003,EMP_001,PROD_015,3,122.06,0.25,274.63,mobile,CUST_4118,Regular
TXN_202311_005201,2023-11-05,REG_07,STORE_019,EMP_007,PROD_024,4,302.14,0.19,978.93,mobile,CUST_7735,Premium
TXN_202311_005202,2023-11-21,REG_10,STORE_029,EMP_020,PROD_036,5,109.19,0.03,529.57,card,CUST_3697,Regular
TXN_202311_005203,2023-11-12,REG_09,STORE_026,EMP_009,PROD_031,5,489.17,0.13,2127.89,mobile,CUST_7246,New
TXN_202311_005204,2023-11-17,REG_02,STORE_006,EMP_002,PROD_047,1,248.92,0.04,238.96,mobile,CUST_8794,Premium
TXN_202311_005205,2023-11-07,REG_05,STORE_015,EMP_005,PROD_040,5,406.92,0.0,2034.6,credit,CUST_4950,New
TXN_202311_005206,2023-11-02,REG_01,STORE_002,EMP_001,PROD_024,2,470.43,0.26,696.24,card,CUST_3195,Premium
TXN_202311_005207,2023-11-26,REG_01,STORE_003,EMP_001,PROD_025,4,320.28,0.05,1217.06,card,CUST_8824,Premium
TXN_202311_005208,2023-11-15,REG_09,STORE_027,EMP_025,PROD_020,1,481.21,0.29,341.66,mobile,CUST_7121,Premium
TXN_202311_005209,2023-11-29,REG_03,STORE_009,EMP_014,PROD_030,3,63.64,0.29,135.55,card,CUST_1385,Premium
TXN_202311_005210,2023-11-29,REG_06,STORE_016,EMP_006,PROD_020,5,236.79,0.12,1041.88,mobile,CUST_1639,Regular
TXN_202311_005211,2023-11-26,REG_07,STORE_021,EMP_007,PROD_037,1,129.78,0.23,99.93,mobile,CUST_2281,Regular
TXN_202311_005212,2023-11-28,REG_05,STORE_014,EMP_021,PROD_034,1,374.66,0.15,318.46,card,CUST_8969,New
TXN_202311_005213,2023-11-03,REG_06,STORE_018,EMP_006,PROD_004,3,157.89,0.03,459.46,card,CUST_1127,Regular
TXN_202311_005214,2023-11-14,REG_07,STORE_021,EMP_007,PROD_017,1,11.04,0.08,10.16,credit,CUST_4033,VIP
TXN_202311_005215,2023-11-04,REG_10,STORE_030,EMP_013,PROD_035,4,494.48,0.18,1621.89,mobile,CUST_4966,New
TXN_202311_005216,2023-11-29,REG_02,STORE_006,EMP_002,PROD_035,5,131.51,0.05,624.67,mobile,CUST_3935,VIP
TXN_202311_005217,2023-11-16,REG_04,STORE_011,EMP_016,PROD_043,5,231.02,0.25,866.33,card,CUST_9108,Regular
TXN_202311_005218,2023-11-06,REG_07,STORE_019,EMP_007,PROD_005,3,51.94,0.18,127.77,credit,CUST_6843,Regular
TXN_202311_005219,2023-11-15,REG_04,STORE_010,EMP_029,PROD_018,4,444.98,0.24,1352.74,card,CUST_4431,New
TXN_202311_005220,2023-11-14,REG_06,STORE_018,EMP_006,PROD_027,2,335.93,0.06,631.55,credit,CUST_8546,Premium
TXN_202311_005221,2023-11-22,REG_03,STORE_008,EMP_003,PROD_032,1,44.01,0.16,36.97,credit,CUST_3244,New
TXN_202311_005222,2023-11-28,REG_09,STORE_026,EMP_025,PROD_018,4,417.63,0.13,1453.35,cash,CUST_3378,VIP
TXN_202311_005223,2023-11-26,REG_10,STORE_029,EMP_010,PROD_031,3,350.46,0.07,977.78,card,CUST_8956,VIP
TXN_202311_005224,2023-11-23,REG_05,STORE_014,EMP_021,PROD_016,2,315.99,0.0,631.98,mobile,CUST_4990,New
TXN_202311_005225,2023-11-20,REG_02,STORE_004,EMP_002,PROD_019,1,223.7,0.28,161.06,cash,CUST_2499,Regular
TXN_202311_005226,2023-11-22,REG_07,STORE_021,EMP_007,PROD_045,3,197.65,0.25,444.71,card,CUST_9805,Premium
TXN_202311_005227,2023-11-23,REG_09,STORE_027,EMP_022,PROD_011,2,196.0,0.1,352.8,mobile,CUST_3076,New
TXN_202311_005228,2023-11-25,REG_08,STORE_023,EMP_012,PROD_026,4,78.31,0.14,269.39,cash,CUST_2971,VIP
TXN_202311_005229,2023-11-12,REG_08,STORE_024,EMP_008,PROD_038,4,361.88,0.24,1100.12,cash,CUST_7244,Regular
TXN_202311_005230,2023-11-28,REG_07,STORE_019,EMP_007,PROD_028,4,118.07,0.2,377.82,mobile,CUST_5905,Premium
TXN_202311_005231,2023-11-22,REG_10,STORE_028,EMP_017,PROD_010,3,245.11,0.23,566.2,credit,CUST_7910,Premium
TXN_202311_005232,2023-11-10,REG_01,STORE_001,EMP_011,PROD_031,1,104.84,0.05,99.6,cash,CUST_6960,Premium
TXN_202311_005233,2023-11-04,REG_07,STORE_021,EMP_007,PROD_017,5,150.07,0.06,705.33,cash,CUST_6524,VIP
TXN_202311_005234,2023-11-28,REG_03,STORE_009,EMP_003,PROD_020,1,323.4,0.14,278.12,cash,CUST_7588,Regular
TXN_202311_005235,2023-11-23,REG_04,STORE_010,EMP_024,PROD_047,4,162.52,0.17,539.57,cash,CUST_5004,Regular
TXN_202311_005236,2023-11-23,REG_02,STORE_006,EMP_002,PROD_020,2,285.04,0.06,535.88,card,CUST_2409,Regular
TXN_202311_005237,2023-11-18,REG_10,STORE_030,EMP_017,PROD_047,3,319.05,0.0,957.15,mobile,CUST_2991,Premium
TXN_202311_005238,2023-11-02,REG_07,STORE_019,EMP_007,PROD_037,5,385.6,0.23,1484.56,cash,CUST_6748,VIP
TXN_202311_005239,2023-11-11,REG_05,STORE_015,EMP_005,PROD_025,4,433.88,0.27,1266.93,credit,CUST_4697,Premium
TXN_202311_005240,2023-11-09,REG_07,STORE_021,EMP_007,PROD_011,4,441.17,0.25,1323.51,mobile,CUST_7138,Regular
TXN_202311_005241,2023-11-10,REG_02,STORE_004,EMP_002,PROD_014,3,340.44,0.15,868.12,mobile,CUST_9349,VIP
TXN_202311_005242,2023-11-20,REG_06,STORE_016,EMP_006,PROD_021,5,497.97,0.13,2166.17,cash,CUST_1720,Premium
TXN_202311_005243,2023-11-23,REG_05,STORE_013,EMP_021,PROD_039,1,417.8,0.07,388.55,credit,CUST_5826,VIP
TXN_202311_005244,2023-11-25,REG_05,STORE_014,EMP_005,PROD_018,1,74.85,0.3,52.39,cash,CUST_2923,Regular
TXN_202311_005245,2023-11-09,REG_01,STORE_003,EMP_011,PROD_018,1,410.74,0.01,406.63,cash,CUST_2379,Premium
TXN_202311_005246,2023-11-23,REG_06,STORE_016,EMP_006,PROD_047,1,143.38,0.18,117.57,mobile,CUST_5708,VIP
TXN_202311_005247,2023-11-22,REG_09,STORE_027,EMP_009,PROD_036,1,148.0,0.12,130.24,credit,CUST_9193,New
TXN_202311_005248,2023-11-15,REG_04,STORE_010,EMP_004,PROD_009,3,121.35,0.25,273.04,mobile,CUST_7612,Regular
TXN_202311_005249,2023-11-20,REG_09,STORE_027,EMP_025,PROD_012,4,370.2,0.07,1377.14,credit,CUST_8044,VIP
TXN_202311_005250,2023-11-29,REG_06,STORE_017,EMP_006,PROD_028,2,73.58,0.18,120.67,credit,CUST_5912,Premium
TXN_202311_005251,2023-11-07,REG_05,STORE_013,EMP_021,PROD_009,5,293.15,0.18,1201.92,credit,CUST_2880,Premium
TXN_202311_005252,2023-11-30,REG_05,STORE_015,EMP_005,PROD_044,5,347.77,0.08,1599.74,mobile,CUST_8455,VIP
TXN_202311_005253,2023-11-02,REG_08,STORE_022,EMP_015,PROD_040,2,292.05,0.24,443.92,credit,CUST_4463,New
TXN_202311_005254,2023-11-07,REG_08,STORE_023,EMP_008,PROD_008,5,355.73,0.26,1316.2,credit,CUST_8564,Regular
TXN_202311_005255,2023-11-29,REG_09,STORE_025,EMP_027,PROD_048,2,125.66,0.25,188.49,credit,CUST_5203,New
TXN_202311_005256,2023-11-15,REG_06,STORE_018,EMP_006,PROD_040,4,312.49,0.09,1137.46,card,CUST_7137,Premium
TXN_202311_005257,2023-11-21,REG_03,STORE_009,EMP_014,PROD_047,2,64.2,0.1,115.56,card,CUST_5153,VIP
TXN_202311_005258,2023-11-23,REG_06,STORE_017,EMP_006,PROD_020,5,232.65,0.0,1163.25,credit,CUST_4701,Premium
TXN_202311_005259,2023-11-05,REG_02,STORE_005,EMP_002,PROD_009,2,111.33,0.17,184.81,mobile,CUST_8788,VIP
TXN_202311_005260,2023-11-27,REG_06,STORE_017,EMP_006,PROD_016,5,443.28,0.08,2039.09,mobile,CUST_2727,New
TXN_202311_005261,2023-11-12,REG_04,STORE_012,EMP_030,PROD_027,2,356.15,0.06,669.56,cash,CUST_7834,Premium
TXN_202311_005262,2023-11-17,REG_03,STORE_009,EMP_003,PROD_044,3,392.6,0.28,848.02,credit,CUST_5697,VIP
TXN_202311_005263,2023-11-15,REG_03,STORE_008,EMP_003,PROD_015,2,76.36,0.21,120.65,card,CUST_6632,Regular
TXN_202311_005264,2023-11-17,REG_09,STORE_026,EMP_009,PROD_041,3,258.35,0.23,596.79,card,CUST_3399,New
TXN_202311_005265,2023-11-03,REG_03,STORE_009,EMP_003,PROD_016,3,356.88,0.22,835.1,credit,CUST_9734,New
TXN_202311_005266,2023-11-06,REG_01,STORE_003,EMP_019,PROD_027,2,132.74,0.19,215.04,mobile,CUST_3532,Regular
TXN_202311_005267,2023-11-17,REG_01,STORE_002,EMP_018,PROD_009,1,195.84,0.04,188.01,credit,CUST_4523,VIP
TXN_202311_005268,2023-11-21,REG_09,STORE_025,EMP_009,PROD_036,2,382.72,0.03,742.48,mobile,CUST_4251,VIP
TXN_202311_005269,2023-11-29,REG_07,STORE_021,EMP_007,PROD_019,3,340.66,0.19,827.8,card,CUST_6717,Premium
TXN_202311_005270,2023-11-17,REG_03,STORE_009,EMP_014,PROD_036,3,301.79,0.17,751.46,cash,CUST_8627,New
TXN_202311_005271,2023-11-24,REG_01,STORE_003,EMP_018,PROD_023,2,234.12,0.03,454.19,credit,CUST_7096,New
TXN_202311_005272,2023-11-29,REG_03,STORE_008,EMP_003,PROD_031,3,62.45,0.28,134.89,mobile,CUST_1954,New
TXN_202311_005273,2023-11-29,REG_08,STORE_022,EMP_015,PROD_017,5,44.31,0.21,175.02,credit,CUST_7885,Premium
TXN_202311_005274,2023-11-12,REG_10,STORE_030,EMP_020,PROD_033,2,367.93,0.3,515.1,mobile,CUST_7014,Regular
TXN_202311_005275,2023-11-18,REG_09,STORE_026,EMP_022,PROD_017,5,334.77,0.26,1238.65,cash,CUST_5528,Premium
TXN_202311_005276,2023-11-22,REG_04,STORE_012,EMP_004,PROD_046,3,306.95,0.3,644.59,card,CUST_7514,New
TXN_202311_005277,2023-11-10,REG_08,STORE_024,EMP_012,PROD_018,1,112.8,0.13,98.14,cash,CUST_2741,New
TXN_202311_005278,2023-11-20,REG_04,STORE_012,EMP_030,PROD_047,1,90.96,0.1,81.86,credit,CUST_6903,Regular
TXN_202311_005279,2023-11-13,REG_04,STORE_010,EMP_029,PROD_033,4,407.36,0.17,1352.44,credit,CUST_2348,Regular
TXN_202311_005280,2023-11-04,REG_02,STORE_004,EMP_002,PROD_024,4,330.24,0.23,1017.14,card,CUST_7858,Premium
TXN_202311_005281,2023-11-06,REG_03,STORE_007,EMP_014,PROD_016,2,262.66,0.04,504.31,credit,CUST_5790,Regular
TXN_202311_005282,2023-11-02,REG_07,STORE_020,EMP_007,PROD_050,2,423.0,0.02,829.08,mobile,CUST_3322,Regular
TXN_202311_005283,2023-11-25,REG_08,STORE_022,EMP_012,PROD_016,5,484.95,0.1,2182.28,mobile,CUST_6123,Premium
TXN_202311_005284,2023-11-29,REG_09,STORE_025,EMP_022,PROD_032,2,51.54,0.28,74.22,credit,CUST_5199,Premium
TXN_202311_005285,2023-11-18,REG_06,STORE_016,EMP_006,PROD_027,1,21.27,0.22,16.59,card,CUST_3472,Premium
TXN_202311_005286,2023-11-22,REG_07,STORE_019,EMP_007,PROD_009,1,213.36,0.06,200.56,card,CUST_1590,New
TXN_202311_005287,2023-11-05,REG_06,STORE_017,EMP_006,PROD_003,1,449.59,0.25,337.19,card,CUST_4415,Premium
TXN_202311_005288,2023-11-07,REG_03,STORE_009,EMP_003,PROD_040,1,299.2,0.16,251.33,cash,CUST_4985,Premium
TXN_202311_005289,2023-11-18,REG_03,STORE_007,EMP_003,PROD_041,5,382.18,0.09,1738.92,mobile,CUST_1784,New
TXN_202311_005290,2023-11-16,REG_09,STORE_025,EMP_027,PROD_029,5,139.82,0.25,524.32,mobile,CUST_5390,Premium
TXN_202311_005291,2023-11-05,REG_08,STORE_022,EMP_023,PROD_028,5,252.55,0.25,947.06,mobile,CUST_7072,New
TXN_202311_005292,2023-11-30,REG_10,STORE_030,EMP_017,PROD_044,4,54.71,0.0,218.84,card,CUST_6488,New
TXN_202311_005293,2023-11-09,REG_03,STORE_008,EMP_014,PROD_002,1,96.9,0.15,82.37,cash,CUST_1867,New
TXN_202311_005294,2023-11-13,REG_08,STORE_024,EMP_008,PROD_036,5,379.53,0.01,1878.67,cash,CUST_8451,New
TXN_202311_005295,2023-11-17,REG_09,STORE_027,EMP_022,PROD_048,5,344.08,0.22,1341.91,credit,CUST_1997,Premium
TXN_202311_005296,2023-11-22,REG_06,STORE_016,EMP_006,PROD_021,2,209.64,0.04,402.51,cash,CUST_6845,VIP
TXN_202311_005297,2023-11-15,REG_01,STORE_003,EMP_019,PROD_008,5,262.48,0.3,918.68,card,CUST_3739,VIP
TXN_202311_005298,2023-11-14,REG_01,STORE_003,EMP_019,PROD_040,1,323.66,0.25,242.75,card,CUST_9718,New
TXN_202311_005299,2023-11-01,REG_01,STORE_002,EMP_018,PROD_045,4,34.33,0.23,105.74,card,CUST_3523,VIP
TXN_202311_005300,2023-11-23,REG_04,STORE_012,EMP_026,PROD_003,5,345.68,0.11,1538.28,card,CUST_1882,Regular
TXN_202311_005301,2023-11-05,REG_10,STORE_030,EMP_013,PROD_048,1,204.18,0.06,191.93,mobile,CUST_6301,Premium
TXN_202311_005302,2023-11-26,REG_01,STORE_002,EMP_001,PROD_024,2,322.38,0.1,580.28,mobile,CUST_8459,Regular
TXN_202311_005303,2023-11-25,REG_05,STORE_013,EMP_021,PROD_042,4,196.39,0.16,659.87,credit,CUST_9337,VIP
TXN_202311_005304,2023-11-07,REG_04,STORE_010,EMP_024,PROD_023,3,427.37,0.0,1282.11,mobile,CUST_8764,New
TXN_202311_005305,2023-11-19,REG_07,STORE_021,EMP_007,PROD_012,1,380.41,0.01,376.61,credit,CUST_7288,New
TXN_202311_005306,2023-11-14,REG_10,STORE_029,EMP_013,PROD_035,4,275.98,0.03,1070.8,card,CUST_9661,Regular
TXN_202311_005307,2023-11-24,REG_06,STORE_017,EMP_006,PROD_018,2,208.71,0.03,404.9,cash,CUST_2613,VIP
TXN_202311_005308,2023-11-07,REG_03,STORE_008,EMP_003,PROD_007,3,448.03,0.03,1303.77,cash,CUST_2473,New
TXN_202311_005309,2023-11-06,REG_03,STORE_009,EMP_014,PROD_004,2,203.91,0.15,346.65,cash,CUST_2789,VIP
TXN_202311_005310,2023-11-04,REG_10,STORE_028,EMP_013,PROD_023,1,78.83,0.1,70.95,credit,CUST_7695,Premium
TXN_202311_005311,2023-11-01,REG_05,STORE_013,EMP_005,PROD_007,3,335.39,0.04,965.92,cash,CUST_1596,New
TXN_202311_005312,2023-11-12,REG_10,STORE_028,EMP_028,PROD_025,2,240.85,0.19,390.18,cash,CUST_1182,New
TXN_202311_005313,2023-11-08,REG_02,STORE_004,EMP_002,PROD_022,4,150.25,0.14,516.86,mobile,CUST_1318,Regular
TXN_202311_005314,2023-11-10,REG_04,STORE_010,EMP_004,PROD_022,1,442.82,0.06,416.25,card,CUST_2599,VIP
TXN_202311_005315,2023-11-09,REG_07,STORE_021,EMP_007,PROD_012,5,78.82,0.26,291.63,card,CUST_9046,Regular
TXN_202311_005316,2023-11-29,REG_06,STORE_017,EMP_006,PROD_044,3,168.26,0.19,408.87,credit,CUST_5511,Regular
TXN_202311_005317,2023-11-02,REG_02,STORE_004,EMP_002,PROD_049,5,357.84,0.03,1735.52,cash,CUST_7229,Regular
TXN_202311_005318,2023-11-15,REG_04,STORE_011,EMP_026,PROD_031,3,174.68,0.03,508.32,credit,CUST_6285,VIP
TXN_202311_005319,2023-11-15,REG_06,STORE_018,EMP_006,PROD_014,3,338.5,0.29,721.0,cash,CUST_3496,New
TXN_202311_005320,2023-11-05,REG_08,STORE_022,EMP_023,PROD_035,3,315.7,0.01,937.63,cash,CUST_4874,New
TXN_202311_005321,2023-11-05,REG_03,STORE_009,EMP_003,PROD_033,5,158.16,0.05,751.26,cash,CUST_1468,New
TXN_202311_005322,2023-11-10,REG_08,STORE_022,EMP_008,PROD_014,2,302.6,0.06,568.89,card,CUST_3904,VIP
TXN_202311_005323,2023-11-17,REG_08,STORE_022,EMP_008,PROD_017,3,375.4,0.19,912.22,card,CUST_1250,VIP
TXN_202311_005324,2023-11-26,REG_02,STORE_006,EMP_002,PROD_019,5,453.68,0.24,1723.98,card,CUST_8155,New
TXN_202311_005325,2023-11-30,REG_10,STORE_028,EMP_028,PROD_045,2,370.02,0.21,584.63,card,CUST_2624,New
TXN_202311_005326,2023-11-16,REG_01,STORE_003,EMP_018,PROD_050,1,74.83,0.09,68.1,card,CUST_3331,Regular
TXN_202311_005327,2023-11-10,REG_07,STORE_020,EMP_007,PROD_039,5,297.35,0.11,1323.21,mobile,CUST_2495,Regular
TXN_202311_005328,2023-11-13,REG_01,STORE_002,EMP_001,PROD_026,1,376.88,0.26,278.89,card,CUST_9734,Regular
TXN_202311_005329,2023-11-25,REG_08,STORE_023,EMP_015,PROD_010,4,394.37,0.08,1451.28,mobile,CUST_8366,Premium
TXN_202311_005330,2023-11-08,REG_05,STORE_015,EMP_021,PROD_016,1,116.56,0.19,94.41,cash,CUST_2351,Regular
TXN_202311_005331,2023-11-19,REG_08,STORE_024,EMP_023,PROD_049,3,310.35,0.01,921.74,mobile,CUST_8543,VIP
TXN_202311_005332,2023-11-05,REG_08,STORE_023,EMP_023,PROD_025,1,278.56,0.17,231.2,mobile,CUST_8413,Premium
TXN_202311_005333,2023-11-09,REG_10,STORE_029,EMP_028,PROD_037,3,31.45,0.22,73.59,mobile,CUST_7100,VIP
TXN_202311_005334,2023-11-29,REG_06,STORE_018,EMP_006,PROD_050,2,107.49,0.13,187.03,credit,CUST_2682,Regular
TXN_202311_005335,2023-11-18,REG_04,STORE_012,EMP_016,PROD_041,4,246.09,0.2,787.49,cash,CUST_4382,Regular
TXN_202311_005336,2023-11-08,REG_02,STORE_005,EMP_002,PROD_017,1,386.76,0.25,290.07,cash,CUST_8894,Regular
TXN_202311_005337,2023-11-26,REG_08,STORE_022,EMP_008,PROD_030,1,444.76,0.15,378.05,cash,CUST_8553,Premium
TXN_202311_005338,2023-11-13,REG_02,STORE_006,EMP_002,PROD_031,5,225.91,0.19,914.94,mobile,CUST_8122,New
TXN_202311_005339,2023-11-17,REG_03,STORE_009,EMP_003,PROD_027,1,142.53,0.14,122.58,mobile,CUST_7459,Regular
TXN_202311_005340,2023-11-28,REG_09,STORE_025,EMP_022,PROD_005,1,98.74,0.06,92.82,mobile,CUST_4760,Premium
TXN_202311_005341,2023-11-17,REG_04,STORE_010,EMP_016,PROD_001,1,263.86,0.19,213.73,mobile,CUST_2104,VIP
TXN_202311_005342,2023-11-24,REG_09,STORE_027,EMP_009,PROD_037,3,459.0,0.1,1239.3,credit,CUST_7305,Premium
TXN_202311_005343,2023-11-25,REG_02,STORE_006,EMP_002,PROD_038,3,86.51,0.16,218.01,mobile,CUST_8314,New
TXN_202311_005344,2023-11-08,REG_01,STORE_002,EMP_001,PROD_017,5,294.31,0.21,1162.52,mobile,CUST_4772,Regular
TXN_202311_005345,2023-11-15,REG_04,STORE_010,EMP_004,PROD_043,1,159.97,0.24,121.58,credit,CUST_9926,New
TXN_202311_005346,2023-11-06,REG_08,STORE_024,EMP_008,PROD_022,3,56.69,0.25,127.55,mobile,CUST_2665,Regular
TXN_202311_005347,2023-11-08,REG_03,STORE_007,EMP_003,PROD_041,4,453.67,0.06,1705.8,credit,CUST_8389,Regular
TXN_202311_005348,2023-11-07,REG_08,STORE_022,EMP_023,PROD_008,1,62.44,0.0,62.44,credit,CUST_9163,VIP
TXN_202311_005349,2023-11-20,REG_08,STORE_022,EMP_008,PROD_014,5,467.98,0.15,1988.91,mobile,CUST_9396,Regular
TXN_202311_005350,2023-11-15,REG_06,STORE_016,EMP_006,PROD_031,1,353.0,0.15,300.05,cash,CUST_6752,New
TXN_202311_005351,2023-11-28,REG_09,STORE_026,EMP_025,PROD_033,1,394.35,0.01,390.41,credit,CUST_4163,New
TXN_202311_005352,2023-11-23,REG_06,STORE_016,EMP_006,PROD_010,2,105.21,0.07,195.69,cash,CUST_7549,Premium
TXN_202311_005353,2023-11-22,REG_03,STORE_008,EMP_003,PROD_033,3,422.14,0.1,1139.78,card,CUST_9833,VIP
TXN_202311_005354,2023-11-04,REG_09,STORE_027,EMP_027,PROD_003,5,88.67,0.17,367.98,credit,CUST_1826,New
TXN_202311_005355,2023-11-13,REG_03,STORE_008,EMP_003,PROD_050,3,294.86,0.15,751.89,cash,CUST_1342,New
TXN_202311_005356,2023-11-22,REG_04,STORE_010,EMP_030,PROD_024,1,316.98,0.04,304.3,mobile,CUST_6830,Regular
TXN_202311_005357,2023-11-15,REG_03,STORE_008,EMP_014,PROD_035,3,304.77,0.06,859.45,credit,CUST_7902,New
TXN_202311_005358,2023-11-05,REG_03,STORE_009,EMP_003,PROD_037,4,69.85,0.15,237.49,cash,CUST_8111,Regular
TXN_202311_005359,2023-11-09,REG_03,STORE_009,EMP_003,PROD_007,4,240.65,0.19,779.71,card,CUST_7711,Premium
TXN_202311_005360,2023-11-04,REG_07,STORE_019,EMP_007,PROD_010,3,451.48,0.05,1286.72,card,CUST_1489,Regular
TXN_202311_005361,2023-11-20,REG_06,STORE_018,EMP_006,PROD_027,5,63.76,0.26,235.91,mobile,CUST_6192,New
TXN_202311_005362,2023-11-19,REG_04,STORE_012,EMP_004,PROD_012,3,135.56,0.26,300.94,card,CUST_8198,VIP
TXN_202311_005363,2023-11-26,REG_04,STORE_010,EMP_004,PROD_030,5,23.02,0.14,98.99,card,CUST_1660,VIP
TXN_202311_005364,2023-11-09,REG_10,STORE_030,EMP_017,PROD_006,4,188.96,0.04,725.61,cash,CUST_5294,Regular
TXN_202311_005365,2023-11-01,REG_01,STORE_002,EMP_011,PROD_022,5,401.88,0.18,1647.71,mobile,CUST_5239,Premium
TXN_202311_005366,2023-11-14,REG_10,STORE_029,EMP_028,PROD_037,3,440.61,0.19,1070.68,mobile,CUST_8032,VIP
TXN_202311_005367,2023-11-29,REG_07,STORE_019,EMP_007,PROD_034,1,495.45,0.24,376.54,credit,CUST_4165,Premium
TXN_202311_005368,2023-11-19,REG_06,STORE_018,EMP_006,PROD_048,3,229.86,0.01,682.68,credit,CUST_8670,VIP
TXN_202311_005369,2023-11-08,REG_01,STORE_001,EMP_011,PROD_004,1,81.66,0.01,80.84,mobile,CUST_5924,VIP
TXN_202311_005370,2023-11-03,REG_07,STORE_020,EMP_007,PROD_005,5,217.02,0.17,900.63,mobile,CUST_4459,New
TXN_202311_005371,2023-11-08,REG_01,STORE_002,EMP_019,PROD_009,1,107.58,0.13,93.59,cash,CUST_9110,Regular
TXN_202311_005372,2023-11-13,REG_10,STORE_028,EMP_017,PROD_002,5,233.91,0.26,865.47,credit,CUST_4806,Regular
TXN_202311_005373,2023-11-01,REG_03,STORE_007,EMP_014,PROD_021,3,32.3,0.08,89.15,credit,CUST_8780,New
TXN_202311_005374,2023-11-21,REG_02,STORE_006,EMP_002,PROD_031,3,190.27,0.27,416.69,credit,CUST_3267,New
TXN_202311_005375,2023-11-02,REG_01,STORE_003,EMP_018,PROD_025,2,22.97,0.25,34.45,cash,CUST_1672,New
TXN_202311_005376,2023-11-17,REG_04,STORE_010,EMP_029,PROD_031,1,159.71,0.02,156.52,cash,CUST_5771,Premium
TXN_202311_005377,2023-11-03,REG_01,STORE_001,EMP_019,PROD_030,3,375.98,0.26,834.68,card,CUST_3616,Premium
TXN_202311_005378,2023-11-19,REG_09,STORE_027,EMP_025,PROD_046,1,203.84,0.11,181.42,cash,CUST_2066,Premium
TXN_202311_005379,2023-11-22,REG_08,STORE_022,EMP_008,PROD_024,1,27.11,0.19,21.96,mobile,CUST_7602,Regular
TXN_202311_005380,2023-11-25,REG_09,STORE_027,EMP_025,PROD_005,4,173.31,0.28,499.13,credit,CUST_1281,VIP
TXN_202311_005381,2023-11-30,REG_08,STORE_022,EMP_015,PROD_029,4,268.7,0.07,999.56,cash,CUST_2615,New
TXN_202311_005382,2023-11-11,REG_08,STORE_023,EMP_023,PROD_030,5,98.5,0.19,398.93,cash,CUST_6903,Premium
TXN_202311_005383,2023-11-16,REG_06,STORE_017,EMP_006,PROD_049,3,360.77,0.07,1006.55,cash,CUST_1770,VIP
TXN_202311_005384,2023-11-11,REG_02,STORE_004,EMP_002,PROD_049,2,58.68,0.01,116.19,credit,CUST_9638,VIP
TXN_202311_005385,2023-11-02,REG_02,STORE_006,EMP_002,PROD_044,1,422.66,0.1,380.39,card,CUST_9828,Regular
TXN_202311_005386,2023-11-07,REG_03,STORE_009,EMP_014,PROD_050,3,37.44,0.27,81.99,cash,CUST_3124,New
TXN_202311_005387,2023-11-24,REG_04,STORE_010,EMP_026,PROD_025,1,26.22,0.14,22.55,card,CUST_8396,Premium
TXN_202311_005388,2023-11-06,REG_01,STORE_001,EMP_001,PROD_032,1,332.45,0.08,305.85,credit,CUST_4854,VIP
TXN_202311_005389,2023-11-02,REG_02,STORE_004,EMP_002,PROD_039,5,134.87,0.13,586.68,credit,CUST_5932,New
TXN_202311_005390,2023-11-28,REG_07,STORE_019,EMP_007,PROD_002,5,359.15,0.26,1328.86,mobile,CUST_3809,New
TXN_202311_005391,2023-11-08,REG_08,STORE_023,EMP_008,PROD_028,1,499.04,0.27,364.3,card,CUST_4241,New
TXN_202311_005392,2023-11-23,REG_08,STORE_024,EMP_023,PROD_048,1,483.92,0.09,440.37,mobile,CUST_1000,Premium
TXN_202311_005393,2023-11-01,REG_06,STORE_017,EMP_006,PROD_027,2,392.97,0.14,675.91,mobile,CUST_9448,Regular
TXN_202311_005394,2023-11-01,REG_09,STORE_027,EMP_027,PROD_050,3,262.39,0.2,629.74,credit,CUST_2073,Regular
TXN_202311_005395,2023-11-28,REG_09,STORE_026,EMP_027,PROD_031,4,274.29,0.19,888.7,cash,CUST_9141,New
TXN_202311_005396,2023-11-23,REG_02,STORE_004,EMP_002,PROD_002,2,208.45,0.05,396.05,credit,CUST_7268,New
TXN_202311_005397,2023-11-09,REG_03,STORE_007,EMP_014,PROD_030,4,471.44,0.13,1640.61,credit,CUST_6133,VIP
TXN_202311_005398,2023-11-06,REG_10,STORE_028,EMP_013,PROD_041,4,392.16,0.24,1192.17,card,CUST_2039,Premium
TXN_202311_005399,2023-11-15,REG_09,STORE_025,EMP_009,PROD_019,5,55.15,0.23,212.33,cash,CUST_6355,Premium
TXN_202311_005400,2023-11-10,REG_01,STORE_001,EMP_001,PROD_046,3,357.31,0.26,793.23,credit,CUST_4907,VIP
TXN_202311_005401,2023-11-23,REG_01,STORE_001,EMP_019,PROD_021,4,113.24,0.08,416.72,card,CUST_2329,VIP
TXN_202311_005402,2023-11-04,REG_02,STORE_004,EMP_002,PROD_033,2,24.81,0.25,37.21,credit,CUST_2492,VIP
TXN_202311_005403,2023-11-11,REG_06,STORE_016,EMP_006,PROD_038,4,264.43,0.1,951.95,cash,CUST_4822,Premium
TXN_202311_005404,2023-11-14,REG_06,STORE_018,EMP_006,PROD_040,4,199.77,0.14,687.21,mobile,CUST_4928,Regular
TXN_202311_005405,2023-11-18,REG_08,STORE_022,EMP_023,PROD_025,5,31.77,0.28,114.37,mobile,CUST_9528,Regular
TXN_202311_005406,2023-11-15,REG_04,STORE_010,EMP_026,PROD_003,5,308.53,0.11,1372.96,cash,CUST_7152,Regular
TXN_202311_005407,2023-11-21,REG_01,STORE_003,EMP_001,PROD_016,4,93.54,0.03,362.94,mobile,CUST_6518,New
TXN_202311_005408,2023-11-13,REG_02,STORE_006,EMP_002,PROD_026,1,312.59,0.05,296.96,card,CUST_7816,New
TXN_202311_005409,2023-11-29,REG_05,STORE_013,EMP_021,PROD_037,2,208.37,0.11,370.9,credit,CUST_8254,Regular
TXN_202311_005410,2023-11-12,REG_04,STORE_011,EMP_030,PROD_050,3,24.8,0.27,54.31,cash,CUST_3325,Premium
TXN_202311_005411,2023-11-15,REG_03,STORE_007,EMP_003,PROD_049,1,352.51,0.02,345.46,credit,CUST_8645,VIP
TXN_202311_005412,2023-11-04,REG_08,STORE_022,EMP_015,PROD_023,4,211.36,0.08,777.8,credit,CUST_1030,VIP
TXN_202311_005413,2023-11-25,REG_02,STORE_006,EMP_002,PROD_008,1,439.29,0.26,325.07,card,CUST_9849,Premium
TXN_202311_005414,2023-11-28,REG_10,STORE_029,EMP_017,PROD_046,1,149.0,0.07,138.57,card,CUST_9263,Premium
TXN_202311_005415,2023-11-16,REG_08,STORE_024,EMP_012,PROD_026,4,217.88,0.23,671.07,mobile,CUST_2796,New
TXN_202311_005416,2023-11-29,REG_02,STORE_005,EMP_002,PROD_037,5,145.14,0.22,566.05,credit,CUST_9338,Premium
TXN_202311_005417,2023-11-10,REG_04,STORE_012,EMP_026,PROD_019,5,447.16,0.16,1878.07,credit,CUST_8608,New
TXN_202311_005418,2023-11-28,REG_04,STORE_010,EMP_029,PROD_003,4,354.2,0.05,1345.96,card,CUST_6523,Regular
TXN_202311_005419,2023-11-12,REG_08,STORE_022,EMP_015,PROD_020,2,61.63,0.2,98.61,mobile,CUST_4256,Premium
TXN_202311_005420,2023-11-30,REG_03,STORE_008,EMP_014,PROD_050,1,437.74,0.17,363.32,cash,CUST_3448,Regular
TXN_202311_005421,2023-11-01,REG_03,STORE_009,EMP_003,PROD_043,5,342.73,0.09,1559.42,mobile,CUST_8560,VIP
TXN_202311_005422,2023-11-05,REG_05,STORE_014,EMP_021,PROD_035,1,176.19,0.09,160.33,credit,CUST_2056,Regular
TXN_202311_005423,2023-11-08,REG_04,STORE_010,EMP_004,PROD_031,5,103.14,0.27,376.46,cash,CUST_4177,Regular
TXN_202311_005424,2023-11-10,REG_05,STORE_015,EMP_005,PROD_010,2,441.16,0.21,697.03,mobile,CUST_3697,VIP
TXN_202311_005425,2023-11-23,REG_09,STORE_026,EMP_022,PROD_008,2,84.78,0.22,132.26,mobile,CUST_4249,VIP
TXN_202311_005426,2023-11-17,REG_08,STORE_022,EMP_012,PROD_005,4,374.34,0.19,1212.86,card,CUST_7511,Regular
TXN_202311_005427,2023-11-22,REG_06,STORE_018,EMP_006,PROD_024,3,97.03,0.26,215.41,cash,CUST_3873,Regular
TXN_202311_005428,2023-11-23,REG_04,STORE_010,EMP_026,PROD_030,5,183.48,0.18,752.27,credit,CUST_5258,New
TXN_202311_005429,2023-11-06,REG_04,STORE_012,EMP_029,PROD_044,2,288.73,0.15,490.84,card,CUST_8188,New
TXN_202311_005430,2023-11-26,REG_07,STORE_020,EMP_007,PROD_017,2,399.59,0.3,559.43,cash,CUST_6593,VIP
TXN_202311_005431,2023-11-15,REG_03,STORE_009,EMP_014,PROD_007,2,342.19,0.13,595.41,mobile,CUST_3742,Regular
TXN_202311_005432,2023-11-04,REG_06,STORE_018,EMP_006,PROD_012,3,180.54,0.16,454.96,mobile,CUST_6643,Regular
TXN_202311_005433,2023-11-17,REG_03,STORE_009,EMP_014,PROD_014,3,92.56,0.01,274.9,credit,CUST_3855,Regular
TXN_202311_005434,2023-11-18,REG_09,STORE_027,EMP_009,PROD_021,3,424.58,0.02,1248.27,mobile,CUST_9804,New
TXN_202311_005435,2023-11-10,REG_04,STORE_010,EMP_024,PROD_028,3,134.38,0.16,338.64,cash,CUST_2794,Premium
TXN_202311_005436,2023-11-23,REG_08,STORE_024,EMP_012,PROD_006,4,156.29,0.24,475.12,card,CUST_7817,VIP
TXN_202311_005437,2023-11-22,REG_03,STORE_009,EMP_003,PROD_046,1,319.18,0.05,303.22,cash,CUST_8086,VIP
TXN_202311_005438,2023-11-22,REG_08,STORE_022,EMP_012,PROD_040,1,300.99,0.26,222.73,credit,CUST_6541,Premium
TXN_202311_005439,2023-11-13,REG_06,STORE_018,EMP_006,PROD_005,4,195.53,0.2,625.7,cash,CUST_4781,VIP
TXN_202311_005440,2023-11-18,REG_04,STORE_011,EMP_016,PROD_003,2,268.13,0.23,412.92,card,CUST_4946,Regular
TXN_202311_005441,2023-11-23,REG_02,STORE_005,EMP_002,PROD_036,1,33.3,0.1,29.97,credit,CUST_6664,Regular
TXN_202311_005442,2023-11-24,REG_10,STORE_030,EMP_020,PROD_001,2,139.9,0.07,260.21,card,CUST_3616,Premium
TXN_202311_005443,2023-11-21,REG_10,STORE_028,EMP_017,PROD_024,3,313.54,0.13,818.34,card,CUST_5311,VIP
TXN_202311_005444,2023-11-27,REG_02,STORE_004,EMP_002,PROD_002,3,273.19,0.02,803.18,cash,CUST_7239,VIP
TXN_202311_005445,2023-11-02,REG_09,STORE_025,EMP_027,PROD_048,4,190.49,0.0,761.96,card,CUST_7660,Regular
TXN_202311_005446,2023-11-28,REG_02,STORE_004,EMP_002,PROD_038,5,161.57,0.19,654.36,cash,CUST_7341,Premium
TXN_202311_005447,2023-11-20,REG_03,STORE_008,EMP_014,PROD_046,1,222.69,0.04,213.78,credit,CUST_4687,New
TXN_202311_005448,2023-11-04,REG_05,STORE_013,EMP_021,PROD_016,1,193.68,0.17,160.75,credit,CUST_1179,Premium
TXN_202311_005449,2023-11-16,REG_02,STORE_005,EMP_002,PROD_042,5,303.17,0.15,1288.47,mobile,CUST_4917,New
TXN_202311_005450,2023-11-15,REG_01,STORE_003,EMP_019,PROD_050,4,168.47,0.22,525.63,card,CUST_1068,Regular
TXN_202311_005451,2023-11-04,REG_02,STORE_005,EMP_002,PROD_042,1,431.52,0.24,327.96,cash,CUST_7578,Premium
TXN_202311_005452,2023-11-02,REG_07,STORE_020,EMP_007,PROD_011,5,470.39,0.21,1858.04,card,CUST_8406,Premium
TXN_202311_005453,2023-11-23,REG_09,STORE_026,EMP_025,PROD_029,3,244.34,0.06,689.04,cash,CUST_6255,Regular
TXN_202311_005454,2023-11-15,REG_08,STORE_023,EMP_008,PROD_010,1,117.57,0.18,96.41,credit,CUST_9378,New
TXN_202311_005455,2023-11-21,REG_01,STORE_003,EMP_018,PROD_016,5,474.18,0.19,1920.43,cash,CUST_5350,Premium
TXN_202311_005456,2023-11-06,REG_06,STORE_018,EMP_006,PROD_040,5,59.78,0.27,218.2,mobile,CUST_3012,Regular
TXN_202311_005457,2023-11-23,REG_09,STORE_026,EMP_022,PROD_005,2,156.9,0.12,276.14,card,CUST_9874,Regular
TXN_202311_005458,2023-11-01,REG_05,STORE_013,EMP_021,PROD_040,4,164.39,0.06,618.11,cash,CUST_7897,New
TXN_202311_005459,2023-11-28,REG_03,STORE_007,EMP_003,PROD_021,4,389.4,0.01,1542.02,card,CUST_1109,Premium
TXN_202311_005460,2023-11-16,REG_06,STORE_017,EMP_006,PROD_045,1,151.02,0.03,146.49,mobile,CUST_1927,VIP
TXN_202311_005461,2023-11-04,REG_09,STORE_027,EMP_022,PROD_017,3,406.93,0.07,1135.33,card,CUST_7345,Premium
TXN_202311_005462,2023-11-12,REG_06,STORE_016,EMP_006,PROD_007,3,407.11,0.28,879.36,mobile,CUST_3294,Regular
TXN_202311_005463,2023-11-30,REG_07,STORE_019,EMP_007,PROD_027,1,194.18,0.17,161.17,card,CUST_4755,VIP
TXN_202311_005464,2023-11-19,REG_04,STORE_012,EMP_030,PROD_036,1,225.34,0.12,198.3,card,CUST_4966,New
TXN_202311_005465,2023-11-06,REG_07,STORE_020,EMP_007,PROD_033,3,444.78,0.03,1294.31,credit,CUST_3294,VIP
TXN_202311_005466,2023-11-04,REG_10,STORE_028,EMP_028,PROD_043,2,497.61,0.09,905.65,cash,CUST_6679,Premium
TXN_202311_005467,2023-11-25,REG_08,STORE_022,EMP_023,PROD_002,2,197.41,0.14,339.55,card,CUST_3530,Regular
TXN_202311_005468,2023-11-04,REG_08,STORE_022,EMP_008,PROD_035,5,215.42,0.16,904.76,card,CUST_8543,Regular
TXN_202311_005469,2023-11-11,REG_08,STORE_024,EMP_015,PROD_021,4,373.69,0.18,1225.7,credit,CUST_7101,Regular
TXN_202311_005470,2023-11-13,REG_01,STORE_001,EMP_001,PROD_019,5,29.63,0.29,105.19,credit,CUST_2138,Regular
TXN_202311_005471,2023-11-14,REG_07,STORE_021,EMP_007,PROD_048,1,215.46,0.21,170.21,cash,CUST_9236,Premium
TXN_202311_005472,2023-11-22,REG_05,STORE_015,EMP_005,PROD_042,5,221.23,0.17,918.1,credit,CUST_7215,Premium
TXN_202311_005473,2023-11-20,REG_01,STORE_001,EMP_011,PROD_028,1,154.8,0.04,148.61,card,CUST_9213,Premium
TXN_202311_005474,2023-11-09,REG_02,STORE_004,EMP_002,PROD_044,4,74.29,0.3,208.01,cash,CUST_1569,New
TXN_202311_005475,2023-11-10,REG_07,STORE_019,EMP_007,PROD_035,5,430.19,0.28,1548.68,mobile,CUST_2603,New
TXN_202311_005476,2023-11-08,REG_03,STORE_009,EMP_014,PROD_031,3,490.1,0.22,1146.83,credit,CUST_3965,Regular
TXN_202311_005477,2023-11-16,REG_01,STORE_001,EMP_001,PROD_040,2,249.16,0.19,403.64,card,CUST_1943,VIP
TXN_202311_005478,2023-11-03,REG_08,STORE_022,EMP_023,PROD_029,2,492.62,0.12,867.01,card,CUST_8177,New
TXN_202311_005479,2023-11-30,REG_03,STORE_007,EMP_014,PROD_036,1,233.0,0.04,223.68,mobile,CUST_5623,Regular
TXN_202311_005480,2023-11-07,REG_09,STORE_027,EMP_025,PROD_005,3,318.94,0.16,803.73,credit,CUST_5103,Premium
