transaction_id,date,region,store_id,employee_id,product_id,units,unit_price,discount,revenue,payment,customer_id,customer_segment
TXN_202303_001001,2023-03-19,REG_06,STORE_016,EMP_006,PROD_046,5,213.08,0.12,937.55,cash,CUST_4891,New
TXN_202303_001002,2023-03-20,REG_09,STORE_026,EMP_022,PROD_024,3,42.94,0.08,118.51,card,CUST_9923,VIP
TXN_202303_001003,2023-03-06,REG_01,STORE_002,EMP_011,PROD_038,4,214.03,0.17,710.58,credit,CUST_1496,VIP
TXN_202303_001004,2023-03-09,REG_04,STORE_010,EMP_024,PROD_039,3,157.75,0.03,459.05,mobile,CUST_5805,New
TXN_202303_001005,2023-03-03,REG_02,STORE_005,EMP_002,PROD_002,4,91.11,0.01,360.8,mobile,CUST_4732,Regular
TXN_202303_001006,2023-03-24,REG_10,STORE_029,EMP_013,PROD_044,5,30.1,0.28,108.36,mobile,CUST_6897,New
TXN_202303_001007,2023-03-27,REG_10,STORE_028,EMP_028,PROD_016,5,353.53,0.12,1555.53,card,CUST_3877,Premium
TXN_202303_001008,2023-03-21,REG_01,STORE_002,EMP_018,PROD_038,1,297.23,0.1,267.51,card,CUST_4983,Premium
TXN_202303_001009,2023-03-24,REG_02,STORE_004,EMP_002,PROD_009,1,190.37,0.01,188.47,mobile,CUST_5125,Regular
TXN_202303_001010,2023-03-25,REG_09,STORE_027,EMP_022,PROD_003,5,481.89,0.29,1710.71,cash,CUST_6498,Regular
TXN_202303_001011,2023-03-05,REG_04,STORE_010,EMP_029,PROD_011,4,111.45,0.25,334.35,card,CUST_5646,New
TXN_202303_001012,2023-03-11,REG_01,STORE_003,EMP_001,PROD_034,4,10.95,0.14,37.67,cash,CUST_2009,Premium
TXN_202303_001013,2023-03-28,REG_03,STORE_007,EMP_014,PROD_045,1,184.76,0.22,144.11,mobile,CUST_3465,VIP
TXN_202303_001014,2023-03-15,REG_04,STORE_011,EMP_030,PROD_033,2,82.56,0.22,128.79,mobile,CUST_4794,VIP
TXN_202303_001015,2023-03-14,REG_04,STORE_012,EMP_024,PROD_032,2,394.4,0.07,733.58,credit,CUST_9638,VIP
TXN_202303_001016,2023-03-15,REG_03,STORE_007,EMP_014,PROD_001,4,55.21,0.07,205.38,credit,CUST_9503,New
TXN_202303_001017,2023-03-21,REG_07,STORE_021,EMP_007,PROD_030,5,147.84,0.21,583.97,credit,CUST_3770,New
TXN_202303_001018,2023-03-16,REG_02,STORE_006,EMP_002,PROD_045,5,177.92,0.09,809.54,credit,CUST_4769,New
TXN_202303_001019,2023-03-17,REG_07,STORE_019,EMP_007,PROD_020,3,275.07,0.18,676.67,mobile,CUST_4468,New
TXN_202303_001020,2023-03-11,REG_04,STORE_010,EMP_026,PROD_013,1,433.06,0.09,394.08,card,CUST_7385,Premium
TXN_202303_001021,2023-03-20,REG_09,STORE_026,EMP_025,PROD_048,4,342.41,0.1,1232.68,mobile,CUST_6824,New
TXN_202303_001022,2023-03-07,REG_07,STORE_021,EMP_007,PROD_021,1,223.15,0.21,176.29,credit,CUST_9717,Premium
TXN_202303_001023,2023-03-05,REG_04,STORE_012,EMP_026,PROD_017,3,357.16,0.17,889.33,cash,CUST_6409,Premium
TXN_202303_001024,2023-03-11,REG_01,STORE_002,EMP_018,PROD_031,1,179.82,0.02,176.22,credit,CUST_9780,New
TXN_202303_001025,2023-03-09,REG_04,STORE_011,EMP_030,PROD_020,2,62.45,0.16,104.92,credit,CUST_8759,Regular
TXN_202303_001026,2023-03-17,REG_09,STORE_025,EMP_027,PROD_032,1,65.87,0.07,61.26,mobile,CUST_9218,Regular
TXN_202303_001027,2023-03-07,REG_07,STORE_021,EMP_007,PROD_046,4,33.01,0.06,124.12,credit,CUST_4735,Premium
TXN_202303_001028,2023-03-12,REG_04,STORE_012,EMP_024,PROD_026,2,169.94,0.15,288.9,card,CUST_4742,Regular
TXN_202303_001029,2023-03-11,REG_01,STORE_003,EMP_018,PROD_028,2,68.73,0.12,120.96,credit,CUST_1631,Regular
TXN_202303_001030,2023-03-21,REG_05,STORE_014,EMP_021,PROD_015,3,495.18,0.29,1054.73,cash,CUST_1447,Premium
TXN_202303_001031,2023-03-30,REG_08,STORE_023,EMP_008,PROD_016,3,427.86,0.12,1129.55,credit,CUST_6076,New
TXN_202303_001032,2023-03-02,REG_09,STORE_027,EMP_022,PROD_009,2,73.42,0.21,116.0,card,CUST_8478,Regular
TXN_202303_001033,2023-03-19,REG_07,STORE_019,EMP_007,PROD_037,5,370.02,0.02,1813.1,card,CUST_7718,New
TXN_202303_001034,2023-03-12,REG_06,STORE_018,EMP_006,PROD_032,3,396.27,0.3,832.17,card,CUST_3171,VIP
TXN_202303_001035,2023-03-15,REG_01,STORE_002,EMP_011,PROD_022,5,268.57,0.14,1154.85,cash,CUST_7498,New
TXN_202303_001036,2023-03-29,REG_09,STORE_026,EMP_009,PROD_029,2,223.29,0.3,312.61,card,CUST_5729,Premium
TXN_202303_001037,2023-03-09,REG_07,STORE_021,EMP_007,PROD_025,5,124.15,0.05,589.71,mobile,CUST_8657,Regular
TXN_202303_001038,2023-03-22,REG_01,STORE_002,EMP_018,PROD_014,4,106.83,0.1,384.59,mobile,CUST_7283,VIP
TXN_202303_001039,2023-03-04,REG_08,STORE_022,EMP_008,PROD_008,2,315.98,0.02,619.32,cash,CUST_2756,Premium
TXN_202303_001040,2023-03-18,REG_04,STORE_011,EMP_030,PROD_049,4,192.07,0.26,568.53,card,CUST_4209,Regular
TXN_202303_001041,2023-03-10,REG_03,STORE_009,EMP_003,PROD_011,4,476.21,0.17,1581.02,mobile,CUST_6121,Premium
TXN_202303_001042,2023-03-23,REG_06,STORE_017,EMP_006,PROD_036,2,462.22,0.13,804.26,cash,CUST_1496,Premium
TXN_202303_001043,2023-03-25,REG_05,STORE_013,EMP_005,PROD_013,4,13.99,0.04,53.72,card,CUST_3790,VIP
TXN_202303_001044,2023-03-26,REG_06,STORE_018,EMP_006,PROD_024,4,260.44,0.28,750.07,credit,CUST_9109,VIP
TXN_202303_001045,2023-03-05,REG_03,STORE_009,EMP_003,PROD_044,1,193.08,0.21,152.53,card,CUST_6733,Premium
TXN_202303_001046,2023-03-02,REG_06,STORE_017,EMP_006,PROD_005,1,288.56,0.27,210.65,mobile,CUST_5762,New
TXN_202303_001047,2023-03-20,REG_08,STORE_022,EMP_023,PROD_049,2,253.57,0.1,456.43,mobile,CUST_9844,Premium
TXN_202303_001048,2023-03-30,REG_02,STORE_005,EMP_002,PROD_048,4,205.12,0.04,787.66,mobile,CUST_5504,VIP
TXN_202303_001049,2023-03-05,REG_03,STORE_007,EMP_003,PROD_022,2,52.51,0.2,84.02,card,CUST_6790,Regular
TXN_202303_001050,2023-03-11,REG_01,STORE_002,EMP_018,PROD_031,4,145.16,0.09,528.38,card,CUST_4719,New
TXN_202303_001051,2023-03-27,REG_06,STORE_016,EMP_006,PROD_022,5,331.46,0.03,1607.58,card,CUST_5134,New
TXN_202303_001052,2023-03-23,REG_09,STORE_027,EMP_009,PROD_043,2,111.5,0.13,194.01,card,CUST_8347,VIP
TXN_202303_001053,2023-03-11,REG_09,STORE_025,EMP_022,PROD_008,2,477.71,0.28,687.9,cash,CUST_1933,VIP
TXN_202303_001054,2023-03-24,REG_07,STORE_019,EMP_007,PROD_007,3,318.52,0.03,926.89,card,CUST_6332,VIP
TXN_202303_001055,2023-03-04,REG_01,STORE_003,EMP_001,PROD_040,5,405.95,0.2,1623.8,cash,CUST_6012,VIP
TXN_202303_001056,2023-03-29,REG_05,STORE_014,EMP_005,PROD_047,5,280.88,0.09,1278.0,cash,CUST_3527,Regular
TXN_202303_001057,2023-03-25,REG_07,STORE_020,EMP_007,PROD_050,1,386.63,0.09,351.83,card,CUST_9031,VIP
TXN_202303_001058,2023-03-20,REG_04,STORE_010,EMP_030,PROD_005,5,350.29,0.09,1593.82,cash,CUST_9065,VIP
TXN_202303_001059,2023-03-10,REG_10,STORE_030,EMP_020,PROD_027,4,23.15,0.01,91.67,mobile,CUST_7162,Regular
TXN_202303_001060,2023-03-06,REG_07,STORE_021,EMP_007,PROD_036,5,325.78,0.08,1498.59,credit,CUST_5473,New
TXN_202303_001061,2023-03-22,REG_09,STORE_025,EMP_025,PROD_006,4,452.66,0.16,1520.94,cash,CUST_5928,Premium
TXN_202303_001062,2023-03-05,REG_10,STORE_029,EMP_028,PROD_049,4,286.82,0.08,1055.5,cash,CUST_9243,New
TXN_202303_001063,2023-03-24,REG_01,STORE_003,EMP_018,PROD_041,3,79.09,0.21,187.44,card,CUST_9328,Regular
TXN_202303_001064,2023-03-04,REG_07,STORE_021,EMP_007,PROD_030,4,155.29,0.03,602.53,mobile,CUST_9309,New
TXN_202303_001065,2023-03-28,REG_09,STORE_025,EMP_009,PROD_022,3,117.46,0.14,303.05,credit,CUST_4937,New
TXN_202303_001066,2023-03-04,REG_09,STORE_027,EMP_009,PROD_008,4,221.35,0.05,841.13,card,CUST_1759,Premium
TXN_202303_001067,2023-03-24,REG_04,STORE_011,EMP_030,PROD_031,1,434.03,0.16,364.59,card,CUST_9026,Regular
TXN_202303_001068,2023-03-07,REG_08,STORE_023,EMP_015,PROD_044,1,347.71,0.22,271.21,mobile,CUST_3688,VIP
TXN_202303_001069,2023-03-24,REG_02,STORE_004,EMP_002,PROD_020,3,361.56,0.23,835.2,credit,CUST_5039,Premium
TXN_202303_001070,2023-03-28,REG_05,STORE_015,EMP_005,PROD_037,1,304.52,0.19,246.66,mobile,CUST_4714,Regular
TXN_202303_001071,2023-03-05,REG_10,STORE_029,EMP_020,PROD_034,5,12.99,0.22,50.66,mobile,CUST_2270,VIP
TXN_202303_001072,2023-03-29,REG_05,STORE_013,EMP_005,PROD_028,5,367.46,0.03,1782.18,card,CUST_2975,Regular
TXN_202303_001073,2023-03-05,REG_02,STORE_005,EMP_002,PROD_020,1,430.24,0.18,352.8,credit,CUST_3343,Regular
TXN_202303_001074,2023-03-23,REG_05,STORE_013,EMP_005,PROD_025,4,267.44,0.14,919.99,card,CUST_7244,Premium
TXN_202303_001075,2023-03-31,REG_05,STORE_015,EMP_021,PROD_040,1,18.11,0.17,15.03,credit,CUST_3589,Premium
TXN_202303_001076,2023-03-23,REG_04,STORE_012,EMP_004,PROD_031,5,88.68,0.02,434.53,mobile,CUST_1238,Premium
TXN_202303_001077,2023-03-02,REG_02,STORE_006,EMP_002,PROD_041,1,126.69,0.11,112.75,mobile,CUST_7106,New
TXN_202303_001078,2023-03-28,REG_05,STORE_014,EMP_021,PROD_033,5,144.63,0.25,542.36,card,CUST_3835,VIP
TXN_202303_001079,2023-03-13,REG_03,STORE_008,EMP_014,PROD_036,1,221.24,0.02,216.82,credit,CUST_2205,Regular
TXN_202303_001080,2023-03-30,REG_01,STORE_003,EMP_018,PROD_021,3,298.11,0.29,634.97,card,CUST_8086,New
TXN_202303_001081,2023-03-24,REG_04,STORE_012,EMP_024,PROD_029,2,326.9,0.23,503.43,mobile,CUST_2012,Premium
TXN_202303_001082,2023-03-14,REG_03,STORE_007,EMP_014,PROD_032,3,82.62,0.0,247.86,cash,CUST_2854,VIP
TXN_202303_001083,2023-03-07,REG_06,STORE_016,EMP_006,PROD_017,1,396.33,0.26,293.28,cash,CUST_5763,Regular
TXN_202303_001084,2023-03-23,REG_02,STORE_004,EMP_002,PROD_022,3,203.78,0.03,593.0,card,CUST_8206,Premium
TXN_202303_001085,2023-03-04,REG_08,STORE_024,EMP_012,PROD_046,4,335.98,0.23,1034.82,cash,CUST_8122,Regular
TXN_202303_001086,2023-03-31,REG_09,STORE_027,EMP_009,PROD_003,2,309.19,0.26,457.6,cash,CUST_5380,Regular
TXN_202303_001087,2023-03-28,REG_02,STORE_005,EMP_002,PROD_049,5,423.58,0.1,1906.11,mobile,CUST_9158,Regular
TXN_202303_001088,2023-03-24,REG_06,STORE_018,EMP_006,PROD_010,3,471.16,0.23,1088.38,credit,CUST_1041,Regular
TXN_202303_001089,2023-03-26,REG_06,STORE_016,EMP_006,PROD_032,3,364.03,0.07,1015.64,cash,CUST_9708,Regular
TXN_202303_001090,2023-03-26,REG_02,STORE_004,EMP_002,PROD_018,1,371.8,0.05,353.21,mobile,CUST_7223,Premium
TXN_202303_001091,2023-03-30,REG_01,STORE_003,EMP_001,PROD_044,4,98.1,0.05,372.78,credit,CUST_1608,VIP
TXN_202303_001092,2023-03-14,REG_09,STORE_027,EMP_025,PROD_038,5,112.72,0.2,450.88,cash,CUST_2684,Regular
TXN_202303_001093,2023-03-07,REG_04,STORE_011,EMP_026,PROD_039,5,164.06,0.16,689.05,mobile,CUST_7688,Regular
TXN_202303_001094,2023-03-06,REG_07,STORE_021,EMP_007,PROD_002,5,312.11,0.21,1232.83,card,CUST_2250,New
TXN_202303_001095,2023-03-05,REG_02,STORE_006,EMP_002,PROD_011,4,143.68,0.21,454.03,card,CUST_8884,VIP
TXN_202303_001096,2023-03-29,REG_07,STORE_021,EMP_007,PROD_009,5,273.58,0.28,984.89,mobile,CUST_5881,Regular
TXN_202303_001097,2023-03-20,REG_05,STORE_015,EMP_005,PROD_011,3,104.79,0.03,304.94,mobile,CUST_3276,VIP
TXN_202303_001098,2023-03-12,REG_03,STORE_009,EMP_014,PROD_031,4,74.91,0.17,248.7,mobile,CUST_2995,New
TXN_202303_001099,2023-03-12,REG_05,STORE_015,EMP_021,PROD_032,3,248.71,0.06,701.36,credit,CUST_5064,Premium
TXN_202303_001100,2023-03-10,REG_10,STORE_028,EMP_028,PROD_026,3,229.8,0.02,675.61,credit,CUST_9095,New
TXN_202303_001101,2023-03-23,REG_03,STORE_008,EMP_003,PROD_009,2,481.51,0.13,837.83,mobile,CUST_4575,VIP
TXN_202303_001102,2023-03-08,REG_09,STORE_025,EMP_027,PROD_050,4,471.73,0.18,1547.27,credit,CUST_9228,Premium
TXN_202303_001103,2023-03-06,REG_04,STORE_011,EMP_029,PROD_025,5,178.2,0.02,873.18,card,CUST_6094,Regular
TXN_202303_001104,2023-03-22,REG_08,STORE_022,EMP_015,PROD_004,3,411.01,0.14,1060.41,mobile,CUST_6572,Premium
TXN_202303_001105,2023-03-21,REG_07,STORE_021,EMP_007,PROD_023,4,35.53,0.23,109.43,cash,CUST_8914,Regular
TXN_202303_001106,2023-03-31,REG_07,STORE_021,EMP_007,PROD_020,3,306.45,0.01,910.16,cash,CUST_5833,VIP
TXN_202303_001107,2023-03-12,REG_04,STORE_010,EMP_016,PROD_015,1,214.52,0.17,178.05,cash,CUST_1152,Regular
TXN_202303_001108,2023-03-15,REG_04,STORE_011,EMP_026,PROD_039,4,388.25,0.04,1490.88,card,CUST_4247,Regular
TXN_202303_001109,2023-03-27,REG_03,STORE_008,EMP_014,PROD_022,3,404.98,0.25,911.21,mobile,CUST_3176,Premium
TXN_202303_001110,2023-03-03,REG_03,STORE_007,EMP_003,PROD_042,1,291.64,0.18,239.14,cash,CUST_3603,Premium
TXN_202303_001111,2023-03-14,REG_10,STORE_029,EMP_017,PROD_042,5,460.08,0.03,2231.39,cash,CUST_2662,Regular
TXN_202303_001112,2023-03-27,REG_03,STORE_009,EMP_003,PROD_010,5,478.23,0.16,2008.57,card,CUST_9173,Premium
TXN_202303_001113,2023-03-19,REG_05,STORE_014,EMP_005,PROD_008,2,192.19,0.15,326.72,mobile,CUST_5347,New
TXN_202303_001114,2023-03-29,REG_10,STORE_029,EMP_020,PROD_008,5,135.88,0.04,652.22,credit,CUST_3110,Premium
TXN_202303_001115,2023-03-26,REG_04,STORE_011,EMP_024,PROD_037,1,361.47,0.11,321.71,cash,CUST_5580,VIP
TXN_202303_001116,2023-03-02,REG_10,STORE_029,EMP_010,PROD_046,1,107.09,0.26,79.25,credit,CUST_8331,New
TXN_202303_001117,2023-03-29,REG_04,STORE_011,EMP_024,PROD_022,4,212.0,0.26,627.52,credit,CUST_7868,Regular
TXN_202303_001118,2023-03-28,REG_06,STORE_018,EMP_006,PROD_017,2,125.35,0.26,185.52,cash,CUST_8987,New
TXN_202303_001119,2023-03-01,REG_06,STORE_017,EMP_006,PROD_048,4,164.96,0.27,481.68,card,CUST_5618,VIP
TXN_202303_001120,2023-03-07,REG_07,STORE_020,EMP_007,PROD_046,3,204.83,0.23,473.16,card,CUST_1084,New
TXN_202303_001121,2023-03-21,REG_02,STORE_005,EMP_002,PROD_008,1,319.82,0.1,287.84,credit,CUST_3514,New
TXN_202303_001122,2023-03-12,REG_06,STORE_017,EMP_006,PROD_036,3,195.18,0.06,550.41,mobile,CUST_4712,New
TXN_202303_001123,2023-03-18,REG_03,STORE_008,EMP_003,PROD_035,4,65.74,0.27,191.96,cash,CUST_4204,New
TXN_202303_001124,2023-03-06,REG_04,STORE_010,EMP_024,PROD_022,4,229.81,0.14,790.55,credit,CUST_9759,Premium
TXN_202303_001125,2023-03-27,REG_03,STORE_008,EMP_014,PROD_030,1,243.01,0.23,187.12,credit,CUST_3725,Regular
TXN_202303_001126,2023-03-26,REG_01,STORE_002,EMP_018,PROD_013,2,68.44,0.02,134.14,mobile,CUST_4691,Regular
TXN_202303_001127,2023-03-08,REG_05,STORE_015,EMP_005,PROD_049,5,313.74,0.06,1474.58,cash,CUST_8973,VIP
TXN_202303_001128,2023-03-11,REG_04,STORE_010,EMP_030,PROD_042,1,37.98,0.13,33.04,cash,CUST_2456,VIP
TXN_202303_001129,2023-03-18,REG_01,STORE_001,EMP_001,PROD_037,4,492.73,0.23,1517.61,cash,CUST_2050,Premium
TXN_202303_001130,2023-03-06,REG_05,STORE_014,EMP_021,PROD_041,5,389.03,0.16,1633.93,card,CUST_8299,New
TXN_202303_001131,2023-03-19,REG_01,STORE_001,EMP_011,PROD_037,3,397.1,0.14,1024.52,credit,CUST_5781,Premium
TXN_202303_001132,2023-03-13,REG_05,STORE_014,EMP_021,PROD_041,1,133.87,0.16,112.45,cash,CUST_4358,VIP
TXN_202303_001133,2023-03-25,REG_02,STORE_004,EMP_002,PROD_025,1,112.64,0.06,105.88,credit,CUST_6702,New
TXN_202303_001134,2023-03-07,REG_01,STORE_003,EMP_018,PROD_039,3,493.19,0.0,1479.57,card,CUST_3514,New
TXN_202303_001135,2023-03-01,REG_06,STORE_018,EMP_006,PROD_035,5,389.08,0.12,1711.95,credit,CUST_8424,New
TXN_202303_001136,2023-03-11,REG_05,STORE_013,EMP_021,PROD_049,2,67.03,0.19,108.59,mobile,CUST_5908,Regular
TXN_202303_001137,2023-03-06,REG_07,STORE_020,EMP_007,PROD_003,2,320.65,0.14,551.52,cash,CUST_7357,VIP
TXN_202303_001138,2023-03-08,REG_06,STORE_017,EMP_006,PROD_001,5,224.96,0.28,809.86,mobile,CUST_2854,New
TXN_202303_001139,2023-03-04,REG_01,STORE_002,EMP_019,PROD_002,5,391.37,0.27,1428.5,mobile,CUST_7765,VIP
TXN_202303_001140,2023-03-14,REG_06,STORE_017,EMP_006,PROD_025,1,105.37,0.18,86.4,mobile,CUST_4911,VIP
TXN_202303_001141,2023-03-19,REG_03,STORE_007,EMP_003,PROD_038,3,90.69,0.12,239.42,mobile,CUST_3167,Premium
TXN_202303_001142,2023-03-03,REG_05,STORE_014,EMP_005,PROD_025,3,86.89,0.21,205.93,card,CUST_1487,VIP
TXN_202303_001143,2023-03-16,REG_01,STORE_002,EMP_001,PROD_001,3,41.96,0.14,108.26,cash,CUST_8273,Premium
TXN_202303_001144,2023-03-11,REG_03,STORE_008,EMP_014,PROD_016,1,254.97,0.01,252.42,cash,CUST_5556,New
TXN_202303_001145,2023-03-24,REG_03,STORE_009,EMP_003,PROD_006,5,422.21,0.2,1688.84,cash,CUST_2759,Premium
TXN_202303_001146,2023-03-17,REG_01,STORE_003,EMP_011,PROD_016,1,263.7,0.28,189.86,credit,CUST_3761,Regular
TXN_202303_001147,2023-03-22,REG_02,STORE_004,EMP_002,PROD_045,1,346.21,0.24,263.12,mobile,CUST_9755,New
TXN_202303_001148,2023-03-06,REG_08,STORE_023,EMP_023,PROD_012,1,277.58,0.05,263.7,mobile,CUST_4084,New
TXN_202303_001149,2023-03-23,REG_07,STORE_021,EMP_007,PROD_020,5,355.23,0.17,1474.2,mobile,CUST_7633,New
TXN_202303_001150,2023-03-12,REG_04,STORE_011,EMP_004,PROD_022,2,23.03,0.09,41.91,credit,CUST_2757,VIP
TXN_202303_001151,2023-03-11,REG_03,STORE_008,EMP_014,PROD_042,5,184.11,0.04,883.73,card,CUST_1968,Premium
TXN_202303_001152,2023-03-15,REG_03,STORE_009,EMP_014,PROD_015,4,479.33,0.2,1533.86,mobile,CUST_1948,Regular
TXN_202303_001153,2023-03-07,REG_05,STORE_014,EMP_021,PROD_044,3,137.26,0.24,312.95,credit,CUST_9132,VIP
TXN_202303_001154,2023-03-28,REG_08,STORE_022,EMP_023,PROD_008,3,411.99,0.22,964.06,card,CUST_5602,Premium
TXN_202303_001155,2023-03-30,REG_02,STORE_005,EMP_002,PROD_031,1,159.97,0.28,115.18,card,CUST_7304,Premium
TXN_202303_001156,2023-03-20,REG_08,STORE_022,EMP_023,PROD_030,2,194.9,0.16,327.43,cash,CUST_7869,New
TXN_202303_001157,2023-03-17,REG_07,STORE_019,EMP_007,PROD_006,5,119.44,0.18,489.7,mobile,CUST_4809,Premium
TXN_202303_001158,2023-03-19,REG_09,STORE_027,EMP_027,PROD_039,3,124.09,0.11,331.32,card,CUST_2750,New
TXN_202303_001159,2023-03-10,REG_10,STORE_029,EMP_013,PROD_004,1,344.38,0.05,327.16,mobile,CUST_9933,Premium
TXN_202303_001160,2023-03-02,REG_04,STORE_012,EMP_030,PROD_021,2,332.69,0.19,538.96,card,CUST_4039,VIP
TXN_202303_001161,2023-03-22,REG_08,STORE_023,EMP_015,PROD_042,4,289.98,0.3,811.94,cash,CUST_2142,Premium
TXN_202303_001162,2023-03-12,REG_08,STORE_022,EMP_023,PROD_036,2,114.34,0.02,224.11,credit,CUST_7950,New
TXN_202303_001163,2023-03-24,REG_02,STORE_004,EMP_002,PROD_032,1,318.47,0.27,232.48,cash,CUST_6830,New
TXN_202303_001164,2023-03-24,REG_06,STORE_018,EMP_006,PROD_034,3,117.89,0.05,335.99,card,CUST_7308,Regular
TXN_202303_001165,2023-03-28,REG_07,STORE_019,EMP_007,PROD_038,4,484.48,0.29,1375.92,card,CUST_7566,Premium
TXN_202303_001166,2023-03-15,REG_03,STORE_008,EMP_003,PROD_037,2,251.85,0.01,498.66,card,CUST_4195,Premium
TXN_202303_001167,2023-03-08,REG_06,STORE_016,EMP_006,PROD_035,2,479.63,0.26,709.85,card,CUST_3208,New
TXN_202303_001168,2023-03-07,REG_08,STORE_023,EMP_015,PROD_042,5,216.91,0.23,835.1,card,CUST_8492,Premium
TXN_202303_001169,2023-03-11,REG_06,STORE_016,EMP_006,PROD_022,3,89.24,0.09,243.63,credit,CUST_2357,VIP
TXN_202303_001170,2023-03-14,REG_02,STORE_004,EMP_002,PROD_031,2,231.6,0.15,393.72,cash,CUST_3944,Regular
TXN_202303_001171,2023-03-14,REG_01,STORE_002,EMP_011,PROD_042,1,191.88,0.04,184.2,credit,CUST_2878,New
TXN_202303_001172,2023-03-22,REG_04,STORE_011,EMP_016,PROD_042,3,323.24,0.04,930.93,credit,CUST_9192,Premium
TXN_202303_001173,2023-03-31,REG_07,STORE_019,EMP_007,PROD_003,5,55.28,0.25,207.3,card,CUST_2924,Regular
TXN_202303_001174,2023-03-21,REG_07,STORE_019,EMP_007,PROD_008,2,376.53,0.25,564.79,card,CUST_1330,VIP
TXN_202303_001175,2023-03-30,REG_07,STORE_021,EMP_007,PROD_013,4,496.92,0.21,1570.27,credit,CUST_3577,Premium
TXN_202303_001176,2023-03-14,REG_05,STORE_013,EMP_021,PROD_007,4,265.99,0.03,1032.04,credit,CUST_8915,Premium
TXN_202303_001177,2023-03-20,REG_05,STORE_015,EMP_021,PROD_022,3,75.7,0.2,181.68,cash,CUST_1362,VIP
TXN_202303_001178,2023-03-11,REG_03,STORE_007,EMP_003,PROD_005,3,101.61,0.28,219.48,cash,CUST_3834,Premium
TXN_202303_001179,2023-03-06,REG_10,STORE_029,EMP_017,PROD_020,1,143.47,0.25,107.6,credit,CUST_7685,VIP
TXN_202303_001180,2023-03-22,REG_03,STORE_009,EMP_014,PROD_005,3,382.73,0.09,1044.85,card,CUST_6807,Premium
TXN_202303_001181,2023-03-29,REG_02,STORE_005,EMP_002,PROD_004,1,241.28,0.3,168.9,card,CUST_4415,New
TXN_202303_001182,2023-03-26,REG_03,STORE_008,EMP_014,PROD_025,5,62.46,0.26,231.1,mobile,CUST_6467,New
TXN_202303_001183,2023-03-02,REG_07,STORE_021,EMP_007,PROD_001,4,94.6,0.06,355.7,mobile,CUST_5506,Premium
TXN_202303_001184,2023-03-01,REG_02,STORE_006,EMP_002,PROD_028,1,311.19,0.18,255.18,credit,CUST_4752,Regular
TXN_202303_001185,2023-03-12,REG_09,STORE_027,EMP_025,PROD_038,4,446.32,0.03,1731.72,credit,CUST_1398,Regular
TXN_202303_001186,2023-03-27,REG_05,STORE_015,EMP_021,PROD_036,1,297.35,0.02,291.4,mobile,CUST_9819,Regular
TXN_202303_001187,2023-03-15,REG_09,STORE_025,EMP_027,PROD_010,1,280.3,0.25,210.23,credit,CUST_2761,New
TXN_202303_001188,2023-03-13,REG_08,STORE_023,EMP_008,PROD_013,3,83.53,0.25,187.94,mobile,CUST_8895,Regular
TXN_202303_001189,2023-03-15,REG_01,STORE_002,EMP_001,PROD_005,3,213.5,0.3,448.35,mobile,CUST_6139,VIP
TXN_202303_001190,2023-03-07,REG_08,STORE_023,EMP_008,PROD_001,2,81.1,0.29,115.16,card,CUST_4144,VIP
TXN_202303_001191,2023-03-02,REG_01,STORE_003,EMP_019,PROD_001,5,365.2,0.21,1442.54,cash,CUST_1048,New
TXN_202303_001192,2023-03-22,REG_07,STORE_020,EMP_007,PROD_041,4,73.39,0.1,264.2,credit,CUST_9903,Regular
TXN_202303_001193,2023-03-01,REG_05,STORE_013,EMP_005,PROD_028,4,355.32,0.27,1037.53,card,CUST_6787,New
TXN_202303_001194,2023-03-04,REG_02,STORE_004,EMP_002,PROD_049,4,406.02,0.04,1559.12,credit,CUST_8033,Premium
TXN_202303_001195,2023-03-17,REG_06,STORE_018,EMP_006,PROD_016,5,44.88,0.17,186.25,credit,CUST_4112,New
TXN_202303_001196,2023-03-29,REG_08,STORE_023,EMP_023,PROD_009,5,175.16,0.23,674.37,card,CUST_6803,VIP
TXN_202303_001197,2023-03-16,REG_06,STORE_017,EMP_006,PROD_037,5,245.26,0.16,1030.09,cash,CUST_9021,Premium
TXN_202303_001198,2023-03-10,REG_04,STORE_012,EMP_024,PROD_032,5,13.72,0.15,58.31,credit,CUST_2383,New
TXN_202303_001199,2023-03-30,REG_08,STORE_022,EMP_008,PROD_031,1,52.05,0.01,51.53,mobile,CUST_3074,VIP
TXN_202303_001200,2023-03-01,REG_05,STORE_013,EMP_005,PROD_042,4,320.88,0.11,1142.33,credit,CUST_9131,Regular
TXN_202303_001201,2023-03-23,REG_09,STORE_026,EMP_025,PROD_005,2,448.3,0.14,771.08,card,CUST_7877,Premium
TXN_202303_001202,2023-03-24,REG_09,STORE_026,EMP_027,PROD_032,3,66.55,0.18,163.71,card,CUST_2087,VIP
TXN_202303_001203,2023-03-17,REG_10,STORE_029,EMP_028,PROD_047,2,283.98,0.18,465.73,credit,CUST_1533,Premium
TXN_202303_001204,2023-03-08,REG_07,STORE_019,EMP_007,PROD_006,4,433.6,0.03,1682.37,card,CUST_8099,Regular
TXN_202303_001205,2023-03-06,REG_04,STORE_012,EMP_024,PROD_046,4,143.52,0.23,442.04,credit,CUST_1683,New
TXN_202303_001206,2023-03-28,REG_04,STORE_010,EMP_030,PROD_011,4,209.28,0.29,594.36,mobile,CUST_9046,New
TXN_202303_001207,2023-03-10,REG_01,STORE_002,EMP_019,PROD_020,4,220.17,0.16,739.77,card,CUST_6406,Regular
TXN_202303_001208,2023-03-22,REG_08,STORE_024,EMP_008,PROD_017,5,248.95,0.11,1107.83,mobile,CUST_2399,Premium
TXN_202303_001209,2023-03-05,REG_09,STORE_026,EMP_009,PROD_021,3,121.9,0.3,255.99,mobile,CUST_8666,Regular
TXN_202303_001210,2023-03-25,REG_08,STORE_024,EMP_023,PROD_002,3,199.22,0.13,519.96,cash,CUST_6096,VIP
TXN_202303_001211,2023-03-21,REG_01,STORE_001,EMP_001,PROD_038,4,92.71,0.24,281.84,mobile,CUST_2167,VIP
TXN_202303_001212,2023-03-29,REG_07,STORE_020,EMP_007,PROD_020,2,327.8,0.21,517.92,cash,CUST_3717,New
TXN_202303_001213,2023-03-15,REG_03,STORE_008,EMP_014,PROD_026,3,347.68,0.19,844.86,cash,CUST_1838,New
TXN_202303_001214,2023-03-05,REG_08,STORE_023,EMP_012,PROD_032,2,77.25,0.09,140.59,credit,CUST_9339,Premium
TXN_202303_001215,2023-03-05,REG_08,STORE_024,EMP_015,PROD_009,4,193.89,0.15,659.23,mobile,CUST_3724,Regular
TXN_202303_001216,2023-03-03,REG_08,STORE_022,EMP_008,PROD_033,5,334.56,0.03,1622.62,card,CUST_5534,Regular
TXN_202303_001217,2023-03-10,REG_10,STORE_030,EMP_017,PROD_046,1,313.84,0.23,241.66,cash,CUST_3385,New
TXN_202303_001218,2023-03-20,REG_01,STORE_003,EMP_019,PROD_008,5,253.26,0.01,1253.64,cash,CUST_2074,Premium
TXN_202303_001219,2023-03-17,REG_10,STORE_030,EMP_017,PROD_045,2,124.29,0.01,246.09,cash,CUST_6876,Premium
TXN_202303_001220,2023-03-12,REG_02,STORE_004,EMP_002,PROD_004,5,304.7,0.27,1112.15,card,CUST_4045,New
TXN_202303_001221,2023-03-12,REG_08,STORE_023,EMP_023,PROD_006,1,494.04,0.07,459.46,mobile,CUST_3418,Premium
TXN_202303_001222,2023-03-08,REG_07,STORE_020,EMP_007,PROD_026,2,334.34,0.2,534.94,credit,CUST_4601,VIP
TXN_202303_001223,2023-03-21,REG_05,STORE_013,EMP_005,PROD_046,1,37.72,0.23,29.04,cash,CUST_9564,Regular
TXN_202303_001224,2023-03-05,REG_02,STORE_006,EMP_002,PROD_033,4,252.9,0.2,809.28,mobile,CUST_6450,VIP
TXN_202303_001225,2023-03-10,REG_04,STORE_010,EMP_030,PROD_006,1,49.92,0.3,34.94,credit,CUST_7006,VIP
TXN_202303_001226,2023-03-30,REG_09,STORE_025,EMP_009,PROD_034,5,124.76,0.13,542.71,cash,CUST_5195,Premium
TXN_202303_001227,2023-03-07,REG_06,STORE_017,EMP_006,PROD_046,5,489.56,0.25,1835.85,card,CUST_9894,Premium
TXN_202303_001228,2023-03-02,REG_07,STORE_019,EMP_007,PROD_045,5,163.42,0.09,743.56,credit,CUST_4859,Regular
TXN_202303_001229,2023-03-01,REG_08,STORE_023,EMP_012,PROD_017,2,235.03,0.18,385.45,card,CUST_2168,New
TXN_202303_001230,2023-03-25,REG_07,STORE_020,EMP_007,PROD_031,5,228.75,0.29,812.06,mobile,CUST_7535,Regular
TXN_202303_001231,2023-03-28,REG_05,STORE_013,EMP_021,PROD_006,1,15.57,0.19,12.61,credit,CUST_7478,Regular
TXN_202303_001232,2023-03-22,REG_03,STORE_009,EMP_014,PROD_039,3,100.27,0.21,237.64,cash,CUST_2757,Regular
TXN_202303_001233,2023-03-22,REG_08,STORE_023,EMP_008,PROD_023,4,76.16,0.02,298.55,cash,CUST_7529,New
TXN_202303_001234,2023-03-07,REG_10,STORE_029,EMP_013,PROD_002,3,124.17,0.3,260.76,credit,CUST_2147,New
TXN_202303_001235,2023-03-17,REG_10,STORE_028,EMP_010,PROD_028,5,288.51,0.15,1226.17,mobile,CUST_7326,VIP
TXN_202303_001236,2023-03-16,REG_08,STORE_024,EMP_023,PROD_046,3,373.13,0.05,1063.42,cash,CUST_5915,VIP
TXN_202303_001237,2023-03-15,REG_06,STORE_016,EMP_006,PROD_027,5,350.5,0.18,1437.05,mobile,CUST_1073,Regular
TXN_202303_001238,2023-03-05,REG_01,STORE_001,EMP_019,PROD_034,4,444.76,0.17,1476.6,cash,CUST_1121,Premium
TXN_202303_001239,2023-03-13,REG_01,STORE_001,EMP_011,PROD_041,4,211.59,0.24,643.23,credit,CUST_5208,Premium
TXN_202303_001240,2023-03-15,REG_09,STORE_027,EMP_009,PROD_049,5,47.04,0.11,209.33,cash,CUST_4270,New
TXN_202303_001241,2023-03-09,REG_08,STORE_022,EMP_008,PROD_019,1,258.52,0.07,240.42,credit,CUST_4145,New
TXN_202303_001242,2023-03-25,REG_01,STORE_003,EMP_018,PROD_047,5,428.33,0.19,1734.74,credit,CUST_3078,Premium
TXN_202303_001243,2023-03-08,REG_03,STORE_007,EMP_014,PROD_025,1,187.65,0.2,150.12,card,CUST_7165,VIP
TXN_202303_001244,2023-03-09,REG_04,STORE_011,EMP_024,PROD_040,1,90.05,0.03,87.35,credit,CUST_7890,Premium
TXN_202303_001245,2023-03-18,REG_03,STORE_009,EMP_003,PROD_040,3,118.7,0.27,259.95,mobile,CUST_7612,VIP
TXN_202303_001246,2023-03-21,REG_06,STORE_016,EMP_006,PROD_006,1,358.01,0.26,264.93,credit,CUST_3176,Premium
TXN_202303_001247,2023-03-29,REG_04,STORE_012,EMP_024,PROD_039,5,466.98,0.12,2054.71,card,CUST_4725,New
TXN_202303_001248,2023-03-27,REG_03,STORE_007,EMP_014,PROD_022,2,468.36,0.25,702.54,mobile,CUST_5258,Regular
TXN_202303_001249,2023-03-25,REG_09,STORE_027,EMP_009,PROD_029,4,456.36,0.08,1679.4,credit,CUST_9693,VIP
TXN_202303_001250,2023-03-28,REG_09,STORE_027,EMP_009,PROD_035,5,82.3,0.2,329.2,cash,CUST_6563,New
TXN_202303_001251,2023-03-31,REG_02,STORE_006,EMP_002,PROD_010,5,102.62,0.27,374.56,credit,CUST_8511,Regular
TXN_202303_001252,2023-03-22,REG_07,STORE_020,EMP_007,PROD_024,3,413.81,0.11,1104.87,mobile,CUST_5580,New
TXN_202303_001253,2023-03-14,REG_05,STORE_013,EMP_005,PROD_023,5,159.49,0.24,606.06,credit,CUST_1394,VIP
TXN_202303_001254,2023-03-21,REG_03,STORE_007,EMP_014,PROD_039,1,415.09,0.18,340.37,card,CUST_9504,VIP
TXN_202303_001255,2023-03-10,REG_03,STORE_007,EMP_003,PROD_012,5,249.29,0.04,1196.59,card,CUST_3164,VIP
TXN_202303_001256,2023-03-13,REG_07,STORE_021,EMP_007,PROD_022,3,80.03,0.08,220.88,mobile,CUST_7635,Premium
TXN_202303_001257,2023-03-08,REG_02,STORE_006,EMP_002,PROD_006,2,263.12,0.21,415.73,card,CUST_5462,Regular
TXN_202303_001258,2023-03-04,REG_01,STORE_001,EMP_018,PROD_016,4,390.81,0.16,1313.12,card,CUST_9625,Premium
TXN_202303_001259,2023-03-03,REG_01,STORE_001,EMP_018,PROD_012,3,358.24,0.25,806.04,cash,CUST_5465,VIP
TXN_202303_001260,2023-03-05,REG_07,STORE_020,EMP_007,PROD_005,2,389.17,0.04,747.21,cash,CUST_8293,Regular
TXN_202303_001261,2023-03-15,REG_07,STORE_020,EMP_007,PROD_019,2,103.16,0.21,162.99,mobile,CUST_4379,Premium
TXN_202303_001262,2023-03-06,REG_01,STORE_002,EMP_011,PROD_032,3,235.66,0.15,600.93,card,CUST_6094,New
TXN_202303_001263,2023-03-20,REG_05,STORE_013,EMP_005,PROD_045,2,135.3,0.11,240.83,card,CUST_1663,Premium
TXN_202303_001264,2023-03-03,REG_07,STORE_020,EMP_007,PROD_002,5,496.14,0.26,1835.72,mobile,CUST_7046,New
TXN_202303_001265,2023-03-24,REG_06,STORE_017,EMP_006,PROD_014,2,69.06,0.11,122.93,credit,CUST_7741,New
TXN_202303_001266,2023-03-05,REG_07,STORE_021,EMP_007,PROD_039,5,75.73,0.25,283.99,cash,CUST_6902,Regular
TXN_202303_001267,2023-03-14,REG_03,STORE_007,EMP_014,PROD_002,2,411.57,0.26,609.12,mobile,CUST_7594,Premium
TXN_202303_001268,2023-03-27,REG_05,STORE_013,EMP_021,PROD_049,3,485.54,0.18,1194.43,card,CUST_8581,VIP
TXN_202303_001269,2023-03-25,REG_04,STORE_010,EMP_026,PROD_020,1,107.63,0.18,88.26,mobile,CUST_6772,VIP
TXN_202303_001270,2023-03-22,REG_05,STORE_014,EMP_021,PROD_032,5,113.0,0.01,559.35,mobile,CUST_8015,New
TXN_202303_001271,2023-03-08,REG_06,STORE_017,EMP_006,PROD_005,2,266.01,0.06,500.1,credit,CUST_1926,New
TXN_202303_001272,2023-03-30,REG_09,STORE_025,EMP_009,PROD_034,1,101.16,0.02,99.14,credit,CUST_9697,VIP
TXN_202303_001273,2023-03-02,REG_08,STORE_024,EMP_008,PROD_041,5,367.05,0.11,1633.37,credit,CUST_1085,New
TXN_202303_001274,2023-03-15,REG_03,STORE_009,EMP_014,PROD_038,2,403.02,0.19,652.89,card,CUST_1974,Premium
TXN_202303_001275,2023-03-08,REG_01,STORE_003,EMP_019,PROD_044,5,207.98,0.11,925.51,mobile,CUST_1082,New
TXN_202303_001276,2023-03-25,REG_01,STORE_002,EMP_019,PROD_015,2,27.81,0.04,53.4,mobile,CUST_1605,New
TXN_202303_001277,2023-03-14,REG_01,STORE_001,EMP_019,PROD_046,1,65.66,0.16,55.15,cash,CUST_8237,New
TXN_202303_001278,2023-03-01,REG_10,STORE_030,EMP_020,PROD_003,3,464.53,0.09,1268.17,cash,CUST_8189,VIP
TXN_202303_001279,2023-03-05,REG_03,STORE_008,EMP_003,PROD_023,2,369.61,0.02,724.44,card,CUST_8446,Regular
TXN_202303_001280,2023-03-13,REG_09,STORE_027,EMP_022,PROD_018,5,151.7,0.09,690.24,cash,CUST_9600,VIP
TXN_202303_001281,2023-03-12,REG_04,STORE_012,EMP_004,PROD_005,4,226.16,0.15,768.94,card,CUST_7061,New
TXN_202303_001282,2023-03-18,REG_03,STORE_007,EMP_003,PROD_031,1,208.57,0.05,198.14,credit,CUST_3016,Premium
TXN_202303_001283,2023-03-24,REG_02,STORE_004,EMP_002,PROD_037,3,484.63,0.09,1323.04,mobile,CUST_3857,New
TXN_202303_001284,2023-03-21,REG_10,STORE_028,EMP_013,PROD_040,3,190.32,0.11,508.15,card,CUST_5856,VIP
TXN_202303_001285,2023-03-28,REG_01,STORE_003,EMP_019,PROD_012,1,347.5,0.22,271.05,credit,CUST_8193,VIP
TXN_202303_001286,2023-03-26,REG_05,STORE_013,EMP_021,PROD_026,4,286.11,0.2,915.55,credit,CUST_8315,New
TXN_202303_001287,2023-03-20,REG_06,STORE_018,EMP_006,PROD_036,4,293.49,0.2,939.17,cash,CUST_1265,Regular
TXN_202303_001288,2023-03-27,REG_09,STORE_027,EMP_009,PROD_045,2,244.88,0.19,396.71,credit,CUST_4703,Regular
TXN_202303_001289,2023-03-17,REG_06,STORE_018,EMP_006,PROD_006,2,110.3,0.04,211.78,cash,CUST_3500,Regular
TXN_202303_001290,2023-03-08,REG_03,STORE_008,EMP_014,PROD_049,4,385.06,0.19,1247.59,credit,CUST_9280,VIP
TXN_202303_001291,2023-03-01,REG_09,STORE_026,EMP_009,PROD_001,1,399.48,0.11,355.54,cash,CUST_7575,VIP
TXN_202303_001292,2023-03-18,REG_10,STORE_029,EMP_013,PROD_018,3,153.16,0.04,441.1,cash,CUST_7964,Premium
TXN_202303_001293,2023-03-27,REG_02,STORE_006,EMP_002,PROD_050,4,338.28,0.29,960.72,cash,CUST_7844,Regular
TXN_202303_001294,2023-03-20,REG_04,STORE_010,EMP_030,PROD_048,2,147.49,0.13,256.63,mobile,CUST_1941,New
TXN_202303_001295,2023-03-02,REG_09,STORE_027,EMP_025,PROD_050,5,178.44,0.18,731.6,credit,CUST_7937,VIP
TXN_202303_001296,2023-03-15,REG_04,STORE_011,EMP_026,PROD_047,1,415.45,0.11,369.75,mobile,CUST_5808,Premium
TXN_202303_001297,2023-03-13,REG_08,STORE_024,EMP_015,PROD_043,2,319.21,0.23,491.58,mobile,CUST_2441,VIP
TXN_202303_001298,2023-03-19,REG_03,STORE_008,EMP_003,PROD_039,2,149.18,0.06,280.46,credit,CUST_6134,Regular
TXN_202303_001299,2023-03-23,REG_04,STORE_012,EMP_029,PROD_034,4,496.09,0.0,1984.36,cash,CUST_5109,Premium
TXN_202303_001300,2023-03-04,REG_05,STORE_014,EMP_021,PROD_036,4,191.11,0.02,749.15,card,CUST_9630,Regular
TXN_202303_001301,2023-03-09,REG_07,STORE_020,EMP_007,PROD_032,2,320.25,0.16,538.02,mobile,CUST_2461,Premium
TXN_202303_001302,2023-03-15,REG_06,STORE_017,EMP_006,PROD_050,4,107.59,0.01,426.06,cash,CUST_6160,Regular
TXN_202303_001303,2023-03-07,REG_08,STORE_023,EMP_015,PROD_034,3,499.18,0.21,1183.06,credit,CUST_8218,Premium
TXN_202303_001304,2023-03-29,REG_07,STORE_019,EMP_007,PROD_014,3,223.77,0.01,664.6,credit,CUST_7044,VIP
TXN_202303_001305,2023-03-28,REG_08,STORE_024,EMP_012,PROD_007,4,345.97,0.26,1024.07,mobile,CUST_3799,Premium
TXN_202303_001306,2023-03-13,REG_03,STORE_007,EMP_003,PROD_009,4,162.78,0.26,481.83,credit,CUST_4863,VIP
TXN_202303_001307,2023-03-05,REG_05,STORE_013,EMP_005,PROD_002,2,124.61,0.05,236.76,cash,CUST_8486,New
TXN_202303_001308,2023-03-03,REG_09,STORE_025,EMP_027,PROD_045,4,131.59,0.29,373.72,cash,CUST_4276,Regular
TXN_202303_001309,2023-03-14,REG_10,STORE_029,EMP_013,PROD_022,2,125.86,0.26,186.27,cash,CUST_7611,Regular
TXN_202303_001310,2023-03-16,REG_09,STORE_026,EMP_025,PROD_014,5,86.2,0.23,331.87,mobile,CUST_8677,Premium
TXN_202303_001311,2023-03-27,REG_03,STORE_007,EMP_003,PROD_012,4,260.74,0.19,844.8,credit,CUST_8862,Regular
TXN_202303_001312,2023-03-21,REG_04,STORE_011,EMP_029,PROD_046,2,460.59,0.19,746.16,credit,CUST_4664,Regular
TXN_202303_001313,2023-03-05,REG_10,STORE_030,EMP_020,PROD_032,2,89.08,0.05,169.25,card,CUST_5108,VIP
TXN_202303_001314,2023-03-17,REG_01,STORE_002,EMP_011,PROD_007,1,56.41,0.2,45.13,mobile,CUST_6416,Regular
TXN_202303_001315,2023-03-30,REG_03,STORE_009,EMP_003,PROD_013,2,84.16,0.15,143.07,card,CUST_5781,Regular
TXN_202303_001316,2023-03-10,REG_04,STORE_010,EMP_026,PROD_040,3,76.95,0.27,168.52,mobile,CUST_6708,Regular
TXN_202303_001317,2023-03-20,REG_07,STORE_021,EMP_007,PROD_025,3,140.19,0.19,340.66,credit,CUST_5028,New
TXN_202303_001318,2023-03-25,REG_10,STORE_030,EMP_028,PROD_004,2,212.21,0.1,381.98,mobile,CUST_9157,Premium
TXN_202303_001319,2023-03-26,REG_05,STORE_014,EMP_005,PROD_019,2,480.69,0.04,922.92,mobile,CUST_4659,Regular
TXN_202303_001320,2023-03-05,REG_07,STORE_021,EMP_007,PROD_020,5,341.37,0.08,1570.3,credit,CUST_1049,Premium
TXN_202303_001321,2023-03-18,REG_01,STORE_003,EMP_019,PROD_008,3,75.39,0.2,180.94,mobile,CUST_1427,VIP
TXN_202303_001322,2023-03-28,REG_07,STORE_021,EMP_007,PROD_022,5,286.26,0.05,1359.73,cash,CUST_7660,New
TXN_202303_001323,2023-03-11,REG_04,STORE_012,EMP_030,PROD_006,5,404.13,0.1,1818.59,credit,CUST_4149,Regular
TXN_202303_001324,2023-03-24,REG_09,STORE_027,EMP_027,PROD_020,3,462.02,0.15,1178.15,mobile,CUST_5943,Regular
TXN_202303_001325,2023-03-10,REG_08,STORE_024,EMP_012,PROD_044,4,359.52,0.2,1150.46,cash,CUST_6111,Premium
TXN_202303_001326,2023-03-07,REG_07,STORE_021,EMP_007,PROD_025,1,379.47,0.08,349.11,credit,CUST_6626,VIP
TXN_202303_001327,2023-03-26,REG_06,STORE_016,EMP_006,PROD_009,2,241.4,0.21,381.41,credit,CUST_7929,Premium
TXN_202303_001328,2023-03-15,REG_08,STORE_022,EMP_008,PROD_041,4,356.08,0.22,1110.97,credit,CUST_7482,Premium
TXN_202303_001329,2023-03-23,REG_01,STORE_003,EMP_019,PROD_016,4,241.94,0.0,967.76,card,CUST_9035,VIP
TXN_202303_001330,2023-03-18,REG_08,STORE_023,EMP_015,PROD_015,4,437.1,0.25,1311.3,mobile,CUST_8138,VIP
TXN_202303_001331,2023-03-08,REG_07,STORE_020,EMP_007,PROD_039,2,51.92,0.3,72.69,credit,CUST_1789,Regular
TXN_202303_001332,2023-03-09,REG_02,STORE_005,EMP_002,PROD_008,5,381.87,0.01,1890.26,card,CUST_6842,VIP
TXN_202303_001333,2023-03-31,REG_09,STORE_027,EMP_009,PROD_021,4,478.48,0.14,1645.97,mobile,CUST_9039,Premium
TXN_202303_001334,2023-03-22,REG_02,STORE_004,EMP_002,PROD_010,2,184.57,0.07,343.3,mobile,CUST_4433,VIP
TXN_202303_001335,2023-03-10,REG_10,STORE_029,EMP_028,PROD_009,1,384.43,0.05,365.21,cash,CUST_3122,New
TXN_202303_001336,2023-03-14,REG_02,STORE_004,EMP_002,PROD_049,4,207.19,0.26,613.28,credit,CUST_6714,Regular
TXN_202303_001337,2023-03-06,REG_08,STORE_023,EMP_023,PROD_023,1,65.15,0.12,57.33,mobile,CUST_1734,Regular
TXN_202303_001338,2023-03-16,REG_06,STORE_016,EMP_006,PROD_022,3,17.36,0.14,44.79,cash,CUST_6573,VIP
TXN_202303_001339,2023-03-25,REG_09,STORE_026,EMP_022,PROD_015,1,464.66,0.09,422.84,credit,CUST_6539,Premium
TXN_202303_001340,2023-03-15,REG_01,STORE_002,EMP_001,PROD_039,5,68.86,0.25,258.23,credit,CUST_5104,Premium
TXN_202303_001341,2023-03-29,REG_08,STORE_024,EMP_023,PROD_023,4,454.89,0.08,1674.0,cash,CUST_5044,New
TXN_202303_001342,2023-03-27,REG_02,STORE_005,EMP_002,PROD_006,3,217.9,0.08,601.4,card,CUST_4271,Premium
TXN_202303_001343,2023-03-31,REG_07,STORE_020,EMP_007,PROD_003,1,422.86,0.26,312.92,mobile,CUST_6852,Regular
TXN_202303_001344,2023-03-06,REG_03,STORE_007,EMP_003,PROD_039,1,162.08,0.16,136.15,mobile,CUST_4033,VIP
TXN_202303_001345,2023-03-13,REG_06,STORE_017,EMP_006,PROD_018,2,354.45,0.07,659.28,cash,CUST_8836,Premium
TXN_202303_001346,2023-03-15,REG_03,STORE_008,EMP_014,PROD_016,2,234.7,0.18,384.91,credit,CUST_7573,New
TXN_202303_001347,2023-03-28,REG_02,STORE_004,EMP_002,PROD_016,4,49.07,0.03,190.39,cash,CUST_7026,Regular
TXN_202303_001348,2023-03-26,REG_06,STORE_016,EMP_006,PROD_006,5,187.15,0.1,842.18,mobile,CUST_7772,Premium
TXN_202303_001349,2023-03-30,REG_05,STORE_015,EMP_005,PROD_049,4,467.94,0.25,1403.82,cash,CUST_9769,Regular
TXN_202303_001350,2023-03-01,REG_08,STORE_024,EMP_008,PROD_049,1,103.64,0.05,98.46,mobile,CUST_9390,VIP
TXN_202303_001351,2023-03-01,REG_05,STORE_013,EMP_005,PROD_034,5,376.55,0.08,1732.13,credit,CUST_6844,VIP
TXN_202303_001352,2023-03-07,REG_06,STORE_018,EMP_006,PROD_044,2,125.39,0.02,245.76,mobile,CUST_1631,VIP
TXN_202303_001353,2023-03-15,REG_09,STORE_026,EMP_022,PROD_040,2,325.61,0.05,618.66,card,CUST_6249,Premium
TXN_202303_001354,2023-03-28,REG_10,STORE_028,EMP_017,PROD_049,4,240.23,0.16,807.17,card,CUST_5587,New
TXN_202303_001355,2023-03-25,REG_02,STORE_005,EMP_002,PROD_041,2,294.87,0.21,465.89,card,CUST_4584,Premium
TXN_202303_001356,2023-03-06,REG_07,STORE_019,EMP_007,PROD_010,5,144.82,0.27,528.59,card,CUST_4717,Premium
TXN_202303_001357,2023-03-26,REG_10,STORE_029,EMP_010,PROD_019,4,39.63,0.13,137.91,card,CUST_7778,Premium
TXN_202303_001358,2023-03-31,REG_06,STORE_016,EMP_006,PROD_039,3,142.59,0.03,414.94,mobile,CUST_9091,New
TXN_202303_001359,2023-03-18,REG_06,STORE_018,EMP_006,PROD_044,3,261.8,0.18,644.03,cash,CUST_4882,New
TXN_202303_001360,2023-03-21,REG_04,STORE_011,EMP_004,PROD_018,1,444.6,0.29,315.67,card,CUST_2058,VIP
TXN_202303_001361,2023-03-01,REG_07,STORE_021,EMP_007,PROD_002,1,437.1,0.05,415.25,credit,CUST_6163,VIP
TXN_202303_001362,2023-03-16,REG_09,STORE_027,EMP_022,PROD_021,4,112.99,0.04,433.88,card,CUST_4231,New
TXN_202303_001363,2023-03-24,REG_01,STORE_003,EMP_019,PROD_040,3,35.27,0.11,94.17,mobile,CUST_9183,VIP
TXN_202303_001364,2023-03-18,REG_02,STORE_004,EMP_002,PROD_005,5,483.09,0.03,2342.99,cash,CUST_9632,Regular
TXN_202303_001365,2023-03-12,REG_02,STORE_004,EMP_002,PROD_041,1,337.29,0.1,303.56,card,CUST_6325,Regular
TXN_202303_001366,2023-03-15,REG_02,STORE_005,EMP_002,PROD_036,2,421.83,0.02,826.79,cash,CUST_9435,Premium
TXN_202303_001367,2023-03-25,REG_06,STORE_017,EMP_006,PROD_007,4,487.69,0.2,1560.61,card,CUST_1581,Regular
TXN_202303_001368,2023-03-17,REG_07,STORE_021,EMP_007,PROD_009,1,253.27,0.3,177.29,cash,CUST_2298,New
TXN_202303_001369,2023-03-30,REG_06,STORE_017,EMP_006,PROD_021,2,479.64,0.23,738.65,cash,CUST_5465,New
TXN_202303_001370,2023-03-26,REG_06,STORE_016,EMP_006,PROD_050,2,498.53,0.16,837.53,mobile,CUST_3021,New
TXN_202303_001371,2023-03-01,REG_07,STORE_019,EMP_007,PROD_013,2,359.07,0.06,675.05,mobile,CUST_4628,Regular
TXN_202303_001372,2023-03-22,REG_05,STORE_013,EMP_021,PROD_011,1,106.79,0.29,75.82,card,CUST_4674,VIP
TXN_202303_001373,2023-03-14,REG_01,STORE_003,EMP_011,PROD_021,2,90.88,0.03,176.31,cash,CUST_5389,Premium
TXN_202303_001374,2023-03-08,REG_10,STORE_028,EMP_017,PROD_013,5,175.68,0.16,737.86,credit,CUST_9059,Regular
TXN_202303_001375,2023-03-14,REG_02,STORE_005,EMP_002,PROD_012,3,55.31,0.05,157.63,mobile,CUST_7212,Premium
TXN_202303_001376,2023-03-05,REG_08,STORE_023,EMP_015,PROD_046,3,134.49,0.21,318.74,card,CUST_1074,New
TXN_202303_001377,2023-03-14,REG_09,STORE_026,EMP_009,PROD_018,4,241.16,0.04,926.05,mobile,CUST_3627,VIP
TXN_202303_001378,2023-03-03,REG_07,STORE_021,EMP_007,PROD_018,3,302.38,0.13,789.21,cash,CUST_7646,New
TXN_202303_001379,2023-03-01,REG_09,STORE_027,EMP_027,PROD_001,5,224.18,0.08,1031.23,cash,CUST_7017,Premium
TXN_202303_001380,2023-03-07,REG_10,STORE_030,EMP_028,PROD_026,5,304.08,0.06,1429.18,credit,CUST_9262,Regular
TXN_202303_001381,2023-03-05,REG_02,STORE_004,EMP_002,PROD_017,1,417.6,0.15,354.96,mobile,CUST_3089,VIP
TXN_202303_001382,2023-03-13,REG_05,STORE_013,EMP_021,PROD_036,4,380.35,0.23,1171.48,mobile,CUST_4188,Regular
TXN_202303_001383,2023-03-04,REG_09,STORE_027,EMP_022,PROD_008,4,63.66,0.18,208.8,cash,CUST_9654,New
TXN_202303_001384,2023-03-11,REG_10,STORE_028,EMP_013,PROD_020,3,188.92,0.03,549.76,credit,CUST_3941,Regular
TXN_202303_001385,2023-03-18,REG_03,STORE_007,EMP_014,PROD_034,3,106.47,0.01,316.22,cash,CUST_2468,Regular
TXN_202303_001386,2023-03-23,REG_05,STORE_013,EMP_005,PROD_024,2,294.4,0.26,435.71,cash,CUST_2889,Premium
TXN_202303_001387,2023-03-25,REG_09,STORE_025,EMP_009,PROD_004,1,26.2,0.14,22.53,card,CUST_4685,Regular
TXN_202303_001388,2023-03-08,REG_09,STORE_026,EMP_027,PROD_038,3,417.09,0.15,1063.58,credit,CUST_5409,VIP
TXN_202303_001389,2023-03-04,REG_06,STORE_016,EMP_006,PROD_011,4,286.0,0.29,812.24,card,CUST_3723,New
TXN_202303_001390,2023-03-17,REG_03,STORE_008,EMP_003,PROD_003,4,455.02,0.11,1619.87,card,CUST_2478,VIP
TXN_202303_001391,2023-03-03,REG_04,STORE_012,EMP_024,PROD_037,4,366.72,0.12,1290.85,cash,CUST_9470,VIP
TXN_202303_001392,2023-03-09,REG_02,STORE_004,EMP_002,PROD_028,1,145.9,0.11,129.85,mobile,CUST_8642,Premium
TXN_202303_001393,2023-03-23,REG_01,STORE_003,EMP_018,PROD_013,5,80.94,0.26,299.48,credit,CUST_3567,VIP
TXN_202303_001394,2023-03-23,REG_09,STORE_026,EMP_009,PROD_041,2,381.39,0.21,602.6,card,CUST_8334,Regular
TXN_202303_001395,2023-03-14,REG_02,STORE_004,EMP_002,PROD_001,3,384.85,0.2,923.64,mobile,CUST_6429,VIP
TXN_202303_001396,2023-03-25,REG_02,STORE_005,EMP_002,PROD_044,2,20.92,0.21,33.05,cash,CUST_1232,Regular
TXN_202303_001397,2023-03-13,REG_09,STORE_026,EMP_009,PROD_007,4,140.62,0.16,472.48,mobile,CUST_4111,New
TXN_202303_001398,2023-03-06,REG_02,STORE_006,EMP_002,PROD_043,5,224.94,0.16,944.75,mobile,CUST_8132,Regular
TXN_202303_001399,2023-03-04,REG_04,STORE_010,EMP_026,PROD_047,4,43.49,0.18,142.65,card,CUST_5704,New
TXN_202303_001400,2023-03-24,REG_05,STORE_015,EMP_005,PROD_029,2,296.75,0.18,486.67,cash,CUST_8542,Premium
TXN_202303_001401,2023-03-10,REG_04,STORE_012,EMP_016,PROD_021,4,443.94,0.2,1420.61,card,CUST_8102,Premium
TXN_202303_001402,2023-03-18,REG_03,STORE_008,EMP_014,PROD_009,3,263.16,0.19,639.48,card,CUST_4549,VIP
TXN_202303_001403,2023-03-14,REG_07,STORE_020,EMP_007,PROD_011,5,230.73,0.16,969.07,credit,CUST_2837,Premium
TXN_202303_001404,2023-03-11,REG_06,STORE_018,EMP_006,PROD_010,3,278.47,0.16,701.74,mobile,CUST_6745,Premium
TXN_202303_001405,2023-03-03,REG_07,STORE_019,EMP_007,PROD_009,4,165.21,0.08,607.97,credit,CUST_2466,Premium
TXN_202303_001406,2023-03-12,REG_07,STORE_020,EMP_007,PROD_040,4,420.66,0.26,1245.15,cash,CUST_4457,New
TXN_202303_001407,2023-03-17,REG_10,STORE_029,EMP_010,PROD_041,1,237.76,0.3,166.43,credit,CUST_6547,Premium
TXN_202303_001408,2023-03-13,REG_03,STORE_009,EMP_014,PROD_003,5,453.54,0.25,1700.78,credit,CUST_2294,Regular
TXN_202303_001409,2023-03-17,REG_03,STORE_008,EMP_003,PROD_021,3,171.87,0.21,407.33,cash,CUST_9885,New
TXN_202303_001410,2023-03-02,REG_08,STORE_024,EMP_015,PROD_009,1,85.54,0.23,65.87,cash,CUST_7430,New
TXN_202303_001411,2023-03-21,REG_07,STORE_019,EMP_007,PROD_027,4,446.37,0.08,1642.64,credit,CUST_7198,Regular
TXN_202303_001412,2023-03-16,REG_04,STORE_010,EMP_030,PROD_009,3,357.32,0.0,1071.96,mobile,CUST_8392,VIP
TXN_202303_001413,2023-03-31,REG_10,STORE_029,EMP_017,PROD_003,4,139.98,0.01,554.32,cash,CUST_3315,Regular
TXN_202303_001414,2023-03-24,REG_06,STORE_016,EMP_006,PROD_040,3,274.96,0.17,684.65,cash,CUST_2104,Regular
TXN_202303_001415,2023-03-02,REG_06,STORE_017,EMP_006,PROD_046,1,296.19,0.13,257.69,mobile,CUST_5360,VIP
TXN_202303_001416,2023-03-08,REG_09,STORE_025,EMP_025,PROD_019,4,21.09,0.08,77.61,mobile,CUST_1678,Premium
TXN_202303_001417,2023-03-11,REG_01,STORE_003,EMP_011,PROD_041,4,247.73,0.18,812.55,cash,CUST_4030,Premium
TXN_202303_001418,2023-03-06,REG_08,STORE_022,EMP_008,PROD_003,3,120.33,0.11,321.28,mobile,CUST_9733,VIP
TXN_202303_001419,2023-03-26,REG_04,STORE_011,EMP_029,PROD_031,1,14.85,0.28,10.69,card,CUST_9670,VIP
TXN_202303_001420,2023-03-06,REG_05,STORE_013,EMP_005,PROD_006,4,50.89,0.02,199.49,mobile,CUST_1286,Regular
TXN_202303_001421,2023-03-14,REG_03,STORE_009,EMP_003,PROD_042,1,476.49,0.22,371.66,cash,CUST_5608,New
TXN_202303_001422,2023-03-23,REG_04,STORE_010,EMP_029,PROD_045,2,191.0,0.06,359.08,cash,CUST_2616,Regular
TXN_202303_001423,2023-03-09,REG_04,STORE_011,EMP_004,PROD_050,3,316.55,0.02,930.66,mobile,CUST_6355,New
TXN_202303_001424,2023-03-14,REG_05,STORE_015,EMP_021,PROD_010,3,444.71,0.05,1267.42,credit,CUST_8817,New
TXN_202303_001425,2023-03-28,REG_02,STORE_004,EMP_002,PROD_037,4,354.59,0.02,1389.99,mobile,CUST_9276,New
TXN_202303_001426,2023-03-16,REG_01,STORE_002,EMP_001,PROD_017,2,209.34,0.2,334.94,card,CUST_1152,VIP
TXN_202303_001427,2023-03-13,REG_10,STORE_029,EMP_028,PROD_043,3,342.46,0.11,914.37,card,CUST_8690,New
TXN_202303_001428,2023-03-25,REG_03,STORE_007,EMP_003,PROD_024,2,432.32,0.23,665.77,card,CUST_1601,New
TXN_202303_001429,2023-03-31,REG_01,STORE_001,EMP_011,PROD_021,3,429.95,0.24,980.29,credit,CUST_3530,Premium
TXN_202303_001430,2023-03-05,REG_06,STORE_016,EMP_006,PROD_049,4,462.35,0.12,1627.47,mobile,CUST_7121,New
TXN_202303_001431,2023-03-27,REG_01,STORE_003,EMP_011,PROD_037,3,412.31,0.03,1199.82,cash,CUST_8313,Regular
TXN_202303_001432,2023-03-07,REG_10,STORE_030,EMP_013,PROD_026,3,247.61,0.23,571.98,credit,CUST_4213,New
TXN_202303_001433,2023-03-16,REG_03,STORE_007,EMP_014,PROD_046,1,438.8,0.04,421.25,credit,CUST_3525,Regular
TXN_202303_001434,2023-03-31,REG_07,STORE_021,EMP_007,PROD_024,1,362.06,0.1,325.85,mobile,CUST_6257,Premium
TXN_202303_001435,2023-03-25,REG_02,STORE_005,EMP_002,PROD_009,4,197.71,0.08,727.57,cash,CUST_6169,Regular
TXN_202303_001436,2023-03-28,REG_07,STORE_019,EMP_007,PROD_024,5,381.63,0.11,1698.25,cash,CUST_6158,New
TXN_202303_001437,2023-03-23,REG_08,STORE_024,EMP_012,PROD_002,3,137.03,0.18,337.09,credit,CUST_5024,Regular
TXN_202303_001438,2023-03-27,REG_07,STORE_021,EMP_007,PROD_012,1,186.43,0.09,169.65,cash,CUST_7506,VIP
TXN_202303_001439,2023-03-01,REG_05,STORE_013,EMP_005,PROD_007,3,21.96,0.05,62.59,credit,CUST_7015,Premium
TXN_202303_001440,2023-03-24,REG_09,STORE_027,EMP_022,PROD_037,1,280.82,0.1,252.74,card,CUST_2503,New
TXN_202303_001441,2023-03-31,REG_07,STORE_019,EMP_007,PROD_009,5,118.32,0.04,567.94,card,CUST_4717,Regular
TXN_202303_001442,2023-03-26,REG_05,STORE_014,EMP_021,PROD_032,1,432.44,0.23,332.98,card,CUST_6732,Regular
TXN_202303_001443,2023-03-03,REG_06,STORE_016,EMP_006,PROD_010,1,55.76,0.06,52.41,mobile,CUST_3158,VIP
TXN_202303_001444,2023-03-19,REG_05,STORE_014,EMP_005,PROD_048,5,88.63,0.17,367.81,mobile,CUST_9080,New
TXN_202303_001445,2023-03-19,REG_04,STORE_012,EMP_004,PROD_016,4,353.66,0.26,1046.83,card,CUST_7668,VIP
TXN_202303_001446,2023-03-29,REG_07,STORE_020,EMP_007,PROD_031,3,157.7,0.27,345.36,card,CUST_6233,New
TXN_202303_001447,2023-03-31,REG_02,STORE_006,EMP_002,PROD_008,5,192.04,0.25,720.15,credit,CUST_9729,New
TXN_202303_001448,2023-03-10,REG_06,STORE_016,EMP_006,PROD_003,3,73.8,0.23,170.48,cash,CUST_1902,Regular
TXN_202303_001449,2023-03-16,REG_03,STORE_008,EMP_014,PROD_004,2,328.64,0.1,591.55,cash,CUST_8553,New
TXN_202303_001450,2023-03-21,REG_04,STORE_010,EMP_004,PROD_028,3,166.53,0.26,369.7,mobile,CUST_5226,VIP
TXN_202303_001451,2023-03-08,REG_01,STORE_003,EMP_001,PROD_016,3,297.98,0.01,885.0,mobile,CUST_6820,Regular
TXN_202303_001452,2023-03-06,REG_05,STORE_014,EMP_021,PROD_016,5,356.88,0.1,1605.96,mobile,CUST_8034,Regular
TXN_202303_001453,2023-03-10,REG_08,STORE_022,EMP_008,PROD_019,3,354.83,0.0,1064.49,credit,CUST_1033,Premium
TXN_202303_001454,2023-03-10,REG_10,STORE_028,EMP_017,PROD_029,5,46.42,0.01,229.78,mobile,CUST_2717,Premium
TXN_202303_001455,2023-03-11,REG_03,STORE_009,EMP_003,PROD_025,1,105.83,0.03,102.66,card,CUST_3132,Premium
TXN_202303_001456,2023-03-20,REG_05,STORE_013,EMP_021,PROD_023,3,313.08,0.21,742.0,credit,CUST_7694,Regular
TXN_202303_001457,2023-03-16,REG_02,STORE_004,EMP_002,PROD_033,1,119.74,0.02,117.35,credit,CUST_2628,VIP
TXN_202303_001458,2023-03-11,REG_02,STORE_006,EMP_002,PROD_020,5,255.44,0.1,1149.48,card,CUST_2846,Premium
TXN_202303_001459,2023-03-29,REG_04,STORE_011,EMP_016,PROD_028,2,424.36,0.24,645.03,card,CUST_3411,VIP
TXN_202303_001460,2023-03-04,REG_09,STORE_026,EMP_022,PROD_006,1,13.45,0.18,11.03,credit,CUST_7525,New
TXN_202303_001461,2023-03-21,REG_01,STORE_002,EMP_001,PROD_010,2,62.99,0.03,122.2,cash,CUST_3976,VIP
TXN_202303_001462,2023-03-08,REG_09,STORE_026,EMP_009,PROD_041,1,468.83,0.16,393.82,cash,CUST_6486,New
TXN_202303_001463,2023-03-04,REG_03,STORE_007,EMP_003,PROD_030,3,397.11,0.27,869.67,mobile,CUST_1142,VIP
TXN_202303_001464,2023-03-27,REG_05,STORE_015,EMP_021,PROD_034,3,428.97,0.04,1235.43,mobile,CUST_3597,Premium
TXN_202303_001465,2023-03-18,REG_05,STORE_014,EMP_005,PROD_049,4,10.77,0.26,31.88,cash,CUST_3241,New
TXN_202303_001466,2023-03-11,REG_03,STORE_009,EMP_014,PROD_021,1,294.67,0.11,262.26,mobile,CUST_7707,Premium
TXN_202303_001467,2023-03-15,REG_05,STORE_015,EMP_005,PROD_027,1,356.55,0.22,278.11,credit,CUST_1891,New
TXN_202303_001468,2023-03-13,REG_03,STORE_009,EMP_003,PROD_031,4,404.65,0.24,1230.14,mobile,CUST_4379,New
TXN_202303_001469,2023-03-18,REG_08,STORE_024,EMP_012,PROD_030,5,14.63,0.14,62.91,card,CUST_7035,Regular
TXN_202303_001470,2023-03-08,REG_04,STORE_011,EMP_004,PROD_006,5,438.94,0.28,1580.18,mobile,CUST_5090,Premium
TXN_202303_001471,2023-03-17,REG_08,STORE_022,EMP_023,PROD_037,4,343.87,0.11,1224.18,mobile,CUST_9265,Premium
TXN_202303_001472,2023-03-28,REG_04,STORE_011,EMP_029,PROD_030,2,223.33,0.29,317.13,mobile,CUST_7248,New
TXN_202303_001473,2023-03-10,REG_01,STORE_001,EMP_001,PROD_022,1,42.56,0.28,30.64,mobile,CUST_1742,New
TXN_202303_001474,2023-03-09,REG_01,STORE_002,EMP_018,PROD_012,2,343.18,0.06,645.18,cash,CUST_8191,New
TXN_202303_001475,2023-03-23,REG_06,STORE_016,EMP_006,PROD_001,2,85.33,0.04,163.83,card,CUST_7846,Regular
TXN_202303_001476,2023-03-17,REG_06,STORE_017,EMP_006,PROD_007,2,35.97,0.18,58.99,card,CUST_9335,Premium
TXN_202303_001477,2023-03-31,REG_10,STORE_028,EMP_028,PROD_036,5,248.66,0.2,994.64,credit,CUST_1055,Premium
TXN_202303_001478,2023-03-18,REG_02,STORE_005,EMP_002,PROD_020,3,45.89,0.1,123.9,cash,CUST_7527,VIP
TXN_202303_001479,2023-03-07,REG_10,STORE_028,EMP_010,PROD_039,3,353.72,0.03,1029.33,mobile,CUST_7448,VIP
TXN_202303_001480,2023-03-16,REG_08,STORE_023,EMP_015,PROD_016,5,217.54,0.29,772.27,card,CUST_3372,VIP
TXN_202303_001481,2023-03-25,REG_03,STORE_008,EMP_014,PROD_014,3,280.26,0.15,714.66,mobile,CUST_9223,Premium
TXN_202303_001482,2023-03-11,REG_08,STORE_024,EMP_012,PROD_043,5,87.39,0.18,358.3,mobile,CUST_8530,New
TXN_202303_001483,2023-03-13,REG_05,STORE_015,EMP_005,PROD_046,1,75.89,0.24,57.68,mobile,CUST_4204,New
TXN_202303_001484,2023-03-01,REG_01,STORE_002,EMP_019,PROD_027,3,223.47,0.08,616.78,mobile,CUST_3121,VIP
TXN_202303_001485,2023-03-04,REG_05,STORE_014,EMP_021,PROD_043,1,273.84,0.11,243.72,mobile,CUST_2327,Regular
TXN_202303_001486,2023-03-17,REG_10,STORE_030,EMP_013,PROD_010,3,413.25,0.17,1028.99,mobile,CUST_8815,Regular
TXN_202303_001487,2023-03-02,REG_07,STORE_019,EMP_007,PROD_042,3,387.33,0.06,1092.27,credit,CUST_2365,New
TXN_202303_001488,2023-03-06,REG_08,STORE_022,EMP_023,PROD_011,1,21.75,0.17,18.05,cash,CUST_6482,VIP
TXN_202303_001489,2023-03-16,REG_09,STORE_027,EMP_025,PROD_027,4,225.77,0.01,894.05,cash,CUST_2740,New
TXN_202303_001490,2023-03-12,REG_10,STORE_030,EMP_028,PROD_029,1,356.59,0.04,342.33,mobile,CUST_1124,Premium
TXN_202303_001491,2023-03-09,REG_08,STORE_023,EMP_008,PROD_007,2,162.33,0.16,272.71,cash,CUST_8703,Regular
TXN_202303_001492,2023-03-21,REG_04,STORE_011,EMP_026,PROD_024,1,271.27,0.29,192.6,cash,CUST_8655,New
TXN_202303_001493,2023-03-17,REG_07,STORE_021,EMP_007,PROD_007,5,348.21,0.16,1462.48,cash,CUST_1555,Premium
TXN_202303_001494,2023-03-11,REG_02,STORE_004,EMP_002,PROD_010,2,221.71,0.14,381.34,card,CUST_1382,VIP
TXN_202303_001495,2023-03-23,REG_09,STORE_025,EMP_027,PROD_030,1,188.55,0.08,173.47,cash,CUST_8683,VIP
TXN_202303_001496,2023-03-13,REG_08,STORE_024,EMP_012,PROD_048,3,71.99,0.21,170.62,cash,CUST_6087,Regular
TXN_202303_001497,2023-03-18,REG_08,STORE_024,EMP_012,PROD_039,2,112.86,0.18,185.09,card,CUST_8991,VIP
TXN_202303_001498,2023-03-08,REG_02,STORE_004,EMP_002,PROD_027,5,315.0,0.26,1165.5,mobile,CUST_9756,Regular
TXN_202303_001499,2023-03-29,REG_09,STORE_026,EMP_027,PROD_012,3,135.92,0.13,354.75,card,CUST_9359,New
TXN_202303_001500,2023-03-04,REG_03,STORE_008,EMP_003,PROD_044,5,337.28,0.23,1298.53,card,CUST_4280,VIP
