transaction_id,date,region,store_id,employee_id,product_id,units,unit_price,discount,revenue,payment,customer_id,customer_segment
TXN_202501_011962,2025-01-06,REG_10,STORE_028,EMP_020,PROD_012,5,21.96,0.08,101.02,cash,CUST_5146,Regular
TXN_202501_011963,2025-01-17,REG_06,STORE_018,EMP_006,PROD_011,3,284.44,0.15,725.32,mobile,CUST_3869,Premium
TXN_202501_011964,2025-01-19,REG_01,STORE_001,EMP_018,PROD_041,3,298.27,0.08,823.23,credit,CUST_6255,New
TXN_202501_011965,2025-01-03,REG_07,STORE_019,EMP_007,PROD_016,4,207.56,0.01,821.94,card,CUST_2771,Premium
TXN_202501_011966,2025-01-08,REG_02,STORE_005,EMP_002,PROD_033,4,178.83,0.22,557.95,mobile,CUST_6666,VIP
TXN_202501_011967,2025-01-14,REG_07,STORE_019,EMP_007,PROD_013,2,209.26,0.13,364.11,credit,CUST_6253,New
TXN_202501_011968,2025-01-29,REG_01,STORE_003,EMP_018,PROD_009,5,448.59,0.14,1928.94,credit,CUST_3820,New
TXN_202501_011969,2025-01-16,REG_01,STORE_003,EMP_019,PROD_014,3,415.56,0.11,1109.55,credit,CUST_2407,Premium
TXN_202501_011970,2025-01-24,REG_08,STORE_022,EMP_008,PROD_009,3,333.02,0.15,849.2,cash,CUST_9064,Premium
TXN_202501_011971,2025-01-01,REG_05,STORE_013,EMP_021,PROD_008,4,111.44,0.29,316.49,credit,CUST_8830,Premium
TXN_202501_011972,2025-01-17,REG_10,STORE_029,EMP_017,PROD_041,1,290.24,0.29,206.07,cash,CUST_1760,Regular
TXN_202501_011973,2025-01-30,REG_09,STORE_025,EMP_009,PROD_003,2,498.17,0.3,697.44,mobile,CUST_5115,VIP
TXN_202501_011974,2025-01-28,REG_06,STORE_018,EMP_006,PROD_047,1,199.77,0.02,195.77,credit,CUST_1112,Regular
TXN_202501_011975,2025-01-25,REG_06,STORE_016,EMP_006,PROD_017,3,484.85,0.2,1163.64,credit,CUST_3302,Regular
TXN_202501_011976,2025-01-27,REG_08,STORE_024,EMP_008,PROD_019,3,237.82,0.29,506.56,cash,CUST_7098,Regular
TXN_202501_011977,2025-01-03,REG_01,STORE_002,EMP_011,PROD_033,5,276.13,0.01,1366.84,credit,CUST_9977,Premium
TXN_202501_011978,2025-01-05,REG_10,STORE_028,EMP_013,PROD_048,3,69.28,0.12,182.9,card,CUST_8411,VIP
TXN_202501_011979,2025-01-27,REG_02,STORE_005,EMP_002,PROD_006,1,283.51,0.21,223.97,credit,CUST_8212,New
TXN_202501_011980,2025-01-12,REG_03,STORE_008,EMP_014,PROD_038,4,203.35,0.17,675.12,cash,CUST_6420,New
TXN_202501_011981,2025-01-25,REG_01,STORE_002,EMP_019,PROD_002,1,386.93,0.2,309.54,cash,CUST_3111,Premium
TXN_202501_011982,2025-01-15,REG_10,STORE_029,EMP_020,PROD_042,3,76.28,0.09,208.24,card,CUST_9668,New
TXN_202501_011983,2025-01-21,REG_10,STORE_028,EMP_017,PROD_026,3,72.66,0.03,211.44,credit,CUST_4043,Regular
TXN_202501_011984,2025-01-30,REG_09,STORE_025,EMP_022,PROD_020,2,61.7,0.09,112.29,cash,CUST_8671,VIP
TXN_202501_011985,2025-01-03,REG_02,STORE_004,EMP_002,PROD_016,3,463.15,0.14,1194.93,card,CUST_6489,Regular
TXN_202501_011986,2025-01-19,REG_03,STORE_009,EMP_014,PROD_025,5,18.71,0.18,76.71,card,CUST_3988,New
TXN_202501_011987,2025-01-06,REG_09,STORE_025,EMP_022,PROD_019,3,135.51,0.29,288.64,cash,CUST_6065,Premium
TXN_202501_011988,2025-01-15,REG_01,STORE_001,EMP_018,PROD_011,3,432.5,0.29,921.22,card,CUST_7571,New
TXN_202501_011989,2025-01-22,REG_04,STORE_012,EMP_026,PROD_034,2,337.97,0.13,588.07,card,CUST_3561,New
TXN_202501_011990,2025-01-15,REG_01,STORE_001,EMP_019,PROD_029,2,180.27,0.05,342.51,cash,CUST_1755,VIP
TXN_202501_011991,2025-01-06,REG_04,STORE_011,EMP_029,PROD_013,4,264.62,0.04,1016.14,card,CUST_5998,VIP
TXN_202501_011992,2025-01-30,REG_04,STORE_010,EMP_029,PROD_028,5,273.76,0.15,1163.48,credit,CUST_3822,VIP
TXN_202501_011993,2025-01-06,REG_01,STORE_002,EMP_019,PROD_012,2,320.52,0.18,525.65,mobile,CUST_7823,Premium
TXN_202501_011994,2025-01-11,REG_04,STORE_012,EMP_029,PROD_003,4,317.35,0.2,1015.52,card,CUST_9691,Regular
TXN_202501_011995,2025-01-08,REG_04,STORE_011,EMP_026,PROD_050,5,30.88,0.15,131.24,cash,CUST_9382,New
TXN_202501_011996,2025-01-30,REG_08,STORE_022,EMP_015,PROD_015,2,84.28,0.01,166.87,mobile,CUST_6212,Regular
TXN_202501_011997,2025-01-03,REG_04,STORE_011,EMP_029,PROD_029,3,208.52,0.28,450.4,credit,CUST_4747,Regular
TXN_202501_011998,2025-01-06,REG_05,STORE_015,EMP_005,PROD_025,2,99.07,0.27,144.64,card,CUST_8156,New
TXN_202501_011999,2025-01-28,REG_09,STORE_027,EMP_027,PROD_049,1,341.27,0.25,255.95,card,CUST_6900,VIP
TXN_202501_012000,2025-01-16,REG_06,STORE_016,EMP_006,PROD_014,4,110.39,0.12,388.57,mobile,CUST_9572,Premium
TXN_202501_012001,2025-01-24,REG_10,STORE_030,EMP_017,PROD_050,1,58.99,0.23,45.42,card,CUST_8904,Regular
TXN_202501_012002,2025-01-28,REG_10,STORE_030,EMP_028,PROD_010,4,407.07,0.03,1579.43,credit,CUST_6987,VIP
TXN_202501_012003,2025-01-13,REG_01,STORE_002,EMP_001,PROD_038,4,10.73,0.29,30.47,card,CUST_6673,VIP
TXN_202501_012004,2025-01-18,REG_07,STORE_021,EMP_007,PROD_004,5,252.15,0.22,983.38,cash,CUST_1808,New
TXN_202501_012005,2025-01-01,REG_06,STORE_016,EMP_006,PROD_027,3,109.01,0.29,232.19,mobile,CUST_9405,VIP
TXN_202501_012006,2025-01-11,REG_03,STORE_008,EMP_014,PROD_008,2,425.99,0.21,673.06,cash,CUST_5759,VIP
TXN_202501_012007,2025-01-30,REG_06,STORE_016,EMP_006,PROD_030,5,112.61,0.19,456.07,mobile,CUST_6989,Premium
TXN_202501_012008,2025-01-20,REG_10,STORE_030,EMP_020,PROD_028,4,242.2,0.26,716.91,card,CUST_4094,Regular
TXN_202501_012009,2025-01-15,REG_08,STORE_022,EMP_012,PROD_006,4,11.34,0.19,36.74,credit,CUST_4962,New
TXN_202501_012010,2025-01-15,REG_03,STORE_008,EMP_003,PROD_002,5,301.93,0.09,1373.78,card,CUST_1203,VIP
TXN_202501_012011,2025-01-06,REG_03,STORE_007,EMP_003,PROD_008,2,201.9,0.15,343.23,mobile,CUST_6449,New
TXN_202501_012012,2025-01-19,REG_03,STORE_007,EMP_014,PROD_021,2,130.09,0.18,213.35,card,CUST_6283,New
TXN_202501_012013,2025-01-21,REG_06,STORE_016,EMP_006,PROD_050,3,365.54,0.26,811.5,mobile,CUST_6019,Premium
TXN_202501_012014,2025-01-23,REG_09,STORE_027,EMP_022,PROD_026,1,215.72,0.26,159.63,credit,CUST_6478,VIP
TXN_202501_012015,2025-01-25,REG_08,STORE_024,EMP_012,PROD_022,3,82.43,0.13,215.14,cash,CUST_5277,Premium
TXN_202501_012016,2025-01-05,REG_03,STORE_008,EMP_014,PROD_044,1,156.83,0.19,127.03,credit,CUST_4066,Premium
TXN_202501_012017,2025-01-13,REG_10,STORE_030,EMP_017,PROD_005,3,27.24,0.01,80.9,mobile,CUST_8149,Regular
TXN_202501_012018,2025-01-16,REG_04,STORE_012,EMP_029,PROD_043,3,285.62,0.26,634.08,credit,CUST_3194,New
TXN_202501_012019,2025-01-31,REG_03,STORE_008,EMP_003,PROD_041,3,163.55,0.22,382.71,card,CUST_7519,Premium
TXN_202501_012020,2025-01-13,REG_10,STORE_030,EMP_028,PROD_030,5,54.94,0.24,208.77,credit,CUST_4637,New
TXN_202501_012021,2025-01-30,REG_06,STORE_016,EMP_006,PROD_044,5,245.54,0.17,1018.99,credit,CUST_3177,VIP
TXN_202501_012022,2025-01-24,REG_07,STORE_020,EMP_007,PROD_009,3,96.4,0.15,245.82,credit,CUST_1741,Regular
TXN_202501_012023,2025-01-04,REG_02,STORE_004,EMP_002,PROD_020,1,334.24,0.11,297.47,cash,CUST_9839,New
TXN_202501_012024,2025-01-08,REG_10,STORE_030,EMP_017,PROD_034,4,185.37,0.08,682.16,credit,CUST_9921,VIP
TXN_202501_012025,2025-01-16,REG_09,STORE_026,EMP_009,PROD_033,2,56.23,0.07,104.59,mobile,CUST_1895,VIP
TXN_202501_012026,2025-01-11,REG_03,STORE_009,EMP_014,PROD_003,4,28.69,0.11,102.14,cash,CUST_3273,New
TXN_202501_012027,2025-01-11,REG_06,STORE_016,EMP_006,PROD_029,5,181.44,0.29,644.11,cash,CUST_8384,Premium
TXN_202501_012028,2025-01-11,REG_04,STORE_010,EMP_030,PROD_030,4,255.29,0.26,755.66,credit,CUST_6050,VIP
TXN_202501_012029,2025-01-01,REG_05,STORE_013,EMP_005,PROD_045,1,162.61,0.24,123.58,credit,CUST_7381,New
TXN_202501_012030,2025-01-12,REG_02,STORE_006,EMP_002,PROD_025,4,436.1,0.25,1308.3,cash,CUST_2678,Regular
TXN_202501_012031,2025-01-08,REG_08,STORE_022,EMP_023,PROD_015,3,174.04,0.25,391.59,cash,CUST_5053,Regular
TXN_202501_012032,2025-01-30,REG_02,STORE_005,EMP_002,PROD_042,3,70.73,0.23,163.39,mobile,CUST_1047,Premium
TXN_202501_012033,2025-01-14,REG_05,STORE_014,EMP_021,PROD_012,3,332.23,0.12,877.09,mobile,CUST_3777,VIP
TXN_202501_012034,2025-01-19,REG_03,STORE_007,EMP_014,PROD_046,2,144.69,0.22,225.72,credit,CUST_4087,Regular
TXN_202501_012035,2025-01-26,REG_02,STORE_005,EMP_002,PROD_026,3,456.02,0.21,1080.77,credit,CUST_5273,New
TXN_202501_012036,2025-01-01,REG_09,STORE_025,EMP_025,PROD_031,3,214.36,0.26,475.88,mobile,CUST_8115,Premium
TXN_202501_012037,2025-01-05,REG_10,STORE_028,EMP_010,PROD_004,5,270.79,0.24,1029.0,credit,CUST_4606,Regular
TXN_202501_012038,2025-01-01,REG_01,STORE_003,EMP_001,PROD_016,1,260.1,0.15,221.09,card,CUST_3357,VIP
TXN_202501_012039,2025-01-05,REG_01,STORE_002,EMP_019,PROD_028,1,468.39,0.17,388.76,cash,CUST_7329,Regular
TXN_202501_012040,2025-01-31,REG_02,STORE_004,EMP_002,PROD_016,1,256.02,0.2,204.82,mobile,CUST_1689,VIP
TXN_202501_012041,2025-01-25,REG_01,STORE_002,EMP_019,PROD_037,1,434.77,0.21,343.47,card,CUST_2611,VIP
TXN_202501_012042,2025-01-24,REG_04,STORE_012,EMP_004,PROD_040,5,213.26,0.21,842.38,credit,CUST_6355,Regular
TXN_202501_012043,2025-01-13,REG_06,STORE_018,EMP_006,PROD_045,1,464.83,0.28,334.68,card,CUST_7662,VIP
TXN_202501_012044,2025-01-23,REG_10,STORE_029,EMP_017,PROD_037,4,318.16,0.11,1132.65,mobile,CUST_9153,Regular
TXN_202501_012045,2025-01-04,REG_07,STORE_019,EMP_007,PROD_033,1,477.11,0.15,405.54,cash,CUST_5725,VIP
TXN_202501_012046,2025-01-19,REG_08,STORE_023,EMP_015,PROD_038,2,194.26,0.07,361.32,credit,CUST_3961,VIP
TXN_202501_012047,2025-01-30,REG_10,STORE_030,EMP_013,PROD_027,5,480.47,0.3,1681.65,mobile,CUST_6316,Regular
TXN_202501_012048,2025-01-14,REG_07,STORE_020,EMP_007,PROD_006,3,491.17,0.03,1429.3,mobile,CUST_5382,VIP
TXN_202501_012049,2025-01-01,REG_06,STORE_017,EMP_006,PROD_049,2,262.39,0.21,414.58,card,CUST_4081,VIP
TXN_202501_012050,2025-01-09,REG_10,STORE_028,EMP_020,PROD_044,2,282.1,0.23,434.43,card,CUST_7485,Premium
TXN_202501_012051,2025-01-16,REG_01,STORE_002,EMP_001,PROD_039,1,381.5,0.09,347.17,cash,CUST_2786,Premium
TXN_202501_012052,2025-01-26,REG_07,STORE_021,EMP_007,PROD_037,5,163.62,0.01,809.92,credit,CUST_3969,Regular
TXN_202501_012053,2025-01-23,REG_02,STORE_004,EMP_002,PROD_005,4,312.64,0.27,912.91,mobile,CUST_5051,VIP
TXN_202501_012054,2025-01-05,REG_10,STORE_030,EMP_020,PROD_001,2,273.01,0.09,496.88,mobile,CUST_4579,Regular
TXN_202501_012055,2025-01-10,REG_05,STORE_013,EMP_005,PROD_031,5,252.81,0.24,960.68,cash,CUST_6858,Premium
TXN_202501_012056,2025-01-13,REG_08,STORE_022,EMP_012,PROD_017,4,53.26,0.11,189.61,credit,CUST_9610,New
TXN_202501_012057,2025-01-21,REG_10,STORE_029,EMP_020,PROD_004,1,229.18,0.06,215.43,cash,CUST_4805,New
TXN_202501_012058,2025-01-17,REG_02,STORE_005,EMP_002,PROD_024,1,446.17,0.19,361.4,cash,CUST_5047,Regular
TXN_202501_012059,2025-01-22,REG_05,STORE_015,EMP_021,PROD_048,4,497.45,0.27,1452.55,cash,CUST_1754,New
TXN_202501_012060,2025-01-28,REG_10,STORE_030,EMP_020,PROD_045,5,75.1,0.14,322.93,cash,CUST_1232,New
TXN_202501_012061,2025-01-02,REG_04,STORE_011,EMP_029,PROD_034,3,154.73,0.28,334.22,cash,CUST_7017,Premium
TXN_202501_012062,2025-01-27,REG_05,STORE_013,EMP_005,PROD_025,4,58.99,0.21,186.41,card,CUST_6137,Regular
TXN_202501_012063,2025-01-09,REG_10,STORE_030,EMP_020,PROD_016,4,21.48,0.19,69.6,credit,CUST_4405,Regular
TXN_202501_012064,2025-01-12,REG_06,STORE_018,EMP_006,PROD_022,5,84.12,0.28,302.83,cash,CUST_6954,Regular
TXN_202501_012065,2025-01-19,REG_09,STORE_027,EMP_025,PROD_004,3,209.68,0.16,528.39,cash,CUST_6445,New
TXN_202501_012066,2025-01-27,REG_06,STORE_018,EMP_006,PROD_043,2,422.41,0.07,785.68,cash,CUST_9957,VIP
TXN_202501_012067,2025-01-09,REG_09,STORE_025,EMP_022,PROD_045,2,325.56,0.04,625.08,mobile,CUST_1517,Premium
TXN_202501_012068,2025-01-04,REG_03,STORE_008,EMP_003,PROD_029,2,244.79,0.14,421.04,credit,CUST_6746,VIP
TXN_202501_012069,2025-01-11,REG_02,STORE_006,EMP_002,PROD_021,4,169.85,0.29,482.37,credit,CUST_2140,Regular
TXN_202501_012070,2025-01-16,REG_08,STORE_024,EMP_015,PROD_011,1,367.32,0.14,315.9,card,CUST_6588,New
TXN_202501_012071,2025-01-17,REG_05,STORE_015,EMP_021,PROD_006,4,257.69,0.21,814.3,cash,CUST_1136,Premium
TXN_202501_012072,2025-01-29,REG_01,STORE_002,EMP_018,PROD_004,3,218.83,0.21,518.63,cash,CUST_2146,VIP
TXN_202501_012073,2025-01-05,REG_01,STORE_003,EMP_019,PROD_020,4,387.86,0.09,1411.81,mobile,CUST_5796,VIP
TXN_202501_012074,2025-01-19,REG_07,STORE_020,EMP_007,PROD_005,1,424.17,0.03,411.44,credit,CUST_9748,New
TXN_202501_012075,2025-01-21,REG_06,STORE_018,EMP_006,PROD_037,1,367.07,0.23,282.64,credit,CUST_9512,Regular
TXN_202501_012076,2025-01-10,REG_01,STORE_003,EMP_018,PROD_022,2,303.48,0.07,564.47,credit,CUST_3913,VIP
TXN_202501_012077,2025-01-14,REG_02,STORE_004,EMP_002,PROD_030,1,69.16,0.29,49.1,credit,CUST_6353,New
TXN_202501_012078,2025-01-28,REG_09,STORE_027,EMP_027,PROD_019,2,375.21,0.17,622.85,cash,CUST_7999,New
TXN_202501_012079,2025-01-08,REG_01,STORE_002,EMP_019,PROD_022,4,141.83,0.24,431.16,cash,CUST_9924,Regular
TXN_202501_012080,2025-01-06,REG_08,STORE_022,EMP_015,PROD_044,1,222.34,0.13,193.44,card,CUST_2599,Regular
TXN_202501_012081,2025-01-15,REG_09,STORE_026,EMP_027,PROD_036,1,105.07,0.09,95.61,cash,CUST_9507,VIP
TXN_202501_012082,2025-01-05,REG_10,STORE_030,EMP_017,PROD_007,4,238.16,0.24,724.01,card,CUST_2406,Premium
TXN_202501_012083,2025-01-02,REG_05,STORE_014,EMP_005,PROD_001,4,471.83,0.03,1830.7,mobile,CUST_3207,Regular
TXN_202501_012084,2025-01-20,REG_07,STORE_019,EMP_007,PROD_044,4,478.61,0.2,1531.55,credit,CUST_2205,Premium
TXN_202501_012085,2025-01-05,REG_07,STORE_020,EMP_007,PROD_037,5,460.39,0.03,2232.89,card,CUST_2703,New
TXN_202501_012086,2025-01-25,REG_02,STORE_005,EMP_002,PROD_012,3,280.27,0.21,664.24,cash,CUST_9852,New
TXN_202501_012087,2025-01-25,REG_10,STORE_030,EMP_010,PROD_033,4,228.78,0.18,750.4,cash,CUST_6792,Premium
TXN_202501_012088,2025-01-04,REG_02,STORE_006,EMP_002,PROD_050,5,364.32,0.13,1584.79,cash,CUST_3900,New
TXN_202501_012089,2025-01-29,REG_08,STORE_023,EMP_008,PROD_015,1,306.14,0.16,257.16,mobile,CUST_7034,Premium
TXN_202501_012090,2025-01-14,REG_01,STORE_002,EMP_018,PROD_032,1,197.77,0.1,177.99,cash,CUST_4755,New
TXN_202501_012091,2025-01-19,REG_05,STORE_013,EMP_021,PROD_042,1,43.76,0.01,43.32,credit,CUST_9402,Premium
TXN_202501_012092,2025-01-31,REG_09,STORE_027,EMP_009,PROD_018,3,476.71,0.04,1372.92,card,CUST_8300,New
TXN_202501_012093,2025-01-28,REG_01,STORE_002,EMP_001,PROD_040,4,280.39,0.11,998.19,credit,CUST_1297,Premium
TXN_202501_012094,2025-01-12,REG_03,STORE_007,EMP_003,PROD_019,4,264.08,0.26,781.68,cash,CUST_7954,New
TXN_202501_012095,2025-01-28,REG_06,STORE_018,EMP_006,PROD_015,5,284.21,0.2,1136.84,mobile,CUST_3185,Premium
TXN_202501_012096,2025-01-24,REG_08,STORE_022,EMP_012,PROD_018,1,426.65,0.15,362.65,cash,CUST_7933,New
TXN_202501_012097,2025-01-21,REG_06,STORE_018,EMP_006,PROD_040,5,435.59,0.24,1655.24,mobile,CUST_3858,VIP
TXN_202501_012098,2025-01-01,REG_10,STORE_030,EMP_010,PROD_044,1,356.56,0.19,288.81,cash,CUST_5186,New
TXN_202501_012099,2025-01-25,REG_01,STORE_002,EMP_019,PROD_018,1,287.32,0.29,204.0,credit,CUST_4608,Regular
TXN_202501_012100,2025-01-18,REG_01,STORE_002,EMP_019,PROD_014,2,180.87,0.17,300.24,card,CUST_8120,Premium
TXN_202501_012101,2025-01-23,REG_10,STORE_029,EMP_010,PROD_021,5,235.09,0.14,1010.89,mobile,CUST_9315,Regular
TXN_202501_012102,2025-01-01,REG_03,STORE_008,EMP_014,PROD_029,5,364.21,0.08,1675.37,mobile,CUST_4814,Regular
TXN_202501_012103,2025-01-27,REG_05,STORE_015,EMP_005,PROD_043,1,448.24,0.04,430.31,credit,CUST_6341,New
TXN_202501_012104,2025-01-13,REG_10,STORE_028,EMP_013,PROD_004,2,51.59,0.26,76.35,cash,CUST_9286,Regular
TXN_202501_012105,2025-01-08,REG_04,STORE_011,EMP_026,PROD_006,5,21.79,0.19,88.25,card,CUST_8223,New
TXN_202501_012106,2025-01-16,REG_07,STORE_020,EMP_007,PROD_007,4,96.09,0.21,303.64,mobile,CUST_8821,VIP
TXN_202501_012107,2025-01-19,REG_09,STORE_025,EMP_025,PROD_031,4,94.11,0.21,297.39,credit,CUST_2279,VIP
TXN_202501_012108,2025-01-18,REG_01,STORE_001,EMP_001,PROD_029,3,37.02,0.24,84.41,cash,CUST_5242,Premium
TXN_202501_012109,2025-01-25,REG_09,STORE_026,EMP_027,PROD_036,5,127.66,0.1,574.47,cash,CUST_9658,Regular
TXN_202501_012110,2025-01-31,REG_04,STORE_011,EMP_030,PROD_027,5,182.18,0.25,683.18,card,CUST_2927,Premium
TXN_202501_012111,2025-01-02,REG_10,STORE_030,EMP_028,PROD_049,2,224.86,0.21,355.28,card,CUST_2352,VIP
TXN_202501_012112,2025-01-03,REG_08,STORE_024,EMP_015,PROD_007,2,137.8,0.12,242.53,card,CUST_1545,Regular
TXN_202501_012113,2025-01-01,REG_03,STORE_009,EMP_014,PROD_038,1,437.12,0.21,345.32,credit,CUST_5198,Premium
TXN_202501_012114,2025-01-09,REG_01,STORE_003,EMP_019,PROD_041,4,407.13,0.09,1481.95,cash,CUST_8322,VIP
TXN_202501_012115,2025-01-15,REG_07,STORE_019,EMP_007,PROD_040,1,164.95,0.2,131.96,cash,CUST_2406,Premium
TXN_202501_012116,2025-01-22,REG_05,STORE_013,EMP_021,PROD_040,1,254.69,0.19,206.3,cash,CUST_3109,New
TXN_202501_012117,2025-01-02,REG_03,STORE_007,EMP_014,PROD_043,4,349.49,0.13,1216.23,cash,CUST_3409,Regular
TXN_202501_012118,2025-01-07,REG_10,STORE_029,EMP_013,PROD_009,4,189.48,0.28,545.7,mobile,CUST_5304,Premium
TXN_202501_012119,2025-01-07,REG_09,STORE_025,EMP_025,PROD_038,1,236.81,0.26,175.24,credit,CUST_3670,Premium
TXN_202501_012120,2025-01-24,REG_10,STORE_028,EMP_010,PROD_018,2,231.82,0.17,384.82,mobile,CUST_2846,Premium
TXN_202501_012121,2025-01-05,REG_09,STORE_027,EMP_009,PROD_030,2,240.86,0.12,423.91,credit,CUST_4988,Premium
TXN_202501_012122,2025-01-28,REG_05,STORE_013,EMP_021,PROD_007,2,377.39,0.17,626.47,mobile,CUST_7968,Premium
TXN_202501_012123,2025-01-26,REG_08,STORE_024,EMP_008,PROD_049,3,473.28,0.2,1135.87,cash,CUST_8417,VIP
TXN_202501_012124,2025-01-13,REG_10,STORE_028,EMP_020,PROD_014,1,131.87,0.22,102.86,cash,CUST_1408,Premium
TXN_202501_012125,2025-01-09,REG_08,STORE_022,EMP_023,PROD_035,5,278.03,0.2,1112.12,cash,CUST_6542,New
TXN_202501_012126,2025-01-16,REG_09,STORE_025,EMP_009,PROD_007,4,284.44,0.17,944.34,credit,CUST_6376,Premium
TXN_202501_012127,2025-01-27,REG_01,STORE_002,EMP_011,PROD_043,5,40.08,0.18,164.33,cash,CUST_6328,New
TXN_202501_012128,2025-01-25,REG_01,STORE_002,EMP_001,PROD_010,3,489.17,0.11,1306.08,cash,CUST_9616,VIP
TXN_202501_012129,2025-01-22,REG_07,STORE_020,EMP_007,PROD_050,2,348.89,0.14,600.09,card,CUST_4450,Regular
TXN_202501_012130,2025-01-20,REG_10,STORE_028,EMP_028,PROD_047,4,74.12,0.1,266.83,mobile,CUST_2169,Premium
TXN_202501_012131,2025-01-28,REG_04,STORE_012,EMP_030,PROD_001,3,180.37,0.01,535.7,cash,CUST_5891,New
TXN_202501_012132,2025-01-25,REG_03,STORE_009,EMP_003,PROD_025,4,18.56,0.12,65.33,mobile,CUST_5770,Regular
TXN_202501_012133,2025-01-06,REG_04,STORE_010,EMP_026,PROD_010,5,441.23,0.28,1588.43,credit,CUST_4287,Regular
TXN_202501_012134,2025-01-16,REG_07,STORE_020,EMP_007,PROD_011,4,286.05,0.02,1121.32,mobile,CUST_1350,Regular
TXN_202501_012135,2025-01-20,REG_02,STORE_004,EMP_002,PROD_005,4,173.78,0.2,556.1,credit,CUST_1216,Regular
TXN_202501_012136,2025-01-03,REG_06,STORE_018,EMP_006,PROD_044,4,71.5,0.24,217.36,card,CUST_3104,New
TXN_202501_012137,2025-01-01,REG_05,STORE_015,EMP_005,PROD_020,3,378.38,0.07,1055.68,mobile,CUST_1305,Regular
TXN_202501_012138,2025-01-16,REG_01,STORE_003,EMP_018,PROD_042,4,142.4,0.03,552.51,mobile,CUST_4041,VIP
TXN_202501_012139,2025-01-26,REG_01,STORE_003,EMP_011,PROD_022,2,236.06,0.04,453.24,credit,CUST_6593,New
TXN_202501_012140,2025-01-19,REG_09,STORE_025,EMP_025,PROD_005,3,422.7,0.05,1204.69,mobile,CUST_2849,Regular
TXN_202501_012141,2025-01-25,REG_04,STORE_010,EMP_024,PROD_027,2,204.78,0.27,298.98,mobile,CUST_8101,Premium
TXN_202501_012142,2025-01-25,REG_04,STORE_010,EMP_016,PROD_030,3,223.0,0.16,561.96,card,CUST_9337,New
TXN_202501_012143,2025-01-07,REG_04,STORE_010,EMP_026,PROD_010,5,460.59,0.01,2279.92,credit,CUST_9433,VIP
TXN_202501_012144,2025-01-11,REG_03,STORE_007,EMP_003,PROD_048,4,486.15,0.04,1866.82,cash,CUST_9349,New
TXN_202501_012145,2025-01-01,REG_03,STORE_007,EMP_003,PROD_002,1,355.09,0.22,276.97,cash,CUST_9758,New
TXN_202501_012146,2025-01-26,REG_08,STORE_023,EMP_023,PROD_016,2,91.6,0.25,137.4,card,CUST_6128,Premium
TXN_202501_012147,2025-01-12,REG_10,STORE_030,EMP_010,PROD_026,4,151.31,0.24,459.98,cash,CUST_9532,VIP
TXN_202501_012148,2025-01-08,REG_10,STORE_030,EMP_028,PROD_049,2,103.87,0.24,157.88,cash,CUST_3657,New
TXN_202501_012149,2025-01-30,REG_06,STORE_016,EMP_006,PROD_030,5,117.67,0.05,558.93,card,CUST_5711,Regular
TXN_202501_012150,2025-01-22,REG_07,STORE_020,EMP_007,PROD_046,5,216.57,0.2,866.28,credit,CUST_3200,Premium
TXN_202501_012151,2025-01-05,REG_10,STORE_029,EMP_013,PROD_019,1,123.02,0.04,118.1,mobile,CUST_1012,Regular
TXN_202501_012152,2025-01-23,REG_08,STORE_023,EMP_012,PROD_029,3,470.43,0.12,1241.94,mobile,CUST_6953,New
TXN_202501_012153,2025-01-28,REG_06,STORE_018,EMP_006,PROD_008,3,477.83,0.18,1175.46,mobile,CUST_4053,Regular
TXN_202501_012154,2025-01-04,REG_07,STORE_019,EMP_007,PROD_020,5,63.02,0.16,264.68,cash,CUST_5996,Premium
TXN_202501_012155,2025-01-26,REG_05,STORE_014,EMP_005,PROD_017,1,174.62,0.01,172.87,mobile,CUST_8117,VIP
TXN_202501_012156,2025-01-08,REG_04,STORE_012,EMP_024,PROD_005,5,296.76,0.09,1350.26,cash,CUST_4154,Regular
TXN_202501_012157,2025-01-18,REG_05,STORE_015,EMP_021,PROD_044,3,197.69,0.02,581.21,cash,CUST_9679,Premium
TXN_202501_012158,2025-01-17,REG_09,STORE_027,EMP_009,PROD_033,2,371.83,0.05,706.48,mobile,CUST_3905,Regular
TXN_202501_012159,2025-01-08,REG_09,STORE_025,EMP_009,PROD_048,2,373.55,0.03,724.69,cash,CUST_9162,VIP
TXN_202501_012160,2025-01-26,REG_05,STORE_014,EMP_005,PROD_004,5,443.04,0.13,1927.22,card,CUST_2985,VIP
TXN_202501_012161,2025-01-22,REG_09,STORE_026,EMP_009,PROD_028,3,368.12,0.23,850.36,cash,CUST_4060,New
TXN_202501_012162,2025-01-26,REG_06,STORE_017,EMP_006,PROD_009,3,339.14,0.1,915.68,card,CUST_8939,Regular
TXN_202501_012163,2025-01-12,REG_08,STORE_023,EMP_023,PROD_048,5,498.48,0.08,2293.01,mobile,CUST_2546,Premium
TXN_202501_012164,2025-01-25,REG_04,STORE_011,EMP_029,PROD_014,4,170.69,0.16,573.52,cash,CUST_1720,Premium
TXN_202501_012165,2025-01-02,REG_06,STORE_018,EMP_006,PROD_021,5,212.16,0.22,827.42,mobile,CUST_3047,New
TXN_202501_012166,2025-01-22,REG_09,STORE_025,EMP_022,PROD_038,5,83.08,0.12,365.55,card,CUST_5990,VIP
TXN_202501_012167,2025-01-15,REG_01,STORE_001,EMP_018,PROD_010,1,418.97,0.19,339.37,card,CUST_7569,Regular
TXN_202501_012168,2025-01-20,REG_07,STORE_019,EMP_007,PROD_019,4,346.24,0.02,1357.26,card,CUST_5904,VIP
TXN_202501_012169,2025-01-10,REG_09,STORE_025,EMP_022,PROD_013,3,416.41,0.12,1099.32,credit,CUST_8967,Premium
TXN_202501_012170,2025-01-27,REG_06,STORE_016,EMP_006,PROD_049,1,124.83,0.06,117.34,cash,CUST_4971,New
TXN_202501_012171,2025-01-11,REG_10,STORE_028,EMP_028,PROD_015,2,239.7,0.21,378.73,credit,CUST_5805,New
TXN_202501_012172,2025-01-01,REG_05,STORE_015,EMP_005,PROD_001,2,16.85,0.29,23.93,mobile,CUST_6896,VIP
TXN_202501_012173,2025-01-19,REG_03,STORE_007,EMP_003,PROD_034,1,46.42,0.09,42.24,card,CUST_4810,Premium
TXN_202501_012174,2025-01-05,REG_01,STORE_002,EMP_018,PROD_013,1,333.47,0.3,233.43,mobile,CUST_9223,VIP
TXN_202501_012175,2025-01-05,REG_08,STORE_022,EMP_008,PROD_047,4,117.47,0.09,427.59,credit,CUST_7895,New
TXN_202501_012176,2025-01-06,REG_04,STORE_012,EMP_016,PROD_016,3,399.0,0.15,1017.45,mobile,CUST_1346,Regular
TXN_202501_012177,2025-01-14,REG_10,STORE_028,EMP_013,PROD_017,1,182.5,0.02,178.85,cash,CUST_8585,VIP
TXN_202501_012178,2025-01-26,REG_05,STORE_013,EMP_021,PROD_040,4,397.85,0.04,1527.74,mobile,CUST_6888,Regular
TXN_202501_012179,2025-01-02,REG_09,STORE_027,EMP_009,PROD_049,4,205.67,0.23,633.46,card,CUST_3018,Premium
TXN_202501_012180,2025-01-21,REG_10,STORE_030,EMP_017,PROD_016,3,369.47,0.04,1064.07,credit,CUST_9299,New
TXN_202501_012181,2025-01-30,REG_07,STORE_021,EMP_007,PROD_032,4,264.87,0.03,1027.7,credit,CUST_3233,Premium
TXN_202501_012182,2025-01-17,REG_09,STORE_026,EMP_009,PROD_018,1,12.89,0.23,9.93,cash,CUST_6647,Premium
TXN_202501_012183,2025-01-27,REG_06,STORE_018,EMP_006,PROD_001,5,168.96,0.18,692.74,cash,CUST_4857,Premium
TXN_202501_012184,2025-01-25,REG_08,STORE_023,EMP_015,PROD_014,3,425.49,0.18,1046.71,mobile,CUST_8045,Regular
TXN_202501_012185,2025-01-28,REG_08,STORE_022,EMP_008,PROD_016,5,170.86,0.12,751.78,credit,CUST_2697,VIP
TXN_202501_012186,2025-01-15,REG_03,STORE_008,EMP_003,PROD_008,4,16.98,0.25,50.94,credit,CUST_5246,New
TXN_202501_012187,2025-01-17,REG_04,STORE_012,EMP_024,PROD_025,4,375.39,0.27,1096.14,mobile,CUST_3888,New
TXN_202501_012188,2025-01-28,REG_05,STORE_013,EMP_021,PROD_029,4,466.04,0.12,1640.46,card,CUST_4455,Regular
TXN_202501_012189,2025-01-14,REG_06,STORE_016,EMP_006,PROD_050,4,305.27,0.08,1123.39,credit,CUST_8534,Premium
TXN_202501_012190,2025-01-12,REG_10,STORE_028,EMP_020,PROD_006,5,17.93,0.07,83.37,credit,CUST_5471,VIP
TXN_202501_012191,2025-01-07,REG_01,STORE_003,EMP_019,PROD_045,5,492.13,0.2,1968.52,cash,CUST_4704,Regular
TXN_202501_012192,2025-01-20,REG_04,STORE_012,EMP_004,PROD_040,5,224.61,0.15,954.59,cash,CUST_4145,VIP
TXN_202501_012193,2025-01-05,REG_05,STORE_013,EMP_005,PROD_049,3,348.02,0.17,866.57,credit,CUST_8207,Regular
TXN_202501_012194,2025-01-20,REG_03,STORE_008,EMP_014,PROD_025,4,79.54,0.17,264.07,cash,CUST_6383,Premium
TXN_202501_012195,2025-01-26,REG_02,STORE_006,EMP_002,PROD_029,5,227.8,0.06,1070.66,mobile,CUST_1144,New
TXN_202501_012196,2025-01-28,REG_08,STORE_024,EMP_015,PROD_014,1,335.64,0.13,292.01,mobile,CUST_4269,Premium
TXN_202501_012197,2025-01-24,REG_01,STORE_003,EMP_011,PROD_050,3,244.44,0.24,557.32,mobile,CUST_7639,VIP
TXN_202501_012198,2025-01-14,REG_06,STORE_016,EMP_006,PROD_046,3,222.47,0.27,487.21,card,CUST_9754,Regular
TXN_202501_012199,2025-01-13,REG_07,STORE_019,EMP_007,PROD_022,5,225.58,0.21,891.04,card,CUST_1251,Regular
TXN_202501_012200,2025-01-01,REG_05,STORE_015,EMP_021,PROD_013,1,254.61,0.1,229.15,card,CUST_3678,Premium
TXN_202501_012201,2025-01-13,REG_08,STORE_022,EMP_023,PROD_049,4,453.52,0.18,1487.55,mobile,CUST_4158,Regular
TXN_202501_012202,2025-01-19,REG_06,STORE_018,EMP_006,PROD_019,4,494.1,0.25,1482.3,credit,CUST_4256,Regular
TXN_202501_012203,2025-01-25,REG_10,STORE_030,EMP_013,PROD_019,5,113.52,0.27,414.35,cash,CUST_7303,Premium
TXN_202501_012204,2025-01-07,REG_02,STORE_004,EMP_002,PROD_038,5,35.78,0.05,169.95,mobile,CUST_5318,VIP
TXN_202501_012205,2025-01-02,REG_01,STORE_003,EMP_001,PROD_039,3,434.14,0.22,1015.89,mobile,CUST_2128,VIP
TXN_202501_012206,2025-01-31,REG_05,STORE_013,EMP_021,PROD_041,4,187.9,0.23,578.73,card,CUST_9607,Premium
TXN_202501_012207,2025-01-14,REG_02,STORE_006,EMP_002,PROD_031,4,456.55,0.1,1643.58,cash,CUST_9803,Regular
TXN_202501_012208,2025-01-11,REG_07,STORE_021,EMP_007,PROD_005,1,496.66,0.29,352.63,cash,CUST_7754,Premium
TXN_202501_012209,2025-01-04,REG_05,STORE_013,EMP_021,PROD_007,1,163.51,0.27,119.36,cash,CUST_4213,Regular
TXN_202501_012210,2025-01-28,REG_05,STORE_013,EMP_021,PROD_014,5,72.41,0.24,275.16,credit,CUST_9023,Premium
TXN_202501_012211,2025-01-20,REG_06,STORE_017,EMP_006,PROD_005,2,80.07,0.23,123.31,card,CUST_2281,Premium
TXN_202501_012212,2025-01-10,REG_10,STORE_028,EMP_028,PROD_002,5,19.78,0.15,84.06,card,CUST_7323,VIP
TXN_202501_012213,2025-01-15,REG_01,STORE_002,EMP_011,PROD_004,2,14.43,0.1,25.97,card,CUST_6939,New
TXN_202501_012214,2025-01-20,REG_06,STORE_016,EMP_006,PROD_002,4,99.88,0.17,331.6,card,CUST_9680,VIP
TXN_202501_012215,2025-01-10,REG_07,STORE_021,EMP_007,PROD_005,4,256.32,0.22,799.72,card,CUST_1609,VIP
TXN_202501_012216,2025-01-23,REG_01,STORE_003,EMP_011,PROD_037,1,306.76,0.18,251.54,cash,CUST_6182,Premium
TXN_202501_012217,2025-01-14,REG_08,STORE_024,EMP_015,PROD_002,3,272.83,0.01,810.31,credit,CUST_5600,New
TXN_202501_012218,2025-01-31,REG_09,STORE_025,EMP_027,PROD_019,3,333.94,0.23,771.4,cash,CUST_2918,VIP
TXN_202501_012219,2025-01-11,REG_04,STORE_010,EMP_004,PROD_007,2,313.2,0.13,544.97,mobile,CUST_3032,New
TXN_202501_012220,2025-01-28,REG_04,STORE_010,EMP_016,PROD_029,5,452.59,0.13,1968.77,cash,CUST_1929,VIP
TXN_202501_012221,2025-01-21,REG_09,STORE_027,EMP_025,PROD_003,4,338.36,0.28,974.48,mobile,CUST_1016,Regular
TXN_202501_012222,2025-01-29,REG_10,STORE_028,EMP_020,PROD_002,1,149.04,0.11,132.65,card,CUST_7565,Premium
TXN_202501_012223,2025-01-27,REG_10,STORE_030,EMP_013,PROD_027,4,214.69,0.16,721.36,mobile,CUST_8579,Regular
TXN_202501_012224,2025-01-20,REG_02,STORE_005,EMP_002,PROD_012,2,268.95,0.03,521.76,card,CUST_8398,Premium
TXN_202501_012225,2025-01-08,REG_03,STORE_008,EMP_014,PROD_010,4,254.83,0.17,846.04,card,CUST_2971,VIP
TXN_202501_012226,2025-01-24,REG_01,STORE_001,EMP_019,PROD_027,2,315.6,0.18,517.58,credit,CUST_5420,Regular
TXN_202501_012227,2025-01-29,REG_01,STORE_003,EMP_011,PROD_017,1,243.96,0.09,222.0,cash,CUST_4775,Premium
TXN_202501_012228,2025-01-19,REG_03,STORE_007,EMP_003,PROD_023,4,244.11,0.22,761.62,cash,CUST_8069,New
TXN_202501_012229,2025-01-07,REG_03,STORE_009,EMP_014,PROD_021,2,435.23,0.02,853.05,credit,CUST_9916,Premium
TXN_202501_012230,2025-01-21,REG_08,STORE_024,EMP_023,PROD_005,2,154.45,0.11,274.92,mobile,CUST_7583,VIP
TXN_202501_012231,2025-01-08,REG_10,STORE_030,EMP_013,PROD_015,1,323.3,0.08,297.44,card,CUST_6578,Regular
TXN_202501_012232,2025-01-30,REG_03,STORE_008,EMP_003,PROD_004,4,483.77,0.03,1877.03,credit,CUST_6435,New
TXN_202501_012233,2025-01-12,REG_10,STORE_028,EMP_013,PROD_038,3,246.76,0.18,607.03,credit,CUST_4837,Regular
TXN_202501_012234,2025-01-08,REG_05,STORE_014,EMP_005,PROD_017,2,270.39,0.04,519.15,mobile,CUST_2568,New
TXN_202501_012235,2025-01-23,REG_03,STORE_009,EMP_014,PROD_036,1,487.29,0.02,477.54,mobile,CUST_4273,Premium
TXN_202501_012236,2025-01-15,REG_10,STORE_028,EMP_028,PROD_050,3,25.35,0.25,57.04,credit,CUST_2042,New
TXN_202501_012237,2025-01-25,REG_06,STORE_016,EMP_006,PROD_003,1,404.02,0.02,395.94,cash,CUST_1287,New
TXN_202501_012238,2025-01-15,REG_01,STORE_003,EMP_018,PROD_041,5,386.94,0.04,1857.31,mobile,CUST_8846,New
TXN_202501_012239,2025-01-08,REG_09,STORE_025,EMP_009,PROD_025,3,158.8,0.27,347.77,card,CUST_6248,Premium
TXN_202501_012240,2025-01-11,REG_08,STORE_024,EMP_023,PROD_005,5,83.97,0.05,398.86,card,CUST_8101,Regular
TXN_202501_012241,2025-01-22,REG_04,STORE_012,EMP_026,PROD_030,5,421.31,0.15,1790.57,credit,CUST_9292,Regular
TXN_202501_012242,2025-01-02,REG_07,STORE_021,EMP_007,PROD_044,2,352.12,0.14,605.65,mobile,CUST_3359,Regular
TXN_202501_012243,2025-01-16,REG_05,STORE_013,EMP_005,PROD_046,4,51.19,0.15,174.05,cash,CUST_2683,New
TXN_202501_012244,2025-01-21,REG_02,STORE_004,EMP_002,PROD_028,3,138.48,0.15,353.12,credit,CUST_9038,Regular
TXN_202501_012245,2025-01-23,REG_07,STORE_020,EMP_007,PROD_006,1,480.82,0.11,427.93,credit,CUST_3819,Premium
TXN_202501_012246,2025-01-22,REG_09,STORE_026,EMP_027,PROD_015,3,51.44,0.17,128.09,card,CUST_6308,New
TXN_202501_012247,2025-01-08,REG_07,STORE_021,EMP_007,PROD_043,5,273.11,0.11,1215.34,credit,CUST_1959,Regular
TXN_202501_012248,2025-01-31,REG_05,STORE_013,EMP_021,PROD_006,5,21.67,0.21,85.6,card,CUST_8228,Premium
TXN_202501_012249,2025-01-17,REG_03,STORE_009,EMP_014,PROD_044,3,175.96,0.18,432.86,mobile,CUST_6783,New
TXN_202501_012250,2025-01-31,REG_06,STORE_018,EMP_006,PROD_005,5,42.14,0.06,198.06,mobile,CUST_9971,Regular
TXN_202501_012251,2025-01-06,REG_05,STORE_013,EMP_021,PROD_011,3,233.58,0.02,686.73,credit,CUST_5024,Premium
TXN_202501_012252,2025-01-05,REG_10,STORE_029,EMP_017,PROD_027,5,114.29,0.26,422.87,credit,CUST_5800,VIP
TXN_202501_012253,2025-01-28,REG_08,STORE_023,EMP_023,PROD_018,2,85.97,0.27,125.52,mobile,CUST_7967,VIP
TXN_202501_012254,2025-01-20,REG_09,STORE_025,EMP_025,PROD_027,1,244.68,0.28,176.17,card,CUST_6072,VIP
TXN_202501_012255,2025-01-24,REG_01,STORE_001,EMP_001,PROD_039,5,86.62,0.16,363.8,card,CUST_5695,Regular
TXN_202501_012256,2025-01-08,REG_04,STORE_010,EMP_029,PROD_047,3,292.17,0.14,753.8,card,CUST_5690,Premium
TXN_202501_012257,2025-01-07,REG_09,STORE_025,EMP_025,PROD_023,4,100.65,0.17,334.16,credit,CUST_5312,Premium
TXN_202501_012258,2025-01-26,REG_05,STORE_014,EMP_005,PROD_008,1,310.76,0.06,292.11,mobile,CUST_3824,Premium
TXN_202501_012259,2025-01-30,REG_04,STORE_011,EMP_016,PROD_050,3,347.57,0.23,802.89,credit,CUST_8154,VIP
TXN_202501_012260,2025-01-13,REG_07,STORE_020,EMP_007,PROD_031,4,189.62,0.08,697.8,mobile,CUST_3321,VIP
TXN_202501_012261,2025-01-13,REG_05,STORE_015,EMP_005,PROD_041,1,224.39,0.2,179.51,credit,CUST_3744,Premium
TXN_202501_012262,2025-01-03,REG_01,STORE_001,EMP_019,PROD_027,5,262.16,0.16,1101.07,card,CUST_2624,Regular
TXN_202501_012263,2025-01-06,REG_09,STORE_027,EMP_027,PROD_026,4,400.5,0.11,1425.78,mobile,CUST_3197,Premium
TXN_202501_012264,2025-01-02,REG_05,STORE_014,EMP_005,PROD_036,4,269.33,0.12,948.04,mobile,CUST_7742,Premium
TXN_202501_012265,2025-01-25,REG_01,STORE_001,EMP_018,PROD_048,3,144.84,0.09,395.41,credit,CUST_7922,New
TXN_202501_012266,2025-01-28,REG_03,STORE_007,EMP_014,PROD_006,1,277.3,0.19,224.61,mobile,CUST_2834,VIP
TXN_202501_012267,2025-01-04,REG_05,STORE_013,EMP_021,PROD_024,1,195.08,0.01,193.13,cash,CUST_5374,Regular
TXN_202501_012268,2025-01-30,REG_10,STORE_029,EMP_028,PROD_041,3,357.31,0.14,921.86,card,CUST_5218,VIP
TXN_202501_012269,2025-01-13,REG_05,STORE_013,EMP_021,PROD_048,2,195.68,0.09,356.14,credit,CUST_9723,Regular
TXN_202501_012270,2025-01-25,REG_08,STORE_023,EMP_012,PROD_025,4,212.43,0.15,722.26,cash,CUST_9961,VIP
TXN_202501_012271,2025-01-06,REG_10,STORE_030,EMP_020,PROD_025,1,431.58,0.14,371.16,mobile,CUST_3416,VIP
TXN_202501_012272,2025-01-11,REG_01,STORE_002,EMP_019,PROD_017,5,233.2,0.2,932.8,card,CUST_4827,Regular
TXN_202501_012273,2025-01-07,REG_01,STORE_002,EMP_019,PROD_027,2,314.34,0.14,540.66,cash,CUST_7271,Premium
TXN_202501_012274,2025-01-10,REG_07,STORE_020,EMP_007,PROD_005,5,119.92,0.24,455.7,card,CUST_8851,VIP
TXN_202501_012275,2025-01-29,REG_02,STORE_006,EMP_002,PROD_043,5,317.95,0.04,1526.16,card,CUST_9073,VIP
TXN_202501_012276,2025-01-30,REG_09,STORE_027,EMP_027,PROD_029,3,69.47,0.19,168.81,card,CUST_6826,Regular
TXN_202501_012277,2025-01-26,REG_06,STORE_016,EMP_006,PROD_014,5,34.56,0.09,157.25,mobile,CUST_9034,Premium
TXN_202501_012278,2025-01-25,REG_02,STORE_005,EMP_002,PROD_001,5,14.6,0.09,66.43,card,CUST_2326,Regular
TXN_202501_012279,2025-01-03,REG_01,STORE_003,EMP_018,PROD_021,1,465.27,0.05,442.01,cash,CUST_6781,Regular
TXN_202501_012280,2025-01-26,REG_01,STORE_003,EMP_001,PROD_012,5,134.36,0.06,631.49,card,CUST_5688,Premium
TXN_202501_012281,2025-01-16,REG_06,STORE_016,EMP_006,PROD_016,2,410.0,0.16,688.8,card,CUST_1331,VIP
TXN_202501_012282,2025-01-02,REG_01,STORE_001,EMP_019,PROD_019,2,311.11,0.13,541.33,credit,CUST_6042,VIP
TXN_202501_012283,2025-01-14,REG_04,STORE_012,EMP_004,PROD_014,2,178.78,0.16,300.35,mobile,CUST_8854,Premium
TXN_202501_012284,2025-01-28,REG_10,STORE_028,EMP_020,PROD_026,3,22.54,0.03,65.59,cash,CUST_1037,Regular
TXN_202501_012285,2025-01-27,REG_02,STORE_005,EMP_002,PROD_027,1,409.47,0.06,384.9,card,CUST_7971,VIP
TXN_202501_012286,2025-01-07,REG_02,STORE_005,EMP_002,PROD_029,2,242.82,0.15,412.79,cash,CUST_8508,Premium
TXN_202501_012287,2025-01-26,REG_03,STORE_007,EMP_014,PROD_044,4,189.53,0.09,689.89,credit,CUST_9697,New
TXN_202501_012288,2025-01-27,REG_05,STORE_015,EMP_021,PROD_045,5,362.39,0.02,1775.71,mobile,CUST_2853,VIP
TXN_202501_012289,2025-01-15,REG_02,STORE_004,EMP_002,PROD_017,1,94.14,0.11,83.78,card,CUST_7173,Regular
TXN_202501_012290,2025-01-30,REG_06,STORE_018,EMP_006,PROD_011,4,70.07,0.16,235.44,cash,CUST_2944,New
TXN_202501_012291,2025-01-06,REG_01,STORE_001,EMP_019,PROD_041,5,473.77,0.09,2155.65,cash,CUST_7809,VIP
TXN_202501_012292,2025-01-17,REG_01,STORE_001,EMP_019,PROD_029,2,262.55,0.18,430.58,card,CUST_8072,Premium
TXN_202501_012293,2025-01-12,REG_04,STORE_012,EMP_029,PROD_035,4,438.38,0.27,1280.07,credit,CUST_2325,VIP
TXN_202501_012294,2025-01-17,REG_01,STORE_003,EMP_018,PROD_032,4,177.92,0.01,704.56,card,CUST_2226,Premium
TXN_202501_012295,2025-01-09,REG_09,STORE_026,EMP_022,PROD_020,4,322.97,0.06,1214.37,cash,CUST_3635,Regular
TXN_202501_012296,2025-01-14,REG_07,STORE_020,EMP_007,PROD_001,2,100.13,0.21,158.21,mobile,CUST_7654,Premium
TXN_202501_012297,2025-01-04,REG_02,STORE_004,EMP_002,PROD_026,1,64.04,0.11,57.0,card,CUST_1332,Premium
TXN_202501_012298,2025-01-15,REG_05,STORE_015,EMP_021,PROD_048,1,250.7,0.06,235.66,credit,CUST_8219,VIP
TXN_202501_012299,2025-01-07,REG_10,STORE_028,EMP_010,PROD_029,3,243.59,0.27,533.46,credit,CUST_9614,New
TXN_202501_012300,2025-01-24,REG_07,STORE_020,EMP_007,PROD_016,1,379.88,0.19,307.7,mobile,CUST_2747,VIP
TXN_202501_012301,2025-01-07,REG_10,STORE_030,EMP_013,PROD_004,3,318.92,0.16,803.68,credit,CUST_8232,VIP
TXN_202501_012302,2025-01-10,REG_07,STORE_020,EMP_007,PROD_003,1,490.64,0.07,456.3,card,CUST_5079,Premium
TXN_202501_012303,2025-01-17,REG_03,STORE_007,EMP_003,PROD_006,4,403.15,0.04,1548.1,cash,CUST_7721,VIP
TXN_202501_012304,2025-01-15,REG_01,STORE_001,EMP_019,PROD_039,5,362.67,0.16,1523.21,card,CUST_6664,New
TXN_202501_012305,2025-01-28,REG_10,STORE_028,EMP_017,PROD_035,1,174.61,0.02,171.12,cash,CUST_8912,New
TXN_202501_012306,2025-01-23,REG_03,STORE_007,EMP_003,PROD_011,3,234.87,0.18,577.78,mobile,CUST_1252,VIP
TXN_202501_012307,2025-01-14,REG_05,STORE_013,EMP_005,PROD_012,2,265.89,0.25,398.83,card,CUST_9442,Regular
TXN_202501_012308,2025-01-21,REG_02,STORE_005,EMP_002,PROD_015,3,253.25,0.29,539.42,mobile,CUST_9107,VIP
TXN_202501_012309,2025-01-06,REG_06,STORE_016,EMP_006,PROD_025,3,127.23,0.02,374.06,cash,CUST_8063,VIP
TXN_202501_012310,2025-01-07,REG_08,STORE_024,EMP_015,PROD_019,1,244.99,0.05,232.74,mobile,CUST_5699,Regular
TXN_202501_012311,2025-01-11,REG_09,STORE_025,EMP_027,PROD_029,2,297.01,0.18,487.1,credit,CUST_1895,New
TXN_202501_012312,2025-01-29,REG_10,STORE_028,EMP_028,PROD_043,1,321.22,0.19,260.19,credit,CUST_4240,Regular
TXN_202501_012313,2025-01-12,REG_10,STORE_030,EMP_017,PROD_013,1,407.13,0.05,386.77,card,CUST_7257,Premium
TXN_202501_012314,2025-01-22,REG_07,STORE_020,EMP_007,PROD_033,3,122.33,0.13,319.28,cash,CUST_9702,Regular
TXN_202501_012315,2025-01-08,REG_10,STORE_028,EMP_017,PROD_018,2,303.43,0.02,594.72,mobile,CUST_6657,New
TXN_202501_012316,2025-01-12,REG_05,STORE_014,EMP_021,PROD_002,1,88.82,0.24,67.5,mobile,CUST_3100,New
TXN_202501_012317,2025-01-03,REG_09,STORE_025,EMP_009,PROD_040,1,452.63,0.08,416.42,card,CUST_3359,VIP
TXN_202501_012318,2025-01-29,REG_04,STORE_011,EMP_029,PROD_016,1,202.77,0.13,176.41,cash,CUST_7666,Premium
TXN_202501_012319,2025-01-22,REG_03,STORE_008,EMP_014,PROD_010,3,411.52,0.21,975.3,card,CUST_7859,Premium
TXN_202501_012320,2025-01-03,REG_02,STORE_006,EMP_002,PROD_008,4,150.75,0.1,542.7,credit,CUST_8954,Regular
TXN_202501_012321,2025-01-27,REG_10,STORE_028,EMP_013,PROD_017,5,30.69,0.28,110.48,mobile,CUST_7621,VIP
TXN_202501_012322,2025-01-07,REG_02,STORE_006,EMP_002,PROD_015,3,64.76,0.2,155.42,card,CUST_9995,VIP
TXN_202501_012323,2025-01-03,REG_08,STORE_023,EMP_023,PROD_022,1,116.56,0.23,89.75,card,CUST_2000,Premium
TXN_202501_012324,2025-01-27,REG_02,STORE_005,EMP_002,PROD_015,2,446.98,0.2,715.17,credit,CUST_6236,New
TXN_202501_012325,2025-01-09,REG_08,STORE_022,EMP_015,PROD_038,1,302.86,0.08,278.63,cash,CUST_4924,New
TXN_202501_012326,2025-01-03,REG_06,STORE_018,EMP_006,PROD_048,2,95.48,0.09,173.77,card,CUST_9693,Regular
TXN_202501_012327,2025-01-04,REG_01,STORE_003,EMP_018,PROD_011,2,139.56,0.22,217.71,mobile,CUST_7948,Premium
TXN_202501_012328,2025-01-19,REG_08,STORE_022,EMP_015,PROD_043,1,112.22,0.06,105.49,mobile,CUST_8075,Premium
TXN_202501_012329,2025-01-28,REG_06,STORE_017,EMP_006,PROD_029,4,389.3,0.21,1230.19,cash,CUST_9469,Premium
TXN_202501_012330,2025-01-31,REG_02,STORE_006,EMP_002,PROD_014,4,393.56,0.2,1259.39,mobile,CUST_3756,Regular
TXN_202501_012331,2025-01-29,REG_05,STORE_014,EMP_005,PROD_027,2,450.68,0.02,883.33,credit,CUST_8078,Premium
TXN_202501_012332,2025-01-17,REG_06,STORE_016,EMP_006,PROD_022,2,372.78,0.0,745.56,card,CUST_6936,VIP
TXN_202501_012333,2025-01-17,REG_01,STORE_001,EMP_011,PROD_017,2,386.83,0.15,657.61,credit,CUST_9846,Regular
TXN_202501_012334,2025-01-31,REG_10,STORE_030,EMP_013,PROD_025,4,344.99,0.28,993.57,credit,CUST_5599,VIP
TXN_202501_012335,2025-01-03,REG_04,STORE_010,EMP_016,PROD_040,4,146.39,0.13,509.44,cash,CUST_9815,New
TXN_202501_012336,2025-01-17,REG_01,STORE_002,EMP_018,PROD_023,1,248.26,0.21,196.13,credit,CUST_5254,Premium
TXN_202501_012337,2025-01-22,REG_02,STORE_004,EMP_002,PROD_015,4,485.66,0.27,1418.13,credit,CUST_8192,New
TXN_202501_012338,2025-01-26,REG_10,STORE_028,EMP_028,PROD_008,1,443.66,0.18,363.8,mobile,CUST_4067,VIP
TXN_202501_012339,2025-01-24,REG_10,STORE_028,EMP_010,PROD_050,1,39.78,0.02,38.98,cash,CUST_2261,VIP
TXN_202501_012340,2025-01-21,REG_09,STORE_025,EMP_022,PROD_013,1,325.86,0.19,263.95,cash,CUST_7065,New
TXN_202501_012341,2025-01-16,REG_05,STORE_013,EMP_005,PROD_044,5,41.62,0.28,149.83,credit,CUST_1379,Premium
TXN_202501_012342,2025-01-20,REG_09,STORE_027,EMP_025,PROD_014,5,371.41,0.01,1838.48,cash,CUST_8038,New
TXN_202501_012343,2025-01-23,REG_02,STORE_005,EMP_002,PROD_022,1,492.2,0.06,462.67,credit,CUST_2270,Premium
TXN_202501_012344,2025-01-01,REG_07,STORE_021,EMP_007,PROD_047,3,271.27,0.26,602.22,mobile,CUST_2240,Regular
TXN_202501_012345,2025-01-03,REG_05,STORE_014,EMP_005,PROD_017,1,470.35,0.2,376.28,credit,CUST_9285,Regular
TXN_202501_012346,2025-01-09,REG_04,STORE_010,EMP_029,PROD_048,4,123.36,0.06,463.83,credit,CUST_2522,Regular
TXN_202501_012347,2025-01-24,REG_06,STORE_016,EMP_006,PROD_023,4,183.04,0.2,585.73,card,CUST_7302,New
TXN_202501_012348,2025-01-14,REG_01,STORE_001,EMP_018,PROD_025,2,18.74,0.28,26.99,mobile,CUST_1188,Premium
TXN_202501_012349,2025-01-31,REG_01,STORE_003,EMP_001,PROD_040,4,138.72,0.26,410.61,mobile,CUST_5433,VIP
TXN_202501_012350,2025-01-21,REG_08,STORE_024,EMP_008,PROD_033,4,310.25,0.03,1203.77,credit,CUST_3962,VIP
TXN_202501_012351,2025-01-22,REG_06,STORE_017,EMP_006,PROD_041,2,312.51,0.08,575.02,cash,CUST_7757,Regular
TXN_202501_012352,2025-01-17,REG_10,STORE_030,EMP_010,PROD_047,3,461.54,0.12,1218.47,card,CUST_8985,VIP
TXN_202501_012353,2025-01-19,REG_08,STORE_023,EMP_012,PROD_018,4,425.21,0.27,1241.61,credit,CUST_9937,New
TXN_202501_012354,2025-01-25,REG_10,STORE_028,EMP_017,PROD_032,4,205.16,0.04,787.81,card,CUST_1019,New
TXN_202501_012355,2025-01-22,REG_05,STORE_013,EMP_021,PROD_019,2,409.57,0.08,753.61,card,CUST_4231,VIP
TXN_202501_012356,2025-01-13,REG_05,STORE_014,EMP_021,PROD_049,2,414.08,0.19,670.81,credit,CUST_1036,Regular
TXN_202501_012357,2025-01-21,REG_05,STORE_015,EMP_021,PROD_037,2,405.06,0.24,615.69,cash,CUST_7972,VIP
TXN_202501_012358,2025-01-23,REG_01,STORE_001,EMP_011,PROD_034,2,440.5,0.1,792.9,card,CUST_9846,Premium
TXN_202501_012359,2025-01-25,REG_09,STORE_027,EMP_025,PROD_031,3,123.43,0.0,370.29,cash,CUST_5136,New
TXN_202501_012360,2025-01-15,REG_08,STORE_022,EMP_015,PROD_010,1,163.57,0.02,160.3,mobile,CUST_4358,Premium
TXN_202501_012361,2025-01-05,REG_07,STORE_019,EMP_007,PROD_028,3,474.74,0.25,1068.16,cash,CUST_1561,VIP
TXN_202501_012362,2025-01-27,REG_05,STORE_015,EMP_021,PROD_019,4,69.44,0.06,261.09,credit,CUST_1880,VIP
TXN_202501_012363,2025-01-30,REG_04,STORE_011,EMP_030,PROD_027,5,248.31,0.24,943.58,mobile,CUST_3241,Premium
TXN_202501_012364,2025-01-05,REG_02,STORE_005,EMP_002,PROD_029,1,290.42,0.21,229.43,mobile,CUST_5628,VIP
TXN_202501_012365,2025-01-08,REG_06,STORE_017,EMP_006,PROD_007,5,21.35,0.05,101.41,cash,CUST_8017,Regular
TXN_202501_012366,2025-01-04,REG_08,STORE_023,EMP_008,PROD_048,1,361.33,0.28,260.16,card,CUST_6201,New
TXN_202501_012367,2025-01-26,REG_08,STORE_024,EMP_008,PROD_012,3,329.56,0.15,840.38,mobile,CUST_2531,Regular
TXN_202501_012368,2025-01-08,REG_04,STORE_012,EMP_030,PROD_032,2,246.97,0.05,469.24,credit,CUST_5420,New
TXN_202501_012369,2025-01-22,REG_09,STORE_027,EMP_025,PROD_007,3,81.59,0.15,208.05,cash,CUST_1744,Premium
TXN_202501_012370,2025-01-10,REG_07,STORE_019,EMP_007,PROD_004,4,413.89,0.19,1341.0,card,CUST_4710,Regular
TXN_202501_012371,2025-01-12,REG_07,STORE_019,EMP_007,PROD_002,5,51.77,0.23,199.31,mobile,CUST_2473,Premium
TXN_202501_012372,2025-01-05,REG_03,STORE_009,EMP_003,PROD_016,3,499.16,0.14,1287.83,credit,CUST_8062,New
TXN_202501_012373,2025-01-07,REG_07,STORE_021,EMP_007,PROD_030,3,22.76,0.02,66.91,mobile,CUST_9675,New
TXN_202501_012374,2025-01-19,REG_10,STORE_030,EMP_020,PROD_003,3,282.08,0.07,787.0,mobile,CUST_6856,New
TXN_202501_012375,2025-01-19,REG_07,STORE_019,EMP_007,PROD_019,5,50.39,0.23,194.0,card,CUST_2848,VIP
TXN_202501_012376,2025-01-21,REG_06,STORE_017,EMP_006,PROD_032,1,385.89,0.26,285.56,card,CUST_8062,New
TXN_202501_012377,2025-01-15,REG_03,STORE_009,EMP_014,PROD_047,2,444.26,0.14,764.13,card,CUST_8356,New
TXN_202501_012378,2025-01-06,REG_03,STORE_009,EMP_014,PROD_046,3,384.7,0.17,957.9,card,CUST_2305,VIP
TXN_202501_012379,2025-01-11,REG_08,STORE_024,EMP_012,PROD_015,1,369.54,0.28,266.07,mobile,CUST_4386,VIP
TXN_202501_012380,2025-01-25,REG_05,STORE_014,EMP_005,PROD_039,5,166.21,0.02,814.43,credit,CUST_9379,Regular
TXN_202501_012381,2025-01-26,REG_01,STORE_003,EMP_001,PROD_021,1,461.59,0.12,406.2,card,CUST_7923,New
TXN_202501_012382,2025-01-04,REG_04,STORE_010,EMP_024,PROD_011,3,426.6,0.27,934.25,mobile,CUST_5591,New
TXN_202501_012383,2025-01-19,REG_05,STORE_014,EMP_021,PROD_003,5,437.19,0.13,1901.78,mobile,CUST_7597,New
TXN_202501_012384,2025-01-22,REG_01,STORE_002,EMP_018,PROD_017,1,181.96,0.11,161.94,mobile,CUST_5264,VIP
TXN_202501_012385,2025-01-23,REG_07,STORE_019,EMP_007,PROD_028,4,115.16,0.3,322.45,cash,CUST_1298,VIP
TXN_202501_012386,2025-01-31,REG_06,STORE_016,EMP_006,PROD_040,3,470.99,0.11,1257.54,mobile,CUST_2587,New
TXN_202501_012387,2025-01-26,REG_01,STORE_002,EMP_018,PROD_028,1,213.63,0.07,198.68,mobile,CUST_4564,Regular
TXN_202501_012388,2025-01-15,REG_05,STORE_014,EMP_021,PROD_045,2,235.54,0.22,367.44,mobile,CUST_7386,Premium
TXN_202501_012389,2025-01-01,REG_08,STORE_024,EMP_012,PROD_002,1,418.72,0.01,414.53,cash,CUST_2297,Premium
TXN_202501_012390,2025-01-02,REG_05,STORE_015,EMP_005,PROD_019,1,268.81,0.01,266.12,card,CUST_4162,Regular
TXN_202501_012391,2025-01-11,REG_10,STORE_030,EMP_017,PROD_028,4,379.64,0.04,1457.82,mobile,CUST_2033,New
TXN_202501_012392,2025-01-24,REG_03,STORE_007,EMP_014,PROD_040,2,174.75,0.06,328.53,cash,CUST_6600,New
TXN_202501_012393,2025-01-12,REG_10,STORE_030,EMP_010,PROD_037,5,259.33,0.04,1244.78,card,CUST_3426,New
TXN_202501_012394,2025-01-16,REG_03,STORE_009,EMP_014,PROD_027,1,181.14,0.26,134.04,cash,CUST_4030,Premium
TXN_202501_012395,2025-01-08,REG_02,STORE_004,EMP_002,PROD_027,4,417.39,0.24,1268.87,card,CUST_8426,Regular
TXN_202501_012396,2025-01-21,REG_04,STORE_012,EMP_029,PROD_020,1,41.25,0.14,35.48,card,CUST_9564,Regular
TXN_202501_012397,2025-01-09,REG_07,STORE_020,EMP_007,PROD_029,4,208.6,0.25,625.8,mobile,CUST_5443,Premium
TXN_202501_012398,2025-01-28,REG_01,STORE_002,EMP_019,PROD_050,4,420.71,0.29,1194.82,mobile,CUST_3647,Regular
TXN_202501_012399,2025-01-15,REG_08,STORE_022,EMP_012,PROD_006,5,56.96,0.14,244.93,credit,CUST_7588,Regular
TXN_202501_012400,2025-01-15,REG_05,STORE_014,EMP_021,PROD_010,4,411.35,0.19,1332.77,credit,CUST_9263,Regular
TXN_202501_012401,2025-01-17,REG_07,STORE_021,EMP_007,PROD_018,1,276.8,0.23,213.14,credit,CUST_2920,VIP
TXN_202501_012402,2025-01-14,REG_07,STORE_020,EMP_007,PROD_042,5,365.3,0.05,1735.17,credit,CUST_4212,Premium
TXN_202501_012403,2025-01-09,REG_08,STORE_023,EMP_008,PROD_036,3,341.8,0.21,810.07,cash,CUST_7432,Regular
TXN_202501_012404,2025-01-24,REG_06,STORE_018,EMP_006,PROD_044,5,194.9,0.05,925.77,credit,CUST_2585,Regular
TXN_202501_012405,2025-01-10,REG_06,STORE_018,EMP_006,PROD_038,3,19.25,0.22,45.05,mobile,CUST_5722,New
TXN_202501_012406,2025-01-21,REG_05,STORE_014,EMP_021,PROD_028,5,160.71,0.11,715.16,credit,CUST_6870,Premium
TXN_202501_012407,2025-01-18,REG_05,STORE_014,EMP_021,PROD_049,5,258.9,0.02,1268.61,mobile,CUST_7464,VIP
TXN_202501_012408,2025-01-09,REG_04,STORE_011,EMP_029,PROD_021,4,275.8,0.15,937.72,card,CUST_3969,Regular
TXN_202501_012409,2025-01-10,REG_03,STORE_009,EMP_003,PROD_048,4,282.59,0.18,926.9,mobile,CUST_3980,Regular
TXN_202501_012410,2025-01-17,REG_01,STORE_003,EMP_011,PROD_033,4,265.14,0.06,996.93,cash,CUST_1386,VIP
TXN_202501_012411,2025-01-21,REG_10,STORE_028,EMP_010,PROD_040,1,389.69,0.14,335.13,mobile,CUST_5917,New
TXN_202501_012412,2025-01-05,REG_03,STORE_008,EMP_014,PROD_030,5,275.69,0.12,1213.04,card,CUST_2186,Premium
TXN_202501_012413,2025-01-10,REG_10,STORE_030,EMP_017,PROD_025,5,446.74,0.14,1920.98,card,CUST_5785,VIP
TXN_202501_012414,2025-01-24,REG_05,STORE_015,EMP_005,PROD_042,2,47.47,0.24,72.15,card,CUST_7063,New
TXN_202501_012415,2025-01-03,REG_02,STORE_006,EMP_002,PROD_004,1,343.02,0.03,332.73,cash,CUST_5348,Regular
TXN_202501_012416,2025-01-19,REG_03,STORE_009,EMP_003,PROD_030,4,430.52,0.26,1274.34,card,CUST_9412,New
TXN_202501_012417,2025-01-15,REG_10,STORE_029,EMP_020,PROD_028,3,161.57,0.13,421.7,card,CUST_7890,VIP
TXN_202501_012418,2025-01-27,REG_04,STORE_010,EMP_024,PROD_018,1,282.49,0.19,228.82,cash,CUST_9347,VIP
TXN_202501_012419,2025-01-03,REG_10,STORE_028,EMP_013,PROD_015,5,280.34,0.25,1051.27,credit,CUST_4798,Premium
TXN_202501_012420,2025-01-29,REG_03,STORE_007,EMP_014,PROD_023,4,187.99,0.24,571.49,credit,CUST_5913,New
TXN_202501_012421,2025-01-11,REG_06,STORE_016,EMP_006,PROD_003,4,382.34,0.04,1468.19,card,CUST_7782,Regular
TXN_202501_012422,2025-01-21,REG_01,STORE_001,EMP_019,PROD_048,2,355.34,0.07,660.93,credit,CUST_6435,VIP
TXN_202501_012423,2025-01-08,REG_02,STORE_004,EMP_002,PROD_028,4,240.08,0.22,749.05,card,CUST_4381,Premium
TXN_202501_012424,2025-01-14,REG_04,STORE_012,EMP_030,PROD_020,1,431.77,0.23,332.46,cash,CUST_4067,VIP
TXN_202501_012425,2025-01-19,REG_09,STORE_025,EMP_025,PROD_001,5,499.65,0.09,2273.41,credit,CUST_3968,Premium
TXN_202501_012426,2025-01-26,REG_07,STORE_019,EMP_007,PROD_049,1,75.24,0.28,54.17,card,CUST_8182,Regular
TXN_202501_012427,2025-01-11,REG_10,STORE_030,EMP_020,PROD_013,3,247.31,0.19,600.96,credit,CUST_1349,New
TXN_202501_012428,2025-01-17,REG_04,STORE_010,EMP_029,PROD_046,1,197.45,0.29,140.19,cash,CUST_7803,Regular
TXN_202501_012429,2025-01-07,REG_07,STORE_021,EMP_007,PROD_027,1,221.31,0.3,154.92,credit,CUST_5372,VIP
TXN_202501_012430,2025-01-13,REG_08,STORE_024,EMP_012,PROD_002,2,185.34,0.23,285.42,credit,CUST_1610,VIP
TXN_202501_012431,2025-01-07,REG_03,STORE_008,EMP_003,PROD_011,1,200.59,0.26,148.44,cash,CUST_2990,VIP
TXN_202501_012432,2025-01-30,REG_04,STORE_011,EMP_024,PROD_015,4,409.04,0.16,1374.37,credit,CUST_1175,New
TXN_202501_012433,2025-01-22,REG_06,STORE_016,EMP_006,PROD_023,2,454.43,0.02,890.68,cash,CUST_1560,Regular
TXN_202501_012434,2025-01-14,REG_10,STORE_028,EMP_028,PROD_013,2,442.59,0.11,787.81,credit,CUST_1440,VIP
TXN_202501_012435,2025-01-12,REG_01,STORE_003,EMP_018,PROD_009,1,473.86,0.26,350.66,mobile,CUST_4422,VIP
TXN_202501_012436,2025-01-30,REG_01,STORE_002,EMP_018,PROD_032,4,440.58,0.05,1674.2,card,CUST_8198,VIP
TXN_202501_012437,2025-01-30,REG_04,STORE_011,EMP_029,PROD_024,4,456.88,0.15,1553.39,credit,CUST_6579,New
TXN_202501_012438,2025-01-15,REG_05,STORE_015,EMP_005,PROD_011,3,169.76,0.03,494.0,mobile,CUST_2385,New
TXN_202501_012439,2025-01-05,REG_02,STORE_006,EMP_002,PROD_018,1,498.23,0.05,473.32,mobile,CUST_7789,VIP
TXN_202501_012440,2025-01-20,REG_09,STORE_025,EMP_022,PROD_014,3,138.4,0.29,294.79,card,CUST_1931,Regular
TXN_202501_012441,2025-01-28,REG_09,STORE_025,EMP_022,PROD_011,3,375.53,0.11,1002.67,credit,CUST_1670,VIP
TXN_202501_012442,2025-01-20,REG_01,STORE_003,EMP_019,PROD_021,3,475.27,0.02,1397.29,card,CUST_8622,New
TXN_202501_012443,2025-01-25,REG_07,STORE_021,EMP_007,PROD_013,5,447.78,0.06,2104.57,cash,CUST_5795,New
TXN_202501_012444,2025-01-14,REG_09,STORE_026,EMP_025,PROD_026,1,196.99,0.14,169.41,cash,CUST_7010,Premium
TXN_202501_012445,2025-01-25,REG_02,STORE_005,EMP_002,PROD_011,1,196.33,0.03,190.44,card,CUST_1724,Regular
TXN_202501_012446,2025-01-16,REG_01,STORE_001,EMP_019,PROD_024,1,117.13,0.07,108.93,card,CUST_3457,Regular
TXN_202501_012447,2025-01-05,REG_10,STORE_028,EMP_017,PROD_038,2,79.47,0.04,152.58,card,CUST_8185,Premium
TXN_202501_012448,2025-01-12,REG_09,STORE_027,EMP_009,PROD_014,1,382.72,0.27,279.39,card,CUST_6949,New
TXN_202501_012449,2025-01-26,REG_07,STORE_020,EMP_007,PROD_048,5,410.67,0.06,1930.15,cash,CUST_6333,Regular
TXN_202501_012450,2025-01-29,REG_10,STORE_030,EMP_017,PROD_021,1,244.18,0.21,192.9,card,CUST_8884,Premium
TXN_202501_012451,2025-01-02,REG_06,STORE_018,EMP_006,PROD_019,5,364.9,0.2,1459.6,card,CUST_4166,Premium
TXN_202501_012452,2025-01-28,REG_02,STORE_004,EMP_002,PROD_020,3,230.61,0.22,539.63,cash,CUST_2609,Regular
TXN_202501_012453,2025-01-26,REG_09,STORE_027,EMP_009,PROD_025,1,29.05,0.08,26.73,card,CUST_8402,VIP
TXN_202501_012454,2025-01-13,REG_06,STORE_017,EMP_006,PROD_039,2,478.22,0.1,860.8,card,CUST_3533,Regular
TXN_202501_012455,2025-01-26,REG_06,STORE_018,EMP_006,PROD_035,3,340.68,0.03,991.38,card,CUST_9605,VIP
TXN_202501_012456,2025-01-04,REG_07,STORE_019,EMP_007,PROD_033,1,135.48,0.3,94.84,credit,CUST_5461,New
TXN_202501_012457,2025-01-18,REG_05,STORE_013,EMP_021,PROD_001,2,398.93,0.14,686.16,cash,CUST_7813,Regular
TXN_202501_012458,2025-01-02,REG_06,STORE_016,EMP_006,PROD_041,2,280.16,0.25,420.24,cash,CUST_4535,Premium
TXN_202501_012459,2025-01-12,REG_04,STORE_011,EMP_030,PROD_006,2,333.84,0.07,620.94,cash,CUST_9655,New
TXN_202501_012460,2025-01-06,REG_03,STORE_007,EMP_003,PROD_030,4,181.18,0.13,630.51,card,CUST_1244,Regular
TXN_202501_012461,2025-01-04,REG_02,STORE_004,EMP_002,PROD_031,1,375.75,0.26,278.06,mobile,CUST_3978,Premium
