transaction_id,date,region,store_id,employee_id,product_id,units,unit_price,discount,revenue,payment,customer_id,customer_segment
TXN_202308_003481,2023-08-05,REG_10,STORE_030,EMP_017,PROD_019,4,434.19,0.24,1319.94,card,CUST_9172,Regular
TXN_202308_003482,2023-08-01,REG_03,STORE_009,EMP_014,PROD_021,5,346.48,0.23,1333.95,credit,CUST_6775,VIP
TXN_202308_003483,2023-08-30,REG_04,STORE_012,EMP_024,PROD_006,3,335.73,0.04,966.9,credit,CUST_4611,Regular
TXN_202308_003484,2023-08-31,REG_02,STORE_004,EMP_002,PROD_041,1,320.6,0.09,291.75,card,CUST_6313,New
TXN_202308_003485,2023-08-05,REG_10,STORE_030,EMP_017,PROD_040,5,252.1,0.19,1021.01,cash,CUST_1084,VIP
TXN_202308_003486,2023-08-19,REG_01,STORE_002,EMP_011,PROD_011,1,408.7,0.11,363.74,cash,CUST_3275,Regular
TXN_202308_003487,2023-08-09,REG_05,STORE_014,EMP_021,PROD_035,5,426.04,0.2,1704.16,credit,CUST_8512,New
TXN_202308_003488,2023-08-13,REG_02,STORE_005,EMP_002,PROD_026,4,37.38,0.12,131.58,credit,CUST_8618,New
TXN_202308_003489,2023-08-07,REG_02,STORE_005,EMP_002,PROD_013,2,239.64,0.2,383.42,mobile,CUST_7226,VIP
TXN_202308_003490,2023-08-08,REG_07,STORE_020,EMP_007,PROD_016,2,376.23,0.24,571.87,mobile,CUST_2349,Premium
TXN_202308_003491,2023-08-09,REG_07,STORE_019,EMP_007,PROD_003,1,443.86,0.18,363.97,credit,CUST_1508,VIP
TXN_202308_003492,2023-08-15,REG_02,STORE_005,EMP_002,PROD_043,4,451.34,0.28,1299.86,mobile,CUST_4925,Regular
TXN_202308_003493,2023-08-10,REG_07,STORE_019,EMP_007,PROD_011,1,258.94,0.01,256.35,mobile,CUST_3419,Premium
TXN_202308_003494,2023-08-25,REG_07,STORE_020,EMP_007,PROD_035,2,411.58,0.14,707.92,cash,CUST_4093,Regular
TXN_202308_003495,2023-08-23,REG_01,STORE_002,EMP_011,PROD_021,4,349.41,0.16,1174.02,card,CUST_4627,VIP
TXN_202308_003496,2023-08-20,REG_10,STORE_028,EMP_013,PROD_039,1,379.09,0.28,272.94,cash,CUST_7702,New
TXN_202308_003497,2023-08-10,REG_04,STORE_012,EMP_026,PROD_034,1,33.99,0.11,30.25,mobile,CUST_8313,New
TXN_202308_003498,2023-08-13,REG_02,STORE_004,EMP_002,PROD_032,4,274.4,0.17,911.01,credit,CUST_4180,New
TXN_202308_003499,2023-08-10,REG_06,STORE_018,EMP_006,PROD_041,1,380.07,0.14,326.86,credit,CUST_8650,New
TXN_202308_003500,2023-08-24,REG_10,STORE_029,EMP_020,PROD_044,2,305.28,0.05,580.03,mobile,CUST_3948,Premium
TXN_202308_003501,2023-08-18,REG_08,STORE_023,EMP_012,PROD_045,3,291.58,0.26,647.31,card,CUST_6725,Regular
TXN_202308_003502,2023-08-15,REG_07,STORE_020,EMP_007,PROD_028,3,384.31,0.11,1026.11,card,CUST_4937,Regular
TXN_202308_003503,2023-08-11,REG_01,STORE_001,EMP_019,PROD_012,1,313.84,0.27,229.1,credit,CUST_5727,Regular
TXN_202308_003504,2023-08-29,REG_08,STORE_024,EMP_012,PROD_049,5,132.96,0.03,644.86,mobile,CUST_1754,VIP
TXN_202308_003505,2023-08-02,REG_07,STORE_021,EMP_007,PROD_023,3,16.03,0.02,47.13,credit,CUST_5456,Regular
TXN_202308_003506,2023-08-06,REG_08,STORE_023,EMP_023,PROD_014,4,344.92,0.03,1338.29,card,CUST_5109,Regular
TXN_202308_003507,2023-08-09,REG_02,STORE_004,EMP_002,PROD_028,1,76.53,0.01,75.76,cash,CUST_9762,New
TXN_202308_003508,2023-08-06,REG_09,STORE_026,EMP_025,PROD_018,5,332.34,0.29,1179.81,card,CUST_3513,New
TXN_202308_003509,2023-08-13,REG_01,STORE_003,EMP_001,PROD_018,5,307.86,0.08,1416.16,card,CUST_8331,New
TXN_202308_003510,2023-08-14,REG_04,STORE_011,EMP_029,PROD_038,5,168.81,0.26,624.6,credit,CUST_7107,Regular
TXN_202308_003511,2023-08-15,REG_05,STORE_013,EMP_021,PROD_038,4,498.08,0.22,1554.01,card,CUST_8607,Regular
TXN_202308_003512,2023-08-02,REG_01,STORE_002,EMP_001,PROD_038,1,420.54,0.28,302.79,card,CUST_6162,VIP
TXN_202308_003513,2023-08-04,REG_01,STORE_001,EMP_019,PROD_006,1,86.99,0.14,74.81,cash,CUST_4633,Regular
TXN_202308_003514,2023-08-30,REG_04,STORE_010,EMP_016,PROD_019,3,73.67,0.12,194.49,card,CUST_7568,VIP
TXN_202308_003515,2023-08-12,REG_09,STORE_027,EMP_009,PROD_046,2,206.65,0.24,314.11,cash,CUST_8364,VIP
TXN_202308_003516,2023-08-15,REG_10,STORE_029,EMP_028,PROD_015,2,307.6,0.23,473.7,card,CUST_7229,Premium
TXN_202308_003517,2023-08-28,REG_01,STORE_002,EMP_001,PROD_026,3,305.46,0.18,751.43,card,CUST_1003,New
TXN_202308_003518,2023-08-07,REG_07,STORE_019,EMP_007,PROD_042,2,196.62,0.06,369.65,mobile,CUST_9033,VIP
TXN_202308_003519,2023-08-30,REG_05,STORE_013,EMP_021,PROD_025,2,472.86,0.17,784.95,cash,CUST_7970,Regular
TXN_202308_003520,2023-08-04,REG_07,STORE_021,EMP_007,PROD_009,3,384.39,0.26,853.35,cash,CUST_8641,New
TXN_202308_003521,2023-08-10,REG_09,STORE_027,EMP_009,PROD_031,5,55.42,0.23,213.37,card,CUST_1436,New
TXN_202308_003522,2023-08-25,REG_08,STORE_024,EMP_008,PROD_028,1,21.67,0.11,19.29,mobile,CUST_5973,VIP
TXN_202308_003523,2023-08-20,REG_10,STORE_028,EMP_028,PROD_006,1,316.66,0.12,278.66,mobile,CUST_3717,New
TXN_202308_003524,2023-08-20,REG_04,STORE_012,EMP_016,PROD_040,5,36.49,0.09,166.03,credit,CUST_6618,VIP
TXN_202308_003525,2023-08-25,REG_01,STORE_003,EMP_011,PROD_048,1,405.27,0.13,352.58,mobile,CUST_9186,New
TXN_202308_003526,2023-08-28,REG_08,STORE_022,EMP_008,PROD_016,5,348.41,0.0,1742.05,cash,CUST_6539,VIP
TXN_202308_003527,2023-08-08,REG_09,STORE_025,EMP_027,PROD_036,2,177.35,0.01,351.15,cash,CUST_4052,VIP
TXN_202308_003528,2023-08-11,REG_06,STORE_017,EMP_006,PROD_024,5,221.87,0.26,820.92,mobile,CUST_6866,New
TXN_202308_003529,2023-08-09,REG_03,STORE_008,EMP_014,PROD_017,5,482.67,0.04,2316.82,card,CUST_2640,VIP
TXN_202308_003530,2023-08-12,REG_08,STORE_022,EMP_008,PROD_028,5,489.72,0.28,1762.99,credit,CUST_3386,Premium
TXN_202308_003531,2023-08-04,REG_01,STORE_002,EMP_001,PROD_009,3,226.17,0.3,474.96,card,CUST_9467,New
TXN_202308_003532,2023-08-20,REG_02,STORE_004,EMP_002,PROD_027,5,249.53,0.04,1197.74,credit,CUST_4696,New
TXN_202308_003533,2023-08-12,REG_01,STORE_002,EMP_011,PROD_017,4,358.82,0.2,1148.22,mobile,CUST_7324,Regular
TXN_202308_003534,2023-08-29,REG_05,STORE_015,EMP_005,PROD_045,5,377.37,0.03,1830.24,cash,CUST_1191,Premium
TXN_202308_003535,2023-08-25,REG_03,STORE_007,EMP_003,PROD_011,2,271.45,0.3,380.03,credit,CUST_1849,Regular
TXN_202308_003536,2023-08-27,REG_09,STORE_026,EMP_022,PROD_025,2,178.96,0.24,272.02,mobile,CUST_6638,Regular
TXN_202308_003537,2023-08-10,REG_10,STORE_029,EMP_013,PROD_024,5,483.06,0.21,1908.09,mobile,CUST_3086,Regular
TXN_202308_003538,2023-08-05,REG_08,STORE_022,EMP_008,PROD_042,2,103.75,0.2,166.0,credit,CUST_5243,New
TXN_202308_003539,2023-08-20,REG_06,STORE_017,EMP_006,PROD_019,5,199.46,0.02,977.35,cash,CUST_9164,New
TXN_202308_003540,2023-08-27,REG_03,STORE_009,EMP_003,PROD_019,5,193.4,0.1,870.3,credit,CUST_9062,Regular
TXN_202308_003541,2023-08-18,REG_02,STORE_004,EMP_002,PROD_040,4,121.03,0.13,421.18,card,CUST_7663,VIP
TXN_202308_003542,2023-08-06,REG_08,STORE_024,EMP_015,PROD_006,1,189.94,0.15,161.45,mobile,CUST_1370,Premium
TXN_202308_003543,2023-08-24,REG_04,STORE_010,EMP_024,PROD_032,4,496.87,0.1,1788.73,credit,CUST_9232,VIP
TXN_202308_003544,2023-08-21,REG_06,STORE_017,EMP_006,PROD_043,2,85.27,0.07,158.6,credit,CUST_7817,Regular
TXN_202308_003545,2023-08-08,REG_03,STORE_009,EMP_003,PROD_042,2,223.97,0.03,434.5,mobile,CUST_9763,Regular
TXN_202308_003546,2023-08-08,REG_10,STORE_029,EMP_017,PROD_010,1,486.69,0.01,481.82,card,CUST_7773,Premium
TXN_202308_003547,2023-08-11,REG_10,STORE_028,EMP_028,PROD_030,5,222.37,0.04,1067.38,card,CUST_8293,VIP
TXN_202308_003548,2023-08-21,REG_03,STORE_009,EMP_014,PROD_013,4,149.26,0.28,429.87,mobile,CUST_7291,New
TXN_202308_003549,2023-08-04,REG_07,STORE_019,EMP_007,PROD_010,2,428.47,0.11,762.68,credit,CUST_6004,Premium
TXN_202308_003550,2023-08-14,REG_07,STORE_019,EMP_007,PROD_029,1,96.01,0.03,93.13,cash,CUST_9112,Premium
TXN_202308_003551,2023-08-19,REG_10,STORE_029,EMP_010,PROD_045,2,154.65,0.21,244.35,cash,CUST_1239,VIP
TXN_202308_003552,2023-08-12,REG_09,STORE_026,EMP_022,PROD_025,3,451.47,0.3,948.09,card,CUST_7814,Regular
TXN_202308_003553,2023-08-30,REG_04,STORE_010,EMP_030,PROD_027,5,194.77,0.22,759.6,credit,CUST_7299,Regular
TXN_202308_003554,2023-08-10,REG_10,STORE_028,EMP_020,PROD_017,2,173.19,0.21,273.64,mobile,CUST_6430,Regular
TXN_202308_003555,2023-08-21,REG_04,STORE_011,EMP_026,PROD_030,1,457.51,0.15,388.88,credit,CUST_6492,Premium
TXN_202308_003556,2023-08-12,REG_09,STORE_026,EMP_022,PROD_023,4,232.24,0.01,919.67,card,CUST_1434,Regular
TXN_202308_003557,2023-08-19,REG_09,STORE_026,EMP_025,PROD_050,1,67.4,0.15,57.29,cash,CUST_3072,New
TXN_202308_003558,2023-08-07,REG_02,STORE_004,EMP_002,PROD_046,3,20.05,0.1,54.14,cash,CUST_3653,VIP
TXN_202308_003559,2023-08-14,REG_09,STORE_025,EMP_022,PROD_023,4,389.23,0.09,1416.8,credit,CUST_4370,New
TXN_202308_003560,2023-08-20,REG_09,STORE_027,EMP_009,PROD_047,2,175.78,0.26,260.15,mobile,CUST_9670,Regular
TXN_202308_003561,2023-08-12,REG_06,STORE_018,EMP_006,PROD_041,2,240.65,0.23,370.6,credit,CUST_2231,VIP
TXN_202308_003562,2023-08-13,REG_01,STORE_001,EMP_018,PROD_033,1,329.64,0.15,280.19,credit,CUST_2813,Premium
TXN_202308_003563,2023-08-19,REG_05,STORE_014,EMP_021,PROD_022,5,385.17,0.22,1502.16,card,CUST_7817,VIP
TXN_202308_003564,2023-08-28,REG_02,STORE_005,EMP_002,PROD_021,3,63.5,0.23,146.69,credit,CUST_6315,VIP
TXN_202308_003565,2023-08-04,REG_03,STORE_009,EMP_014,PROD_021,3,373.51,0.22,874.01,credit,CUST_4816,VIP
TXN_202308_003566,2023-08-04,REG_05,STORE_015,EMP_005,PROD_050,1,59.57,0.0,59.57,mobile,CUST_2484,New
TXN_202308_003567,2023-08-21,REG_09,STORE_026,EMP_022,PROD_006,1,240.22,0.15,204.19,credit,CUST_1069,VIP
TXN_202308_003568,2023-08-30,REG_03,STORE_009,EMP_003,PROD_017,1,65.56,0.27,47.86,cash,CUST_1332,VIP
TXN_202308_003569,2023-08-29,REG_02,STORE_006,EMP_002,PROD_043,3,334.4,0.07,932.98,credit,CUST_9725,VIP
TXN_202308_003570,2023-08-18,REG_09,STORE_025,EMP_022,PROD_021,4,101.64,0.11,361.84,credit,CUST_3565,Premium
TXN_202308_003571,2023-08-24,REG_07,STORE_019,EMP_007,PROD_035,3,155.78,0.23,359.85,card,CUST_2067,Regular
TXN_202308_003572,2023-08-01,REG_04,STORE_012,EMP_004,PROD_023,3,22.17,0.03,64.51,credit,CUST_7273,VIP
TXN_202308_003573,2023-08-31,REG_05,STORE_013,EMP_021,PROD_041,4,278.99,0.14,959.73,mobile,CUST_7710,Premium
TXN_202308_003574,2023-08-14,REG_02,STORE_005,EMP_002,PROD_036,5,163.76,0.25,614.1,credit,CUST_1044,Premium
TXN_202308_003575,2023-08-25,REG_01,STORE_003,EMP_018,PROD_006,4,426.67,0.09,1553.08,cash,CUST_7158,Regular
TXN_202308_003576,2023-08-17,REG_08,STORE_023,EMP_015,PROD_013,2,109.48,0.1,197.06,card,CUST_4151,New
TXN_202308_003577,2023-08-27,REG_10,STORE_029,EMP_017,PROD_011,2,42.57,0.29,60.45,card,CUST_6029,New
TXN_202308_003578,2023-08-18,REG_04,STORE_011,EMP_026,PROD_025,5,75.33,0.17,312.62,card,CUST_2093,Premium
TXN_202308_003579,2023-08-27,REG_01,STORE_003,EMP_018,PROD_017,1,279.89,0.13,243.5,cash,CUST_1154,New
TXN_202308_003580,2023-08-05,REG_02,STORE_004,EMP_002,PROD_037,1,30.45,0.08,28.01,credit,CUST_3213,Regular
TXN_202308_003581,2023-08-22,REG_06,STORE_016,EMP_006,PROD_008,2,383.89,0.17,637.26,card,CUST_2705,Premium
TXN_202308_003582,2023-08-16,REG_06,STORE_016,EMP_006,PROD_046,1,243.09,0.24,184.75,mobile,CUST_9293,Premium
TXN_202308_003583,2023-08-02,REG_03,STORE_008,EMP_014,PROD_042,5,472.46,0.02,2315.05,mobile,CUST_6657,Premium
TXN_202308_003584,2023-08-19,REG_09,STORE_026,EMP_025,PROD_040,3,327.3,0.13,854.25,mobile,CUST_3016,Regular
TXN_202308_003585,2023-08-25,REG_03,STORE_009,EMP_014,PROD_025,5,181.12,0.05,860.32,cash,CUST_3116,Premium
TXN_202308_003586,2023-08-16,REG_07,STORE_020,EMP_007,PROD_042,2,248.47,0.2,397.55,credit,CUST_7804,Regular
TXN_202308_003587,2023-08-26,REG_10,STORE_028,EMP_028,PROD_033,5,318.28,0.1,1432.26,mobile,CUST_5200,VIP
TXN_202308_003588,2023-08-09,REG_03,STORE_007,EMP_014,PROD_038,3,94.55,0.18,232.59,credit,CUST_3012,New
TXN_202308_003589,2023-08-21,REG_03,STORE_007,EMP_014,PROD_014,5,19.91,0.26,73.67,card,CUST_5949,Premium
TXN_202308_003590,2023-08-17,REG_03,STORE_008,EMP_003,PROD_045,1,489.42,0.09,445.37,credit,CUST_4978,VIP
TXN_202308_003591,2023-08-23,REG_09,STORE_027,EMP_025,PROD_024,1,263.49,0.08,242.41,cash,CUST_2943,VIP
TXN_202308_003592,2023-08-07,REG_02,STORE_005,EMP_002,PROD_019,4,64.38,0.14,221.47,mobile,CUST_8865,Regular
TXN_202308_003593,2023-08-23,REG_01,STORE_003,EMP_001,PROD_008,5,423.67,0.03,2054.8,card,CUST_6933,Premium
TXN_202308_003594,2023-08-16,REG_03,STORE_008,EMP_014,PROD_033,1,253.57,0.05,240.89,mobile,CUST_8879,Premium
TXN_202308_003595,2023-08-19,REG_04,STORE_011,EMP_024,PROD_012,3,181.53,0.15,462.9,mobile,CUST_8279,New
TXN_202308_003596,2023-08-19,REG_04,STORE_012,EMP_026,PROD_009,4,168.35,0.01,666.67,cash,CUST_3204,New
TXN_202308_003597,2023-08-30,REG_08,STORE_022,EMP_023,PROD_045,4,466.61,0.16,1567.81,credit,CUST_9968,Premium
TXN_202308_003598,2023-08-10,REG_08,STORE_023,EMP_023,PROD_024,1,325.46,0.1,292.91,mobile,CUST_5583,New
TXN_202308_003599,2023-08-09,REG_05,STORE_015,EMP_005,PROD_021,1,400.91,0.27,292.66,credit,CUST_5012,Premium
TXN_202308_003600,2023-08-20,REG_02,STORE_004,EMP_002,PROD_016,3,399.16,0.04,1149.58,cash,CUST_1306,New
TXN_202308_003601,2023-08-16,REG_10,STORE_030,EMP_013,PROD_007,3,253.29,0.14,653.49,card,CUST_2399,New
TXN_202308_003602,2023-08-03,REG_02,STORE_005,EMP_002,PROD_014,4,327.24,0.13,1138.8,mobile,CUST_1022,New
TXN_202308_003603,2023-08-28,REG_02,STORE_006,EMP_002,PROD_025,3,47.94,0.08,132.31,card,CUST_3251,Premium
TXN_202308_003604,2023-08-21,REG_08,STORE_022,EMP_015,PROD_037,5,397.05,0.23,1528.64,card,CUST_2279,VIP
TXN_202308_003605,2023-08-15,REG_09,STORE_026,EMP_022,PROD_009,2,496.01,0.3,694.41,card,CUST_9912,Regular
TXN_202308_003606,2023-08-02,REG_04,STORE_010,EMP_026,PROD_042,5,447.04,0.17,1855.22,mobile,CUST_3963,Premium
TXN_202308_003607,2023-08-05,REG_04,STORE_010,EMP_026,PROD_043,4,403.55,0.1,1452.78,cash,CUST_3135,Regular
TXN_202308_003608,2023-08-16,REG_01,STORE_003,EMP_011,PROD_050,3,341.8,0.05,974.13,mobile,CUST_1173,Regular
TXN_202308_003609,2023-08-20,REG_10,STORE_028,EMP_017,PROD_048,1,55.9,0.0,55.9,mobile,CUST_8378,Premium
TXN_202308_003610,2023-08-08,REG_05,STORE_014,EMP_005,PROD_021,1,194.86,0.19,157.84,mobile,CUST_3261,VIP
TXN_202308_003611,2023-08-19,REG_06,STORE_016,EMP_006,PROD_018,1,432.85,0.24,328.97,credit,CUST_4318,Regular
TXN_202308_003612,2023-08-06,REG_09,STORE_026,EMP_009,PROD_007,5,276.1,0.17,1145.82,card,CUST_4308,Premium
TXN_202308_003613,2023-08-05,REG_08,STORE_023,EMP_023,PROD_009,3,34.9,0.24,79.57,mobile,CUST_9804,Regular
TXN_202308_003614,2023-08-15,REG_01,STORE_002,EMP_018,PROD_020,2,215.56,0.06,405.25,credit,CUST_4597,New
TXN_202308_003615,2023-08-01,REG_08,STORE_024,EMP_015,PROD_009,5,92.41,0.21,365.02,mobile,CUST_5504,Premium
TXN_202308_003616,2023-08-17,REG_10,STORE_029,EMP_013,PROD_037,5,155.3,0.06,729.91,mobile,CUST_9994,New
TXN_202308_003617,2023-08-13,REG_04,STORE_012,EMP_016,PROD_004,5,272.18,0.02,1333.68,mobile,CUST_6314,Regular
TXN_202308_003618,2023-08-04,REG_01,STORE_003,EMP_018,PROD_022,5,138.39,0.01,685.03,credit,CUST_4945,New
TXN_202308_003619,2023-08-19,REG_06,STORE_016,EMP_006,PROD_035,1,265.56,0.24,201.83,cash,CUST_4056,New
TXN_202308_003620,2023-08-30,REG_03,STORE_008,EMP_014,PROD_005,2,440.84,0.23,678.89,cash,CUST_9886,New
TXN_202308_003621,2023-08-13,REG_06,STORE_017,EMP_006,PROD_012,1,134.33,0.19,108.81,card,CUST_9121,VIP
TXN_202308_003622,2023-08-18,REG_09,STORE_027,EMP_027,PROD_023,2,379.57,0.08,698.41,credit,CUST_9447,New
TXN_202308_003623,2023-08-29,REG_08,STORE_022,EMP_015,PROD_029,5,109.6,0.17,454.84,credit,CUST_3468,Premium
TXN_202308_003624,2023-08-28,REG_05,STORE_014,EMP_021,PROD_044,1,28.24,0.21,22.31,cash,CUST_8941,Premium
TXN_202308_003625,2023-08-17,REG_05,STORE_013,EMP_005,PROD_035,4,195.62,0.2,625.98,card,CUST_2924,VIP
TXN_202308_003626,2023-08-11,REG_04,STORE_012,EMP_016,PROD_036,5,429.26,0.1,1931.67,mobile,CUST_6134,VIP
TXN_202308_003627,2023-08-13,REG_02,STORE_006,EMP_002,PROD_029,3,363.1,0.14,936.8,cash,CUST_5126,Regular
TXN_202308_003628,2023-08-17,REG_10,STORE_029,EMP_028,PROD_016,3,434.82,0.16,1095.75,card,CUST_4572,New
TXN_202308_003629,2023-08-25,REG_05,STORE_013,EMP_005,PROD_005,1,445.04,0.06,418.34,mobile,CUST_2025,New
TXN_202308_003630,2023-08-31,REG_04,STORE_010,EMP_024,PROD_022,5,206.62,0.04,991.78,mobile,CUST_8078,Regular
TXN_202308_003631,2023-08-10,REG_08,STORE_023,EMP_008,PROD_038,3,344.19,0.0,1032.57,card,CUST_5835,VIP
TXN_202308_003632,2023-08-17,REG_07,STORE_020,EMP_007,PROD_041,1,393.26,0.18,322.47,card,CUST_2326,Premium
TXN_202308_003633,2023-08-09,REG_03,STORE_008,EMP_003,PROD_009,1,330.88,0.22,258.09,mobile,CUST_7008,New
TXN_202308_003634,2023-08-20,REG_05,STORE_015,EMP_005,PROD_036,4,36.99,0.1,133.16,cash,CUST_1757,VIP
TXN_202308_003635,2023-08-07,REG_07,STORE_019,EMP_007,PROD_009,2,475.7,0.02,932.37,card,CUST_2672,Regular
TXN_202308_003636,2023-08-28,REG_07,STORE_021,EMP_007,PROD_049,1,346.5,0.17,287.59,mobile,CUST_4774,Premium
TXN_202308_003637,2023-08-14,REG_06,STORE_017,EMP_006,PROD_001,1,140.85,0.02,138.03,card,CUST_4819,VIP
TXN_202308_003638,2023-08-17,REG_04,STORE_012,EMP_024,PROD_010,3,444.25,0.06,1252.78,card,CUST_8729,Regular
TXN_202308_003639,2023-08-23,REG_01,STORE_002,EMP_019,PROD_045,2,398.8,0.16,669.98,mobile,CUST_5413,Regular
TXN_202308_003640,2023-08-19,REG_06,STORE_018,EMP_006,PROD_013,1,354.08,0.05,336.38,cash,CUST_3979,Premium
TXN_202308_003641,2023-08-08,REG_07,STORE_021,EMP_007,PROD_006,2,239.91,0.04,460.63,mobile,CUST_5589,Premium
TXN_202308_003642,2023-08-07,REG_10,STORE_029,EMP_017,PROD_037,2,328.28,0.07,610.6,mobile,CUST_2522,VIP
TXN_202308_003643,2023-08-05,REG_10,STORE_028,EMP_028,PROD_010,4,35.94,0.24,109.26,credit,CUST_8396,Premium
TXN_202308_003644,2023-08-23,REG_03,STORE_008,EMP_014,PROD_003,2,145.1,0.07,269.89,card,CUST_1775,New
TXN_202308_003645,2023-08-09,REG_04,STORE_011,EMP_030,PROD_036,5,285.15,0.22,1112.09,cash,CUST_7348,Premium
TXN_202308_003646,2023-08-09,REG_01,STORE_001,EMP_018,PROD_047,4,440.41,0.18,1444.54,cash,CUST_7350,New
TXN_202308_003647,2023-08-31,REG_10,STORE_029,EMP_020,PROD_040,5,449.0,0.13,1953.15,card,CUST_6713,Regular
TXN_202308_003648,2023-08-15,REG_10,STORE_028,EMP_010,PROD_045,2,55.84,0.21,88.23,mobile,CUST_1339,Premium
TXN_202308_003649,2023-08-31,REG_07,STORE_021,EMP_007,PROD_030,2,75.26,0.28,108.37,credit,CUST_7472,Premium
TXN_202308_003650,2023-08-09,REG_05,STORE_014,EMP_005,PROD_047,3,70.66,0.29,150.51,cash,CUST_9334,Regular
TXN_202308_003651,2023-08-01,REG_07,STORE_020,EMP_007,PROD_040,2,363.47,0.24,552.47,cash,CUST_2068,New
TXN_202308_003652,2023-08-31,REG_05,STORE_014,EMP_005,PROD_032,3,326.41,0.05,930.27,card,CUST_3949,VIP
TXN_202308_003653,2023-08-05,REG_08,STORE_023,EMP_012,PROD_009,2,28.55,0.2,45.68,credit,CUST_6901,Premium
TXN_202308_003654,2023-08-05,REG_07,STORE_020,EMP_007,PROD_011,2,299.28,0.26,442.93,mobile,CUST_3951,New
TXN_202308_003655,2023-08-05,REG_04,STORE_012,EMP_026,PROD_014,1,448.14,0.17,371.96,card,CUST_8750,Regular
TXN_202308_003656,2023-08-04,REG_01,STORE_002,EMP_001,PROD_010,2,119.91,0.14,206.25,mobile,CUST_7511,VIP
TXN_202308_003657,2023-08-27,REG_08,STORE_023,EMP_012,PROD_019,4,309.57,0.08,1139.22,mobile,CUST_8400,Regular
TXN_202308_003658,2023-08-21,REG_05,STORE_013,EMP_021,PROD_029,3,227.29,0.11,606.86,card,CUST_8078,VIP
TXN_202308_003659,2023-08-25,REG_10,STORE_029,EMP_020,PROD_037,3,211.25,0.1,570.38,cash,CUST_2936,VIP
TXN_202308_003660,2023-08-10,REG_10,STORE_028,EMP_013,PROD_034,2,462.76,0.22,721.91,credit,CUST_7152,Premium
TXN_202308_003661,2023-08-18,REG_01,STORE_002,EMP_019,PROD_006,4,345.42,0.25,1036.26,credit,CUST_6357,New
TXN_202308_003662,2023-08-14,REG_09,STORE_027,EMP_027,PROD_033,1,125.73,0.14,108.13,credit,CUST_5200,VIP
TXN_202308_003663,2023-08-19,REG_09,STORE_027,EMP_027,PROD_002,2,375.34,0.27,548.0,cash,CUST_1212,VIP
TXN_202308_003664,2023-08-23,REG_03,STORE_008,EMP_014,PROD_037,4,326.42,0.16,1096.77,credit,CUST_8622,VIP
TXN_202308_003665,2023-08-28,REG_04,STORE_012,EMP_016,PROD_043,1,459.8,0.3,321.86,credit,CUST_6461,Regular
TXN_202308_003666,2023-08-05,REG_10,STORE_028,EMP_020,PROD_032,2,308.35,0.23,474.86,credit,CUST_2239,Premium
TXN_202308_003667,2023-08-19,REG_07,STORE_019,EMP_007,PROD_021,1,269.79,0.19,218.53,mobile,CUST_5333,Regular
TXN_202308_003668,2023-08-13,REG_07,STORE_020,EMP_007,PROD_010,4,134.38,0.17,446.14,card,CUST_2055,Regular
TXN_202308_003669,2023-08-20,REG_05,STORE_013,EMP_021,PROD_040,1,149.6,0.22,116.69,cash,CUST_1703,Regular
TXN_202308_003670,2023-08-20,REG_05,STORE_014,EMP_021,PROD_038,2,334.56,0.29,475.08,card,CUST_5247,Regular
TXN_202308_003671,2023-08-02,REG_06,STORE_016,EMP_006,PROD_016,2,479.93,0.24,729.49,credit,CUST_3066,VIP
TXN_202308_003672,2023-08-20,REG_06,STORE_017,EMP_006,PROD_026,1,424.48,0.15,360.81,card,CUST_6712,Premium
TXN_202308_003673,2023-08-02,REG_02,STORE_006,EMP_002,PROD_006,2,239.34,0.23,368.58,mobile,CUST_3434,VIP
TXN_202308_003674,2023-08-18,REG_09,STORE_026,EMP_027,PROD_043,1,170.71,0.17,141.69,card,CUST_8198,Regular
TXN_202308_003675,2023-08-03,REG_09,STORE_025,EMP_027,PROD_050,3,495.01,0.04,1425.63,cash,CUST_2634,Premium
TXN_202308_003676,2023-08-31,REG_09,STORE_027,EMP_027,PROD_028,5,472.88,0.06,2222.54,card,CUST_4353,Regular
TXN_202308_003677,2023-08-22,REG_06,STORE_018,EMP_006,PROD_006,4,393.34,0.19,1274.42,credit,CUST_5970,New
TXN_202308_003678,2023-08-21,REG_08,STORE_022,EMP_015,PROD_040,2,216.72,0.08,398.76,cash,CUST_9785,Premium
TXN_202308_003679,2023-08-14,REG_09,STORE_026,EMP_009,PROD_032,1,401.84,0.04,385.77,credit,CUST_3734,Regular
TXN_202308_003680,2023-08-27,REG_04,STORE_011,EMP_030,PROD_033,2,450.11,0.14,774.19,credit,CUST_2420,VIP
TXN_202308_003681,2023-08-24,REG_02,STORE_006,EMP_002,PROD_048,2,156.25,0.07,290.62,credit,CUST_9634,New
TXN_202308_003682,2023-08-17,REG_02,STORE_006,EMP_002,PROD_040,4,386.59,0.19,1252.55,credit,CUST_8717,Premium
TXN_202308_003683,2023-08-13,REG_01,STORE_003,EMP_011,PROD_040,4,118.09,0.25,354.27,credit,CUST_3514,Regular
TXN_202308_003684,2023-08-07,REG_08,STORE_023,EMP_008,PROD_001,2,229.3,0.15,389.81,cash,CUST_5002,New
TXN_202308_003685,2023-08-31,REG_02,STORE_004,EMP_002,PROD_010,1,142.57,0.13,124.04,mobile,CUST_8266,Regular
TXN_202308_003686,2023-08-23,REG_07,STORE_021,EMP_007,PROD_036,3,137.67,0.28,297.37,credit,CUST_7195,Regular
TXN_202308_003687,2023-08-22,REG_09,STORE_026,EMP_009,PROD_042,4,380.15,0.24,1155.66,credit,CUST_9003,Premium
TXN_202308_003688,2023-08-06,REG_05,STORE_014,EMP_005,PROD_001,1,179.2,0.09,163.07,cash,CUST_7356,Regular
TXN_202308_003689,2023-08-08,REG_06,STORE_018,EMP_006,PROD_031,5,235.46,0.04,1130.21,mobile,CUST_8815,Premium
TXN_202308_003690,2023-08-18,REG_07,STORE_021,EMP_007,PROD_009,4,312.02,0.08,1148.23,card,CUST_9134,Premium
TXN_202308_003691,2023-08-14,REG_08,STORE_022,EMP_008,PROD_004,2,457.84,0.02,897.37,credit,CUST_1030,VIP
TXN_202308_003692,2023-08-03,REG_09,STORE_025,EMP_022,PROD_047,5,315.77,0.15,1342.02,credit,CUST_4087,Regular
TXN_202308_003693,2023-08-14,REG_07,STORE_020,EMP_007,PROD_006,3,166.56,0.26,369.76,mobile,CUST_9833,New
TXN_202308_003694,2023-08-24,REG_04,STORE_010,EMP_026,PROD_040,5,341.61,0.12,1503.08,credit,CUST_8378,VIP
TXN_202308_003695,2023-08-13,REG_06,STORE_017,EMP_006,PROD_016,4,294.52,0.21,930.68,credit,CUST_1520,Premium
TXN_202308_003696,2023-08-30,REG_07,STORE_019,EMP_007,PROD_018,1,57.61,0.15,48.97,card,CUST_7559,Premium
TXN_202308_003697,2023-08-10,REG_07,STORE_021,EMP_007,PROD_015,3,96.54,0.11,257.76,mobile,CUST_9033,VIP
TXN_202308_003698,2023-08-07,REG_02,STORE_006,EMP_002,PROD_015,3,294.3,0.22,688.66,card,CUST_9856,Regular
TXN_202308_003699,2023-08-15,REG_06,STORE_018,EMP_006,PROD_033,1,200.16,0.23,154.12,card,CUST_2401,New
TXN_202308_003700,2023-08-12,REG_10,STORE_028,EMP_020,PROD_033,2,238.78,0.08,439.36,card,CUST_4098,Regular
TXN_202308_003701,2023-08-22,REG_08,STORE_024,EMP_008,PROD_025,1,151.54,0.23,116.69,mobile,CUST_3355,Premium
TXN_202308_003702,2023-08-24,REG_09,STORE_027,EMP_009,PROD_005,5,386.61,0.05,1836.4,mobile,CUST_3224,New
TXN_202308_003703,2023-08-07,REG_07,STORE_019,EMP_007,PROD_048,1,117.75,0.12,103.62,credit,CUST_5990,Premium
TXN_202308_003704,2023-08-30,REG_05,STORE_015,EMP_005,PROD_015,4,142.6,0.19,462.02,mobile,CUST_5432,Regular
TXN_202308_003705,2023-08-13,REG_10,STORE_028,EMP_010,PROD_029,1,494.38,0.04,474.6,cash,CUST_9589,New
TXN_202308_003706,2023-08-31,REG_04,STORE_012,EMP_026,PROD_012,1,135.94,0.27,99.24,mobile,CUST_9017,Regular
TXN_202308_003707,2023-08-30,REG_03,STORE_007,EMP_003,PROD_011,3,60.74,0.21,143.95,credit,CUST_9116,Regular
TXN_202308_003708,2023-08-15,REG_05,STORE_013,EMP_005,PROD_019,1,464.74,0.25,348.56,mobile,CUST_1999,Regular
TXN_202308_003709,2023-08-10,REG_06,STORE_016,EMP_006,PROD_048,4,104.39,0.29,296.47,credit,CUST_1986,New
TXN_202308_003710,2023-08-23,REG_02,STORE_006,EMP_002,PROD_048,2,249.59,0.16,419.31,credit,CUST_7286,Premium
TXN_202308_003711,2023-08-03,REG_02,STORE_005,EMP_002,PROD_044,1,192.04,0.24,145.95,mobile,CUST_4416,Regular
TXN_202308_003712,2023-08-25,REG_03,STORE_007,EMP_003,PROD_050,2,343.79,0.04,660.08,cash,CUST_1505,VIP
TXN_202308_003713,2023-08-06,REG_07,STORE_019,EMP_007,PROD_049,2,154.68,0.09,281.52,card,CUST_3582,Regular
TXN_202308_003714,2023-08-22,REG_06,STORE_017,EMP_006,PROD_042,4,145.53,0.15,494.8,cash,CUST_9740,New
TXN_202308_003715,2023-08-23,REG_07,STORE_021,EMP_007,PROD_021,1,135.65,0.27,99.02,mobile,CUST_5380,New
TXN_202308_003716,2023-08-09,REG_06,STORE_016,EMP_006,PROD_030,1,441.29,0.19,357.44,card,CUST_2158,Premium
TXN_202308_003717,2023-08-13,REG_06,STORE_016,EMP_006,PROD_016,4,174.45,0.12,614.06,mobile,CUST_3504,VIP
TXN_202308_003718,2023-08-08,REG_04,STORE_012,EMP_004,PROD_044,2,475.43,0.18,779.71,credit,CUST_2348,Regular
TXN_202308_003719,2023-08-31,REG_09,STORE_027,EMP_022,PROD_007,5,63.65,0.23,245.05,cash,CUST_9213,New
TXN_202308_003720,2023-08-31,REG_07,STORE_019,EMP_007,PROD_003,4,48.29,0.18,158.39,cash,CUST_5810,New
TXN_202308_003721,2023-08-19,REG_09,STORE_026,EMP_022,PROD_016,1,484.33,0.23,372.93,mobile,CUST_1874,VIP
TXN_202308_003722,2023-08-24,REG_09,STORE_026,EMP_025,PROD_011,5,120.01,0.13,522.04,card,CUST_5711,VIP
TXN_202308_003723,2023-08-08,REG_03,STORE_008,EMP_014,PROD_027,1,191.01,0.26,141.35,card,CUST_5181,Regular
TXN_202308_003724,2023-08-09,REG_07,STORE_021,EMP_007,PROD_024,2,59.18,0.27,86.4,mobile,CUST_6551,New
TXN_202308_003725,2023-08-26,REG_10,STORE_029,EMP_013,PROD_009,3,223.72,0.19,543.64,cash,CUST_7979,Regular
TXN_202308_003726,2023-08-24,REG_09,STORE_025,EMP_025,PROD_047,5,192.93,0.0,964.65,cash,CUST_8071,New
TXN_202308_003727,2023-08-26,REG_04,STORE_011,EMP_026,PROD_037,2,63.14,0.01,125.02,card,CUST_4180,Regular
TXN_202308_003728,2023-08-22,REG_07,STORE_021,EMP_007,PROD_038,4,378.78,0.09,1378.76,credit,CUST_2214,Premium
TXN_202308_003729,2023-08-16,REG_09,STORE_027,EMP_027,PROD_006,2,135.21,0.2,216.34,cash,CUST_1222,VIP
TXN_202308_003730,2023-08-10,REG_08,STORE_022,EMP_012,PROD_014,4,368.75,0.11,1312.75,mobile,CUST_1615,Regular
TXN_202308_003731,2023-08-31,REG_09,STORE_027,EMP_025,PROD_021,5,71.62,0.09,325.87,credit,CUST_6337,VIP
TXN_202308_003732,2023-08-05,REG_04,STORE_011,EMP_030,PROD_005,1,424.94,0.0,424.94,card,CUST_5748,New
TXN_202308_003733,2023-08-08,REG_08,STORE_024,EMP_023,PROD_042,1,152.79,0.25,114.59,cash,CUST_3484,Regular
TXN_202308_003734,2023-08-30,REG_02,STORE_004,EMP_002,PROD_048,4,170.06,0.13,591.81,cash,CUST_2299,VIP
TXN_202308_003735,2023-08-06,REG_05,STORE_015,EMP_021,PROD_050,2,409.75,0.27,598.24,card,CUST_6982,Premium
TXN_202308_003736,2023-08-04,REG_09,STORE_026,EMP_027,PROD_032,4,106.65,0.11,379.67,cash,CUST_4092,New
TXN_202308_003737,2023-08-09,REG_02,STORE_004,EMP_002,PROD_022,5,498.79,0.12,2194.68,card,CUST_8456,VIP
TXN_202308_003738,2023-08-24,REG_10,STORE_030,EMP_020,PROD_015,1,62.23,0.21,49.16,card,CUST_4746,Premium
TXN_202308_003739,2023-08-27,REG_05,STORE_015,EMP_005,PROD_016,1,209.82,0.29,148.97,mobile,CUST_3639,Regular
TXN_202308_003740,2023-08-20,REG_07,STORE_020,EMP_007,PROD_038,5,459.91,0.28,1655.68,cash,CUST_2055,New
TXN_202308_003741,2023-08-09,REG_06,STORE_016,EMP_006,PROD_001,3,230.35,0.25,518.29,mobile,CUST_3679,Regular
TXN_202308_003742,2023-08-11,REG_10,STORE_030,EMP_013,PROD_018,5,391.82,0.09,1782.78,credit,CUST_8997,Premium
TXN_202308_003743,2023-08-07,REG_06,STORE_016,EMP_006,PROD_001,3,385.88,0.1,1041.88,mobile,CUST_5864,New
TXN_202308_003744,2023-08-04,REG_05,STORE_015,EMP_005,PROD_043,4,164.76,0.21,520.64,cash,CUST_4389,Regular
TXN_202308_003745,2023-08-08,REG_10,STORE_030,EMP_028,PROD_014,5,80.79,0.26,298.92,cash,CUST_3956,VIP
TXN_202308_003746,2023-08-18,REG_02,STORE_004,EMP_002,PROD_050,1,427.56,0.12,376.25,mobile,CUST_7174,Premium
TXN_202308_003747,2023-08-23,REG_02,STORE_005,EMP_002,PROD_037,2,469.6,0.13,817.1,mobile,CUST_3576,Premium
TXN_202308_003748,2023-08-06,REG_05,STORE_015,EMP_005,PROD_031,3,451.18,0.05,1285.86,card,CUST_6348,Premium
TXN_202308_003749,2023-08-04,REG_08,STORE_022,EMP_008,PROD_021,5,472.95,0.19,1915.45,cash,CUST_6715,Premium
TXN_202308_003750,2023-08-27,REG_06,STORE_018,EMP_006,PROD_048,5,174.16,0.0,870.8,cash,CUST_5119,Regular
TXN_202308_003751,2023-08-21,REG_09,STORE_026,EMP_009,PROD_014,5,314.72,0.09,1431.98,mobile,CUST_4803,Premium
TXN_202308_003752,2023-08-12,REG_10,STORE_028,EMP_010,PROD_009,5,86.56,0.23,333.26,mobile,CUST_3103,Regular
TXN_202308_003753,2023-08-28,REG_08,STORE_023,EMP_008,PROD_024,1,350.15,0.21,276.62,mobile,CUST_6386,Premium
TXN_202308_003754,2023-08-18,REG_01,STORE_003,EMP_019,PROD_035,5,367.69,0.11,1636.22,credit,CUST_8044,VIP
TXN_202308_003755,2023-08-26,REG_09,STORE_027,EMP_025,PROD_026,5,203.96,0.03,989.21,credit,CUST_3974,New
TXN_202308_003756,2023-08-22,REG_02,STORE_006,EMP_002,PROD_032,2,401.59,0.01,795.15,card,CUST_4023,New
TXN_202308_003757,2023-08-15,REG_02,STORE_005,EMP_002,PROD_028,5,151.19,0.3,529.16,mobile,CUST_9209,Regular
TXN_202308_003758,2023-08-09,REG_04,STORE_010,EMP_026,PROD_018,3,486.09,0.21,1152.03,credit,CUST_5721,VIP
TXN_202308_003759,2023-08-12,REG_05,STORE_013,EMP_005,PROD_031,4,118.53,0.22,369.81,card,CUST_9068,Premium
TXN_202308_003760,2023-08-01,REG_10,STORE_030,EMP_028,PROD_034,2,94.62,0.03,183.56,cash,CUST_4711,Premium
TXN_202308_003761,2023-08-24,REG_06,STORE_016,EMP_006,PROD_029,1,308.82,0.06,290.29,card,CUST_8880,Premium
TXN_202308_003762,2023-08-11,REG_09,STORE_027,EMP_027,PROD_012,4,206.96,0.23,637.44,card,CUST_1519,Regular
TXN_202308_003763,2023-08-01,REG_01,STORE_002,EMP_018,PROD_035,1,240.11,0.24,182.48,credit,CUST_7602,Regular
TXN_202308_003764,2023-08-16,REG_05,STORE_013,EMP_021,PROD_007,2,403.07,0.16,677.16,credit,CUST_3733,VIP
TXN_202308_003765,2023-08-06,REG_10,STORE_029,EMP_013,PROD_005,5,97.84,0.22,381.58,card,CUST_5623,VIP
TXN_202308_003766,2023-08-22,REG_02,STORE_004,EMP_002,PROD_044,3,243.27,0.06,686.02,credit,CUST_8562,New
TXN_202308_003767,2023-08-25,REG_10,STORE_029,EMP_028,PROD_045,1,345.53,0.13,300.61,cash,CUST_7229,Regular
TXN_202308_003768,2023-08-21,REG_10,STORE_030,EMP_020,PROD_050,5,251.32,0.3,879.62,mobile,CUST_9330,VIP
TXN_202308_003769,2023-08-26,REG_10,STORE_029,EMP_013,PROD_012,5,342.72,0.05,1627.92,card,CUST_4184,Premium
TXN_202308_003770,2023-08-28,REG_09,STORE_027,EMP_027,PROD_008,5,443.92,0.01,2197.4,credit,CUST_2215,New
TXN_202308_003771,2023-08-22,REG_07,STORE_020,EMP_007,PROD_028,1,336.59,0.02,329.86,credit,CUST_9855,VIP
TXN_202308_003772,2023-08-25,REG_01,STORE_002,EMP_019,PROD_006,3,489.23,0.09,1335.6,credit,CUST_9164,Regular
TXN_202308_003773,2023-08-06,REG_10,STORE_030,EMP_020,PROD_019,3,64.21,0.13,167.59,card,CUST_9179,Premium
TXN_202308_003774,2023-08-11,REG_07,STORE_020,EMP_007,PROD_015,5,436.51,0.04,2095.25,cash,CUST_9881,VIP
TXN_202308_003775,2023-08-19,REG_09,STORE_026,EMP_027,PROD_039,4,58.86,0.18,193.06,cash,CUST_2266,New
TXN_202308_003776,2023-08-22,REG_03,STORE_007,EMP_014,PROD_023,4,168.59,0.12,593.44,card,CUST_5142,VIP
TXN_202308_003777,2023-08-14,REG_03,STORE_007,EMP_003,PROD_022,2,138.48,0.12,243.72,card,CUST_9451,VIP
TXN_202308_003778,2023-08-18,REG_08,STORE_023,EMP_023,PROD_030,3,319.63,0.11,853.41,credit,CUST_7087,New
TXN_202308_003779,2023-08-17,REG_01,STORE_002,EMP_011,PROD_031,4,114.95,0.02,450.6,cash,CUST_7594,Regular
TXN_202308_003780,2023-08-13,REG_07,STORE_021,EMP_007,PROD_006,3,174.1,0.25,391.72,cash,CUST_4796,VIP
TXN_202308_003781,2023-08-14,REG_10,STORE_030,EMP_028,PROD_026,3,232.7,0.2,558.48,credit,CUST_9827,New
TXN_202308_003782,2023-08-27,REG_03,STORE_008,EMP_003,PROD_003,1,373.03,0.08,343.19,card,CUST_7274,New
TXN_202308_003783,2023-08-11,REG_10,STORE_028,EMP_017,PROD_035,4,439.98,0.18,1443.13,mobile,CUST_8176,New
TXN_202308_003784,2023-08-15,REG_05,STORE_015,EMP_005,PROD_019,2,97.29,0.16,163.45,card,CUST_2961,Regular
TXN_202308_003785,2023-08-11,REG_01,STORE_001,EMP_001,PROD_013,3,373.76,0.03,1087.64,mobile,CUST_3611,New
TXN_202308_003786,2023-08-07,REG_02,STORE_005,EMP_002,PROD_004,5,145.01,0.19,587.29,card,CUST_6374,VIP
TXN_202308_003787,2023-08-21,REG_03,STORE_009,EMP_014,PROD_019,3,336.92,0.23,778.29,mobile,CUST_1921,Premium
TXN_202308_003788,2023-08-09,REG_03,STORE_009,EMP_014,PROD_006,5,431.05,0.02,2112.14,card,CUST_4551,New
TXN_202308_003789,2023-08-11,REG_05,STORE_013,EMP_005,PROD_011,2,46.99,0.09,85.52,cash,CUST_8372,Premium
TXN_202308_003790,2023-08-12,REG_10,STORE_030,EMP_020,PROD_046,4,27.95,0.09,101.74,mobile,CUST_5683,VIP
TXN_202308_003791,2023-08-10,REG_10,STORE_028,EMP_028,PROD_031,3,90.15,0.03,262.34,card,CUST_8258,New
TXN_202308_003792,2023-08-23,REG_09,STORE_027,EMP_009,PROD_016,2,351.31,0.02,688.57,mobile,CUST_8509,Premium
TXN_202308_003793,2023-08-05,REG_07,STORE_020,EMP_007,PROD_043,5,438.6,0.0,2193.0,card,CUST_2740,Premium
TXN_202308_003794,2023-08-03,REG_09,STORE_027,EMP_009,PROD_025,2,475.53,0.16,798.89,card,CUST_5391,VIP
TXN_202308_003795,2023-08-03,REG_10,STORE_029,EMP_017,PROD_050,4,489.91,0.27,1430.54,mobile,CUST_8441,VIP
TXN_202308_003796,2023-08-11,REG_04,STORE_010,EMP_004,PROD_040,3,236.34,0.12,623.94,cash,CUST_7923,Premium
TXN_202308_003797,2023-08-07,REG_05,STORE_015,EMP_021,PROD_036,5,381.53,0.05,1812.27,mobile,CUST_1622,Regular
TXN_202308_003798,2023-08-04,REG_07,STORE_020,EMP_007,PROD_045,3,181.1,0.2,434.64,cash,CUST_9695,VIP
TXN_202308_003799,2023-08-03,REG_09,STORE_025,EMP_027,PROD_044,2,147.73,0.0,295.46,mobile,CUST_3714,Premium
TXN_202308_003800,2023-08-19,REG_01,STORE_001,EMP_018,PROD_041,2,85.76,0.02,168.09,cash,CUST_8640,New
TXN_202308_003801,2023-08-01,REG_02,STORE_006,EMP_002,PROD_014,1,81.22,0.11,72.29,mobile,CUST_5415,Regular
TXN_202308_003802,2023-08-09,REG_06,STORE_018,EMP_006,PROD_010,3,406.72,0.13,1061.54,credit,CUST_7477,VIP
TXN_202308_003803,2023-08-18,REG_01,STORE_002,EMP_001,PROD_032,4,482.17,0.1,1735.81,credit,CUST_3677,VIP
TXN_202308_003804,2023-08-03,REG_04,STORE_010,EMP_004,PROD_044,4,310.5,0.1,1117.8,credit,CUST_1620,Regular
TXN_202308_003805,2023-08-07,REG_02,STORE_004,EMP_002,PROD_040,3,311.02,0.17,774.44,card,CUST_9754,VIP
TXN_202308_003806,2023-08-01,REG_05,STORE_013,EMP_005,PROD_017,2,344.51,0.06,647.68,cash,CUST_5720,Premium
TXN_202308_003807,2023-08-11,REG_10,STORE_030,EMP_028,PROD_016,3,248.3,0.23,573.57,card,CUST_7285,Premium
TXN_202308_003808,2023-08-05,REG_06,STORE_016,EMP_006,PROD_004,1,462.72,0.05,439.58,cash,CUST_1823,Regular
TXN_202308_003809,2023-08-20,REG_01,STORE_001,EMP_019,PROD_016,3,375.56,0.15,957.68,cash,CUST_9585,VIP
TXN_202308_003810,2023-08-11,REG_01,STORE_003,EMP_019,PROD_039,5,423.01,0.22,1649.74,card,CUST_8610,Premium
TXN_202308_003811,2023-08-11,REG_04,STORE_012,EMP_029,PROD_016,3,455.17,0.04,1310.89,mobile,CUST_6060,VIP
TXN_202308_003812,2023-08-22,REG_05,STORE_015,EMP_021,PROD_011,3,244.67,0.16,616.57,cash,CUST_2889,Premium
TXN_202308_003813,2023-08-14,REG_05,STORE_015,EMP_005,PROD_043,4,57.75,0.1,207.9,card,CUST_7049,Regular
TXN_202308_003814,2023-08-19,REG_05,STORE_013,EMP_005,PROD_045,4,75.77,0.2,242.46,mobile,CUST_4938,New
TXN_202308_003815,2023-08-30,REG_06,STORE_017,EMP_006,PROD_046,1,258.2,0.07,240.13,mobile,CUST_3404,Premium
TXN_202308_003816,2023-08-11,REG_05,STORE_013,EMP_005,PROD_013,4,112.06,0.26,331.7,cash,CUST_2790,Premium
TXN_202308_003817,2023-08-28,REG_06,STORE_016,EMP_006,PROD_034,2,474.05,0.27,692.11,mobile,CUST_2903,Regular
TXN_202308_003818,2023-08-30,REG_08,STORE_024,EMP_008,PROD_022,5,256.64,0.23,988.06,cash,CUST_4459,Regular
TXN_202308_003819,2023-08-17,REG_10,STORE_029,EMP_020,PROD_048,3,453.34,0.06,1278.42,credit,CUST_6826,Regular
TXN_202308_003820,2023-08-01,REG_09,STORE_026,EMP_022,PROD_045,5,389.97,0.23,1501.38,mobile,CUST_5687,VIP
TXN_202308_003821,2023-08-17,REG_03,STORE_009,EMP_003,PROD_007,5,353.98,0.1,1592.91,mobile,CUST_6772,Regular
TXN_202308_003822,2023-08-04,REG_03,STORE_008,EMP_003,PROD_014,5,298.63,0.17,1239.31,credit,CUST_5013,VIP
TXN_202308_003823,2023-08-15,REG_06,STORE_017,EMP_006,PROD_001,5,153.53,0.21,606.44,card,CUST_4531,New
TXN_202308_003824,2023-08-30,REG_07,STORE_020,EMP_007,PROD_026,4,84.24,0.06,316.74,credit,CUST_4524,Premium
TXN_202308_003825,2023-08-19,REG_05,STORE_013,EMP_021,PROD_047,2,375.18,0.07,697.83,card,CUST_3669,Premium
TXN_202308_003826,2023-08-13,REG_04,STORE_011,EMP_024,PROD_041,1,278.92,0.01,276.13,cash,CUST_8013,New
TXN_202308_003827,2023-08-22,REG_07,STORE_019,EMP_007,PROD_017,1,56.14,0.11,49.96,cash,CUST_1281,Regular
TXN_202308_003828,2023-08-15,REG_04,STORE_011,EMP_004,PROD_030,4,224.78,0.2,719.3,mobile,CUST_7572,Regular
TXN_202308_003829,2023-08-20,REG_05,STORE_014,EMP_005,PROD_038,2,377.04,0.13,656.05,cash,CUST_2055,VIP
TXN_202308_003830,2023-08-11,REG_03,STORE_009,EMP_014,PROD_050,2,436.27,0.19,706.76,cash,CUST_9483,New
TXN_202308_003831,2023-08-24,REG_07,STORE_019,EMP_007,PROD_030,5,330.44,0.01,1635.68,card,CUST_4249,Regular
TXN_202308_003832,2023-08-02,REG_03,STORE_008,EMP_014,PROD_012,1,177.98,0.15,151.28,cash,CUST_2936,VIP
TXN_202308_003833,2023-08-12,REG_02,STORE_004,EMP_002,PROD_041,5,439.94,0.16,1847.75,cash,CUST_7835,New
TXN_202308_003834,2023-08-02,REG_04,STORE_011,EMP_026,PROD_027,1,19.0,0.28,13.68,credit,CUST_4741,VIP
TXN_202308_003835,2023-08-15,REG_03,STORE_007,EMP_003,PROD_003,4,367.46,0.06,1381.65,credit,CUST_9363,Premium
TXN_202308_003836,2023-08-19,REG_01,STORE_001,EMP_018,PROD_033,1,356.44,0.29,253.07,card,CUST_7232,New
TXN_202308_003837,2023-08-03,REG_01,STORE_003,EMP_019,PROD_031,1,49.0,0.26,36.26,mobile,CUST_5558,VIP
TXN_202308_003838,2023-08-23,REG_07,STORE_019,EMP_007,PROD_031,3,168.33,0.24,383.79,card,CUST_8633,New
TXN_202308_003839,2023-08-30,REG_01,STORE_001,EMP_018,PROD_010,1,71.04,0.15,60.38,card,CUST_6395,Premium
TXN_202308_003840,2023-08-22,REG_02,STORE_005,EMP_002,PROD_045,2,61.5,0.2,98.4,credit,CUST_8554,Premium
TXN_202308_003841,2023-08-28,REG_02,STORE_006,EMP_002,PROD_025,2,177.11,0.13,308.17,mobile,CUST_3842,Regular
TXN_202308_003842,2023-08-01,REG_10,STORE_030,EMP_010,PROD_034,1,497.23,0.12,437.56,card,CUST_9487,Premium
TXN_202308_003843,2023-08-12,REG_05,STORE_014,EMP_005,PROD_031,5,474.11,0.03,2299.43,mobile,CUST_3794,Regular
TXN_202308_003844,2023-08-29,REG_10,STORE_029,EMP_010,PROD_022,1,300.07,0.18,246.06,credit,CUST_6226,Regular
TXN_202308_003845,2023-08-04,REG_02,STORE_006,EMP_002,PROD_024,2,187.97,0.14,323.31,mobile,CUST_2897,New
TXN_202308_003846,2023-08-24,REG_04,STORE_012,EMP_004,PROD_023,4,28.03,0.04,107.64,mobile,CUST_9846,Premium
TXN_202308_003847,2023-08-02,REG_09,STORE_026,EMP_025,PROD_017,1,68.41,0.21,54.04,mobile,CUST_5667,Premium
TXN_202308_003848,2023-08-15,REG_02,STORE_006,EMP_002,PROD_041,4,136.19,0.16,457.6,cash,CUST_5323,Regular
TXN_202308_003849,2023-08-19,REG_10,STORE_030,EMP_010,PROD_044,3,202.16,0.01,600.42,mobile,CUST_2982,Premium
TXN_202308_003850,2023-08-06,REG_06,STORE_018,EMP_006,PROD_004,4,51.89,0.07,193.03,mobile,CUST_1872,Premium
TXN_202308_003851,2023-08-01,REG_01,STORE_002,EMP_001,PROD_035,3,205.65,0.04,592.27,mobile,CUST_4842,VIP
TXN_202308_003852,2023-08-13,REG_09,STORE_026,EMP_025,PROD_033,5,83.43,0.01,412.98,mobile,CUST_8504,VIP
TXN_202308_003853,2023-08-04,REG_10,STORE_028,EMP_020,PROD_050,4,244.4,0.09,889.62,card,CUST_2520,New
TXN_202308_003854,2023-08-22,REG_05,STORE_013,EMP_021,PROD_004,5,174.17,0.19,705.39,card,CUST_8523,New
TXN_202308_003855,2023-08-19,REG_07,STORE_019,EMP_007,PROD_050,5,384.4,0.02,1883.56,card,CUST_4944,VIP
TXN_202308_003856,2023-08-05,REG_08,STORE_023,EMP_015,PROD_020,4,64.91,0.1,233.68,credit,CUST_6240,New
TXN_202308_003857,2023-08-30,REG_01,STORE_001,EMP_019,PROD_016,1,14.19,0.05,13.48,card,CUST_6800,Regular
TXN_202308_003858,2023-08-15,REG_04,STORE_010,EMP_026,PROD_005,3,290.09,0.1,783.24,card,CUST_7914,New
TXN_202308_003859,2023-08-10,REG_04,STORE_012,EMP_004,PROD_024,2,287.16,0.18,470.94,card,CUST_9111,Premium
TXN_202308_003860,2023-08-11,REG_10,STORE_028,EMP_028,PROD_013,1,441.94,0.2,353.55,mobile,CUST_8249,Premium
TXN_202308_003861,2023-08-06,REG_06,STORE_016,EMP_006,PROD_036,4,154.46,0.16,518.99,card,CUST_9000,VIP
TXN_202308_003862,2023-08-01,REG_03,STORE_007,EMP_003,PROD_002,3,366.85,0.24,836.42,card,CUST_4097,Premium
TXN_202308_003863,2023-08-08,REG_07,STORE_019,EMP_007,PROD_033,2,82.7,0.2,132.32,credit,CUST_8623,Regular
TXN_202308_003864,2023-08-24,REG_08,STORE_024,EMP_023,PROD_031,4,100.51,0.2,321.63,card,CUST_6829,VIP
TXN_202308_003865,2023-08-19,REG_05,STORE_015,EMP_021,PROD_040,2,91.35,0.28,131.54,cash,CUST_2789,Regular
TXN_202308_003866,2023-08-16,REG_03,STORE_009,EMP_014,PROD_008,1,247.53,0.14,212.88,mobile,CUST_7704,New
TXN_202308_003867,2023-08-19,REG_05,STORE_013,EMP_005,PROD_013,4,190.36,0.06,715.75,mobile,CUST_9052,Regular
TXN_202308_003868,2023-08-01,REG_08,STORE_023,EMP_023,PROD_020,1,83.81,0.13,72.91,credit,CUST_3094,Regular
TXN_202308_003869,2023-08-15,REG_04,STORE_012,EMP_016,PROD_047,3,346.46,0.04,997.8,credit,CUST_4982,Premium
TXN_202308_003870,2023-08-24,REG_07,STORE_020,EMP_007,PROD_007,5,430.32,0.05,2044.02,mobile,CUST_5400,Premium
TXN_202308_003871,2023-08-30,REG_09,STORE_026,EMP_025,PROD_037,4,487.19,0.03,1890.3,credit,CUST_5880,New
TXN_202308_003872,2023-08-14,REG_10,STORE_028,EMP_017,PROD_019,2,329.12,0.25,493.68,card,CUST_8718,New
TXN_202308_003873,2023-08-01,REG_02,STORE_004,EMP_002,PROD_031,1,159.82,0.24,121.46,card,CUST_5958,VIP
TXN_202308_003874,2023-08-19,REG_04,STORE_011,EMP_004,PROD_021,5,245.38,0.17,1018.33,cash,CUST_8488,New
TXN_202308_003875,2023-08-19,REG_03,STORE_009,EMP_014,PROD_049,1,58.69,0.24,44.6,cash,CUST_4216,Premium
TXN_202308_003876,2023-08-10,REG_03,STORE_008,EMP_003,PROD_020,4,440.02,0.01,1742.48,cash,CUST_8540,Regular
TXN_202308_003877,2023-08-31,REG_01,STORE_003,EMP_001,PROD_023,3,153.89,0.09,420.12,mobile,CUST_4383,Regular
TXN_202308_003878,2023-08-10,REG_01,STORE_003,EMP_018,PROD_024,1,43.59,0.24,33.13,credit,CUST_3573,Premium
TXN_202308_003879,2023-08-13,REG_09,STORE_027,EMP_027,PROD_040,3,154.82,0.21,366.92,credit,CUST_3504,VIP
TXN_202308_003880,2023-08-01,REG_06,STORE_017,EMP_006,PROD_006,1,486.92,0.15,413.88,mobile,CUST_5171,Premium
TXN_202308_003881,2023-08-07,REG_02,STORE_006,EMP_002,PROD_049,2,250.26,0.23,385.4,cash,CUST_5446,New
TXN_202308_003882,2023-08-31,REG_06,STORE_016,EMP_006,PROD_018,5,458.26,0.0,2291.3,credit,CUST_3232,VIP
TXN_202308_003883,2023-08-04,REG_01,STORE_002,EMP_011,PROD_047,4,320.89,0.11,1142.37,mobile,CUST_3386,New
TXN_202308_003884,2023-08-04,REG_03,STORE_009,EMP_003,PROD_025,2,35.22,0.25,52.83,cash,CUST_3130,VIP
TXN_202308_003885,2023-08-22,REG_04,STORE_012,EMP_016,PROD_041,5,90.35,0.16,379.47,cash,CUST_8548,VIP
TXN_202308_003886,2023-08-07,REG_05,STORE_014,EMP_005,PROD_046,1,271.13,0.02,265.71,credit,CUST_9093,New
TXN_202308_003887,2023-08-02,REG_06,STORE_016,EMP_006,PROD_013,5,296.64,0.03,1438.7,credit,CUST_4538,VIP
TXN_202308_003888,2023-08-18,REG_05,STORE_014,EMP_021,PROD_033,4,356.99,0.24,1085.25,card,CUST_6189,Premium
TXN_202308_003889,2023-08-29,REG_09,STORE_025,EMP_009,PROD_008,4,222.07,0.11,790.57,mobile,CUST_2382,Premium
TXN_202308_003890,2023-08-27,REG_09,STORE_026,EMP_022,PROD_018,1,77.33,0.13,67.28,card,CUST_4202,VIP
TXN_202308_003891,2023-08-26,REG_03,STORE_008,EMP_014,PROD_050,4,180.92,0.08,665.79,cash,CUST_1568,New
TXN_202308_003892,2023-08-30,REG_01,STORE_003,EMP_001,PROD_026,4,355.2,0.18,1165.06,mobile,CUST_9494,New
TXN_202308_003893,2023-08-01,REG_07,STORE_021,EMP_007,PROD_015,4,376.98,0.08,1387.29,cash,CUST_2537,Regular
TXN_202308_003894,2023-08-03,REG_06,STORE_018,EMP_006,PROD_010,4,463.36,0.15,1575.42,credit,CUST_9845,Regular
TXN_202308_003895,2023-08-02,REG_08,STORE_022,EMP_012,PROD_021,2,42.61,0.29,60.51,credit,CUST_5977,Premium
TXN_202308_003896,2023-08-14,REG_03,STORE_008,EMP_014,PROD_036,4,213.54,0.16,717.49,mobile,CUST_4450,VIP
TXN_202308_003897,2023-08-27,REG_08,STORE_023,EMP_015,PROD_016,2,323.73,0.21,511.49,cash,CUST_7098,New
TXN_202308_003898,2023-08-07,REG_10,STORE_030,EMP_020,PROD_039,3,294.9,0.28,636.98,mobile,CUST_8563,Regular
TXN_202308_003899,2023-08-16,REG_03,STORE_009,EMP_003,PROD_023,5,125.06,0.14,537.76,credit,CUST_1135,Premium
TXN_202308_003900,2023-08-25,REG_02,STORE_004,EMP_002,PROD_023,4,416.93,0.23,1284.14,cash,CUST_1205,VIP
TXN_202308_003901,2023-08-20,REG_10,STORE_030,EMP_028,PROD_023,2,192.23,0.02,376.77,mobile,CUST_4334,Premium
TXN_202308_003902,2023-08-08,REG_05,STORE_014,EMP_005,PROD_038,5,305.96,0.02,1499.2,mobile,CUST_9297,VIP
TXN_202308_003903,2023-08-12,REG_10,STORE_030,EMP_020,PROD_002,4,484.84,0.13,1687.24,credit,CUST_8487,VIP
TXN_202308_003904,2023-08-13,REG_02,STORE_004,EMP_002,PROD_021,1,260.62,0.03,252.8,credit,CUST_3690,VIP
TXN_202308_003905,2023-08-05,REG_06,STORE_018,EMP_006,PROD_014,1,196.9,0.1,177.21,cash,CUST_2213,Regular
TXN_202308_003906,2023-08-16,REG_02,STORE_005,EMP_002,PROD_002,3,320.91,0.25,722.05,card,CUST_8187,New
TXN_202308_003907,2023-08-25,REG_06,STORE_017,EMP_006,PROD_012,3,20.01,0.29,42.62,credit,CUST_4053,Premium
TXN_202308_003908,2023-08-31,REG_09,STORE_026,EMP_022,PROD_027,4,326.86,0.13,1137.47,card,CUST_3669,New
TXN_202308_003909,2023-08-10,REG_08,STORE_023,EMP_023,PROD_025,1,484.55,0.2,387.64,mobile,CUST_9833,New
TXN_202308_003910,2023-08-04,REG_05,STORE_014,EMP_005,PROD_038,2,487.96,0.12,858.81,credit,CUST_7794,Regular
TXN_202308_003911,2023-08-22,REG_04,STORE_010,EMP_026,PROD_029,1,317.44,0.18,260.3,card,CUST_6715,Premium
TXN_202308_003912,2023-08-23,REG_10,STORE_029,EMP_017,PROD_015,1,245.27,0.11,218.29,mobile,CUST_1912,Premium
TXN_202308_003913,2023-08-07,REG_08,STORE_022,EMP_023,PROD_034,2,382.33,0.29,542.91,cash,CUST_6483,New
TXN_202308_003914,2023-08-11,REG_04,STORE_010,EMP_004,PROD_044,4,110.34,0.14,379.57,mobile,CUST_2606,New
TXN_202308_003915,2023-08-15,REG_03,STORE_007,EMP_014,PROD_027,2,424.96,0.11,756.43,card,CUST_3004,Premium
TXN_202308_003916,2023-08-23,REG_07,STORE_019,EMP_007,PROD_045,2,460.75,0.2,737.2,credit,CUST_2745,New
TXN_202308_003917,2023-08-24,REG_02,STORE_005,EMP_002,PROD_019,2,164.6,0.09,299.57,card,CUST_1423,Premium
TXN_202308_003918,2023-08-07,REG_09,STORE_026,EMP_009,PROD_047,1,366.01,0.1,329.41,card,CUST_9993,Regular
TXN_202308_003919,2023-08-09,REG_09,STORE_025,EMP_025,PROD_009,5,425.68,0.2,1702.72,credit,CUST_6870,New
TXN_202308_003920,2023-08-24,REG_04,STORE_010,EMP_026,PROD_008,5,174.75,0.17,725.21,credit,CUST_7904,Premium
TXN_202308_003921,2023-08-14,REG_08,STORE_023,EMP_008,PROD_048,5,114.27,0.08,525.64,cash,CUST_6585,Regular
TXN_202308_003922,2023-08-17,REG_02,STORE_004,EMP_002,PROD_007,1,228.28,0.15,194.04,credit,CUST_2261,Regular
TXN_202308_003923,2023-08-02,REG_01,STORE_002,EMP_019,PROD_037,3,493.88,0.09,1348.29,mobile,CUST_1835,Regular
TXN_202308_003924,2023-08-20,REG_07,STORE_020,EMP_007,PROD_036,3,226.99,0.03,660.54,cash,CUST_6825,Regular
TXN_202308_003925,2023-08-28,REG_01,STORE_002,EMP_018,PROD_044,5,324.73,0.05,1542.47,mobile,CUST_7833,Premium
TXN_202308_003926,2023-08-13,REG_07,STORE_019,EMP_007,PROD_009,4,366.34,0.3,1025.75,credit,CUST_5146,VIP
TXN_202308_003927,2023-08-19,REG_06,STORE_017,EMP_006,PROD_030,2,345.28,0.02,676.75,cash,CUST_8994,Premium
TXN_202308_003928,2023-08-06,REG_01,STORE_003,EMP_011,PROD_027,4,488.76,0.05,1857.29,mobile,CUST_3590,Regular
TXN_202308_003929,2023-08-17,REG_09,STORE_026,EMP_022,PROD_045,3,241.53,0.22,565.18,card,CUST_7867,VIP
TXN_202308_003930,2023-08-31,REG_04,STORE_012,EMP_024,PROD_047,4,218.37,0.2,698.78,card,CUST_7944,New
TXN_202308_003931,2023-08-12,REG_06,STORE_018,EMP_006,PROD_018,5,448.13,0.27,1635.67,cash,CUST_8292,VIP
TXN_202308_003932,2023-08-14,REG_02,STORE_005,EMP_002,PROD_023,4,340.83,0.09,1240.62,cash,CUST_4076,VIP
TXN_202308_003933,2023-08-31,REG_04,STORE_010,EMP_030,PROD_041,5,40.4,0.27,147.46,card,CUST_5618,VIP
TXN_202308_003934,2023-08-17,REG_03,STORE_009,EMP_014,PROD_036,3,346.58,0.25,779.81,cash,CUST_9496,Regular
TXN_202308_003935,2023-08-21,REG_10,STORE_029,EMP_017,PROD_050,5,302.42,0.23,1164.32,card,CUST_7500,New
TXN_202308_003936,2023-08-03,REG_01,STORE_002,EMP_001,PROD_048,4,378.27,0.09,1376.9,credit,CUST_8575,Premium
TXN_202308_003937,2023-08-11,REG_10,STORE_028,EMP_013,PROD_018,3,192.31,0.09,525.01,credit,CUST_3089,Premium
TXN_202308_003938,2023-08-07,REG_06,STORE_018,EMP_006,PROD_013,2,11.63,0.13,20.24,credit,CUST_7024,Regular
TXN_202308_003939,2023-08-31,REG_09,STORE_025,EMP_009,PROD_029,1,496.22,0.19,401.94,mobile,CUST_9360,Regular
TXN_202308_003940,2023-08-11,REG_07,STORE_019,EMP_007,PROD_016,2,50.41,0.08,92.75,credit,CUST_5629,Premium
TXN_202308_003941,2023-08-04,REG_06,STORE_016,EMP_006,PROD_011,2,42.44,0.08,78.09,cash,CUST_2782,New
TXN_202308_003942,2023-08-16,REG_07,STORE_020,EMP_007,PROD_043,3,243.96,0.28,526.95,cash,CUST_3897,Premium
TXN_202308_003943,2023-08-31,REG_09,STORE_027,EMP_025,PROD_017,5,80.1,0.21,316.4,credit,CUST_2632,New
TXN_202308_003944,2023-08-26,REG_06,STORE_016,EMP_006,PROD_004,3,52.89,0.22,123.76,credit,CUST_2006,Premium
TXN_202308_003945,2023-08-06,REG_03,STORE_009,EMP_003,PROD_042,4,110.91,0.24,337.17,cash,CUST_2116,New
TXN_202308_003946,2023-08-29,REG_09,STORE_025,EMP_027,PROD_046,4,162.46,0.13,565.36,cash,CUST_2640,Premium
TXN_202308_003947,2023-08-25,REG_08,STORE_024,EMP_012,PROD_004,5,391.53,0.2,1566.12,cash,CUST_5106,Premium
TXN_202308_003948,2023-08-21,REG_04,STORE_010,EMP_029,PROD_004,3,182.86,0.13,477.26,mobile,CUST_1114,Premium
TXN_202308_003949,2023-08-11,REG_07,STORE_020,EMP_007,PROD_023,5,143.62,0.12,631.93,credit,CUST_7006,VIP
TXN_202308_003950,2023-08-02,REG_05,STORE_013,EMP_005,PROD_034,4,417.83,0.22,1303.63,cash,CUST_9672,New
TXN_202308_003951,2023-08-08,REG_09,STORE_027,EMP_022,PROD_043,1,109.68,0.23,84.45,mobile,CUST_2583,New
TXN_202308_003952,2023-08-11,REG_05,STORE_014,EMP_005,PROD_004,5,273.84,0.08,1259.66,cash,CUST_9486,VIP
TXN_202308_003953,2023-08-12,REG_03,STORE_007,EMP_003,PROD_048,1,200.02,0.1,180.02,cash,CUST_8708,VIP
TXN_202308_003954,2023-08-13,REG_04,STORE_012,EMP_024,PROD_027,1,466.82,0.23,359.45,cash,CUST_9992,VIP
TXN_202308_003955,2023-08-05,REG_03,STORE_009,EMP_014,PROD_045,5,481.76,0.04,2312.45,card,CUST_3007,VIP
TXN_202308_003956,2023-08-12,REG_04,STORE_011,EMP_030,PROD_034,3,251.67,0.11,671.96,credit,CUST_5012,Premium
TXN_202308_003957,2023-08-10,REG_01,STORE_003,EMP_011,PROD_038,1,45.96,0.05,43.66,credit,CUST_4057,Regular
TXN_202308_003958,2023-08-07,REG_08,STORE_023,EMP_023,PROD_035,3,50.71,0.12,133.87,mobile,CUST_8749,New
TXN_202308_003959,2023-08-25,REG_03,STORE_007,EMP_003,PROD_026,1,43.74,0.19,35.43,credit,CUST_6603,Premium
TXN_202308_003960,2023-08-13,REG_06,STORE_018,EMP_006,PROD_039,4,403.21,0.25,1209.63,card,CUST_7727,Regular
TXN_202308_003961,2023-08-08,REG_09,STORE_025,EMP_022,PROD_034,3,370.96,0.04,1068.36,card,CUST_7043,Regular
TXN_202308_003962,2023-08-15,REG_08,STORE_022,EMP_023,PROD_003,4,128.08,0.25,384.24,mobile,CUST_6540,Regular
TXN_202308_003963,2023-08-24,REG_03,STORE_008,EMP_003,PROD_023,5,452.94,0.03,2196.76,cash,CUST_3357,New
TXN_202308_003964,2023-08-27,REG_08,STORE_023,EMP_012,PROD_036,5,442.8,0.28,1594.08,card,CUST_8553,Regular
TXN_202308_003965,2023-08-20,REG_05,STORE_015,EMP_021,PROD_011,3,143.91,0.06,405.83,credit,CUST_2519,Regular
TXN_202308_003966,2023-08-31,REG_02,STORE_005,EMP_002,PROD_026,4,491.03,0.14,1689.14,credit,CUST_7059,New
TXN_202308_003967,2023-08-19,REG_08,STORE_022,EMP_008,PROD_020,5,318.04,0.28,1144.94,cash,CUST_9504,Regular
TXN_202308_003968,2023-08-08,REG_08,STORE_023,EMP_023,PROD_036,4,389.66,0.02,1527.47,credit,CUST_2674,VIP
TXN_202308_003969,2023-08-11,REG_01,STORE_002,EMP_011,PROD_047,3,188.81,0.27,413.49,mobile,CUST_6890,VIP
TXN_202308_003970,2023-08-22,REG_07,STORE_020,EMP_007,PROD_041,2,496.37,0.25,744.56,credit,CUST_9416,Regular
TXN_202308_003971,2023-08-25,REG_03,STORE_007,EMP_003,PROD_033,2,316.14,0.28,455.24,cash,CUST_6646,Regular
TXN_202308_003972,2023-08-24,REG_02,STORE_005,EMP_002,PROD_004,3,204.72,0.0,614.16,mobile,CUST_1998,Regular
TXN_202308_003973,2023-08-07,REG_02,STORE_005,EMP_002,PROD_050,4,310.43,0.23,956.12,cash,CUST_2051,New
TXN_202308_003974,2023-08-11,REG_09,STORE_025,EMP_022,PROD_042,3,350.71,0.03,1020.57,credit,CUST_1661,VIP
TXN_202308_003975,2023-08-25,REG_04,STORE_010,EMP_004,PROD_042,2,314.44,0.23,484.24,cash,CUST_3330,VIP
TXN_202308_003976,2023-08-20,REG_08,STORE_023,EMP_023,PROD_011,3,31.08,0.21,73.66,cash,CUST_5124,New
TXN_202308_003977,2023-08-30,REG_04,STORE_011,EMP_030,PROD_006,1,427.3,0.14,367.48,mobile,CUST_4498,Regular
TXN_202308_003978,2023-08-25,REG_02,STORE_006,EMP_002,PROD_037,1,343.92,0.02,337.04,credit,CUST_2019,New
TXN_202308_003979,2023-08-11,REG_04,STORE_012,EMP_016,PROD_028,3,68.03,0.06,191.84,mobile,CUST_3413,Regular
TXN_202308_003980,2023-08-18,REG_01,STORE_002,EMP_001,PROD_004,4,235.54,0.04,904.47,credit,CUST_8573,Regular
