transaction_id,date,region,store_id,employee_id,product_id,units,unit_price,discount,revenue,payment,customer_id,customer_segment
TXN_202506_014462,2025-06-15,REG_07,STORE_020,EMP_007,PROD_042,4,253.67,0.04,974.09,mobile,CUST_1243,New
TXN_202506_014463,2025-06-23,REG_02,STORE_006,EMP_002,PROD_013,5,460.84,0.04,2212.03,mobile,CUST_3434,New
TXN_202506_014464,2025-06-30,REG_07,STORE_019,EMP_007,PROD_018,5,218.58,0.14,939.89,credit,CUST_3679,VIP
TXN_202506_014465,2025-06-11,REG_07,STORE_019,EMP_007,PROD_015,1,11.18,0.14,9.61,cash,CUST_6548,VIP
TXN_202506_014466,2025-06-22,REG_10,STORE_028,EMP_028,PROD_031,1,188.24,0.28,135.53,cash,CUST_3736,Premium
TXN_202506_014467,2025-06-14,REG_07,STORE_019,EMP_007,PROD_019,2,438.72,0.13,763.37,card,CUST_6138,VIP
TXN_202506_014468,2025-06-16,REG_01,STORE_003,EMP_019,PROD_018,5,129.82,0.26,480.33,mobile,CUST_2380,VIP
TXN_202506_014469,2025-06-19,REG_07,STORE_021,EMP_007,PROD_045,3,137.74,0.07,384.29,credit,CUST_5266,New
TXN_202506_014470,2025-06-12,REG_01,STORE_001,EMP_001,PROD_048,4,122.05,0.05,463.79,card,CUST_6964,VIP
TXN_202506_014471,2025-06-03,REG_09,STORE_026,EMP_009,PROD_016,1,216.62,0.15,184.13,credit,CUST_4020,VIP
TXN_202506_014472,2025-06-13,REG_05,STORE_014,EMP_021,PROD_005,2,124.12,0.08,228.38,card,CUST_2987,VIP
TXN_202506_014473,2025-06-22,REG_09,STORE_025,EMP_022,PROD_003,2,49.45,0.1,89.01,cash,CUST_4031,VIP
TXN_202506_014474,2025-06-16,REG_03,STORE_007,EMP_003,PROD_032,3,68.48,0.14,176.68,mobile,CUST_8854,VIP
TXN_202506_014475,2025-06-08,REG_09,STORE_027,EMP_027,PROD_027,4,270.53,0.3,757.48,card,CUST_3968,Regular
TXN_202506_014476,2025-06-27,REG_07,STORE_021,EMP_007,PROD_003,2,67.05,0.06,126.05,card,CUST_5187,VIP
TXN_202506_014477,2025-06-21,REG_04,STORE_012,EMP_024,PROD_049,2,198.42,0.11,353.19,credit,CUST_9234,VIP
TXN_202506_014478,2025-06-10,REG_04,STORE_011,EMP_030,PROD_013,3,197.79,0.28,427.23,mobile,CUST_5112,Regular
TXN_202506_014479,2025-06-29,REG_04,STORE_011,EMP_030,PROD_031,2,308.07,0.12,542.2,cash,CUST_6106,New
TXN_202506_014480,2025-06-05,REG_04,STORE_011,EMP_024,PROD_030,2,369.16,0.25,553.74,card,CUST_2385,VIP
TXN_202506_014481,2025-06-06,REG_05,STORE_014,EMP_005,PROD_014,5,492.77,0.14,2118.91,cash,CUST_7564,Regular
TXN_202506_014482,2025-06-18,REG_09,STORE_026,EMP_027,PROD_020,5,296.74,0.06,1394.68,card,CUST_7559,Regular
TXN_202506_014483,2025-06-11,REG_01,STORE_001,EMP_011,PROD_026,2,114.28,0.26,169.13,mobile,CUST_9013,Premium
TXN_202506_014484,2025-06-05,REG_04,STORE_010,EMP_016,PROD_035,3,451.05,0.24,1028.39,mobile,CUST_2462,Regular
TXN_202506_014485,2025-06-23,REG_10,STORE_029,EMP_020,PROD_048,5,64.75,0.09,294.61,card,CUST_2142,New
TXN_202506_014486,2025-06-22,REG_03,STORE_008,EMP_014,PROD_043,5,75.05,0.01,371.5,card,CUST_3157,Premium
TXN_202506_014487,2025-06-01,REG_01,STORE_003,EMP_018,PROD_026,1,418.85,0.14,360.21,card,CUST_4909,Premium
TXN_202506_014488,2025-06-26,REG_05,STORE_013,EMP_021,PROD_033,4,187.21,0.11,666.47,card,CUST_5270,VIP
TXN_202506_014489,2025-06-30,REG_06,STORE_016,EMP_006,PROD_049,5,84.4,0.01,417.78,card,CUST_9798,New
TXN_202506_014490,2025-06-03,REG_08,STORE_022,EMP_015,PROD_020,1,268.12,0.2,214.5,card,CUST_7394,Premium
TXN_202506_014491,2025-06-26,REG_10,STORE_029,EMP_010,PROD_004,3,484.23,0.29,1031.41,card,CUST_9565,Regular
TXN_202506_014492,2025-06-24,REG_07,STORE_019,EMP_007,PROD_026,1,251.3,0.29,178.42,cash,CUST_6643,Regular
TXN_202506_014493,2025-06-06,REG_08,STORE_024,EMP_008,PROD_016,4,380.41,0.24,1156.45,credit,CUST_9649,New
TXN_202506_014494,2025-06-11,REG_05,STORE_015,EMP_005,PROD_049,1,295.64,0.08,271.99,credit,CUST_1974,Premium
TXN_202506_014495,2025-06-25,REG_07,STORE_019,EMP_007,PROD_001,4,50.51,0.05,191.94,credit,CUST_8597,Regular
TXN_202506_014496,2025-06-13,REG_07,STORE_019,EMP_007,PROD_027,5,22.47,0.04,107.86,card,CUST_9651,New
TXN_202506_014497,2025-06-21,REG_03,STORE_009,EMP_003,PROD_030,2,395.34,0.17,656.26,mobile,CUST_9574,VIP
TXN_202506_014498,2025-06-06,REG_07,STORE_020,EMP_007,PROD_025,5,280.56,0.19,1136.27,mobile,CUST_5104,Premium
TXN_202506_014499,2025-06-15,REG_01,STORE_003,EMP_018,PROD_050,3,192.97,0.02,567.33,cash,CUST_2901,VIP
TXN_202506_014500,2025-06-14,REG_02,STORE_005,EMP_002,PROD_009,2,229.98,0.18,377.17,credit,CUST_8648,VIP
TXN_202506_014501,2025-06-11,REG_05,STORE_014,EMP_021,PROD_038,1,490.93,0.13,427.11,mobile,CUST_1380,Premium
TXN_202506_014502,2025-06-21,REG_09,STORE_027,EMP_025,PROD_022,4,243.01,0.07,904.0,cash,CUST_1886,VIP
TXN_202506_014503,2025-06-30,REG_04,STORE_011,EMP_016,PROD_007,4,258.37,0.05,981.81,cash,CUST_4896,Premium
TXN_202506_014504,2025-06-27,REG_02,STORE_004,EMP_002,PROD_029,5,15.26,0.2,61.04,cash,CUST_4159,Premium
TXN_202506_014505,2025-06-08,REG_08,STORE_024,EMP_008,PROD_004,4,98.45,0.23,303.23,mobile,CUST_8304,VIP
TXN_202506_014506,2025-06-05,REG_03,STORE_009,EMP_003,PROD_021,4,484.67,0.26,1434.62,mobile,CUST_8409,Premium
TXN_202506_014507,2025-06-24,REG_05,STORE_015,EMP_021,PROD_044,2,485.3,0.09,883.25,credit,CUST_9815,VIP
TXN_202506_014508,2025-06-27,REG_04,STORE_012,EMP_029,PROD_015,3,364.63,0.19,886.05,card,CUST_6919,Regular
TXN_202506_014509,2025-06-25,REG_10,STORE_028,EMP_010,PROD_018,2,473.98,0.22,739.41,cash,CUST_4393,New
TXN_202506_014510,2025-06-25,REG_02,STORE_004,EMP_002,PROD_023,3,402.52,0.11,1074.73,credit,CUST_1067,Premium
TXN_202506_014511,2025-06-24,REG_03,STORE_008,EMP_014,PROD_041,5,315.22,0.06,1481.53,card,CUST_6284,New
TXN_202506_014512,2025-06-03,REG_08,STORE_023,EMP_008,PROD_039,1,269.24,0.28,193.85,cash,CUST_3420,New
TXN_202506_014513,2025-06-15,REG_05,STORE_013,EMP_005,PROD_011,3,105.01,0.18,258.32,cash,CUST_4896,Premium
TXN_202506_014514,2025-06-19,REG_06,STORE_018,EMP_006,PROD_001,3,382.1,0.15,974.36,cash,CUST_8644,New
TXN_202506_014515,2025-06-01,REG_04,STORE_012,EMP_026,PROD_036,3,442.05,0.06,1246.58,credit,CUST_7586,New
TXN_202506_014516,2025-06-03,REG_07,STORE_020,EMP_007,PROD_046,1,360.48,0.09,328.04,card,CUST_4453,New
TXN_202506_014517,2025-06-05,REG_03,STORE_009,EMP_003,PROD_032,2,295.43,0.26,437.24,card,CUST_1653,Regular
TXN_202506_014518,2025-06-20,REG_02,STORE_006,EMP_002,PROD_050,3,98.58,0.01,292.78,cash,CUST_8704,Premium
TXN_202506_014519,2025-06-09,REG_01,STORE_003,EMP_001,PROD_016,3,185.47,0.21,439.56,card,CUST_5030,Premium
TXN_202506_014520,2025-06-15,REG_01,STORE_002,EMP_019,PROD_042,3,212.25,0.23,490.3,card,CUST_9289,Premium
TXN_202506_014521,2025-06-25,REG_05,STORE_014,EMP_021,PROD_031,2,227.12,0.21,358.85,mobile,CUST_1057,Premium
TXN_202506_014522,2025-06-12,REG_03,STORE_008,EMP_003,PROD_028,2,200.94,0.29,285.33,card,CUST_9043,Premium
TXN_202506_014523,2025-06-18,REG_03,STORE_009,EMP_014,PROD_007,5,233.83,0.23,900.25,mobile,CUST_3599,Regular
TXN_202506_014524,2025-06-14,REG_01,STORE_002,EMP_001,PROD_038,2,397.32,0.18,651.6,mobile,CUST_7918,Premium
TXN_202506_014525,2025-06-01,REG_07,STORE_021,EMP_007,PROD_048,3,290.38,0.17,723.05,card,CUST_9082,VIP
TXN_202506_014526,2025-06-19,REG_06,STORE_016,EMP_006,PROD_012,4,213.07,0.21,673.3,credit,CUST_6640,VIP
TXN_202506_014527,2025-06-03,REG_02,STORE_006,EMP_002,PROD_049,4,411.29,0.18,1349.03,mobile,CUST_2360,Premium
TXN_202506_014528,2025-06-11,REG_03,STORE_008,EMP_003,PROD_035,3,24.42,0.09,66.67,mobile,CUST_3847,VIP
TXN_202506_014529,2025-06-27,REG_01,STORE_003,EMP_019,PROD_003,4,451.76,0.05,1716.69,mobile,CUST_6183,VIP
TXN_202506_014530,2025-06-26,REG_09,STORE_026,EMP_022,PROD_012,4,168.4,0.04,646.66,mobile,CUST_7784,New
TXN_202506_014531,2025-06-10,REG_05,STORE_014,EMP_021,PROD_012,5,265.61,0.28,956.2,mobile,CUST_7084,Premium
TXN_202506_014532,2025-06-18,REG_02,STORE_006,EMP_002,PROD_013,2,267.54,0.21,422.71,cash,CUST_9999,VIP
TXN_202506_014533,2025-06-24,REG_01,STORE_003,EMP_019,PROD_041,5,123.7,0.05,587.57,cash,CUST_1446,Premium
TXN_202506_014534,2025-06-10,REG_09,STORE_027,EMP_027,PROD_034,5,407.27,0.17,1690.17,card,CUST_1864,Premium
TXN_202506_014535,2025-06-29,REG_08,STORE_024,EMP_023,PROD_033,3,362.75,0.24,827.07,card,CUST_4945,Regular
TXN_202506_014536,2025-06-20,REG_10,STORE_029,EMP_017,PROD_032,2,190.72,0.09,347.11,cash,CUST_9402,Premium
TXN_202506_014537,2025-06-27,REG_02,STORE_006,EMP_002,PROD_011,4,334.33,0.28,962.87,credit,CUST_8560,Regular
TXN_202506_014538,2025-06-19,REG_06,STORE_018,EMP_006,PROD_007,1,449.46,0.12,395.52,credit,CUST_7440,VIP
TXN_202506_014539,2025-06-17,REG_03,STORE_008,EMP_014,PROD_048,1,306.58,0.17,254.46,card,CUST_2009,New
TXN_202506_014540,2025-06-20,REG_08,STORE_024,EMP_012,PROD_028,1,182.95,0.3,128.06,card,CUST_5312,Regular
TXN_202506_014541,2025-06-19,REG_09,STORE_027,EMP_025,PROD_041,3,329.48,0.25,741.33,cash,CUST_9585,Premium
TXN_202506_014542,2025-06-18,REG_05,STORE_015,EMP_005,PROD_005,3,88.09,0.23,203.49,credit,CUST_6927,New
TXN_202506_014543,2025-06-18,REG_04,STORE_010,EMP_016,PROD_010,1,162.61,0.12,143.1,credit,CUST_1766,Premium
TXN_202506_014544,2025-06-09,REG_01,STORE_001,EMP_019,PROD_030,5,266.27,0.26,985.2,credit,CUST_2826,New
TXN_202506_014545,2025-06-05,REG_05,STORE_013,EMP_005,PROD_019,4,86.12,0.22,268.69,card,CUST_1364,New
TXN_202506_014546,2025-06-26,REG_02,STORE_006,EMP_002,PROD_010,1,197.64,0.22,154.16,cash,CUST_9667,New
TXN_202506_014547,2025-06-10,REG_07,STORE_020,EMP_007,PROD_011,1,244.03,0.06,229.39,card,CUST_8446,New
TXN_202506_014548,2025-06-22,REG_08,STORE_023,EMP_023,PROD_023,5,97.84,0.07,454.96,card,CUST_4332,Premium
TXN_202506_014549,2025-06-08,REG_01,STORE_003,EMP_018,PROD_048,1,231.26,0.04,222.01,credit,CUST_3738,Premium
TXN_202506_014550,2025-06-18,REG_05,STORE_015,EMP_005,PROD_009,5,220.71,0.2,882.84,mobile,CUST_4214,Regular
TXN_202506_014551,2025-06-23,REG_03,STORE_007,EMP_014,PROD_006,4,174.94,0.23,538.82,mobile,CUST_7964,VIP
TXN_202506_014552,2025-06-11,REG_07,STORE_019,EMP_007,PROD_029,5,141.81,0.19,574.33,cash,CUST_1583,Premium
TXN_202506_014553,2025-06-29,REG_05,STORE_013,EMP_021,PROD_038,4,491.99,0.03,1908.92,mobile,CUST_1594,New
TXN_202506_014554,2025-06-11,REG_10,STORE_030,EMP_020,PROD_021,5,489.15,0.27,1785.4,cash,CUST_8378,VIP
TXN_202506_014555,2025-06-14,REG_08,STORE_023,EMP_012,PROD_046,4,445.23,0.16,1495.97,cash,CUST_9048,New
TXN_202506_014556,2025-06-27,REG_09,STORE_025,EMP_009,PROD_028,1,319.21,0.11,284.1,mobile,CUST_8219,Premium
TXN_202506_014557,2025-06-16,REG_07,STORE_021,EMP_007,PROD_045,1,346.03,0.28,249.14,card,CUST_6575,New
TXN_202506_014558,2025-06-21,REG_04,STORE_011,EMP_029,PROD_040,5,45.09,0.14,193.89,card,CUST_5919,New
TXN_202506_014559,2025-06-22,REG_01,STORE_001,EMP_019,PROD_018,5,93.44,0.09,425.15,cash,CUST_9469,VIP
TXN_202506_014560,2025-06-30,REG_02,STORE_004,EMP_002,PROD_048,1,363.24,0.05,345.08,credit,CUST_7286,Regular
TXN_202506_014561,2025-06-12,REG_04,STORE_011,EMP_024,PROD_046,5,251.35,0.17,1043.1,card,CUST_6925,Premium
TXN_202506_014562,2025-06-22,REG_03,STORE_007,EMP_014,PROD_022,4,447.71,0.23,1378.95,credit,CUST_8334,New
TXN_202506_014563,2025-06-29,REG_06,STORE_018,EMP_006,PROD_023,2,341.96,0.3,478.74,mobile,CUST_4520,New
TXN_202506_014564,2025-06-27,REG_02,STORE_006,EMP_002,PROD_043,1,91.1,0.19,73.79,cash,CUST_4167,VIP
TXN_202506_014565,2025-06-19,REG_06,STORE_018,EMP_006,PROD_017,5,136.48,0.17,566.39,credit,CUST_6174,New
TXN_202506_014566,2025-06-15,REG_09,STORE_025,EMP_025,PROD_015,5,477.16,0.16,2004.07,card,CUST_5889,Premium
TXN_202506_014567,2025-06-06,REG_08,STORE_022,EMP_012,PROD_023,3,360.52,0.24,821.99,mobile,CUST_6502,New
TXN_202506_014568,2025-06-28,REG_01,STORE_003,EMP_019,PROD_037,3,101.34,0.16,255.38,cash,CUST_2978,Regular
TXN_202506_014569,2025-06-23,REG_10,STORE_029,EMP_028,PROD_019,4,315.6,0.03,1224.53,card,CUST_6764,VIP
TXN_202506_014570,2025-06-18,REG_02,STORE_004,EMP_002,PROD_043,3,420.97,0.24,959.81,mobile,CUST_8211,Regular
TXN_202506_014571,2025-06-05,REG_03,STORE_007,EMP_014,PROD_012,5,291.03,0.08,1338.74,card,CUST_4071,VIP
TXN_202506_014572,2025-06-21,REG_05,STORE_013,EMP_021,PROD_026,4,161.15,0.16,541.46,credit,CUST_5106,VIP
TXN_202506_014573,2025-06-07,REG_02,STORE_005,EMP_002,PROD_023,1,131.45,0.07,122.25,mobile,CUST_6328,New
TXN_202506_014574,2025-06-20,REG_08,STORE_022,EMP_012,PROD_026,1,386.65,0.19,313.19,cash,CUST_4640,Regular
TXN_202506_014575,2025-06-02,REG_01,STORE_003,EMP_001,PROD_021,1,302.93,0.29,215.08,credit,CUST_9118,New
TXN_202506_014576,2025-06-22,REG_03,STORE_007,EMP_014,PROD_025,5,125.92,0.04,604.42,cash,CUST_1098,Regular
TXN_202506_014577,2025-06-13,REG_05,STORE_015,EMP_021,PROD_007,2,194.29,0.0,388.58,credit,CUST_9883,New
TXN_202506_014578,2025-06-24,REG_02,STORE_006,EMP_002,PROD_031,3,483.07,0.19,1173.86,card,CUST_5229,New
TXN_202506_014579,2025-06-14,REG_08,STORE_022,EMP_012,PROD_009,2,23.04,0.02,45.16,credit,CUST_4615,Premium
TXN_202506_014580,2025-06-27,REG_02,STORE_006,EMP_002,PROD_006,5,497.38,0.1,2238.21,mobile,CUST_8387,New
TXN_202506_014581,2025-06-04,REG_02,STORE_006,EMP_002,PROD_047,4,80.44,0.14,276.71,card,CUST_4792,Regular
TXN_202506_014582,2025-06-10,REG_04,STORE_010,EMP_029,PROD_015,4,25.49,0.22,79.53,credit,CUST_8257,Regular
TXN_202506_014583,2025-06-26,REG_10,STORE_029,EMP_010,PROD_020,2,125.8,0.27,183.67,cash,CUST_5293,Premium
TXN_202506_014584,2025-06-29,REG_08,STORE_023,EMP_008,PROD_005,1,86.02,0.09,78.28,mobile,CUST_8206,Premium
TXN_202506_014585,2025-06-21,REG_02,STORE_005,EMP_002,PROD_003,1,304.14,0.13,264.6,cash,CUST_6495,VIP
TXN_202506_014586,2025-06-25,REG_01,STORE_001,EMP_011,PROD_034,5,153.62,0.3,537.67,cash,CUST_4239,Regular
TXN_202506_014587,2025-06-24,REG_05,STORE_014,EMP_021,PROD_006,4,37.07,0.07,137.9,card,CUST_5620,Regular
TXN_202506_014588,2025-06-15,REG_06,STORE_017,EMP_006,PROD_005,4,174.13,0.17,578.11,cash,CUST_6651,VIP
TXN_202506_014589,2025-06-03,REG_09,STORE_026,EMP_027,PROD_030,5,467.41,0.15,1986.49,cash,CUST_3680,VIP
TXN_202506_014590,2025-06-30,REG_05,STORE_015,EMP_021,PROD_015,1,346.92,0.25,260.19,card,CUST_4713,New
TXN_202506_014591,2025-06-15,REG_02,STORE_006,EMP_002,PROD_050,1,365.44,0.01,361.79,mobile,CUST_3302,VIP
TXN_202506_014592,2025-06-06,REG_07,STORE_021,EMP_007,PROD_033,5,368.13,0.19,1490.93,credit,CUST_5621,Premium
TXN_202506_014593,2025-06-24,REG_05,STORE_014,EMP_005,PROD_044,3,290.11,0.15,739.78,card,CUST_8327,VIP
TXN_202506_014594,2025-06-07,REG_02,STORE_004,EMP_002,PROD_021,2,153.85,0.12,270.78,credit,CUST_6781,New
TXN_202506_014595,2025-06-06,REG_07,STORE_021,EMP_007,PROD_026,5,202.32,0.14,869.98,credit,CUST_1961,Regular
TXN_202506_014596,2025-06-18,REG_01,STORE_003,EMP_018,PROD_013,2,357.7,0.28,515.09,credit,CUST_2707,New
TXN_202506_014597,2025-06-10,REG_08,STORE_022,EMP_015,PROD_026,2,302.87,0.06,569.4,card,CUST_1568,VIP
TXN_202506_014598,2025-06-20,REG_06,STORE_017,EMP_006,PROD_007,1,96.89,0.21,76.54,credit,CUST_5290,VIP
TXN_202506_014599,2025-06-16,REG_07,STORE_021,EMP_007,PROD_035,4,137.5,0.24,418.0,credit,CUST_9770,Regular
TXN_202506_014600,2025-06-10,REG_10,STORE_030,EMP_020,PROD_026,3,172.28,0.06,485.83,credit,CUST_6650,Regular
TXN_202506_014601,2025-06-09,REG_05,STORE_015,EMP_005,PROD_047,2,353.29,0.27,515.8,credit,CUST_1186,Premium
TXN_202506_014602,2025-06-17,REG_09,STORE_027,EMP_025,PROD_045,4,116.74,0.09,424.93,cash,CUST_7697,New
TXN_202506_014603,2025-06-20,REG_06,STORE_018,EMP_006,PROD_004,4,110.15,0.07,409.76,card,CUST_5810,New
TXN_202506_014604,2025-06-21,REG_03,STORE_009,EMP_014,PROD_034,3,348.0,0.19,845.64,card,CUST_5026,Premium
TXN_202506_014605,2025-06-05,REG_04,STORE_012,EMP_029,PROD_003,5,137.57,0.18,564.04,card,CUST_8106,Regular
TXN_202506_014606,2025-06-26,REG_08,STORE_023,EMP_008,PROD_027,3,128.4,0.08,354.38,mobile,CUST_9996,Regular
TXN_202506_014607,2025-06-08,REG_09,STORE_025,EMP_027,PROD_025,4,213.43,0.25,640.29,card,CUST_3401,VIP
TXN_202506_014608,2025-06-18,REG_06,STORE_017,EMP_006,PROD_039,2,212.14,0.01,420.04,cash,CUST_2732,Regular
TXN_202506_014609,2025-06-28,REG_02,STORE_004,EMP_002,PROD_006,3,43.24,0.26,95.99,credit,CUST_3738,Premium
TXN_202506_014610,2025-06-25,REG_03,STORE_008,EMP_014,PROD_039,3,385.4,0.26,855.59,cash,CUST_8702,New
TXN_202506_014611,2025-06-05,REG_10,STORE_028,EMP_013,PROD_001,4,34.64,0.29,98.38,credit,CUST_4456,Premium
TXN_202506_014612,2025-06-14,REG_09,STORE_025,EMP_009,PROD_042,3,385.93,0.15,984.12,cash,CUST_8848,Regular
TXN_202506_014613,2025-06-28,REG_03,STORE_009,EMP_014,PROD_008,5,285.25,0.09,1297.89,cash,CUST_4991,New
TXN_202506_014614,2025-06-18,REG_05,STORE_015,EMP_021,PROD_031,5,76.07,0.26,281.46,mobile,CUST_6060,Regular
TXN_202506_014615,2025-06-17,REG_09,STORE_027,EMP_009,PROD_006,4,141.28,0.27,412.54,card,CUST_4327,VIP
TXN_202506_014616,2025-06-27,REG_08,STORE_024,EMP_012,PROD_011,1,351.54,0.15,298.81,cash,CUST_8439,New
TXN_202506_014617,2025-06-29,REG_09,STORE_027,EMP_025,PROD_033,5,118.03,0.08,542.94,card,CUST_7529,Premium
TXN_202506_014618,2025-06-16,REG_04,STORE_010,EMP_029,PROD_048,5,13.8,0.13,60.03,mobile,CUST_2104,VIP
TXN_202506_014619,2025-06-19,REG_03,STORE_007,EMP_003,PROD_008,1,405.73,0.03,393.56,card,CUST_6154,Regular
TXN_202506_014620,2025-06-22,REG_08,STORE_024,EMP_023,PROD_030,2,49.78,0.24,75.67,credit,CUST_2176,VIP
TXN_202506_014621,2025-06-03,REG_04,STORE_011,EMP_016,PROD_040,5,288.69,0.29,1024.85,card,CUST_1857,New
TXN_202506_014622,2025-06-20,REG_06,STORE_017,EMP_006,PROD_022,2,166.95,0.12,293.83,cash,CUST_8022,VIP
TXN_202506_014623,2025-06-25,REG_10,STORE_029,EMP_010,PROD_022,5,146.77,0.05,697.16,card,CUST_2895,Regular
TXN_202506_014624,2025-06-01,REG_06,STORE_016,EMP_006,PROD_027,2,234.64,0.16,394.2,cash,CUST_9809,Premium
TXN_202506_014625,2025-06-18,REG_02,STORE_004,EMP_002,PROD_029,3,266.26,0.15,678.96,cash,CUST_7166,Premium
TXN_202506_014626,2025-06-20,REG_10,STORE_029,EMP_028,PROD_005,4,423.46,0.22,1321.2,mobile,CUST_5167,VIP
TXN_202506_014627,2025-06-16,REG_05,STORE_015,EMP_005,PROD_046,5,414.72,0.23,1596.67,credit,CUST_2019,New
TXN_202506_014628,2025-06-16,REG_03,STORE_009,EMP_014,PROD_017,3,73.83,0.05,210.42,card,CUST_8656,New
TXN_202506_014629,2025-06-11,REG_09,STORE_026,EMP_022,PROD_023,2,388.02,0.14,667.39,mobile,CUST_5405,VIP
TXN_202506_014630,2025-06-02,REG_09,STORE_027,EMP_027,PROD_024,4,323.34,0.07,1202.82,cash,CUST_8202,VIP
TXN_202506_014631,2025-06-25,REG_10,STORE_028,EMP_017,PROD_044,1,434.07,0.2,347.26,mobile,CUST_9374,New
TXN_202506_014632,2025-06-08,REG_03,STORE_008,EMP_003,PROD_018,2,393.21,0.06,739.23,card,CUST_2749,Premium
TXN_202506_014633,2025-06-03,REG_01,STORE_001,EMP_019,PROD_009,3,265.78,0.22,621.93,mobile,CUST_6700,VIP
TXN_202506_014634,2025-06-07,REG_09,STORE_026,EMP_009,PROD_050,1,388.69,0.26,287.63,credit,CUST_7983,New
TXN_202506_014635,2025-06-11,REG_06,STORE_017,EMP_006,PROD_019,1,457.12,0.27,333.7,cash,CUST_6883,New
TXN_202506_014636,2025-06-01,REG_05,STORE_013,EMP_021,PROD_005,5,154.54,0.12,679.98,mobile,CUST_4226,Premium
TXN_202506_014637,2025-06-28,REG_08,STORE_024,EMP_012,PROD_034,2,450.32,0.03,873.62,cash,CUST_5471,New
TXN_202506_014638,2025-06-24,REG_03,STORE_007,EMP_014,PROD_004,1,294.03,0.11,261.69,cash,CUST_5857,Premium
TXN_202506_014639,2025-06-19,REG_10,STORE_028,EMP_020,PROD_001,3,41.8,0.17,104.08,credit,CUST_9017,Regular
TXN_202506_014640,2025-06-17,REG_04,STORE_011,EMP_024,PROD_026,5,227.47,0.26,841.64,mobile,CUST_7524,New
TXN_202506_014641,2025-06-14,REG_04,STORE_012,EMP_026,PROD_043,3,52.1,0.14,134.42,mobile,CUST_5470,New
TXN_202506_014642,2025-06-26,REG_03,STORE_008,EMP_014,PROD_029,1,499.69,0.23,384.76,credit,CUST_7240,VIP
TXN_202506_014643,2025-06-09,REG_06,STORE_016,EMP_006,PROD_003,5,184.64,0.15,784.72,cash,CUST_4873,Regular
TXN_202506_014644,2025-06-25,REG_01,STORE_002,EMP_011,PROD_033,3,138.13,0.18,339.8,cash,CUST_9767,Regular
TXN_202506_014645,2025-06-17,REG_09,STORE_026,EMP_027,PROD_041,2,330.72,0.04,634.98,card,CUST_3151,VIP
TXN_202506_014646,2025-06-17,REG_04,STORE_011,EMP_016,PROD_018,4,266.91,0.19,864.79,cash,CUST_7564,New
TXN_202506_014647,2025-06-22,REG_01,STORE_001,EMP_019,PROD_008,4,35.28,0.28,101.61,credit,CUST_2379,Regular
TXN_202506_014648,2025-06-16,REG_01,STORE_001,EMP_011,PROD_004,3,27.08,0.18,66.62,credit,CUST_7813,Regular
TXN_202506_014649,2025-06-17,REG_06,STORE_018,EMP_006,PROD_012,1,453.33,0.25,340.0,mobile,CUST_1487,VIP
TXN_202506_014650,2025-06-14,REG_01,STORE_001,EMP_019,PROD_033,1,261.09,0.11,232.37,credit,CUST_3785,VIP
TXN_202506_014651,2025-06-13,REG_01,STORE_003,EMP_019,PROD_039,5,99.71,0.1,448.69,card,CUST_6183,Regular
TXN_202506_014652,2025-06-22,REG_10,STORE_030,EMP_020,PROD_047,1,478.91,0.24,363.97,cash,CUST_7042,Regular
TXN_202506_014653,2025-06-26,REG_06,STORE_018,EMP_006,PROD_018,1,383.9,0.2,307.12,cash,CUST_6350,Premium
TXN_202506_014654,2025-06-05,REG_06,STORE_018,EMP_006,PROD_006,2,354.92,0.13,617.56,credit,CUST_7210,Regular
TXN_202506_014655,2025-06-17,REG_10,STORE_028,EMP_010,PROD_039,3,111.38,0.12,294.04,cash,CUST_2902,New
TXN_202506_014656,2025-06-28,REG_08,STORE_024,EMP_008,PROD_027,2,40.66,0.15,69.12,mobile,CUST_1628,New
TXN_202506_014657,2025-06-10,REG_09,STORE_026,EMP_025,PROD_025,3,86.05,0.25,193.61,credit,CUST_2355,New
TXN_202506_014658,2025-06-22,REG_01,STORE_001,EMP_018,PROD_049,3,336.66,0.25,757.49,credit,CUST_1626,VIP
TXN_202506_014659,2025-06-07,REG_07,STORE_020,EMP_007,PROD_048,1,93.85,0.1,84.47,cash,CUST_9091,Premium
TXN_202506_014660,2025-06-12,REG_06,STORE_017,EMP_006,PROD_003,5,215.41,0.03,1044.74,credit,CUST_8578,New
TXN_202506_014661,2025-06-13,REG_04,STORE_010,EMP_029,PROD_042,5,315.85,0.17,1310.78,cash,CUST_3106,New
TXN_202506_014662,2025-06-09,REG_09,STORE_026,EMP_025,PROD_036,2,412.59,0.04,792.17,cash,CUST_8826,New
TXN_202506_014663,2025-06-26,REG_01,STORE_002,EMP_018,PROD_042,2,333.11,0.28,479.68,mobile,CUST_8907,New
TXN_202506_014664,2025-06-18,REG_07,STORE_020,EMP_007,PROD_007,2,33.95,0.26,50.25,cash,CUST_8180,New
TXN_202506_014665,2025-06-06,REG_08,STORE_024,EMP_023,PROD_019,1,61.55,0.04,59.09,credit,CUST_4454,Premium
TXN_202506_014666,2025-06-15,REG_07,STORE_021,EMP_007,PROD_046,3,179.47,0.03,522.26,credit,CUST_6619,New
TXN_202506_014667,2025-06-28,REG_06,STORE_016,EMP_006,PROD_002,2,54.27,0.26,80.32,credit,CUST_9903,VIP
TXN_202506_014668,2025-06-09,REG_09,STORE_026,EMP_009,PROD_034,5,231.73,0.04,1112.3,mobile,CUST_5964,Regular
TXN_202506_014669,2025-06-05,REG_02,STORE_004,EMP_002,PROD_021,2,250.65,0.18,411.07,credit,CUST_8658,Premium
TXN_202506_014670,2025-06-24,REG_01,STORE_002,EMP_001,PROD_041,4,434.06,0.04,1666.79,mobile,CUST_8996,Regular
TXN_202506_014671,2025-06-29,REG_09,STORE_026,EMP_025,PROD_005,4,207.12,0.04,795.34,card,CUST_8006,VIP
TXN_202506_014672,2025-06-11,REG_05,STORE_015,EMP_005,PROD_032,5,75.88,0.24,288.34,credit,CUST_6265,Regular
TXN_202506_014673,2025-06-01,REG_09,STORE_025,EMP_025,PROD_026,4,324.96,0.1,1169.86,card,CUST_9471,Premium
TXN_202506_014674,2025-06-12,REG_02,STORE_004,EMP_002,PROD_030,2,216.47,0.09,393.98,credit,CUST_5647,VIP
TXN_202506_014675,2025-06-25,REG_06,STORE_018,EMP_006,PROD_039,5,434.14,0.28,1562.9,cash,CUST_4060,VIP
TXN_202506_014676,2025-06-16,REG_10,STORE_030,EMP_013,PROD_042,1,111.79,0.22,87.2,card,CUST_9593,VIP
TXN_202506_014677,2025-06-21,REG_08,STORE_023,EMP_012,PROD_020,1,169.76,0.25,127.32,card,CUST_1937,New
TXN_202506_014678,2025-06-07,REG_06,STORE_018,EMP_006,PROD_046,1,49.95,0.05,47.45,card,CUST_3467,Regular
TXN_202506_014679,2025-06-20,REG_04,STORE_012,EMP_030,PROD_030,2,275.49,0.23,424.25,credit,CUST_7606,VIP
TXN_202506_014680,2025-06-24,REG_01,STORE_001,EMP_019,PROD_008,5,404.29,0.03,1960.81,credit,CUST_2972,New
TXN_202506_014681,2025-06-03,REG_06,STORE_016,EMP_006,PROD_011,5,468.68,0.27,1710.68,card,CUST_2681,VIP
TXN_202506_014682,2025-06-30,REG_07,STORE_021,EMP_007,PROD_018,2,144.49,0.28,208.07,cash,CUST_8730,Premium
TXN_202506_014683,2025-06-08,REG_01,STORE_001,EMP_011,PROD_001,2,170.9,0.0,341.8,card,CUST_2167,New
TXN_202506_014684,2025-06-22,REG_02,STORE_005,EMP_002,PROD_037,4,450.68,0.14,1550.34,mobile,CUST_3591,New
TXN_202506_014685,2025-06-18,REG_02,STORE_005,EMP_002,PROD_005,2,96.55,0.04,185.38,mobile,CUST_6630,New
TXN_202506_014686,2025-06-14,REG_10,STORE_028,EMP_010,PROD_012,4,457.03,0.04,1755.0,card,CUST_4593,Premium
TXN_202506_014687,2025-06-05,REG_03,STORE_009,EMP_014,PROD_029,1,289.05,0.11,257.25,cash,CUST_9639,New
TXN_202506_014688,2025-06-21,REG_01,STORE_002,EMP_001,PROD_029,4,346.69,0.19,1123.28,card,CUST_4173,New
TXN_202506_014689,2025-06-15,REG_09,STORE_026,EMP_009,PROD_035,4,175.58,0.11,625.06,mobile,CUST_3424,Premium
TXN_202506_014690,2025-06-19,REG_04,STORE_012,EMP_026,PROD_046,4,33.32,0.12,117.29,cash,CUST_3241,Regular
TXN_202506_014691,2025-06-30,REG_05,STORE_013,EMP_021,PROD_045,2,207.93,0.25,311.89,cash,CUST_2721,New
TXN_202506_014692,2025-06-21,REG_06,STORE_018,EMP_006,PROD_025,1,494.17,0.0,494.17,card,CUST_7685,Premium
TXN_202506_014693,2025-06-28,REG_07,STORE_020,EMP_007,PROD_017,2,398.97,0.07,742.08,credit,CUST_3482,Premium
TXN_202506_014694,2025-06-14,REG_03,STORE_007,EMP_003,PROD_020,3,60.93,0.28,131.61,cash,CUST_3811,Premium
TXN_202506_014695,2025-06-24,REG_07,STORE_021,EMP_007,PROD_015,3,492.83,0.21,1168.01,mobile,CUST_7060,VIP
TXN_202506_014696,2025-06-23,REG_10,STORE_029,EMP_017,PROD_001,3,260.0,0.19,631.8,card,CUST_3795,Premium
TXN_202506_014697,2025-06-10,REG_08,STORE_024,EMP_012,PROD_025,5,196.34,0.03,952.25,card,CUST_8402,Premium
TXN_202506_014698,2025-06-01,REG_02,STORE_005,EMP_002,PROD_018,5,440.68,0.18,1806.79,mobile,CUST_1479,Premium
TXN_202506_014699,2025-06-17,REG_02,STORE_004,EMP_002,PROD_010,2,78.16,0.29,110.99,card,CUST_1592,VIP
TXN_202506_014700,2025-06-20,REG_05,STORE_013,EMP_005,PROD_041,1,317.86,0.02,311.5,card,CUST_8000,VIP
TXN_202506_014701,2025-06-24,REG_08,STORE_024,EMP_008,PROD_046,3,123.47,0.01,366.71,card,CUST_9098,Regular
TXN_202506_014702,2025-06-04,REG_05,STORE_015,EMP_005,PROD_045,2,137.95,0.06,259.35,credit,CUST_8311,Premium
TXN_202506_014703,2025-06-25,REG_04,STORE_011,EMP_004,PROD_028,4,220.15,0.28,634.03,card,CUST_4300,Regular
TXN_202506_014704,2025-06-03,REG_06,STORE_016,EMP_006,PROD_007,3,345.39,0.27,756.4,credit,CUST_4168,Premium
TXN_202506_014705,2025-06-25,REG_08,STORE_024,EMP_015,PROD_045,5,392.76,0.17,1629.95,credit,CUST_4304,VIP
TXN_202506_014706,2025-06-15,REG_06,STORE_016,EMP_006,PROD_041,3,144.49,0.21,342.44,card,CUST_8407,Premium
TXN_202506_014707,2025-06-07,REG_07,STORE_019,EMP_007,PROD_042,5,475.32,0.13,2067.64,mobile,CUST_5839,New
TXN_202506_014708,2025-06-20,REG_06,STORE_018,EMP_006,PROD_042,5,80.13,0.22,312.51,card,CUST_3571,Premium
TXN_202506_014709,2025-06-19,REG_06,STORE_016,EMP_006,PROD_044,4,234.43,0.02,918.97,cash,CUST_9625,New
TXN_202506_014710,2025-06-28,REG_08,STORE_023,EMP_015,PROD_001,4,122.08,0.07,454.14,credit,CUST_8951,New
TXN_202506_014711,2025-06-04,REG_04,STORE_012,EMP_030,PROD_006,3,96.95,0.19,235.59,cash,CUST_4326,VIP
TXN_202506_014712,2025-06-06,REG_05,STORE_013,EMP_005,PROD_034,2,109.22,0.19,176.94,cash,CUST_7235,New
TXN_202506_014713,2025-06-04,REG_06,STORE_017,EMP_006,PROD_003,4,473.49,0.11,1685.62,mobile,CUST_7133,Regular
TXN_202506_014714,2025-06-08,REG_06,STORE_017,EMP_006,PROD_034,3,84.88,0.04,244.45,mobile,CUST_6844,VIP
TXN_202506_014715,2025-06-13,REG_05,STORE_015,EMP_021,PROD_047,3,264.95,0.09,723.31,cash,CUST_3941,Regular
TXN_202506_014716,2025-06-13,REG_04,STORE_011,EMP_016,PROD_014,4,185.13,0.1,666.47,card,CUST_9283,VIP
TXN_202506_014717,2025-06-30,REG_07,STORE_019,EMP_007,PROD_036,4,217.18,0.2,694.98,card,CUST_7737,Premium
TXN_202506_014718,2025-06-29,REG_08,STORE_024,EMP_023,PROD_007,4,491.81,0.06,1849.21,card,CUST_1273,Regular
TXN_202506_014719,2025-06-22,REG_08,STORE_024,EMP_015,PROD_007,1,422.34,0.22,329.43,mobile,CUST_5132,New
TXN_202506_014720,2025-06-25,REG_05,STORE_014,EMP_005,PROD_001,1,254.73,0.15,216.52,mobile,CUST_8354,New
TXN_202506_014721,2025-06-26,REG_03,STORE_009,EMP_003,PROD_032,4,413.46,0.02,1620.76,cash,CUST_5408,Regular
TXN_202506_014722,2025-06-20,REG_04,STORE_011,EMP_030,PROD_007,2,462.2,0.01,915.16,card,CUST_2458,Premium
TXN_202506_014723,2025-06-16,REG_07,STORE_019,EMP_007,PROD_039,3,109.27,0.13,285.19,credit,CUST_5693,VIP
TXN_202506_014724,2025-06-14,REG_05,STORE_013,EMP_021,PROD_038,1,206.25,0.01,204.19,mobile,CUST_7318,Premium
TXN_202506_014725,2025-06-22,REG_03,STORE_008,EMP_003,PROD_011,5,281.65,0.07,1309.67,mobile,CUST_1546,VIP
TXN_202506_014726,2025-06-10,REG_03,STORE_009,EMP_003,PROD_036,5,417.06,0.27,1522.27,card,CUST_1351,New
TXN_202506_014727,2025-06-09,REG_03,STORE_009,EMP_014,PROD_029,3,483.71,0.02,1422.11,credit,CUST_2569,VIP
TXN_202506_014728,2025-06-29,REG_06,STORE_018,EMP_006,PROD_031,1,107.79,0.16,90.54,credit,CUST_5149,VIP
TXN_202506_014729,2025-06-19,REG_05,STORE_014,EMP_021,PROD_043,1,367.05,0.1,330.35,credit,CUST_6435,Premium
TXN_202506_014730,2025-06-18,REG_05,STORE_014,EMP_005,PROD_028,3,481.72,0.02,1416.26,card,CUST_2274,New
TXN_202506_014731,2025-06-13,REG_01,STORE_003,EMP_001,PROD_003,1,486.86,0.29,345.67,credit,CUST_9500,Regular
TXN_202506_014732,2025-06-17,REG_02,STORE_004,EMP_002,PROD_040,1,496.61,0.01,491.64,card,CUST_1999,Regular
TXN_202506_014733,2025-06-09,REG_05,STORE_014,EMP_005,PROD_031,1,411.6,0.29,292.24,card,CUST_9657,New
TXN_202506_014734,2025-06-04,REG_04,STORE_012,EMP_030,PROD_047,4,364.3,0.08,1340.62,mobile,CUST_6149,Premium
TXN_202506_014735,2025-06-03,REG_01,STORE_003,EMP_019,PROD_022,2,240.59,0.3,336.83,credit,CUST_1883,New
TXN_202506_014736,2025-06-18,REG_06,STORE_018,EMP_006,PROD_023,2,457.92,0.26,677.72,credit,CUST_5510,Regular
TXN_202506_014737,2025-06-21,REG_06,STORE_016,EMP_006,PROD_023,3,399.58,0.27,875.08,cash,CUST_2632,VIP
TXN_202506_014738,2025-06-15,REG_04,STORE_012,EMP_024,PROD_040,5,35.82,0.01,177.31,cash,CUST_5594,VIP
TXN_202506_014739,2025-06-17,REG_08,STORE_022,EMP_008,PROD_024,5,31.1,0.11,138.4,credit,CUST_6131,VIP
TXN_202506_014740,2025-06-28,REG_04,STORE_012,EMP_004,PROD_001,5,253.57,0.23,976.24,cash,CUST_9816,Premium
TXN_202506_014741,2025-06-20,REG_03,STORE_007,EMP_014,PROD_043,2,385.29,0.11,685.82,mobile,CUST_3332,New
TXN_202506_014742,2025-06-15,REG_09,STORE_027,EMP_027,PROD_029,3,195.4,0.18,480.68,cash,CUST_7368,New
TXN_202506_014743,2025-06-06,REG_04,STORE_010,EMP_016,PROD_038,3,382.54,0.23,883.67,card,CUST_9947,Premium
TXN_202506_014744,2025-06-03,REG_08,STORE_023,EMP_012,PROD_013,3,299.16,0.28,646.19,cash,CUST_6374,Premium
TXN_202506_014745,2025-06-02,REG_08,STORE_023,EMP_008,PROD_012,1,102.05,0.29,72.46,mobile,CUST_4106,VIP
TXN_202506_014746,2025-06-27,REG_09,STORE_025,EMP_025,PROD_043,3,351.04,0.12,926.75,cash,CUST_6335,New
TXN_202506_014747,2025-06-13,REG_10,STORE_028,EMP_028,PROD_004,2,86.32,0.25,129.48,card,CUST_3256,New
TXN_202506_014748,2025-06-18,REG_01,STORE_001,EMP_001,PROD_020,1,424.25,0.27,309.7,mobile,CUST_5396,New
TXN_202506_014749,2025-06-22,REG_06,STORE_016,EMP_006,PROD_039,2,270.75,0.26,400.71,mobile,CUST_3039,New
TXN_202506_014750,2025-06-05,REG_03,STORE_009,EMP_003,PROD_024,1,53.7,0.3,37.59,cash,CUST_4553,Regular
TXN_202506_014751,2025-06-23,REG_06,STORE_016,EMP_006,PROD_035,3,232.47,0.19,564.9,mobile,CUST_9252,VIP
TXN_202506_014752,2025-06-22,REG_08,STORE_023,EMP_008,PROD_004,3,144.34,0.07,402.71,credit,CUST_1087,Regular
TXN_202506_014753,2025-06-30,REG_07,STORE_020,EMP_007,PROD_006,1,52.54,0.17,43.61,card,CUST_1005,VIP
TXN_202506_014754,2025-06-25,REG_08,STORE_024,EMP_023,PROD_045,5,495.96,0.29,1760.66,credit,CUST_3279,Premium
TXN_202506_014755,2025-06-13,REG_01,STORE_002,EMP_018,PROD_037,2,20.26,0.07,37.68,mobile,CUST_8780,VIP
TXN_202506_014756,2025-06-07,REG_09,STORE_027,EMP_022,PROD_045,1,439.44,0.2,351.55,credit,CUST_9953,Premium
TXN_202506_014757,2025-06-01,REG_08,STORE_023,EMP_008,PROD_019,4,416.97,0.13,1451.06,card,CUST_5511,Regular
TXN_202506_014758,2025-06-20,REG_01,STORE_003,EMP_019,PROD_013,2,224.29,0.08,412.69,cash,CUST_9075,Regular
TXN_202506_014759,2025-06-01,REG_09,STORE_027,EMP_022,PROD_031,1,404.91,0.28,291.54,credit,CUST_5022,Regular
TXN_202506_014760,2025-06-29,REG_09,STORE_026,EMP_027,PROD_002,3,469.39,0.08,1295.52,cash,CUST_9079,Regular
TXN_202506_014761,2025-06-12,REG_09,STORE_026,EMP_022,PROD_044,5,107.86,0.09,490.76,credit,CUST_5676,New
TXN_202506_014762,2025-06-27,REG_06,STORE_018,EMP_006,PROD_025,4,124.67,0.19,403.93,credit,CUST_9529,Premium
TXN_202506_014763,2025-06-19,REG_03,STORE_009,EMP_003,PROD_042,5,280.64,0.0,1403.2,mobile,CUST_9659,Regular
TXN_202506_014764,2025-06-21,REG_05,STORE_015,EMP_021,PROD_045,1,390.84,0.0,390.84,cash,CUST_4279,Regular
TXN_202506_014765,2025-06-16,REG_04,STORE_012,EMP_029,PROD_019,5,302.01,0.3,1057.03,card,CUST_8235,New
TXN_202506_014766,2025-06-03,REG_03,STORE_007,EMP_014,PROD_034,2,19.33,0.28,27.84,cash,CUST_5487,Regular
TXN_202506_014767,2025-06-05,REG_05,STORE_013,EMP_005,PROD_011,3,127.12,0.12,335.6,card,CUST_5553,Premium
TXN_202506_014768,2025-06-21,REG_04,STORE_012,EMP_016,PROD_025,3,99.28,0.14,256.14,mobile,CUST_1278,VIP
TXN_202506_014769,2025-06-29,REG_05,STORE_013,EMP_021,PROD_003,5,356.03,0.07,1655.54,mobile,CUST_8312,Regular
TXN_202506_014770,2025-06-28,REG_02,STORE_006,EMP_002,PROD_007,5,200.2,0.27,730.73,credit,CUST_7012,Regular
TXN_202506_014771,2025-06-20,REG_08,STORE_023,EMP_012,PROD_045,2,399.45,0.06,750.97,credit,CUST_6791,VIP
TXN_202506_014772,2025-06-19,REG_10,STORE_028,EMP_010,PROD_023,1,38.24,0.2,30.59,cash,CUST_3245,Premium
TXN_202506_014773,2025-06-30,REG_07,STORE_020,EMP_007,PROD_037,1,173.9,0.0,173.9,credit,CUST_3356,New
TXN_202506_014774,2025-06-18,REG_03,STORE_007,EMP_003,PROD_025,2,446.25,0.05,847.88,card,CUST_5825,New
TXN_202506_014775,2025-06-29,REG_02,STORE_006,EMP_002,PROD_015,5,59.0,0.27,215.35,credit,CUST_5460,New
TXN_202506_014776,2025-06-05,REG_05,STORE_013,EMP_005,PROD_027,5,416.75,0.19,1687.84,card,CUST_8547,Premium
TXN_202506_014777,2025-06-30,REG_07,STORE_020,EMP_007,PROD_015,5,171.6,0.2,686.4,card,CUST_4173,Regular
TXN_202506_014778,2025-06-18,REG_01,STORE_002,EMP_019,PROD_041,4,182.62,0.29,518.64,card,CUST_8403,Regular
TXN_202506_014779,2025-06-03,REG_09,STORE_026,EMP_009,PROD_038,2,85.54,0.13,148.84,mobile,CUST_3190,New
TXN_202506_014780,2025-06-30,REG_09,STORE_027,EMP_009,PROD_028,3,282.6,0.04,813.89,credit,CUST_5818,Premium
TXN_202506_014781,2025-06-15,REG_05,STORE_013,EMP_005,PROD_043,2,135.02,0.13,234.93,card,CUST_9658,Regular
TXN_202506_014782,2025-06-16,REG_03,STORE_008,EMP_003,PROD_038,3,351.65,0.27,770.11,credit,CUST_4964,New
TXN_202506_014783,2025-06-25,REG_04,STORE_011,EMP_024,PROD_029,5,361.14,0.14,1552.9,mobile,CUST_1062,Regular
TXN_202506_014784,2025-06-17,REG_02,STORE_005,EMP_002,PROD_009,3,239.8,0.12,633.07,mobile,CUST_4583,New
TXN_202506_014785,2025-06-26,REG_02,STORE_004,EMP_002,PROD_043,5,81.39,0.03,394.74,credit,CUST_1870,Regular
TXN_202506_014786,2025-06-28,REG_03,STORE_007,EMP_014,PROD_043,5,375.22,0.07,1744.77,card,CUST_5743,Premium
TXN_202506_014787,2025-06-24,REG_02,STORE_006,EMP_002,PROD_023,5,497.2,0.15,2113.1,mobile,CUST_2237,VIP
TXN_202506_014788,2025-06-24,REG_06,STORE_017,EMP_006,PROD_048,3,258.64,0.18,636.25,cash,CUST_6556,Regular
TXN_202506_014789,2025-06-25,REG_01,STORE_001,EMP_001,PROD_002,4,424.31,0.16,1425.68,credit,CUST_5811,Regular
TXN_202506_014790,2025-06-26,REG_10,STORE_029,EMP_017,PROD_014,4,105.71,0.05,401.7,credit,CUST_6392,Premium
TXN_202506_014791,2025-06-08,REG_10,STORE_029,EMP_020,PROD_041,3,18.67,0.16,47.05,credit,CUST_2604,Premium
TXN_202506_014792,2025-06-22,REG_06,STORE_018,EMP_006,PROD_031,5,421.67,0.23,1623.43,mobile,CUST_8433,Regular
TXN_202506_014793,2025-06-26,REG_06,STORE_017,EMP_006,PROD_049,4,274.45,0.18,900.2,card,CUST_1671,New
TXN_202506_014794,2025-06-24,REG_07,STORE_020,EMP_007,PROD_029,2,52.87,0.11,94.11,credit,CUST_2116,Regular
TXN_202506_014795,2025-06-12,REG_08,STORE_024,EMP_012,PROD_014,2,399.31,0.06,750.7,mobile,CUST_5030,Premium
TXN_202506_014796,2025-06-30,REG_03,STORE_007,EMP_003,PROD_044,2,194.67,0.27,284.22,cash,CUST_2471,Premium
TXN_202506_014797,2025-06-08,REG_01,STORE_003,EMP_001,PROD_014,4,382.42,0.19,1239.04,card,CUST_7388,New
TXN_202506_014798,2025-06-20,REG_05,STORE_015,EMP_005,PROD_041,4,341.68,0.08,1257.38,cash,CUST_9591,Regular
TXN_202506_014799,2025-06-06,REG_04,STORE_010,EMP_024,PROD_044,2,179.08,0.09,325.93,card,CUST_4368,VIP
TXN_202506_014800,2025-06-03,REG_05,STORE_013,EMP_021,PROD_020,3,477.98,0.25,1075.45,cash,CUST_9248,Premium
TXN_202506_014801,2025-06-16,REG_02,STORE_006,EMP_002,PROD_028,5,295.1,0.08,1357.46,cash,CUST_7037,Premium
TXN_202506_014802,2025-06-18,REG_02,STORE_005,EMP_002,PROD_020,1,493.84,0.12,434.58,mobile,CUST_4439,Premium
TXN_202506_014803,2025-06-25,REG_02,STORE_005,EMP_002,PROD_037,3,468.97,0.11,1252.15,cash,CUST_7303,Premium
TXN_202506_014804,2025-06-02,REG_06,STORE_017,EMP_006,PROD_039,5,444.2,0.08,2043.32,credit,CUST_6990,New
TXN_202506_014805,2025-06-10,REG_07,STORE_019,EMP_007,PROD_005,4,405.84,0.08,1493.49,cash,CUST_7684,Premium
TXN_202506_014806,2025-06-01,REG_07,STORE_019,EMP_007,PROD_027,4,286.74,0.03,1112.55,cash,CUST_7139,Premium
TXN_202506_014807,2025-06-15,REG_06,STORE_018,EMP_006,PROD_048,4,332.79,0.22,1038.3,credit,CUST_6370,New
TXN_202506_014808,2025-06-13,REG_02,STORE_005,EMP_002,PROD_005,1,126.37,0.08,116.26,cash,CUST_4605,Premium
TXN_202506_014809,2025-06-13,REG_04,STORE_010,EMP_026,PROD_029,1,253.82,0.28,182.75,cash,CUST_8345,Premium
TXN_202506_014810,2025-06-26,REG_10,STORE_030,EMP_010,PROD_001,1,222.05,0.11,197.62,mobile,CUST_8971,VIP
TXN_202506_014811,2025-06-28,REG_05,STORE_015,EMP_021,PROD_020,4,35.59,0.11,126.7,credit,CUST_1046,VIP
TXN_202506_014812,2025-06-20,REG_10,STORE_028,EMP_017,PROD_036,3,113.91,0.24,259.71,mobile,CUST_9467,VIP
TXN_202506_014813,2025-06-05,REG_01,STORE_002,EMP_019,PROD_050,4,469.52,0.19,1521.24,card,CUST_8442,New
TXN_202506_014814,2025-06-28,REG_05,STORE_013,EMP_005,PROD_034,1,117.37,0.06,110.33,mobile,CUST_2776,Regular
TXN_202506_014815,2025-06-11,REG_02,STORE_004,EMP_002,PROD_043,3,342.59,0.01,1017.49,card,CUST_3014,VIP
TXN_202506_014816,2025-06-21,REG_01,STORE_002,EMP_011,PROD_023,5,466.77,0.07,2170.48,card,CUST_9305,Premium
TXN_202506_014817,2025-06-21,REG_08,STORE_022,EMP_008,PROD_008,3,29.98,0.19,72.85,mobile,CUST_3193,New
TXN_202506_014818,2025-06-12,REG_06,STORE_018,EMP_006,PROD_047,1,213.68,0.15,181.63,mobile,CUST_3424,Premium
TXN_202506_014819,2025-06-21,REG_09,STORE_027,EMP_025,PROD_002,1,496.85,0.24,377.61,card,CUST_8942,New
TXN_202506_014820,2025-06-21,REG_09,STORE_026,EMP_009,PROD_045,4,29.8,0.27,87.02,credit,CUST_5954,Regular
TXN_202506_014821,2025-06-10,REG_09,STORE_026,EMP_025,PROD_045,5,153.95,0.03,746.66,credit,CUST_3402,New
TXN_202506_014822,2025-06-08,REG_01,STORE_001,EMP_001,PROD_013,3,471.03,0.01,1398.96,credit,CUST_8258,VIP
TXN_202506_014823,2025-06-16,REG_08,STORE_022,EMP_023,PROD_035,3,307.67,0.09,839.94,mobile,CUST_1841,New
TXN_202506_014824,2025-06-20,REG_08,STORE_023,EMP_023,PROD_006,4,374.11,0.08,1376.72,card,CUST_4077,Regular
TXN_202506_014825,2025-06-30,REG_04,STORE_012,EMP_024,PROD_035,3,237.73,0.21,563.42,card,CUST_7259,Regular
TXN_202506_014826,2025-06-11,REG_02,STORE_006,EMP_002,PROD_022,2,442.06,0.27,645.41,credit,CUST_9273,New
TXN_202506_014827,2025-06-23,REG_01,STORE_003,EMP_018,PROD_016,5,326.05,0.29,1157.48,credit,CUST_1502,New
TXN_202506_014828,2025-06-09,REG_05,STORE_015,EMP_021,PROD_045,5,84.8,0.2,339.2,cash,CUST_6383,VIP
TXN_202506_014829,2025-06-12,REG_06,STORE_017,EMP_006,PROD_039,5,391.45,0.02,1918.11,mobile,CUST_3255,VIP
TXN_202506_014830,2025-06-21,REG_10,STORE_028,EMP_017,PROD_025,3,259.86,0.05,740.6,credit,CUST_7460,New
TXN_202506_014831,2025-06-09,REG_03,STORE_009,EMP_003,PROD_016,2,313.46,0.28,451.38,card,CUST_7663,Regular
TXN_202506_014832,2025-06-03,REG_02,STORE_006,EMP_002,PROD_031,1,420.4,0.23,323.71,cash,CUST_4359,VIP
TXN_202506_014833,2025-06-22,REG_01,STORE_003,EMP_018,PROD_044,1,307.01,0.16,257.89,mobile,CUST_5335,VIP
TXN_202506_014834,2025-06-21,REG_06,STORE_017,EMP_006,PROD_030,2,413.04,0.24,627.82,cash,CUST_5809,Regular
TXN_202506_014835,2025-06-25,REG_10,STORE_030,EMP_013,PROD_001,4,402.3,0.16,1351.73,card,CUST_6267,Regular
TXN_202506_014836,2025-06-24,REG_08,STORE_022,EMP_008,PROD_028,5,331.53,0.11,1475.31,mobile,CUST_9350,Regular
TXN_202506_014837,2025-06-04,REG_03,STORE_007,EMP_014,PROD_024,2,75.53,0.15,128.4,credit,CUST_7216,New
TXN_202506_014838,2025-06-25,REG_03,STORE_008,EMP_003,PROD_025,1,470.69,0.17,390.67,credit,CUST_6418,New
TXN_202506_014839,2025-06-29,REG_06,STORE_016,EMP_006,PROD_044,5,342.34,0.01,1694.58,cash,CUST_9541,Regular
TXN_202506_014840,2025-06-19,REG_03,STORE_008,EMP_014,PROD_043,3,396.58,0.07,1106.46,card,CUST_3281,Regular
TXN_202506_014841,2025-06-04,REG_10,STORE_030,EMP_013,PROD_016,4,186.74,0.16,627.45,mobile,CUST_3045,New
TXN_202506_014842,2025-06-14,REG_08,STORE_023,EMP_015,PROD_029,4,101.98,0.05,387.52,cash,CUST_3658,New
TXN_202506_014843,2025-06-19,REG_02,STORE_004,EMP_002,PROD_036,4,221.98,0.07,825.77,cash,CUST_6394,Regular
TXN_202506_014844,2025-06-10,REG_09,STORE_026,EMP_009,PROD_009,2,257.14,0.25,385.71,cash,CUST_7854,Regular
TXN_202506_014845,2025-06-05,REG_07,STORE_020,EMP_007,PROD_029,2,58.08,0.24,88.28,card,CUST_3116,Regular
TXN_202506_014846,2025-06-03,REG_09,STORE_027,EMP_025,PROD_002,1,459.69,0.23,353.96,mobile,CUST_8752,Premium
TXN_202506_014847,2025-06-02,REG_02,STORE_004,EMP_002,PROD_034,1,180.55,0.1,162.5,credit,CUST_9521,New
TXN_202506_014848,2025-06-20,REG_09,STORE_027,EMP_025,PROD_014,3,387.17,0.18,952.44,card,CUST_1608,Premium
TXN_202506_014849,2025-06-20,REG_06,STORE_018,EMP_006,PROD_049,1,52.61,0.24,39.98,cash,CUST_3312,Premium
TXN_202506_014850,2025-06-15,REG_03,STORE_007,EMP_014,PROD_029,5,403.84,0.11,1797.09,mobile,CUST_5814,VIP
TXN_202506_014851,2025-06-28,REG_03,STORE_009,EMP_003,PROD_046,3,258.09,0.09,704.59,card,CUST_4753,Regular
TXN_202506_014852,2025-06-20,REG_06,STORE_017,EMP_006,PROD_022,3,301.44,0.0,904.32,mobile,CUST_2178,VIP
TXN_202506_014853,2025-06-19,REG_02,STORE_005,EMP_002,PROD_020,4,73.18,0.13,254.67,cash,CUST_4046,Regular
TXN_202506_014854,2025-06-09,REG_02,STORE_005,EMP_002,PROD_023,5,238.69,0.17,990.56,card,CUST_4179,New
TXN_202506_014855,2025-06-19,REG_04,STORE_011,EMP_026,PROD_011,4,212.4,0.2,679.68,credit,CUST_5669,Regular
TXN_202506_014856,2025-06-17,REG_09,STORE_025,EMP_025,PROD_019,4,172.8,0.2,552.96,cash,CUST_8524,Regular
TXN_202506_014857,2025-06-29,REG_08,STORE_024,EMP_023,PROD_037,5,444.56,0.19,1800.47,credit,CUST_6617,VIP
TXN_202506_014858,2025-06-22,REG_05,STORE_015,EMP_005,PROD_043,1,417.94,0.12,367.79,credit,CUST_5402,Regular
TXN_202506_014859,2025-06-06,REG_08,STORE_023,EMP_023,PROD_004,5,128.1,0.16,538.02,cash,CUST_6669,New
TXN_202506_014860,2025-06-16,REG_02,STORE_004,EMP_002,PROD_040,3,15.83,0.08,43.69,mobile,CUST_5471,Regular
TXN_202506_014861,2025-06-25,REG_09,STORE_025,EMP_025,PROD_001,5,122.16,0.13,531.4,credit,CUST_8412,VIP
TXN_202506_014862,2025-06-06,REG_04,STORE_011,EMP_029,PROD_046,2,442.74,0.13,770.37,cash,CUST_2223,VIP
TXN_202506_014863,2025-06-30,REG_09,STORE_025,EMP_025,PROD_042,5,221.16,0.1,995.22,card,CUST_7500,VIP
TXN_202506_014864,2025-06-20,REG_09,STORE_025,EMP_027,PROD_015,4,242.28,0.2,775.3,credit,CUST_5304,Regular
TXN_202506_014865,2025-06-15,REG_01,STORE_003,EMP_018,PROD_020,4,210.16,0.26,622.07,card,CUST_6969,VIP
TXN_202506_014866,2025-06-10,REG_10,STORE_030,EMP_017,PROD_033,4,290.76,0.11,1035.11,mobile,CUST_9508,Regular
TXN_202506_014867,2025-06-09,REG_04,STORE_011,EMP_026,PROD_003,3,259.64,0.19,630.93,credit,CUST_3325,VIP
TXN_202506_014868,2025-06-06,REG_10,STORE_030,EMP_028,PROD_009,3,226.81,0.29,483.11,credit,CUST_2246,VIP
TXN_202506_014869,2025-06-27,REG_07,STORE_019,EMP_007,PROD_015,2,399.83,0.23,615.74,card,CUST_1220,New
TXN_202506_014870,2025-06-19,REG_06,STORE_018,EMP_006,PROD_023,1,157.15,0.07,146.15,mobile,CUST_2876,New
TXN_202506_014871,2025-06-12,REG_08,STORE_024,EMP_023,PROD_025,1,423.67,0.15,360.12,card,CUST_9999,Regular
TXN_202506_014872,2025-06-12,REG_08,STORE_022,EMP_008,PROD_006,4,400.88,0.04,1539.38,mobile,CUST_4190,VIP
TXN_202506_014873,2025-06-08,REG_08,STORE_022,EMP_023,PROD_019,3,392.95,0.25,884.14,credit,CUST_1241,Regular
TXN_202506_014874,2025-06-12,REG_07,STORE_020,EMP_007,PROD_040,5,321.83,0.07,1496.51,cash,CUST_2841,New
TXN_202506_014875,2025-06-13,REG_05,STORE_014,EMP_005,PROD_023,2,363.64,0.11,647.28,card,CUST_7577,Premium
TXN_202506_014876,2025-06-18,REG_04,STORE_012,EMP_026,PROD_032,2,398.76,0.16,669.92,credit,CUST_1533,VIP
TXN_202506_014877,2025-06-27,REG_02,STORE_005,EMP_002,PROD_006,1,338.61,0.19,274.27,card,CUST_4863,Premium
TXN_202506_014878,2025-06-21,REG_08,STORE_024,EMP_008,PROD_035,1,444.71,0.18,364.66,card,CUST_1922,Regular
TXN_202506_014879,2025-06-13,REG_08,STORE_022,EMP_023,PROD_030,3,294.37,0.15,750.64,card,CUST_2670,New
TXN_202506_014880,2025-06-19,REG_02,STORE_004,EMP_002,PROD_017,5,400.5,0.19,1622.03,credit,CUST_8758,VIP
TXN_202506_014881,2025-06-01,REG_01,STORE_002,EMP_018,PROD_014,2,124.76,0.27,182.15,cash,CUST_8883,Regular
TXN_202506_014882,2025-06-03,REG_10,STORE_029,EMP_017,PROD_001,5,88.52,0.09,402.77,mobile,CUST_8563,Premium
TXN_202506_014883,2025-06-07,REG_10,STORE_030,EMP_013,PROD_013,5,271.35,0.26,1004.0,credit,CUST_1212,Regular
TXN_202506_014884,2025-06-20,REG_04,STORE_012,EMP_026,PROD_021,2,158.39,0.07,294.61,card,CUST_9635,New
TXN_202506_014885,2025-06-17,REG_03,STORE_007,EMP_003,PROD_036,3,295.1,0.2,708.24,credit,CUST_3900,Regular
TXN_202506_014886,2025-06-29,REG_01,STORE_001,EMP_018,PROD_046,2,423.08,0.11,753.08,card,CUST_7402,Premium
TXN_202506_014887,2025-06-09,REG_06,STORE_016,EMP_006,PROD_013,5,423.24,0.03,2052.71,credit,CUST_9811,VIP
TXN_202506_014888,2025-06-12,REG_03,STORE_008,EMP_014,PROD_008,4,200.31,0.14,689.07,mobile,CUST_9891,VIP
TXN_202506_014889,2025-06-08,REG_05,STORE_014,EMP_021,PROD_008,5,345.26,0.26,1277.46,credit,CUST_6503,Regular
TXN_202506_014890,2025-06-28,REG_10,STORE_029,EMP_013,PROD_020,1,93.12,0.28,67.05,mobile,CUST_5073,Regular
TXN_202506_014891,2025-06-23,REG_08,STORE_023,EMP_012,PROD_009,1,49.53,0.24,37.64,cash,CUST_3882,New
TXN_202506_014892,2025-06-13,REG_05,STORE_014,EMP_005,PROD_028,3,448.69,0.15,1144.16,cash,CUST_1524,Regular
TXN_202506_014893,2025-06-21,REG_03,STORE_007,EMP_003,PROD_013,5,329.36,0.23,1268.04,mobile,CUST_1485,Premium
TXN_202506_014894,2025-06-08,REG_01,STORE_001,EMP_019,PROD_020,5,285.87,0.03,1386.47,cash,CUST_7633,VIP
TXN_202506_014895,2025-06-04,REG_09,STORE_027,EMP_025,PROD_050,4,278.67,0.23,858.3,credit,CUST_8340,New
TXN_202506_014896,2025-06-11,REG_01,STORE_003,EMP_011,PROD_011,3,238.1,0.27,521.44,credit,CUST_3213,Premium
TXN_202506_014897,2025-06-06,REG_10,STORE_029,EMP_028,PROD_047,5,140.3,0.02,687.47,mobile,CUST_9103,VIP
TXN_202506_014898,2025-06-10,REG_05,STORE_014,EMP_005,PROD_032,1,178.31,0.17,148.0,cash,CUST_8079,Premium
TXN_202506_014899,2025-06-21,REG_02,STORE_004,EMP_002,PROD_037,1,97.3,0.11,86.6,card,CUST_5159,Premium
TXN_202506_014900,2025-06-13,REG_06,STORE_018,EMP_006,PROD_039,3,314.38,0.11,839.39,mobile,CUST_3517,VIP
TXN_202506_014901,2025-06-22,REG_03,STORE_008,EMP_014,PROD_020,2,145.89,0.03,283.03,cash,CUST_7763,Regular
TXN_202506_014902,2025-06-22,REG_02,STORE_006,EMP_002,PROD_013,3,458.53,0.24,1045.45,mobile,CUST_3088,VIP
TXN_202506_014903,2025-06-22,REG_10,STORE_030,EMP_010,PROD_023,3,343.41,0.03,999.32,cash,CUST_3829,Premium
TXN_202506_014904,2025-06-09,REG_09,STORE_026,EMP_027,PROD_030,5,274.26,0.18,1124.47,credit,CUST_1951,Regular
TXN_202506_014905,2025-06-22,REG_10,STORE_028,EMP_017,PROD_042,4,265.1,0.12,933.15,card,CUST_9118,VIP
TXN_202506_014906,2025-06-14,REG_06,STORE_018,EMP_006,PROD_030,3,215.47,0.12,568.84,cash,CUST_5663,New
TXN_202506_014907,2025-06-26,REG_02,STORE_006,EMP_002,PROD_020,3,199.08,0.09,543.49,credit,CUST_1183,VIP
TXN_202506_014908,2025-06-25,REG_03,STORE_008,EMP_003,PROD_001,1,357.38,0.14,307.35,mobile,CUST_5382,Premium
TXN_202506_014909,2025-06-30,REG_09,STORE_025,EMP_009,PROD_013,2,414.12,0.08,761.98,cash,CUST_7826,VIP
TXN_202506_014910,2025-06-15,REG_07,STORE_019,EMP_007,PROD_045,5,220.1,0.05,1045.47,mobile,CUST_2302,New
TXN_202506_014911,2025-06-30,REG_05,STORE_015,EMP_021,PROD_015,2,388.26,0.24,590.16,credit,CUST_6850,New
TXN_202506_014912,2025-06-21,REG_08,STORE_023,EMP_008,PROD_029,2,171.65,0.25,257.48,mobile,CUST_7614,Regular
TXN_202506_014913,2025-06-28,REG_04,STORE_010,EMP_004,PROD_034,3,84.09,0.07,234.61,mobile,CUST_9747,VIP
TXN_202506_014914,2025-06-14,REG_01,STORE_002,EMP_001,PROD_008,2,163.48,0.06,307.34,card,CUST_6426,VIP
TXN_202506_014915,2025-06-02,REG_04,STORE_010,EMP_004,PROD_039,3,35.78,0.28,77.28,credit,CUST_2646,New
TXN_202506_014916,2025-06-08,REG_09,STORE_026,EMP_027,PROD_041,4,98.95,0.26,292.89,credit,CUST_4890,VIP
TXN_202506_014917,2025-06-28,REG_10,STORE_030,EMP_028,PROD_010,1,74.78,0.06,70.29,card,CUST_8285,Regular
TXN_202506_014918,2025-06-16,REG_07,STORE_020,EMP_007,PROD_023,4,309.82,0.1,1115.35,card,CUST_4340,Premium
TXN_202506_014919,2025-06-08,REG_05,STORE_013,EMP_021,PROD_009,5,106.44,0.25,399.15,mobile,CUST_7454,Regular
TXN_202506_014920,2025-06-26,REG_07,STORE_019,EMP_007,PROD_018,3,457.04,0.02,1343.7,credit,CUST_5945,VIP
TXN_202506_014921,2025-06-27,REG_02,STORE_004,EMP_002,PROD_022,1,216.08,0.24,164.22,mobile,CUST_5940,Premium
TXN_202506_014922,2025-06-01,REG_01,STORE_001,EMP_018,PROD_010,3,357.87,0.25,805.21,credit,CUST_2279,VIP
TXN_202506_014923,2025-06-03,REG_04,STORE_011,EMP_029,PROD_049,2,53.47,0.09,97.32,credit,CUST_4204,Premium
TXN_202506_014924,2025-06-20,REG_01,STORE_003,EMP_001,PROD_031,5,457.62,0.25,1716.07,cash,CUST_8722,Premium
TXN_202506_014925,2025-06-15,REG_04,STORE_012,EMP_026,PROD_042,5,382.97,0.06,1799.96,card,CUST_4998,Premium
TXN_202506_014926,2025-06-24,REG_01,STORE_003,EMP_019,PROD_023,4,463.55,0.22,1446.28,card,CUST_7984,Regular
TXN_202506_014927,2025-06-06,REG_06,STORE_018,EMP_006,PROD_042,2,387.14,0.0,774.28,mobile,CUST_9799,Premium
TXN_202506_014928,2025-06-18,REG_05,STORE_013,EMP_005,PROD_014,1,20.97,0.07,19.5,card,CUST_6864,Regular
TXN_202506_014929,2025-06-29,REG_08,STORE_024,EMP_023,PROD_008,2,227.36,0.18,372.87,mobile,CUST_3687,New
TXN_202506_014930,2025-06-30,REG_08,STORE_024,EMP_015,PROD_047,5,305.66,0.03,1482.45,credit,CUST_2564,Regular
TXN_202506_014931,2025-06-19,REG_04,STORE_012,EMP_016,PROD_017,5,386.29,0.18,1583.79,card,CUST_2439,VIP
TXN_202506_014932,2025-06-07,REG_03,STORE_009,EMP_003,PROD_039,4,371.71,0.12,1308.42,card,CUST_3430,Regular
TXN_202506_014933,2025-06-22,REG_03,STORE_007,EMP_003,PROD_030,2,291.89,0.23,449.51,credit,CUST_4861,Regular
TXN_202506_014934,2025-06-18,REG_06,STORE_018,EMP_006,PROD_024,2,173.79,0.26,257.21,card,CUST_8039,Regular
TXN_202506_014935,2025-06-22,REG_04,STORE_010,EMP_030,PROD_003,5,268.43,0.14,1154.25,credit,CUST_8964,Regular
TXN_202506_014936,2025-06-07,REG_09,STORE_027,EMP_022,PROD_039,2,176.52,0.22,275.37,card,CUST_7985,Premium
TXN_202506_014937,2025-06-17,REG_06,STORE_016,EMP_006,PROD_021,2,294.18,0.09,535.41,cash,CUST_9095,VIP
TXN_202506_014938,2025-06-16,REG_06,STORE_018,EMP_006,PROD_018,2,19.0,0.12,33.44,mobile,CUST_9194,VIP
TXN_202506_014939,2025-06-21,REG_06,STORE_017,EMP_006,PROD_048,3,186.67,0.02,548.81,card,CUST_4250,Regular
TXN_202506_014940,2025-06-30,REG_08,STORE_024,EMP_008,PROD_030,3,174.34,0.02,512.56,credit,CUST_6600,Premium
TXN_202506_014941,2025-06-22,REG_04,STORE_012,EMP_026,PROD_016,3,420.4,0.01,1248.59,mobile,CUST_6612,VIP
TXN_202506_014942,2025-06-10,REG_06,STORE_017,EMP_006,PROD_040,1,153.4,0.3,107.38,mobile,CUST_6030,New
TXN_202506_014943,2025-06-27,REG_10,STORE_030,EMP_028,PROD_033,3,377.24,0.02,1109.09,cash,CUST_2388,Regular
TXN_202506_014944,2025-06-22,REG_09,STORE_026,EMP_027,PROD_035,5,62.16,0.0,310.8,cash,CUST_5947,New
TXN_202506_014945,2025-06-28,REG_07,STORE_020,EMP_007,PROD_022,1,309.96,0.1,278.96,credit,CUST_1262,Regular
TXN_202506_014946,2025-06-03,REG_06,STORE_016,EMP_006,PROD_036,4,18.07,0.15,61.44,credit,CUST_2761,New
TXN_202506_014947,2025-06-29,REG_09,STORE_025,EMP_009,PROD_025,1,414.81,0.26,306.96,credit,CUST_4144,Premium
TXN_202506_014948,2025-06-22,REG_10,STORE_028,EMP_013,PROD_049,1,77.36,0.29,54.93,card,CUST_4545,New
TXN_202506_014949,2025-06-10,REG_07,STORE_019,EMP_007,PROD_019,1,106.51,0.26,78.82,card,CUST_9834,New
TXN_202506_014950,2025-06-18,REG_05,STORE_013,EMP_005,PROD_046,5,276.68,0.13,1203.56,credit,CUST_3242,Premium
TXN_202506_014951,2025-06-27,REG_07,STORE_020,EMP_007,PROD_009,4,71.63,0.18,234.95,card,CUST_5688,Premium
TXN_202506_014952,2025-06-01,REG_02,STORE_004,EMP_002,PROD_004,3,276.83,0.07,772.36,card,CUST_7535,VIP
TXN_202506_014953,2025-06-01,REG_07,STORE_019,EMP_007,PROD_048,2,480.28,0.19,778.05,credit,CUST_5394,Premium
TXN_202506_014954,2025-06-11,REG_08,STORE_023,EMP_008,PROD_025,2,168.57,0.21,266.34,card,CUST_2624,New
TXN_202506_014955,2025-06-23,REG_10,STORE_029,EMP_013,PROD_045,3,402.59,0.02,1183.61,mobile,CUST_5099,New
TXN_202506_014956,2025-06-08,REG_03,STORE_009,EMP_014,PROD_034,2,51.53,0.09,93.78,card,CUST_6319,VIP
TXN_202506_014957,2025-06-03,REG_06,STORE_018,EMP_006,PROD_027,2,37.01,0.3,51.81,card,CUST_7583,VIP
TXN_202506_014958,2025-06-05,REG_07,STORE_020,EMP_007,PROD_050,1,52.0,0.05,49.4,credit,CUST_9961,VIP
TXN_202506_014959,2025-06-03,REG_06,STORE_017,EMP_006,PROD_023,3,220.31,0.18,541.96,mobile,CUST_8883,VIP
TXN_202506_014960,2025-06-27,REG_05,STORE_013,EMP_021,PROD_037,4,80.01,0.16,268.83,card,CUST_5859,Regular
TXN_202506_014961,2025-06-13,REG_04,STORE_011,EMP_030,PROD_009,1,172.42,0.18,141.38,cash,CUST_3034,New
