transaction_id,date,region,store_id,employee_id,product_id,units,unit_price,discount,revenue,payment,customer_id,customer_segment
TXN_202404_007481,2024-04-22,REG_05,STORE_013,EMP_005,PROD_020,3,75.35,0.2,180.84,mobile,CUST_9652,Regular
TXN_202404_007482,2024-04-20,REG_08,STORE_022,EMP_008,PROD_027,5,183.19,0.14,787.72,mobile,CUST_7977,VIP
TXN_202404_007483,2024-04-11,REG_05,STORE_013,EMP_005,PROD_008,4,100.89,0.02,395.49,card,CUST_1614,New
TXN_202404_007484,2024-04-28,REG_03,STORE_009,EMP_014,PROD_035,2,497.41,0.11,885.39,mobile,CUST_2131,VIP
TXN_202404_007485,2024-04-23,REG_02,STORE_006,EMP_002,PROD_005,4,237.92,0.02,932.65,mobile,CUST_2775,New
TXN_202404_007486,2024-04-30,REG_06,STORE_017,EMP_006,PROD_018,4,405.55,0.22,1265.32,mobile,CUST_3590,VIP
TXN_202404_007487,2024-04-07,REG_09,STORE_025,EMP_025,PROD_048,2,483.55,0.22,754.34,card,CUST_7101,Premium
TXN_202404_007488,2024-04-29,REG_07,STORE_019,EMP_007,PROD_032,5,428.35,0.09,1948.99,card,CUST_4932,Premium
TXN_202404_007489,2024-04-07,REG_04,STORE_011,EMP_026,PROD_014,1,185.72,0.1,167.15,mobile,CUST_6128,Regular
TXN_202404_007490,2024-04-03,REG_10,STORE_030,EMP_020,PROD_018,1,19.52,0.25,14.64,mobile,CUST_3388,New
TXN_202404_007491,2024-04-20,REG_10,STORE_028,EMP_020,PROD_023,5,407.97,0.14,1754.27,credit,CUST_7927,VIP
TXN_202404_007492,2024-04-28,REG_03,STORE_007,EMP_014,PROD_017,2,49.55,0.17,82.25,credit,CUST_6951,New
TXN_202404_007493,2024-04-12,REG_03,STORE_009,EMP_014,PROD_047,1,130.1,0.17,107.98,card,CUST_1068,Premium
TXN_202404_007494,2024-04-02,REG_03,STORE_008,EMP_003,PROD_022,1,430.15,0.02,421.55,cash,CUST_2992,New
TXN_202404_007495,2024-04-07,REG_06,STORE_017,EMP_006,PROD_049,3,14.29,0.26,31.72,cash,CUST_1422,Regular
TXN_202404_007496,2024-04-09,REG_08,STORE_024,EMP_015,PROD_022,5,408.99,0.28,1472.36,card,CUST_5750,New
TXN_202404_007497,2024-04-30,REG_02,STORE_005,EMP_002,PROD_001,4,473.83,0.14,1629.98,mobile,CUST_9090,Premium
TXN_202404_007498,2024-04-08,REG_10,STORE_029,EMP_017,PROD_007,1,232.4,0.03,225.43,card,CUST_9226,New
TXN_202404_007499,2024-04-09,REG_02,STORE_006,EMP_002,PROD_014,1,300.94,0.18,246.77,cash,CUST_4424,Regular
TXN_202404_007500,2024-04-30,REG_04,STORE_012,EMP_016,PROD_038,1,308.35,0.01,305.27,mobile,CUST_5794,Regular
TXN_202404_007501,2024-04-23,REG_08,STORE_024,EMP_008,PROD_012,5,29.88,0.27,109.06,credit,CUST_4803,Premium
TXN_202404_007502,2024-04-19,REG_09,STORE_025,EMP_025,PROD_040,3,471.63,0.25,1061.17,mobile,CUST_2987,VIP
TXN_202404_007503,2024-04-15,REG_02,STORE_006,EMP_002,PROD_031,5,183.74,0.03,891.14,card,CUST_7825,VIP
TXN_202404_007504,2024-04-16,REG_03,STORE_009,EMP_003,PROD_011,2,89.58,0.22,139.74,mobile,CUST_2697,VIP
TXN_202404_007505,2024-04-18,REG_01,STORE_003,EMP_011,PROD_008,1,240.66,0.16,202.15,mobile,CUST_4440,New
TXN_202404_007506,2024-04-08,REG_09,STORE_025,EMP_025,PROD_050,1,450.88,0.18,369.72,cash,CUST_6283,New
TXN_202404_007507,2024-04-27,REG_03,STORE_007,EMP_014,PROD_014,5,427.12,0.01,2114.24,card,CUST_3650,New
TXN_202404_007508,2024-04-05,REG_08,STORE_023,EMP_012,PROD_019,5,270.47,0.26,1000.74,credit,CUST_8782,Regular
TXN_202404_007509,2024-04-16,REG_10,STORE_028,EMP_020,PROD_034,3,418.99,0.14,1080.99,card,CUST_6763,New
TXN_202404_007510,2024-04-13,REG_04,STORE_010,EMP_030,PROD_007,2,187.85,0.07,349.4,card,CUST_9919,Premium
TXN_202404_007511,2024-04-14,REG_01,STORE_003,EMP_019,PROD_010,1,49.57,0.24,37.67,credit,CUST_1758,Premium
TXN_202404_007512,2024-04-03,REG_09,STORE_027,EMP_025,PROD_023,5,79.51,0.24,302.14,mobile,CUST_6116,New
TXN_202404_007513,2024-04-01,REG_10,STORE_030,EMP_020,PROD_010,2,148.43,0.21,234.52,cash,CUST_9023,Regular
TXN_202404_007514,2024-04-21,REG_10,STORE_029,EMP_028,PROD_030,3,435.33,0.11,1162.33,cash,CUST_6631,VIP
TXN_202404_007515,2024-04-04,REG_01,STORE_001,EMP_011,PROD_004,1,479.16,0.02,469.58,mobile,CUST_4012,Premium
TXN_202404_007516,2024-04-23,REG_03,STORE_008,EMP_003,PROD_048,5,454.45,0.23,1749.63,card,CUST_6196,VIP
TXN_202404_007517,2024-04-09,REG_01,STORE_003,EMP_019,PROD_014,5,472.99,0.04,2270.35,credit,CUST_4781,Regular
TXN_202404_007518,2024-04-15,REG_05,STORE_015,EMP_005,PROD_045,2,479.41,0.3,671.17,credit,CUST_7320,VIP
TXN_202404_007519,2024-04-15,REG_07,STORE_019,EMP_007,PROD_039,4,266.2,0.06,1000.91,cash,CUST_4109,VIP
TXN_202404_007520,2024-04-28,REG_04,STORE_011,EMP_029,PROD_017,1,249.6,0.01,247.1,credit,CUST_1047,Premium
TXN_202404_007521,2024-04-26,REG_03,STORE_007,EMP_014,PROD_015,4,61.5,0.04,236.16,cash,CUST_9169,New
TXN_202404_007522,2024-04-20,REG_10,STORE_030,EMP_017,PROD_004,3,253.86,0.22,594.03,card,CUST_3355,Premium
TXN_202404_007523,2024-04-26,REG_10,STORE_029,EMP_010,PROD_009,2,234.63,0.09,427.03,credit,CUST_7781,Premium
TXN_202404_007524,2024-04-16,REG_09,STORE_025,EMP_022,PROD_039,1,252.87,0.27,184.6,credit,CUST_7947,VIP
TXN_202404_007525,2024-04-15,REG_05,STORE_013,EMP_021,PROD_005,4,419.1,0.28,1207.01,cash,CUST_5615,Regular
TXN_202404_007526,2024-04-08,REG_03,STORE_009,EMP_014,PROD_002,1,383.4,0.06,360.4,card,CUST_7172,VIP
TXN_202404_007527,2024-04-26,REG_10,STORE_029,EMP_028,PROD_002,2,291.12,0.21,459.97,credit,CUST_1313,VIP
TXN_202404_007528,2024-04-27,REG_01,STORE_001,EMP_001,PROD_003,1,456.41,0.08,419.9,credit,CUST_6129,New
TXN_202404_007529,2024-04-28,REG_02,STORE_005,EMP_002,PROD_047,4,95.8,0.04,367.87,card,CUST_7992,Premium
TXN_202404_007530,2024-04-25,REG_04,STORE_011,EMP_030,PROD_037,4,99.83,0.22,311.47,cash,CUST_6144,VIP
TXN_202404_007531,2024-04-21,REG_05,STORE_015,EMP_021,PROD_007,2,36.55,0.03,70.91,mobile,CUST_6766,Regular
TXN_202404_007532,2024-04-17,REG_05,STORE_013,EMP_021,PROD_003,5,85.1,0.16,357.42,credit,CUST_7419,VIP
TXN_202404_007533,2024-04-11,REG_10,STORE_028,EMP_010,PROD_015,3,439.61,0.11,1173.76,credit,CUST_1176,New
TXN_202404_007534,2024-04-13,REG_02,STORE_005,EMP_002,PROD_049,2,455.15,0.21,719.14,cash,CUST_4534,Regular
TXN_202404_007535,2024-04-28,REG_03,STORE_007,EMP_003,PROD_024,2,475.0,0.0,950.0,card,CUST_4028,VIP
TXN_202404_007536,2024-04-30,REG_02,STORE_006,EMP_002,PROD_047,5,163.25,0.14,701.98,mobile,CUST_6483,New
TXN_202404_007537,2024-04-19,REG_09,STORE_026,EMP_027,PROD_018,2,258.73,0.12,455.36,card,CUST_5645,New
TXN_202404_007538,2024-04-08,REG_07,STORE_021,EMP_007,PROD_025,4,465.3,0.12,1637.86,card,CUST_4294,Premium
TXN_202404_007539,2024-04-19,REG_10,STORE_029,EMP_028,PROD_033,2,337.3,0.27,492.46,mobile,CUST_8785,Regular
TXN_202404_007540,2024-04-29,REG_10,STORE_028,EMP_020,PROD_042,2,158.68,0.12,279.28,cash,CUST_3183,VIP
TXN_202404_007541,2024-04-10,REG_06,STORE_018,EMP_006,PROD_033,3,413.4,0.2,992.16,cash,CUST_9557,Premium
TXN_202404_007542,2024-04-18,REG_08,STORE_022,EMP_012,PROD_044,5,40.42,0.3,141.47,credit,CUST_8544,Regular
TXN_202404_007543,2024-04-25,REG_09,STORE_026,EMP_022,PROD_030,5,252.23,0.15,1071.98,mobile,CUST_4479,VIP
TXN_202404_007544,2024-04-28,REG_08,STORE_024,EMP_015,PROD_046,3,222.84,0.24,508.08,mobile,CUST_6605,New
TXN_202404_007545,2024-04-04,REG_06,STORE_018,EMP_006,PROD_011,1,117.92,0.02,115.56,credit,CUST_5366,New
TXN_202404_007546,2024-04-21,REG_05,STORE_015,EMP_005,PROD_032,1,336.21,0.15,285.78,cash,CUST_5509,Regular
TXN_202404_007547,2024-04-04,REG_01,STORE_001,EMP_001,PROD_036,2,227.61,0.16,382.38,credit,CUST_6685,Regular
TXN_202404_007548,2024-04-01,REG_01,STORE_003,EMP_018,PROD_012,1,404.75,0.16,339.99,cash,CUST_8161,New
TXN_202404_007549,2024-04-24,REG_03,STORE_009,EMP_003,PROD_009,2,426.5,0.1,767.7,card,CUST_6813,New
TXN_202404_007550,2024-04-09,REG_07,STORE_019,EMP_007,PROD_044,4,397.18,0.28,1143.88,credit,CUST_8096,Regular
TXN_202404_007551,2024-04-26,REG_08,STORE_024,EMP_008,PROD_019,4,173.6,0.04,666.62,mobile,CUST_3965,New
TXN_202404_007552,2024-04-17,REG_02,STORE_005,EMP_002,PROD_036,5,11.7,0.09,53.23,mobile,CUST_8583,Regular
TXN_202404_007553,2024-04-23,REG_02,STORE_004,EMP_002,PROD_004,2,110.47,0.21,174.54,cash,CUST_8208,Premium
TXN_202404_007554,2024-04-14,REG_03,STORE_009,EMP_003,PROD_022,2,413.86,0.0,827.72,mobile,CUST_1428,VIP
TXN_202404_007555,2024-04-06,REG_06,STORE_017,EMP_006,PROD_006,2,248.31,0.17,412.19,cash,CUST_2868,Premium
TXN_202404_007556,2024-04-26,REG_04,STORE_010,EMP_004,PROD_009,4,140.04,0.16,470.53,cash,CUST_2844,Premium
TXN_202404_007557,2024-04-05,REG_03,STORE_008,EMP_003,PROD_049,1,406.03,0.08,373.55,cash,CUST_9855,New
TXN_202404_007558,2024-04-29,REG_09,STORE_026,EMP_027,PROD_033,1,381.99,0.07,355.25,mobile,CUST_2552,Premium
TXN_202404_007559,2024-04-02,REG_01,STORE_002,EMP_019,PROD_034,3,470.78,0.27,1031.01,cash,CUST_8729,Regular
TXN_202404_007560,2024-04-18,REG_07,STORE_019,EMP_007,PROD_013,4,465.26,0.04,1786.6,credit,CUST_4825,Regular
TXN_202404_007561,2024-04-21,REG_08,STORE_023,EMP_023,PROD_018,1,380.8,0.24,289.41,cash,CUST_2934,New
TXN_202404_007562,2024-04-12,REG_03,STORE_009,EMP_014,PROD_047,5,93.57,0.25,350.89,card,CUST_1712,VIP
TXN_202404_007563,2024-04-22,REG_10,STORE_028,EMP_028,PROD_012,5,481.33,0.07,2238.18,mobile,CUST_7424,Regular
TXN_202404_007564,2024-04-19,REG_09,STORE_026,EMP_025,PROD_028,4,29.57,0.16,99.36,credit,CUST_3379,Premium
TXN_202404_007565,2024-04-01,REG_09,STORE_027,EMP_027,PROD_008,2,19.47,0.09,35.44,card,CUST_5791,Regular
TXN_202404_007566,2024-04-01,REG_04,STORE_012,EMP_030,PROD_041,1,11.25,0.28,8.1,credit,CUST_5213,VIP
TXN_202404_007567,2024-04-11,REG_01,STORE_001,EMP_018,PROD_028,4,252.45,0.26,747.25,cash,CUST_6739,Regular
TXN_202404_007568,2024-04-22,REG_01,STORE_003,EMP_001,PROD_033,5,490.59,0.06,2305.77,mobile,CUST_6326,Premium
TXN_202404_007569,2024-04-28,REG_04,STORE_011,EMP_016,PROD_025,1,237.19,0.01,234.82,credit,CUST_8719,VIP
TXN_202404_007570,2024-04-02,REG_10,STORE_028,EMP_013,PROD_045,4,71.23,0.12,250.73,cash,CUST_3156,VIP
TXN_202404_007571,2024-04-27,REG_06,STORE_017,EMP_006,PROD_039,3,466.53,0.05,1329.61,credit,CUST_5009,New
TXN_202404_007572,2024-04-06,REG_05,STORE_014,EMP_005,PROD_001,4,376.29,0.17,1249.28,cash,CUST_2814,New
TXN_202404_007573,2024-04-16,REG_09,STORE_025,EMP_009,PROD_039,5,442.38,0.3,1548.33,mobile,CUST_9656,Regular
TXN_202404_007574,2024-04-10,REG_09,STORE_027,EMP_009,PROD_039,2,446.7,0.05,848.73,credit,CUST_4175,VIP
TXN_202404_007575,2024-04-08,REG_08,STORE_022,EMP_015,PROD_004,4,448.82,0.16,1508.04,card,CUST_4588,Premium
TXN_202404_007576,2024-04-12,REG_01,STORE_001,EMP_011,PROD_033,2,33.54,0.22,52.32,credit,CUST_5010,VIP
TXN_202404_007577,2024-04-01,REG_05,STORE_013,EMP_005,PROD_042,4,24.34,0.09,88.6,mobile,CUST_9594,Premium
TXN_202404_007578,2024-04-10,REG_08,STORE_023,EMP_015,PROD_017,4,51.54,0.23,158.74,mobile,CUST_1565,Premium
TXN_202404_007579,2024-04-14,REG_09,STORE_025,EMP_022,PROD_019,1,116.11,0.03,112.63,mobile,CUST_2404,Regular
TXN_202404_007580,2024-04-10,REG_01,STORE_002,EMP_019,PROD_012,4,460.88,0.29,1308.9,cash,CUST_7149,New
TXN_202404_007581,2024-04-18,REG_04,STORE_012,EMP_026,PROD_028,4,393.19,0.05,1494.12,mobile,CUST_9634,Premium
TXN_202404_007582,2024-04-16,REG_03,STORE_007,EMP_014,PROD_027,1,318.33,0.06,299.23,mobile,CUST_3497,New
TXN_202404_007583,2024-04-01,REG_03,STORE_009,EMP_014,PROD_043,2,176.8,0.09,321.78,credit,CUST_3389,Premium
TXN_202404_007584,2024-04-21,REG_10,STORE_030,EMP_020,PROD_032,4,335.86,0.12,1182.23,card,CUST_3849,Regular
TXN_202404_007585,2024-04-24,REG_07,STORE_019,EMP_007,PROD_048,4,491.03,0.21,1551.65,credit,CUST_2612,New
TXN_202404_007586,2024-04-07,REG_04,STORE_012,EMP_004,PROD_002,2,42.47,0.25,63.7,cash,CUST_2422,New
TXN_202404_007587,2024-04-14,REG_07,STORE_020,EMP_007,PROD_009,2,254.01,0.21,401.34,card,CUST_9539,Premium
TXN_202404_007588,2024-04-23,REG_09,STORE_025,EMP_009,PROD_024,2,230.52,0.07,428.77,cash,CUST_7394,VIP
TXN_202404_007589,2024-04-08,REG_04,STORE_010,EMP_030,PROD_018,2,319.75,0.21,505.21,credit,CUST_5903,VIP
TXN_202404_007590,2024-04-22,REG_09,STORE_026,EMP_022,PROD_018,1,242.03,0.26,179.1,mobile,CUST_8090,Regular
TXN_202404_007591,2024-04-13,REG_07,STORE_020,EMP_007,PROD_001,1,220.69,0.22,172.14,cash,CUST_1106,New
TXN_202404_007592,2024-04-06,REG_05,STORE_014,EMP_005,PROD_028,2,329.69,0.07,613.22,credit,CUST_8782,New
TXN_202404_007593,2024-04-10,REG_05,STORE_014,EMP_021,PROD_023,2,35.52,0.26,52.57,mobile,CUST_2173,Premium
TXN_202404_007594,2024-04-23,REG_02,STORE_005,EMP_002,PROD_021,3,101.54,0.25,228.47,cash,CUST_3740,VIP
TXN_202404_007595,2024-04-24,REG_05,STORE_013,EMP_021,PROD_045,3,133.86,0.01,397.56,card,CUST_2230,VIP
TXN_202404_007596,2024-04-26,REG_03,STORE_008,EMP_014,PROD_005,3,88.05,0.1,237.73,cash,CUST_4396,VIP
TXN_202404_007597,2024-04-16,REG_08,STORE_023,EMP_023,PROD_008,2,112.97,0.13,196.57,cash,CUST_3713,New
TXN_202404_007598,2024-04-07,REG_09,STORE_027,EMP_009,PROD_010,2,22.36,0.08,41.14,mobile,CUST_9639,New
TXN_202404_007599,2024-04-22,REG_07,STORE_019,EMP_007,PROD_043,5,278.68,0.14,1198.32,card,CUST_2624,Regular
TXN_202404_007600,2024-04-20,REG_10,STORE_030,EMP_013,PROD_023,1,236.74,0.1,213.07,mobile,CUST_8616,Regular
TXN_202404_007601,2024-04-03,REG_01,STORE_001,EMP_018,PROD_036,2,54.57,0.16,91.68,credit,CUST_3243,Regular
TXN_202404_007602,2024-04-29,REG_09,STORE_027,EMP_025,PROD_043,4,293.4,0.09,1067.98,card,CUST_3971,Premium
TXN_202404_007603,2024-04-10,REG_03,STORE_009,EMP_003,PROD_007,2,472.38,0.24,718.02,cash,CUST_2883,New
TXN_202404_007604,2024-04-19,REG_10,STORE_028,EMP_010,PROD_037,1,369.23,0.0,369.23,cash,CUST_2022,New
TXN_202404_007605,2024-04-19,REG_07,STORE_020,EMP_007,PROD_004,4,456.8,0.26,1352.13,credit,CUST_9005,Premium
TXN_202404_007606,2024-04-02,REG_09,STORE_027,EMP_022,PROD_017,1,463.15,0.06,435.36,credit,CUST_5806,New
TXN_202404_007607,2024-04-03,REG_10,STORE_029,EMP_013,PROD_042,3,111.25,0.09,303.71,mobile,CUST_9029,VIP
TXN_202404_007608,2024-04-13,REG_06,STORE_018,EMP_006,PROD_033,1,43.38,0.12,38.17,mobile,CUST_1929,Regular
TXN_202404_007609,2024-04-12,REG_01,STORE_002,EMP_001,PROD_049,5,207.07,0.19,838.63,mobile,CUST_1202,Premium
TXN_202404_007610,2024-04-22,REG_03,STORE_007,EMP_003,PROD_028,4,417.39,0.15,1419.13,credit,CUST_7526,Premium
TXN_202404_007611,2024-04-05,REG_03,STORE_009,EMP_003,PROD_029,2,213.24,0.16,358.24,cash,CUST_9112,Premium
TXN_202404_007612,2024-04-02,REG_07,STORE_021,EMP_007,PROD_006,2,479.6,0.02,940.02,cash,CUST_7200,VIP
TXN_202404_007613,2024-04-02,REG_03,STORE_009,EMP_014,PROD_023,1,231.86,0.09,210.99,cash,CUST_2058,New
TXN_202404_007614,2024-04-17,REG_02,STORE_006,EMP_002,PROD_042,5,371.34,0.09,1689.6,credit,CUST_3383,New
TXN_202404_007615,2024-04-30,REG_08,STORE_023,EMP_023,PROD_024,5,159.73,0.06,750.73,cash,CUST_4623,Regular
TXN_202404_007616,2024-04-27,REG_03,STORE_007,EMP_003,PROD_015,3,218.27,0.28,471.46,mobile,CUST_6266,New
TXN_202404_007617,2024-04-29,REG_03,STORE_007,EMP_003,PROD_001,5,156.96,0.01,776.95,mobile,CUST_3543,New
TXN_202404_007618,2024-04-25,REG_07,STORE_020,EMP_007,PROD_003,1,136.31,0.28,98.14,mobile,CUST_6015,Premium
TXN_202404_007619,2024-04-01,REG_10,STORE_028,EMP_017,PROD_030,4,135.81,0.25,407.43,card,CUST_4592,New
TXN_202404_007620,2024-04-14,REG_09,STORE_025,EMP_027,PROD_004,3,179.92,0.05,512.77,card,CUST_6034,VIP
TXN_202404_007621,2024-04-03,REG_01,STORE_002,EMP_018,PROD_040,5,279.9,0.09,1273.55,credit,CUST_2436,Premium
TXN_202404_007622,2024-04-09,REG_04,STORE_011,EMP_030,PROD_045,5,418.65,0.19,1695.53,cash,CUST_4119,Premium
TXN_202404_007623,2024-04-13,REG_05,STORE_014,EMP_021,PROD_007,5,346.51,0.06,1628.6,card,CUST_9452,Regular
TXN_202404_007624,2024-04-20,REG_09,STORE_026,EMP_009,PROD_005,1,448.39,0.15,381.13,cash,CUST_9863,Premium
TXN_202404_007625,2024-04-15,REG_02,STORE_005,EMP_002,PROD_040,3,12.25,0.19,29.77,card,CUST_5447,Regular
TXN_202404_007626,2024-04-02,REG_07,STORE_019,EMP_007,PROD_022,3,171.51,0.04,493.95,mobile,CUST_5864,Regular
TXN_202404_007627,2024-04-30,REG_05,STORE_013,EMP_005,PROD_019,2,203.18,0.21,321.02,credit,CUST_9810,New
TXN_202404_007628,2024-04-04,REG_02,STORE_004,EMP_002,PROD_034,3,310.17,0.19,753.71,mobile,CUST_1241,Regular
TXN_202404_007629,2024-04-04,REG_10,STORE_028,EMP_017,PROD_046,3,455.74,0.07,1271.51,cash,CUST_9017,Regular
TXN_202404_007630,2024-04-24,REG_08,STORE_022,EMP_015,PROD_026,3,406.09,0.22,950.25,cash,CUST_5320,Premium
TXN_202404_007631,2024-04-27,REG_10,STORE_030,EMP_020,PROD_038,2,99.63,0.1,179.33,card,CUST_6529,New
TXN_202404_007632,2024-04-22,REG_02,STORE_006,EMP_002,PROD_047,5,293.76,0.29,1042.85,mobile,CUST_5807,Regular
TXN_202404_007633,2024-04-11,REG_08,STORE_022,EMP_012,PROD_019,3,376.41,0.17,937.26,credit,CUST_4850,Premium
TXN_202404_007634,2024-04-26,REG_06,STORE_016,EMP_006,PROD_004,1,442.16,0.27,322.78,card,CUST_2624,Regular
TXN_202404_007635,2024-04-02,REG_06,STORE_017,EMP_006,PROD_026,3,309.67,0.17,771.08,mobile,CUST_8271,New
TXN_202404_007636,2024-04-23,REG_04,STORE_011,EMP_029,PROD_013,1,294.94,0.3,206.46,credit,CUST_2547,Regular
TXN_202404_007637,2024-04-18,REG_01,STORE_002,EMP_019,PROD_040,3,342.4,0.1,924.48,credit,CUST_9544,Regular
TXN_202404_007638,2024-04-22,REG_08,STORE_022,EMP_015,PROD_050,2,176.33,0.0,352.66,card,CUST_8509,Premium
TXN_202404_007639,2024-04-04,REG_09,STORE_025,EMP_027,PROD_022,1,291.14,0.03,282.41,card,CUST_8523,Premium
TXN_202404_007640,2024-04-04,REG_10,STORE_029,EMP_010,PROD_019,3,495.9,0.17,1234.79,mobile,CUST_1510,Premium
TXN_202404_007641,2024-04-15,REG_10,STORE_030,EMP_028,PROD_041,2,321.3,0.27,469.1,card,CUST_8115,New
TXN_202404_007642,2024-04-04,REG_03,STORE_008,EMP_014,PROD_002,2,150.37,0.23,231.57,cash,CUST_2485,VIP
TXN_202404_007643,2024-04-15,REG_01,STORE_002,EMP_019,PROD_047,3,248.41,0.01,737.78,credit,CUST_4325,New
TXN_202404_007644,2024-04-12,REG_09,STORE_025,EMP_027,PROD_006,3,336.27,0.26,746.52,cash,CUST_4446,New
TXN_202404_007645,2024-04-30,REG_02,STORE_004,EMP_002,PROD_001,4,109.08,0.01,431.96,cash,CUST_2918,VIP
TXN_202404_007646,2024-04-25,REG_03,STORE_009,EMP_003,PROD_001,1,382.93,0.01,379.1,card,CUST_5531,Regular
TXN_202404_007647,2024-04-20,REG_02,STORE_004,EMP_002,PROD_002,2,315.85,0.29,448.51,mobile,CUST_2472,Regular
TXN_202404_007648,2024-04-21,REG_03,STORE_007,EMP_014,PROD_013,2,76.31,0.19,123.62,mobile,CUST_4966,Regular
TXN_202404_007649,2024-04-05,REG_03,STORE_009,EMP_003,PROD_037,1,347.31,0.21,274.37,credit,CUST_6409,New
TXN_202404_007650,2024-04-02,REG_10,STORE_029,EMP_020,PROD_012,5,76.43,0.01,378.33,card,CUST_4026,Regular
TXN_202404_007651,2024-04-22,REG_02,STORE_004,EMP_002,PROD_013,2,125.06,0.05,237.61,mobile,CUST_3479,Premium
TXN_202404_007652,2024-04-14,REG_07,STORE_021,EMP_007,PROD_047,5,91.91,0.01,454.95,cash,CUST_3050,Regular
TXN_202404_007653,2024-04-30,REG_03,STORE_008,EMP_003,PROD_019,2,441.16,0.0,882.32,card,CUST_7967,Premium
TXN_202404_007654,2024-04-08,REG_04,STORE_010,EMP_016,PROD_023,5,498.13,0.11,2216.68,cash,CUST_1072,VIP
TXN_202404_007655,2024-04-05,REG_01,STORE_002,EMP_018,PROD_008,3,286.67,0.17,713.81,credit,CUST_2784,Premium
TXN_202404_007656,2024-04-12,REG_10,STORE_030,EMP_010,PROD_038,4,145.85,0.04,560.06,cash,CUST_8173,VIP
TXN_202404_007657,2024-04-22,REG_01,STORE_001,EMP_019,PROD_048,3,419.85,0.3,881.69,mobile,CUST_5994,VIP
TXN_202404_007658,2024-04-05,REG_06,STORE_016,EMP_006,PROD_042,1,145.05,0.27,105.89,card,CUST_4332,New
TXN_202404_007659,2024-04-02,REG_06,STORE_017,EMP_006,PROD_038,4,469.87,0.2,1503.58,cash,CUST_6752,Regular
TXN_202404_007660,2024-04-26,REG_06,STORE_018,EMP_006,PROD_011,2,451.07,0.15,766.82,card,CUST_1586,Regular
TXN_202404_007661,2024-04-16,REG_09,STORE_027,EMP_025,PROD_024,3,428.56,0.04,1234.25,credit,CUST_9135,Regular
TXN_202404_007662,2024-04-20,REG_04,STORE_011,EMP_004,PROD_008,1,415.01,0.04,398.41,credit,CUST_4313,VIP
TXN_202404_007663,2024-04-17,REG_09,STORE_027,EMP_009,PROD_035,2,436.81,0.24,663.95,cash,CUST_9394,Regular
TXN_202404_007664,2024-04-17,REG_03,STORE_007,EMP_003,PROD_044,1,373.2,0.28,268.7,mobile,CUST_9786,New
TXN_202404_007665,2024-04-14,REG_05,STORE_015,EMP_021,PROD_008,2,145.02,0.03,281.34,cash,CUST_3231,Premium
TXN_202404_007666,2024-04-24,REG_08,STORE_022,EMP_015,PROD_042,4,29.29,0.14,100.76,credit,CUST_4190,VIP
TXN_202404_007667,2024-04-19,REG_02,STORE_005,EMP_002,PROD_032,4,97.93,0.09,356.47,credit,CUST_2770,Premium
TXN_202404_007668,2024-04-10,REG_09,STORE_026,EMP_025,PROD_029,3,192.33,0.1,519.29,credit,CUST_3917,Regular
TXN_202404_007669,2024-04-12,REG_02,STORE_005,EMP_002,PROD_042,2,78.43,0.06,147.45,credit,CUST_9510,VIP
TXN_202404_007670,2024-04-16,REG_05,STORE_015,EMP_021,PROD_038,4,382.61,0.22,1193.74,mobile,CUST_6743,VIP
TXN_202404_007671,2024-04-18,REG_09,STORE_027,EMP_022,PROD_025,5,77.26,0.12,339.94,credit,CUST_8012,Premium
TXN_202404_007672,2024-04-01,REG_06,STORE_018,EMP_006,PROD_030,5,269.74,0.29,957.58,card,CUST_5763,VIP
TXN_202404_007673,2024-04-08,REG_04,STORE_011,EMP_030,PROD_033,2,86.04,0.15,146.27,cash,CUST_4122,Premium
TXN_202404_007674,2024-04-15,REG_05,STORE_015,EMP_005,PROD_019,4,29.3,0.25,87.9,card,CUST_7712,New
TXN_202404_007675,2024-04-24,REG_06,STORE_018,EMP_006,PROD_011,3,411.6,0.05,1173.06,mobile,CUST_8643,VIP
TXN_202404_007676,2024-04-26,REG_06,STORE_016,EMP_006,PROD_020,3,347.19,0.09,947.83,credit,CUST_5052,Premium
TXN_202404_007677,2024-04-08,REG_05,STORE_013,EMP_021,PROD_012,2,159.97,0.17,265.55,card,CUST_6442,Regular
TXN_202404_007678,2024-04-21,REG_01,STORE_001,EMP_011,PROD_041,4,474.01,0.02,1858.12,credit,CUST_4971,Premium
TXN_202404_007679,2024-04-25,REG_09,STORE_027,EMP_027,PROD_048,3,128.34,0.06,361.92,mobile,CUST_7654,VIP
TXN_202404_007680,2024-04-01,REG_02,STORE_004,EMP_002,PROD_045,4,478.56,0.22,1493.11,cash,CUST_4751,New
TXN_202404_007681,2024-04-04,REG_04,STORE_012,EMP_004,PROD_017,5,134.02,0.19,542.78,card,CUST_5577,Regular
TXN_202404_007682,2024-04-09,REG_08,STORE_024,EMP_012,PROD_033,2,19.08,0.24,29.0,credit,CUST_6880,Regular
TXN_202404_007683,2024-04-26,REG_05,STORE_014,EMP_005,PROD_028,2,446.04,0.28,642.3,mobile,CUST_6485,Premium
TXN_202404_007684,2024-04-14,REG_03,STORE_007,EMP_014,PROD_045,4,49.08,0.27,143.31,credit,CUST_7855,New
TXN_202404_007685,2024-04-19,REG_05,STORE_013,EMP_021,PROD_015,2,214.87,0.12,378.17,credit,CUST_8973,Regular
TXN_202404_007686,2024-04-13,REG_02,STORE_005,EMP_002,PROD_009,4,320.13,0.3,896.36,cash,CUST_9746,New
TXN_202404_007687,2024-04-10,REG_05,STORE_014,EMP_021,PROD_026,4,458.03,0.23,1410.73,card,CUST_9395,Regular
TXN_202404_007688,2024-04-07,REG_10,STORE_029,EMP_010,PROD_013,2,138.88,0.02,272.2,cash,CUST_4612,Regular
TXN_202404_007689,2024-04-22,REG_05,STORE_013,EMP_021,PROD_001,5,170.55,0.09,776.0,cash,CUST_7173,Premium
TXN_202404_007690,2024-04-15,REG_09,STORE_025,EMP_009,PROD_029,3,181.79,0.07,507.19,cash,CUST_6582,New
TXN_202404_007691,2024-04-12,REG_09,STORE_027,EMP_027,PROD_013,4,439.27,0.18,1440.81,cash,CUST_7484,New
TXN_202404_007692,2024-04-13,REG_05,STORE_014,EMP_005,PROD_029,3,336.5,0.18,827.79,mobile,CUST_5932,Premium
TXN_202404_007693,2024-04-03,REG_05,STORE_014,EMP_021,PROD_013,5,426.89,0.23,1643.53,cash,CUST_3640,Regular
TXN_202404_007694,2024-04-16,REG_08,STORE_022,EMP_023,PROD_040,3,221.94,0.16,559.29,card,CUST_7964,Regular
TXN_202404_007695,2024-04-02,REG_09,STORE_027,EMP_022,PROD_038,5,438.97,0.27,1602.24,cash,CUST_1691,Premium
TXN_202404_007696,2024-04-29,REG_07,STORE_019,EMP_007,PROD_042,3,292.47,0.04,842.31,card,CUST_7820,VIP
TXN_202404_007697,2024-04-15,REG_02,STORE_004,EMP_002,PROD_026,4,252.29,0.21,797.24,card,CUST_2234,Premium
TXN_202404_007698,2024-04-03,REG_06,STORE_018,EMP_006,PROD_027,1,301.46,0.2,241.17,mobile,CUST_2909,Premium
TXN_202404_007699,2024-04-06,REG_01,STORE_001,EMP_011,PROD_023,1,209.9,0.04,201.5,mobile,CUST_1847,VIP
TXN_202404_007700,2024-04-09,REG_03,STORE_008,EMP_014,PROD_014,3,154.94,0.04,446.23,card,CUST_4885,Premium
TXN_202404_007701,2024-04-01,REG_02,STORE_004,EMP_002,PROD_017,4,124.59,0.21,393.7,mobile,CUST_6837,New
TXN_202404_007702,2024-04-04,REG_07,STORE_019,EMP_007,PROD_042,5,300.22,0.08,1381.01,cash,CUST_1016,VIP
TXN_202404_007703,2024-04-16,REG_04,STORE_012,EMP_029,PROD_030,3,147.16,0.24,335.52,cash,CUST_2896,Premium
TXN_202404_007704,2024-04-23,REG_07,STORE_020,EMP_007,PROD_009,5,214.7,0.15,912.48,card,CUST_4087,Premium
TXN_202404_007705,2024-04-16,REG_09,STORE_026,EMP_009,PROD_042,5,126.69,0.01,627.12,cash,CUST_3907,New
TXN_202404_007706,2024-04-08,REG_10,STORE_030,EMP_017,PROD_047,2,104.1,0.04,199.87,card,CUST_2427,New
TXN_202404_007707,2024-04-04,REG_01,STORE_002,EMP_011,PROD_015,2,380.08,0.25,570.12,credit,CUST_3076,VIP
TXN_202404_007708,2024-04-23,REG_05,STORE_014,EMP_005,PROD_006,5,86.44,0.11,384.66,credit,CUST_5872,Regular
TXN_202404_007709,2024-04-13,REG_04,STORE_012,EMP_026,PROD_016,3,170.51,0.25,383.65,mobile,CUST_7771,Regular
TXN_202404_007710,2024-04-22,REG_01,STORE_001,EMP_018,PROD_014,4,420.33,0.23,1294.62,credit,CUST_7155,VIP
TXN_202404_007711,2024-04-22,REG_08,STORE_022,EMP_008,PROD_029,5,295.28,0.03,1432.11,card,CUST_1949,VIP
TXN_202404_007712,2024-04-08,REG_02,STORE_006,EMP_002,PROD_007,2,352.97,0.17,585.93,cash,CUST_4826,New
TXN_202404_007713,2024-04-06,REG_10,STORE_029,EMP_020,PROD_038,1,198.53,0.2,158.82,credit,CUST_1701,Regular
TXN_202404_007714,2024-04-15,REG_06,STORE_016,EMP_006,PROD_008,5,423.81,0.08,1949.53,cash,CUST_3401,Regular
TXN_202404_007715,2024-04-27,REG_02,STORE_005,EMP_002,PROD_047,5,488.61,0.27,1783.43,credit,CUST_4396,Regular
TXN_202404_007716,2024-04-19,REG_08,STORE_023,EMP_008,PROD_045,2,54.96,0.11,97.83,card,CUST_6834,New
TXN_202404_007717,2024-04-15,REG_10,STORE_030,EMP_028,PROD_013,5,110.71,0.07,514.8,credit,CUST_4034,VIP
TXN_202404_007718,2024-04-03,REG_01,STORE_001,EMP_019,PROD_015,3,135.31,0.24,308.51,mobile,CUST_1430,Regular
TXN_202404_007719,2024-04-02,REG_04,STORE_010,EMP_024,PROD_014,1,447.78,0.28,322.4,cash,CUST_1547,VIP
TXN_202404_007720,2024-04-16,REG_08,STORE_024,EMP_012,PROD_048,5,382.13,0.28,1375.67,credit,CUST_4663,New
TXN_202404_007721,2024-04-15,REG_04,STORE_012,EMP_026,PROD_005,4,75.29,0.1,271.04,credit,CUST_4692,Regular
TXN_202404_007722,2024-04-30,REG_05,STORE_013,EMP_021,PROD_001,2,154.6,0.04,296.83,mobile,CUST_4039,Regular
TXN_202404_007723,2024-04-08,REG_07,STORE_020,EMP_007,PROD_032,1,200.91,0.14,172.78,credit,CUST_4158,Premium
TXN_202404_007724,2024-04-09,REG_06,STORE_017,EMP_006,PROD_050,1,393.68,0.07,366.12,credit,CUST_6032,Regular
TXN_202404_007725,2024-04-19,REG_04,STORE_012,EMP_026,PROD_033,3,296.12,0.09,808.41,mobile,CUST_5307,New
TXN_202404_007726,2024-04-17,REG_01,STORE_001,EMP_001,PROD_001,4,227.17,0.02,890.51,credit,CUST_9273,New
TXN_202404_007727,2024-04-26,REG_06,STORE_018,EMP_006,PROD_003,5,434.59,0.04,2086.03,cash,CUST_9789,New
TXN_202404_007728,2024-04-07,REG_03,STORE_009,EMP_003,PROD_038,2,25.27,0.21,39.93,cash,CUST_2361,Premium
TXN_202404_007729,2024-04-03,REG_07,STORE_021,EMP_007,PROD_005,3,123.94,0.01,368.1,credit,CUST_5246,VIP
TXN_202404_007730,2024-04-26,REG_10,STORE_029,EMP_013,PROD_005,4,77.26,0.03,299.77,card,CUST_1035,Premium
TXN_202404_007731,2024-04-09,REG_09,STORE_025,EMP_009,PROD_001,2,273.27,0.19,442.7,mobile,CUST_1524,Regular
TXN_202404_007732,2024-04-23,REG_04,STORE_012,EMP_024,PROD_027,3,442.17,0.22,1034.68,card,CUST_3634,Regular
TXN_202404_007733,2024-04-13,REG_09,STORE_027,EMP_009,PROD_001,1,186.74,0.01,184.87,credit,CUST_2659,Premium
TXN_202404_007734,2024-04-29,REG_07,STORE_019,EMP_007,PROD_047,1,186.07,0.1,167.46,mobile,CUST_9519,New
TXN_202404_007735,2024-04-16,REG_07,STORE_021,EMP_007,PROD_036,5,50.55,0.27,184.51,card,CUST_3948,VIP
TXN_202404_007736,2024-04-07,REG_06,STORE_017,EMP_006,PROD_018,5,323.62,0.06,1521.01,credit,CUST_2869,New
TXN_202404_007737,2024-04-15,REG_01,STORE_001,EMP_011,PROD_004,4,433.59,0.16,1456.86,credit,CUST_1654,Regular
TXN_202404_007738,2024-04-10,REG_03,STORE_008,EMP_003,PROD_014,2,489.14,0.21,772.84,card,CUST_9572,Premium
TXN_202404_007739,2024-04-17,REG_05,STORE_014,EMP_021,PROD_023,1,382.84,0.2,306.27,cash,CUST_2348,Regular
TXN_202404_007740,2024-04-28,REG_09,STORE_026,EMP_027,PROD_017,2,283.47,0.03,549.93,credit,CUST_8480,New
TXN_202404_007741,2024-04-15,REG_07,STORE_021,EMP_007,PROD_018,2,422.68,0.3,591.75,mobile,CUST_5566,Regular
TXN_202404_007742,2024-04-19,REG_05,STORE_014,EMP_005,PROD_038,1,464.26,0.18,380.69,credit,CUST_5581,VIP
TXN_202404_007743,2024-04-13,REG_05,STORE_014,EMP_021,PROD_021,2,337.22,0.27,492.34,mobile,CUST_1938,Premium
TXN_202404_007744,2024-04-03,REG_04,STORE_012,EMP_029,PROD_037,5,263.15,0.25,986.81,credit,CUST_9380,New
TXN_202404_007745,2024-04-03,REG_08,STORE_024,EMP_012,PROD_028,4,367.02,0.25,1101.06,credit,CUST_5525,New
TXN_202404_007746,2024-04-03,REG_04,STORE_010,EMP_029,PROD_044,2,232.31,0.19,376.34,mobile,CUST_5911,Premium
TXN_202404_007747,2024-04-01,REG_03,STORE_007,EMP_003,PROD_012,2,426.97,0.06,802.7,cash,CUST_5938,Premium
TXN_202404_007748,2024-04-30,REG_09,STORE_027,EMP_009,PROD_027,5,333.82,0.25,1251.82,mobile,CUST_5218,VIP
TXN_202404_007749,2024-04-29,REG_10,STORE_029,EMP_013,PROD_045,3,204.63,0.23,472.7,cash,CUST_4032,Regular
TXN_202404_007750,2024-04-22,REG_03,STORE_009,EMP_014,PROD_045,3,74.97,0.06,211.42,cash,CUST_3159,VIP
TXN_202404_007751,2024-04-19,REG_01,STORE_001,EMP_018,PROD_045,3,265.18,0.23,612.57,credit,CUST_8587,Regular
TXN_202404_007752,2024-04-23,REG_10,STORE_028,EMP_028,PROD_039,2,122.05,0.06,229.45,credit,CUST_9769,VIP
TXN_202404_007753,2024-04-12,REG_09,STORE_026,EMP_027,PROD_033,3,225.37,0.12,594.98,cash,CUST_1453,Premium
TXN_202404_007754,2024-04-25,REG_06,STORE_017,EMP_006,PROD_015,3,202.03,0.04,581.85,card,CUST_3651,Regular
TXN_202404_007755,2024-04-24,REG_03,STORE_009,EMP_003,PROD_018,4,395.52,0.2,1265.66,cash,CUST_1535,Premium
TXN_202404_007756,2024-04-11,REG_03,STORE_009,EMP_003,PROD_015,1,297.18,0.06,279.35,card,CUST_2671,New
TXN_202404_007757,2024-04-03,REG_01,STORE_002,EMP_011,PROD_020,2,407.78,0.22,636.14,credit,CUST_9421,Regular
TXN_202404_007758,2024-04-19,REG_09,STORE_027,EMP_027,PROD_039,2,262.23,0.02,513.97,mobile,CUST_4946,Regular
TXN_202404_007759,2024-04-08,REG_08,STORE_023,EMP_023,PROD_010,2,381.8,0.05,725.42,card,CUST_9500,Premium
TXN_202404_007760,2024-04-25,REG_10,STORE_029,EMP_013,PROD_025,3,298.98,0.18,735.49,mobile,CUST_3116,New
TXN_202404_007761,2024-04-30,REG_03,STORE_009,EMP_014,PROD_010,2,342.05,0.29,485.71,cash,CUST_6000,New
TXN_202404_007762,2024-04-05,REG_10,STORE_030,EMP_020,PROD_049,5,86.25,0.16,362.25,card,CUST_7139,Premium
TXN_202404_007763,2024-04-02,REG_06,STORE_016,EMP_006,PROD_016,2,242.36,0.04,465.33,card,CUST_1907,VIP
TXN_202404_007764,2024-04-09,REG_06,STORE_017,EMP_006,PROD_042,1,140.07,0.23,107.85,cash,CUST_8595,Premium
TXN_202404_007765,2024-04-18,REG_10,STORE_030,EMP_017,PROD_022,1,362.17,0.08,333.2,credit,CUST_4868,Premium
TXN_202404_007766,2024-04-02,REG_03,STORE_009,EMP_014,PROD_006,3,328.51,0.17,817.99,credit,CUST_4435,Regular
TXN_202404_007767,2024-04-09,REG_06,STORE_017,EMP_006,PROD_011,3,71.64,0.06,202.02,mobile,CUST_5018,VIP
TXN_202404_007768,2024-04-04,REG_02,STORE_006,EMP_002,PROD_034,2,236.94,0.13,412.28,cash,CUST_6518,New
TXN_202404_007769,2024-04-12,REG_02,STORE_004,EMP_002,PROD_006,3,159.41,0.19,387.37,credit,CUST_4230,VIP
TXN_202404_007770,2024-04-27,REG_07,STORE_021,EMP_007,PROD_049,5,200.06,0.16,840.25,card,CUST_3523,Premium
TXN_202404_007771,2024-04-26,REG_08,STORE_022,EMP_023,PROD_023,4,194.31,0.26,575.16,credit,CUST_2017,Regular
TXN_202404_007772,2024-04-09,REG_03,STORE_009,EMP_003,PROD_020,3,453.95,0.15,1157.57,mobile,CUST_7852,VIP
TXN_202404_007773,2024-04-14,REG_07,STORE_019,EMP_007,PROD_021,3,386.18,0.09,1054.27,cash,CUST_7285,New
TXN_202404_007774,2024-04-21,REG_03,STORE_009,EMP_003,PROD_038,1,45.2,0.28,32.54,mobile,CUST_4051,VIP
TXN_202404_007775,2024-04-07,REG_04,STORE_010,EMP_029,PROD_020,1,44.65,0.26,33.04,mobile,CUST_2862,Regular
TXN_202404_007776,2024-04-21,REG_05,STORE_013,EMP_005,PROD_034,1,325.68,0.21,257.29,card,CUST_6385,VIP
TXN_202404_007777,2024-04-29,REG_06,STORE_016,EMP_006,PROD_002,4,452.18,0.3,1266.1,cash,CUST_2704,VIP
TXN_202404_007778,2024-04-26,REG_04,STORE_010,EMP_016,PROD_018,1,323.18,0.12,284.4,mobile,CUST_6495,Regular
TXN_202404_007779,2024-04-12,REG_10,STORE_030,EMP_013,PROD_038,4,162.97,0.17,541.06,cash,CUST_1317,New
TXN_202404_007780,2024-04-17,REG_03,STORE_007,EMP_014,PROD_005,2,460.02,0.01,910.84,card,CUST_3956,Regular
TXN_202404_007781,2024-04-16,REG_03,STORE_007,EMP_003,PROD_002,3,298.52,0.01,886.6,credit,CUST_3450,Regular
TXN_202404_007782,2024-04-20,REG_04,STORE_010,EMP_026,PROD_003,1,394.16,0.16,331.09,cash,CUST_6650,VIP
TXN_202404_007783,2024-04-25,REG_07,STORE_019,EMP_007,PROD_016,1,237.42,0.01,235.05,card,CUST_3451,New
TXN_202404_007784,2024-04-06,REG_07,STORE_021,EMP_007,PROD_033,1,128.87,0.25,96.65,credit,CUST_5708,Regular
TXN_202404_007785,2024-04-12,REG_04,STORE_010,EMP_024,PROD_047,3,457.71,0.12,1208.35,credit,CUST_9185,Premium
TXN_202404_007786,2024-04-18,REG_01,STORE_003,EMP_011,PROD_010,4,251.12,0.14,863.85,cash,CUST_3968,Regular
TXN_202404_007787,2024-04-24,REG_10,STORE_030,EMP_028,PROD_033,2,20.81,0.17,34.54,card,CUST_1953,Regular
TXN_202404_007788,2024-04-22,REG_02,STORE_006,EMP_002,PROD_022,1,11.15,0.24,8.47,card,CUST_2984,VIP
TXN_202404_007789,2024-04-19,REG_04,STORE_012,EMP_029,PROD_006,5,444.28,0.2,1777.12,mobile,CUST_7325,VIP
TXN_202404_007790,2024-04-13,REG_10,STORE_030,EMP_017,PROD_007,4,420.13,0.19,1361.22,card,CUST_2325,Regular
TXN_202404_007791,2024-04-30,REG_04,STORE_010,EMP_016,PROD_003,4,214.1,0.15,727.94,mobile,CUST_4308,Regular
TXN_202404_007792,2024-04-06,REG_10,STORE_030,EMP_010,PROD_040,3,405.69,0.28,876.29,cash,CUST_7612,Premium
TXN_202404_007793,2024-04-01,REG_07,STORE_021,EMP_007,PROD_043,2,171.97,0.15,292.35,cash,CUST_2248,Regular
TXN_202404_007794,2024-04-28,REG_07,STORE_020,EMP_007,PROD_026,5,115.02,0.11,511.84,card,CUST_1514,VIP
TXN_202404_007795,2024-04-01,REG_01,STORE_003,EMP_011,PROD_012,5,311.91,0.04,1497.17,card,CUST_9927,VIP
TXN_202404_007796,2024-04-14,REG_06,STORE_016,EMP_006,PROD_042,3,184.43,0.27,403.9,credit,CUST_5095,Regular
TXN_202404_007797,2024-04-03,REG_02,STORE_005,EMP_002,PROD_029,3,232.96,0.01,691.89,credit,CUST_5550,Premium
TXN_202404_007798,2024-04-14,REG_10,STORE_030,EMP_028,PROD_027,1,276.59,0.25,207.44,credit,CUST_7580,VIP
TXN_202404_007799,2024-04-02,REG_04,STORE_012,EMP_030,PROD_002,2,242.69,0.06,456.26,mobile,CUST_8725,Premium
TXN_202404_007800,2024-04-06,REG_06,STORE_018,EMP_006,PROD_046,5,68.88,0.1,309.96,card,CUST_5879,VIP
TXN_202404_007801,2024-04-30,REG_06,STORE_017,EMP_006,PROD_044,4,498.98,0.22,1556.82,credit,CUST_5668,Regular
TXN_202404_007802,2024-04-29,REG_09,STORE_026,EMP_009,PROD_004,2,260.06,0.12,457.71,cash,CUST_4607,VIP
TXN_202404_007803,2024-04-25,REG_08,STORE_022,EMP_023,PROD_037,5,84.6,0.29,300.33,cash,CUST_6980,Regular
TXN_202404_007804,2024-04-23,REG_02,STORE_004,EMP_002,PROD_008,1,304.71,0.14,262.05,card,CUST_3284,Regular
TXN_202404_007805,2024-04-13,REG_09,STORE_027,EMP_009,PROD_038,4,473.93,0.3,1327.0,card,CUST_3668,New
TXN_202404_007806,2024-04-07,REG_05,STORE_015,EMP_005,PROD_048,5,112.19,0.0,560.95,card,CUST_7189,Regular
TXN_202404_007807,2024-04-30,REG_05,STORE_013,EMP_021,PROD_046,3,55.51,0.11,148.21,credit,CUST_4326,Regular
TXN_202404_007808,2024-04-29,REG_05,STORE_015,EMP_005,PROD_024,2,151.91,0.25,227.87,card,CUST_5978,New
TXN_202404_007809,2024-04-26,REG_06,STORE_018,EMP_006,PROD_007,2,334.15,0.03,648.25,mobile,CUST_3945,New
TXN_202404_007810,2024-04-22,REG_06,STORE_017,EMP_006,PROD_011,2,43.49,0.27,63.5,credit,CUST_4611,Regular
TXN_202404_007811,2024-04-19,REG_01,STORE_001,EMP_001,PROD_006,2,144.23,0.06,271.15,card,CUST_1079,Regular
TXN_202404_007812,2024-04-11,REG_05,STORE_015,EMP_005,PROD_010,1,270.12,0.1,243.11,credit,CUST_6627,VIP
TXN_202404_007813,2024-04-14,REG_01,STORE_001,EMP_001,PROD_037,4,19.38,0.14,66.67,mobile,CUST_8957,VIP
TXN_202404_007814,2024-04-12,REG_09,STORE_025,EMP_009,PROD_009,1,48.43,0.08,44.56,cash,CUST_6163,New
TXN_202404_007815,2024-04-04,REG_09,STORE_026,EMP_009,PROD_008,4,364.89,0.0,1459.56,mobile,CUST_6937,Premium
TXN_202404_007816,2024-04-25,REG_02,STORE_006,EMP_002,PROD_029,1,222.57,0.18,182.51,card,CUST_2840,VIP
TXN_202404_007817,2024-04-23,REG_01,STORE_003,EMP_011,PROD_030,1,414.89,0.11,369.25,card,CUST_8395,VIP
TXN_202404_007818,2024-04-13,REG_01,STORE_003,EMP_019,PROD_021,5,261.76,0.08,1204.1,mobile,CUST_5765,New
TXN_202404_007819,2024-04-25,REG_09,STORE_026,EMP_027,PROD_028,4,327.53,0.22,1021.89,credit,CUST_3429,VIP
TXN_202404_007820,2024-04-10,REG_10,STORE_029,EMP_013,PROD_050,1,396.38,0.29,281.43,credit,CUST_5526,New
TXN_202404_007821,2024-04-14,REG_08,STORE_022,EMP_023,PROD_043,4,173.43,0.18,568.85,cash,CUST_2751,Premium
TXN_202404_007822,2024-04-21,REG_08,STORE_022,EMP_023,PROD_048,2,36.68,0.3,51.35,credit,CUST_6232,Regular
TXN_202404_007823,2024-04-13,REG_07,STORE_019,EMP_007,PROD_045,4,496.04,0.12,1746.06,cash,CUST_1167,Regular
TXN_202404_007824,2024-04-23,REG_08,STORE_023,EMP_012,PROD_005,4,167.42,0.26,495.56,mobile,CUST_3360,Premium
TXN_202404_007825,2024-04-08,REG_05,STORE_015,EMP_005,PROD_035,5,350.43,0.17,1454.28,credit,CUST_9176,Regular
TXN_202404_007826,2024-04-14,REG_09,STORE_026,EMP_027,PROD_017,5,494.88,0.18,2029.01,card,CUST_4973,New
TXN_202404_007827,2024-04-18,REG_01,STORE_002,EMP_018,PROD_039,3,464.01,0.24,1057.94,cash,CUST_5195,Premium
TXN_202404_007828,2024-04-28,REG_05,STORE_014,EMP_005,PROD_003,1,19.23,0.23,14.81,cash,CUST_1879,New
TXN_202404_007829,2024-04-19,REG_08,STORE_023,EMP_012,PROD_049,5,186.32,0.02,912.97,cash,CUST_9054,Regular
TXN_202404_007830,2024-04-15,REG_02,STORE_004,EMP_002,PROD_020,5,370.92,0.1,1669.14,cash,CUST_7802,Regular
TXN_202404_007831,2024-04-17,REG_09,STORE_027,EMP_025,PROD_022,5,447.25,0.26,1654.83,card,CUST_7769,New
TXN_202404_007832,2024-04-25,REG_04,STORE_010,EMP_024,PROD_020,2,275.68,0.15,468.66,card,CUST_9029,Regular
TXN_202404_007833,2024-04-18,REG_04,STORE_012,EMP_016,PROD_034,2,22.16,0.11,39.44,mobile,CUST_4094,Regular
TXN_202404_007834,2024-04-24,REG_08,STORE_024,EMP_008,PROD_035,5,188.28,0.28,677.81,cash,CUST_2979,New
TXN_202404_007835,2024-04-27,REG_06,STORE_016,EMP_006,PROD_016,1,272.74,0.03,264.56,cash,CUST_2480,New
TXN_202404_007836,2024-04-09,REG_05,STORE_014,EMP_021,PROD_032,5,338.27,0.14,1454.56,credit,CUST_2577,VIP
TXN_202404_007837,2024-04-02,REG_02,STORE_005,EMP_002,PROD_028,5,68.18,0.01,337.49,card,CUST_8900,Premium
TXN_202404_007838,2024-04-18,REG_03,STORE_009,EMP_014,PROD_026,2,320.25,0.09,582.86,card,CUST_6833,Premium
TXN_202404_007839,2024-04-13,REG_10,STORE_028,EMP_028,PROD_001,2,103.31,0.17,171.49,mobile,CUST_7772,Premium
TXN_202404_007840,2024-04-15,REG_04,STORE_011,EMP_004,PROD_008,4,420.21,0.29,1193.4,card,CUST_7257,VIP
TXN_202404_007841,2024-04-17,REG_07,STORE_021,EMP_007,PROD_015,4,197.36,0.0,789.44,credit,CUST_9546,Regular
TXN_202404_007842,2024-04-21,REG_02,STORE_006,EMP_002,PROD_020,2,345.56,0.14,594.36,cash,CUST_6409,Regular
TXN_202404_007843,2024-04-19,REG_04,STORE_012,EMP_024,PROD_036,5,375.91,0.16,1578.82,card,CUST_5134,New
TXN_202404_007844,2024-04-25,REG_08,STORE_024,EMP_012,PROD_025,1,258.0,0.03,250.26,mobile,CUST_5731,New
TXN_202404_007845,2024-04-29,REG_05,STORE_015,EMP_005,PROD_019,4,320.08,0.2,1024.26,mobile,CUST_7919,Premium
TXN_202404_007846,2024-04-12,REG_08,STORE_023,EMP_012,PROD_019,5,356.71,0.3,1248.48,credit,CUST_7230,Regular
TXN_202404_007847,2024-04-21,REG_07,STORE_019,EMP_007,PROD_027,3,267.71,0.09,730.85,cash,CUST_9603,New
TXN_202404_007848,2024-04-23,REG_04,STORE_012,EMP_026,PROD_005,1,17.39,0.05,16.52,cash,CUST_7030,Premium
TXN_202404_007849,2024-04-29,REG_07,STORE_021,EMP_007,PROD_049,3,53.47,0.0,160.41,credit,CUST_5822,Premium
TXN_202404_007850,2024-04-21,REG_10,STORE_029,EMP_013,PROD_046,3,372.7,0.05,1062.19,mobile,CUST_1672,New
TXN_202404_007851,2024-04-16,REG_08,STORE_024,EMP_012,PROD_039,5,283.37,0.09,1289.33,cash,CUST_5155,Regular
TXN_202404_007852,2024-04-03,REG_01,STORE_003,EMP_018,PROD_050,3,101.76,0.19,247.28,mobile,CUST_3376,Regular
TXN_202404_007853,2024-04-06,REG_05,STORE_014,EMP_021,PROD_008,2,240.97,0.03,467.48,credit,CUST_6340,VIP
TXN_202404_007854,2024-04-27,REG_05,STORE_013,EMP_005,PROD_036,1,468.12,0.28,337.05,cash,CUST_7945,Regular
TXN_202404_007855,2024-04-22,REG_08,STORE_023,EMP_008,PROD_015,1,407.83,0.08,375.2,credit,CUST_6899,VIP
TXN_202404_007856,2024-04-12,REG_08,STORE_023,EMP_015,PROD_029,5,55.96,0.14,240.63,credit,CUST_6846,Regular
TXN_202404_007857,2024-04-22,REG_08,STORE_024,EMP_023,PROD_048,5,100.28,0.21,396.11,cash,CUST_6042,New
TXN_202404_007858,2024-04-20,REG_10,STORE_029,EMP_028,PROD_012,4,60.51,0.14,208.15,credit,CUST_3455,New
TXN_202404_007859,2024-04-23,REG_03,STORE_009,EMP_003,PROD_040,3,228.86,0.09,624.79,mobile,CUST_2757,Premium
TXN_202404_007860,2024-04-01,REG_05,STORE_013,EMP_005,PROD_024,5,362.14,0.3,1267.49,mobile,CUST_2161,Premium
TXN_202404_007861,2024-04-03,REG_04,STORE_012,EMP_030,PROD_021,2,118.87,0.2,190.19,cash,CUST_6732,Premium
TXN_202404_007862,2024-04-10,REG_01,STORE_002,EMP_019,PROD_045,2,222.75,0.05,423.22,card,CUST_2692,VIP
TXN_202404_007863,2024-04-10,REG_04,STORE_011,EMP_026,PROD_028,1,412.77,0.23,317.83,cash,CUST_8493,Regular
TXN_202404_007864,2024-04-20,REG_05,STORE_013,EMP_021,PROD_024,3,266.22,0.09,726.78,cash,CUST_4439,VIP
TXN_202404_007865,2024-04-08,REG_09,STORE_025,EMP_009,PROD_047,5,308.73,0.1,1389.29,credit,CUST_3634,New
TXN_202404_007866,2024-04-10,REG_03,STORE_009,EMP_014,PROD_044,4,363.85,0.3,1018.78,credit,CUST_3177,VIP
TXN_202404_007867,2024-04-01,REG_07,STORE_020,EMP_007,PROD_012,5,114.75,0.21,453.26,cash,CUST_2457,New
TXN_202404_007868,2024-04-20,REG_10,STORE_029,EMP_020,PROD_025,3,420.26,0.25,945.59,card,CUST_3000,Premium
TXN_202404_007869,2024-04-19,REG_08,STORE_024,EMP_015,PROD_004,1,98.16,0.01,97.18,card,CUST_8164,Premium
TXN_202404_007870,2024-04-11,REG_08,STORE_022,EMP_008,PROD_032,1,235.74,0.21,186.23,credit,CUST_2922,New
TXN_202404_007871,2024-04-19,REG_07,STORE_019,EMP_007,PROD_018,5,449.13,0.13,1953.72,credit,CUST_9303,Regular
TXN_202404_007872,2024-04-23,REG_07,STORE_019,EMP_007,PROD_041,4,364.1,0.19,1179.68,card,CUST_7447,Premium
TXN_202404_007873,2024-04-01,REG_05,STORE_013,EMP_021,PROD_011,3,351.56,0.23,812.1,mobile,CUST_2081,VIP
TXN_202404_007874,2024-04-03,REG_09,STORE_025,EMP_009,PROD_035,1,255.89,0.15,217.51,card,CUST_3633,New
TXN_202404_007875,2024-04-05,REG_04,STORE_010,EMP_026,PROD_016,4,191.02,0.23,588.34,mobile,CUST_9109,VIP
TXN_202404_007876,2024-04-28,REG_01,STORE_003,EMP_018,PROD_030,1,417.38,0.11,371.47,card,CUST_1665,New
TXN_202404_007877,2024-04-30,REG_01,STORE_002,EMP_019,PROD_014,5,254.89,0.18,1045.05,cash,CUST_6837,New
TXN_202404_007878,2024-04-26,REG_01,STORE_002,EMP_018,PROD_015,3,482.09,0.05,1373.96,credit,CUST_3171,Premium
TXN_202404_007879,2024-04-16,REG_04,STORE_010,EMP_024,PROD_046,1,146.56,0.16,123.11,credit,CUST_8907,New
TXN_202404_007880,2024-04-17,REG_06,STORE_018,EMP_006,PROD_025,3,441.37,0.11,1178.46,mobile,CUST_2803,Regular
TXN_202404_007881,2024-04-12,REG_07,STORE_021,EMP_007,PROD_009,2,459.02,0.22,716.07,mobile,CUST_1231,VIP
TXN_202404_007882,2024-04-09,REG_08,STORE_024,EMP_023,PROD_041,4,147.95,0.01,585.88,cash,CUST_4842,VIP
TXN_202404_007883,2024-04-14,REG_09,STORE_025,EMP_022,PROD_023,5,451.09,0.13,1962.24,mobile,CUST_4298,Premium
TXN_202404_007884,2024-04-16,REG_03,STORE_008,EMP_003,PROD_026,4,280.69,0.23,864.53,mobile,CUST_5594,VIP
TXN_202404_007885,2024-04-12,REG_10,STORE_030,EMP_020,PROD_002,1,180.25,0.27,131.58,cash,CUST_8546,VIP
TXN_202404_007886,2024-04-01,REG_03,STORE_008,EMP_003,PROD_039,5,125.77,0.29,446.48,cash,CUST_2775,VIP
TXN_202404_007887,2024-04-09,REG_02,STORE_005,EMP_002,PROD_034,5,467.6,0.04,2244.48,credit,CUST_3401,Regular
TXN_202404_007888,2024-04-27,REG_05,STORE_015,EMP_005,PROD_001,2,154.57,0.05,293.68,card,CUST_8534,New
TXN_202404_007889,2024-04-29,REG_10,STORE_029,EMP_010,PROD_046,4,334.05,0.08,1229.3,credit,CUST_2860,Premium
TXN_202404_007890,2024-04-09,REG_06,STORE_018,EMP_006,PROD_013,2,435.05,0.1,783.09,mobile,CUST_2100,Premium
TXN_202404_007891,2024-04-10,REG_01,STORE_003,EMP_018,PROD_013,4,393.26,0.06,1478.66,card,CUST_8503,Premium
TXN_202404_007892,2024-04-16,REG_10,STORE_030,EMP_017,PROD_044,4,136.26,0.02,534.14,mobile,CUST_4484,VIP
TXN_202404_007893,2024-04-19,REG_07,STORE_019,EMP_007,PROD_016,3,260.77,0.29,555.44,card,CUST_8930,VIP
TXN_202404_007894,2024-04-12,REG_10,STORE_030,EMP_010,PROD_048,5,474.28,0.11,2110.55,card,CUST_5095,New
TXN_202404_007895,2024-04-05,REG_07,STORE_020,EMP_007,PROD_023,5,421.42,0.25,1580.32,cash,CUST_7979,Regular
TXN_202404_007896,2024-04-22,REG_04,STORE_010,EMP_024,PROD_024,1,146.22,0.02,143.3,card,CUST_3114,New
TXN_202404_007897,2024-04-23,REG_04,STORE_012,EMP_030,PROD_020,4,495.8,0.22,1546.9,mobile,CUST_3805,New
TXN_202404_007898,2024-04-19,REG_03,STORE_009,EMP_014,PROD_013,4,409.86,0.28,1180.4,mobile,CUST_7974,New
TXN_202404_007899,2024-04-26,REG_01,STORE_001,EMP_018,PROD_047,4,65.22,0.24,198.27,mobile,CUST_2541,VIP
TXN_202404_007900,2024-04-08,REG_06,STORE_017,EMP_006,PROD_025,2,250.02,0.14,430.03,cash,CUST_3316,VIP
TXN_202404_007901,2024-04-12,REG_09,STORE_026,EMP_009,PROD_033,4,349.83,0.08,1287.37,mobile,CUST_7353,Premium
TXN_202404_007902,2024-04-24,REG_10,STORE_028,EMP_028,PROD_006,4,323.53,0.15,1100.0,card,CUST_8573,New
TXN_202404_007903,2024-04-13,REG_01,STORE_003,EMP_011,PROD_032,1,495.03,0.0,495.03,mobile,CUST_5085,New
TXN_202404_007904,2024-04-12,REG_08,STORE_023,EMP_015,PROD_047,5,485.57,0.15,2063.67,mobile,CUST_8057,Regular
TXN_202404_007905,2024-04-23,REG_08,STORE_022,EMP_008,PROD_013,2,262.7,0.25,394.05,cash,CUST_7404,VIP
TXN_202404_007906,2024-04-06,REG_03,STORE_007,EMP_014,PROD_049,5,232.88,0.18,954.81,card,CUST_7380,Premium
TXN_202404_007907,2024-04-11,REG_05,STORE_015,EMP_005,PROD_008,5,313.78,0.19,1270.81,cash,CUST_2332,New
TXN_202404_007908,2024-04-22,REG_09,STORE_027,EMP_025,PROD_001,5,90.7,0.07,421.75,card,CUST_5885,Premium
TXN_202404_007909,2024-04-22,REG_01,STORE_001,EMP_001,PROD_033,5,422.75,0.21,1669.86,card,CUST_6247,Premium
TXN_202404_007910,2024-04-19,REG_08,STORE_024,EMP_023,PROD_036,1,302.37,0.01,299.35,cash,CUST_3029,Regular
TXN_202404_007911,2024-04-10,REG_03,STORE_009,EMP_003,PROD_017,2,426.93,0.09,777.01,credit,CUST_1981,VIP
TXN_202404_007912,2024-04-06,REG_03,STORE_007,EMP_003,PROD_029,2,177.66,0.07,330.45,mobile,CUST_9885,New
TXN_202404_007913,2024-04-24,REG_05,STORE_014,EMP_005,PROD_048,1,225.94,0.21,178.49,card,CUST_8435,Premium
TXN_202404_007914,2024-04-11,REG_10,STORE_030,EMP_020,PROD_041,3,353.78,0.3,742.94,credit,CUST_2579,VIP
TXN_202404_007915,2024-04-17,REG_02,STORE_006,EMP_002,PROD_039,5,296.34,0.15,1259.44,credit,CUST_4938,New
TXN_202404_007916,2024-04-13,REG_06,STORE_016,EMP_006,PROD_043,1,207.37,0.24,157.6,card,CUST_1852,VIP
TXN_202404_007917,2024-04-28,REG_06,STORE_018,EMP_006,PROD_021,5,114.39,0.18,469.0,cash,CUST_3583,Regular
TXN_202404_007918,2024-04-18,REG_02,STORE_005,EMP_002,PROD_033,5,83.15,0.21,328.44,mobile,CUST_1619,Regular
TXN_202404_007919,2024-04-12,REG_02,STORE_004,EMP_002,PROD_005,3,153.78,0.16,387.53,mobile,CUST_4873,Premium
TXN_202404_007920,2024-04-03,REG_05,STORE_014,EMP_021,PROD_024,1,86.91,0.01,86.04,credit,CUST_8358,New
TXN_202404_007921,2024-04-18,REG_06,STORE_017,EMP_006,PROD_007,3,19.5,0.06,54.99,cash,CUST_8442,Regular
TXN_202404_007922,2024-04-26,REG_02,STORE_005,EMP_002,PROD_024,5,190.85,0.23,734.77,cash,CUST_6922,Regular
TXN_202404_007923,2024-04-08,REG_02,STORE_006,EMP_002,PROD_011,1,477.72,0.23,367.84,mobile,CUST_1588,Regular
TXN_202404_007924,2024-04-02,REG_01,STORE_003,EMP_001,PROD_003,4,100.56,0.14,345.93,mobile,CUST_2975,Premium
TXN_202404_007925,2024-04-27,REG_08,STORE_023,EMP_008,PROD_017,5,54.68,0.27,199.58,cash,CUST_7637,VIP
TXN_202404_007926,2024-04-24,REG_03,STORE_007,EMP_014,PROD_043,5,220.07,0.11,979.31,card,CUST_1006,Premium
TXN_202404_007927,2024-04-01,REG_04,STORE_012,EMP_029,PROD_040,4,275.45,0.26,815.33,credit,CUST_1380,New
TXN_202404_007928,2024-04-22,REG_02,STORE_005,EMP_002,PROD_043,3,79.59,0.28,171.91,cash,CUST_8041,Regular
TXN_202404_007929,2024-04-07,REG_08,STORE_022,EMP_015,PROD_027,5,334.27,0.27,1220.09,credit,CUST_3624,VIP
TXN_202404_007930,2024-04-22,REG_10,STORE_028,EMP_010,PROD_008,3,464.77,0.07,1296.71,credit,CUST_8179,VIP
TXN_202404_007931,2024-04-24,REG_03,STORE_007,EMP_003,PROD_010,2,18.82,0.17,31.24,mobile,CUST_1630,Premium
TXN_202404_007932,2024-04-29,REG_05,STORE_015,EMP_021,PROD_025,2,403.9,0.22,630.08,cash,CUST_5539,Regular
TXN_202404_007933,2024-04-10,REG_07,STORE_021,EMP_007,PROD_002,3,330.19,0.1,891.51,cash,CUST_3941,New
TXN_202404_007934,2024-04-21,REG_04,STORE_010,EMP_024,PROD_037,4,464.05,0.21,1466.4,cash,CUST_9288,New
TXN_202404_007935,2024-04-22,REG_09,STORE_025,EMP_022,PROD_009,3,496.5,0.22,1161.81,cash,CUST_8249,Regular
TXN_202404_007936,2024-04-22,REG_06,STORE_017,EMP_006,PROD_012,3,120.41,0.04,346.78,card,CUST_3127,VIP
TXN_202404_007937,2024-04-17,REG_09,STORE_025,EMP_022,PROD_005,3,145.92,0.24,332.7,mobile,CUST_1563,Premium
TXN_202404_007938,2024-04-23,REG_06,STORE_017,EMP_006,PROD_034,3,187.8,0.26,416.92,mobile,CUST_8712,VIP
TXN_202404_007939,2024-04-23,REG_08,STORE_023,EMP_012,PROD_010,4,162.09,0.04,622.43,card,CUST_8410,VIP
TXN_202404_007940,2024-04-06,REG_09,STORE_027,EMP_027,PROD_028,5,144.58,0.06,679.53,card,CUST_4870,Premium
TXN_202404_007941,2024-04-03,REG_05,STORE_014,EMP_021,PROD_020,2,124.33,0.14,213.85,cash,CUST_3353,New
TXN_202404_007942,2024-04-29,REG_10,STORE_028,EMP_017,PROD_033,2,181.75,0.01,359.87,cash,CUST_9920,VIP
TXN_202404_007943,2024-04-03,REG_05,STORE_014,EMP_021,PROD_017,3,455.91,0.02,1340.38,mobile,CUST_3838,New
TXN_202404_007944,2024-04-23,REG_01,STORE_003,EMP_001,PROD_017,3,216.82,0.25,487.85,mobile,CUST_9100,New
TXN_202404_007945,2024-04-15,REG_10,STORE_029,EMP_028,PROD_002,4,164.59,0.22,513.52,credit,CUST_3149,Regular
TXN_202404_007946,2024-04-19,REG_07,STORE_021,EMP_007,PROD_011,3,355.02,0.25,798.79,card,CUST_7364,VIP
TXN_202404_007947,2024-04-24,REG_10,STORE_028,EMP_020,PROD_009,4,284.3,0.01,1125.83,mobile,CUST_5273,VIP
TXN_202404_007948,2024-04-11,REG_09,STORE_026,EMP_022,PROD_028,3,409.11,0.06,1153.69,mobile,CUST_7548,New
TXN_202404_007949,2024-04-14,REG_07,STORE_019,EMP_007,PROD_016,3,180.43,0.0,541.29,cash,CUST_9645,Premium
TXN_202404_007950,2024-04-09,REG_07,STORE_021,EMP_007,PROD_019,1,337.88,0.14,290.58,card,CUST_7202,VIP
TXN_202404_007951,2024-04-26,REG_08,STORE_024,EMP_008,PROD_043,3,198.62,0.07,554.15,mobile,CUST_6679,New
TXN_202404_007952,2024-04-12,REG_09,STORE_026,EMP_022,PROD_049,2,400.91,0.19,649.47,credit,CUST_6708,VIP
TXN_202404_007953,2024-04-23,REG_09,STORE_027,EMP_027,PROD_018,4,292.86,0.16,984.01,credit,CUST_1406,New
TXN_202404_007954,2024-04-18,REG_07,STORE_021,EMP_007,PROD_016,2,284.4,0.12,500.54,mobile,CUST_5080,Premium
TXN_202404_007955,2024-04-05,REG_01,STORE_001,EMP_011,PROD_033,2,121.07,0.14,208.24,credit,CUST_3438,Regular
TXN_202404_007956,2024-04-04,REG_01,STORE_003,EMP_011,PROD_013,2,47.54,0.21,75.11,mobile,CUST_3230,Premium
TXN_202404_007957,2024-04-14,REG_10,STORE_029,EMP_010,PROD_008,1,126.44,0.22,98.62,card,CUST_4255,VIP
TXN_202404_007958,2024-04-11,REG_02,STORE_006,EMP_002,PROD_007,4,168.71,0.08,620.85,cash,CUST_8139,New
TXN_202404_007959,2024-04-24,REG_03,STORE_009,EMP_003,PROD_030,1,435.88,0.12,383.57,card,CUST_8686,Regular
TXN_202404_007960,2024-04-08,REG_06,STORE_018,EMP_006,PROD_007,4,391.85,0.16,1316.62,credit,CUST_6590,Premium
TXN_202404_007961,2024-04-29,REG_06,STORE_016,EMP_006,PROD_032,1,248.38,0.29,176.35,mobile,CUST_3380,Regular
TXN_202404_007962,2024-04-01,REG_01,STORE_003,EMP_019,PROD_031,2,204.85,0.19,331.86,mobile,CUST_3908,New
TXN_202404_007963,2024-04-26,REG_09,STORE_025,EMP_025,PROD_017,2,277.43,0.11,493.83,card,CUST_5853,Regular
TXN_202404_007964,2024-04-01,REG_09,STORE_026,EMP_027,PROD_049,4,353.26,0.16,1186.95,card,CUST_5176,Regular
TXN_202404_007965,2024-04-27,REG_01,STORE_001,EMP_019,PROD_048,1,168.06,0.29,119.32,card,CUST_2609,Regular
TXN_202404_007966,2024-04-09,REG_07,STORE_021,EMP_007,PROD_007,4,260.47,0.07,968.95,cash,CUST_4302,Premium
TXN_202404_007967,2024-04-07,REG_05,STORE_014,EMP_005,PROD_022,4,136.61,0.07,508.19,credit,CUST_9039,VIP
TXN_202404_007968,2024-04-20,REG_06,STORE_018,EMP_006,PROD_030,2,407.87,0.29,579.18,card,CUST_3165,Premium
TXN_202404_007969,2024-04-05,REG_06,STORE_018,EMP_006,PROD_046,1,162.0,0.16,136.08,cash,CUST_8798,Regular
TXN_202404_007970,2024-04-15,REG_07,STORE_020,EMP_007,PROD_041,2,106.66,0.27,155.72,cash,CUST_6764,Premium
TXN_202404_007971,2024-04-02,REG_10,STORE_030,EMP_017,PROD_024,3,191.53,0.29,407.96,card,CUST_4516,VIP
TXN_202404_007972,2024-04-14,REG_10,STORE_029,EMP_028,PROD_024,2,413.0,0.02,809.48,card,CUST_3842,Premium
TXN_202404_007973,2024-04-12,REG_08,STORE_023,EMP_008,PROD_005,2,361.31,0.1,650.36,mobile,CUST_2283,New
TXN_202404_007974,2024-04-24,REG_05,STORE_014,EMP_021,PROD_032,1,44.21,0.25,33.16,cash,CUST_3072,VIP
TXN_202404_007975,2024-04-21,REG_05,STORE_015,EMP_021,PROD_014,2,405.86,0.21,641.26,cash,CUST_3241,New
TXN_202404_007976,2024-04-08,REG_04,STORE_010,EMP_024,PROD_040,2,414.14,0.13,720.6,mobile,CUST_9985,VIP
TXN_202404_007977,2024-04-26,REG_04,STORE_010,EMP_004,PROD_023,2,231.42,0.23,356.39,mobile,CUST_1754,Regular
TXN_202404_007978,2024-04-01,REG_08,STORE_024,EMP_012,PROD_050,3,416.26,0.01,1236.29,cash,CUST_5297,New
TXN_202404_007979,2024-04-24,REG_09,STORE_026,EMP_009,PROD_007,3,156.63,0.23,361.82,mobile,CUST_3448,Premium
TXN_202404_007980,2024-04-25,REG_08,STORE_023,EMP_015,PROD_029,3,254.13,0.14,655.66,credit,CUST_1171,Regular
