transaction_id,date,region,store_id,employee_id,product_id,units,unit_price,discount,revenue,payment,customer_id,customer_segment
TXN_202406_008481,2024-06-17,REG_02,STORE_005,EMP_002,PROD_008,1,386.34,0.16,324.53,mobile,CUST_7785,VIP
TXN_202406_008482,2024-06-24,REG_01,STORE_001,EMP_019,PROD_032,4,67.26,0.09,244.83,credit,CUST_4128,Premium
TXN_202406_008483,2024-06-24,REG_07,STORE_020,EMP_007,PROD_044,4,437.66,0.11,1558.07,mobile,CUST_3814,Premium
TXN_202406_008484,2024-06-20,REG_05,STORE_015,EMP_021,PROD_025,1,200.54,0.14,172.46,cash,CUST_4339,New
TXN_202406_008485,2024-06-07,REG_01,STORE_001,EMP_001,PROD_048,2,87.76,0.04,168.5,credit,CUST_3139,Premium
TXN_202406_008486,2024-06-27,REG_10,STORE_030,EMP_028,PROD_030,2,228.73,0.15,388.84,credit,CUST_8545,Regular
TXN_202406_008487,2024-06-21,REG_05,STORE_014,EMP_005,PROD_004,5,493.34,0.02,2417.37,card,CUST_8541,VIP
TXN_202406_008488,2024-06-05,REG_09,STORE_026,EMP_022,PROD_032,4,45.08,0.06,169.5,card,CUST_2774,VIP
TXN_202406_008489,2024-06-14,REG_05,STORE_015,EMP_005,PROD_034,3,47.34,0.23,109.36,cash,CUST_2186,VIP
TXN_202406_008490,2024-06-10,REG_09,STORE_026,EMP_022,PROD_003,1,352.42,0.27,257.27,card,CUST_8369,Regular
TXN_202406_008491,2024-06-08,REG_05,STORE_015,EMP_021,PROD_026,1,422.14,0.22,329.27,mobile,CUST_1121,New
TXN_202406_008492,2024-06-29,REG_02,STORE_004,EMP_002,PROD_026,2,206.67,0.03,400.94,cash,CUST_1073,New
TXN_202406_008493,2024-06-04,REG_06,STORE_016,EMP_006,PROD_021,3,437.79,0.25,985.03,card,CUST_9019,VIP
TXN_202406_008494,2024-06-03,REG_04,STORE_012,EMP_024,PROD_032,5,494.76,0.03,2399.59,mobile,CUST_7364,Regular
TXN_202406_008495,2024-06-08,REG_04,STORE_012,EMP_004,PROD_050,1,66.77,0.28,48.07,cash,CUST_3246,VIP
TXN_202406_008496,2024-06-07,REG_07,STORE_019,EMP_007,PROD_011,3,11.06,0.27,24.22,mobile,CUST_1439,New
TXN_202406_008497,2024-06-03,REG_05,STORE_015,EMP_005,PROD_015,3,263.11,0.08,726.18,card,CUST_2924,VIP
TXN_202406_008498,2024-06-06,REG_02,STORE_006,EMP_002,PROD_018,2,66.75,0.06,125.49,cash,CUST_1073,Premium
TXN_202406_008499,2024-06-02,REG_07,STORE_020,EMP_007,PROD_040,4,417.32,0.12,1468.97,credit,CUST_5643,New
TXN_202406_008500,2024-06-10,REG_04,STORE_012,EMP_026,PROD_036,3,14.4,0.06,40.61,cash,CUST_8394,Regular
TXN_202406_008501,2024-06-06,REG_06,STORE_018,EMP_006,PROD_041,5,430.34,0.19,1742.88,mobile,CUST_9412,New
TXN_202406_008502,2024-06-19,REG_05,STORE_013,EMP_021,PROD_002,2,72.09,0.15,122.55,card,CUST_1967,New
TXN_202406_008503,2024-06-04,REG_01,STORE_003,EMP_018,PROD_031,4,107.02,0.15,363.87,mobile,CUST_2837,New
TXN_202406_008504,2024-06-06,REG_03,STORE_009,EMP_003,PROD_009,2,297.98,0.12,524.44,credit,CUST_6288,Regular
TXN_202406_008505,2024-06-24,REG_06,STORE_016,EMP_006,PROD_030,5,461.19,0.14,1983.12,cash,CUST_3656,Regular
TXN_202406_008506,2024-06-13,REG_09,STORE_027,EMP_025,PROD_027,5,474.99,0.15,2018.71,mobile,CUST_4874,Premium
TXN_202406_008507,2024-06-10,REG_07,STORE_021,EMP_007,PROD_034,2,301.35,0.18,494.21,mobile,CUST_4366,New
TXN_202406_008508,2024-06-24,REG_08,STORE_023,EMP_015,PROD_022,2,429.74,0.29,610.23,mobile,CUST_1711,VIP
TXN_202406_008509,2024-06-20,REG_07,STORE_020,EMP_007,PROD_035,5,461.55,0.19,1869.28,credit,CUST_7134,VIP
TXN_202406_008510,2024-06-26,REG_08,STORE_023,EMP_012,PROD_034,2,252.52,0.06,474.74,cash,CUST_7851,VIP
TXN_202406_008511,2024-06-10,REG_04,STORE_010,EMP_016,PROD_049,2,337.97,0.27,493.44,cash,CUST_2378,VIP
TXN_202406_008512,2024-06-28,REG_09,STORE_026,EMP_022,PROD_031,5,117.61,0.04,564.53,cash,CUST_8940,Premium
TXN_202406_008513,2024-06-01,REG_10,STORE_028,EMP_020,PROD_013,4,19.58,0.12,68.92,cash,CUST_5659,Premium
TXN_202406_008514,2024-06-09,REG_01,STORE_002,EMP_019,PROD_010,1,153.03,0.13,133.14,credit,CUST_5118,Premium
TXN_202406_008515,2024-06-23,REG_02,STORE_006,EMP_002,PROD_044,2,235.16,0.17,390.37,credit,CUST_3538,Premium
TXN_202406_008516,2024-06-06,REG_03,STORE_007,EMP_014,PROD_008,1,179.06,0.01,177.27,cash,CUST_9269,New
TXN_202406_008517,2024-06-28,REG_08,STORE_024,EMP_023,PROD_044,3,223.54,0.26,496.26,credit,CUST_2944,Premium
TXN_202406_008518,2024-06-26,REG_01,STORE_002,EMP_001,PROD_032,3,195.26,0.15,497.91,card,CUST_7417,Premium
TXN_202406_008519,2024-06-01,REG_06,STORE_017,EMP_006,PROD_039,1,94.11,0.26,69.64,mobile,CUST_2890,Regular
TXN_202406_008520,2024-06-06,REG_10,STORE_030,EMP_028,PROD_022,4,267.14,0.11,951.02,mobile,CUST_3222,Premium
TXN_202406_008521,2024-06-03,REG_05,STORE_014,EMP_021,PROD_003,4,36.75,0.02,144.06,mobile,CUST_4273,New
TXN_202406_008522,2024-06-14,REG_07,STORE_019,EMP_007,PROD_002,5,407.58,0.08,1874.87,card,CUST_5991,Premium
TXN_202406_008523,2024-06-10,REG_04,STORE_012,EMP_030,PROD_040,1,56.79,0.15,48.27,mobile,CUST_7939,Regular
TXN_202406_008524,2024-06-06,REG_08,STORE_022,EMP_008,PROD_032,5,429.03,0.06,2016.44,mobile,CUST_6513,VIP
TXN_202406_008525,2024-06-22,REG_01,STORE_003,EMP_019,PROD_036,2,458.36,0.01,907.55,mobile,CUST_4365,New
TXN_202406_008526,2024-06-18,REG_05,STORE_014,EMP_005,PROD_015,1,464.84,0.13,404.41,cash,CUST_2473,VIP
TXN_202406_008527,2024-06-01,REG_04,STORE_012,EMP_029,PROD_032,3,318.31,0.0,954.93,mobile,CUST_7313,VIP
TXN_202406_008528,2024-06-01,REG_06,STORE_017,EMP_006,PROD_007,1,49.52,0.15,42.09,card,CUST_6422,VIP
TXN_202406_008529,2024-06-28,REG_08,STORE_022,EMP_008,PROD_037,3,224.43,0.07,626.16,cash,CUST_1731,Premium
TXN_202406_008530,2024-06-15,REG_09,STORE_026,EMP_022,PROD_002,3,330.04,0.16,831.7,card,CUST_8228,VIP
TXN_202406_008531,2024-06-09,REG_08,STORE_022,EMP_023,PROD_026,2,419.63,0.11,746.94,credit,CUST_8636,VIP
TXN_202406_008532,2024-06-27,REG_06,STORE_018,EMP_006,PROD_034,1,410.71,0.2,328.57,credit,CUST_8187,VIP
TXN_202406_008533,2024-06-22,REG_08,STORE_022,EMP_015,PROD_034,1,432.6,0.2,346.08,credit,CUST_4181,VIP
TXN_202406_008534,2024-06-30,REG_04,STORE_010,EMP_030,PROD_015,5,194.64,0.23,749.36,credit,CUST_9764,VIP
TXN_202406_008535,2024-06-12,REG_07,STORE_021,EMP_007,PROD_027,5,256.08,0.22,998.71,mobile,CUST_6931,Regular
TXN_202406_008536,2024-06-08,REG_06,STORE_018,EMP_006,PROD_048,4,340.46,0.12,1198.42,credit,CUST_9319,Regular
TXN_202406_008537,2024-06-01,REG_10,STORE_030,EMP_020,PROD_002,5,280.66,0.08,1291.04,credit,CUST_9423,New
TXN_202406_008538,2024-06-01,REG_03,STORE_008,EMP_014,PROD_038,2,301.45,0.03,584.81,cash,CUST_2326,New
TXN_202406_008539,2024-06-14,REG_07,STORE_020,EMP_007,PROD_014,5,69.34,0.13,301.63,credit,CUST_2862,New
TXN_202406_008540,2024-06-18,REG_09,STORE_026,EMP_009,PROD_001,2,190.19,0.16,319.52,credit,CUST_7647,VIP
TXN_202406_008541,2024-06-07,REG_02,STORE_005,EMP_002,PROD_021,4,58.86,0.02,230.73,cash,CUST_9922,Premium
TXN_202406_008542,2024-06-27,REG_08,STORE_022,EMP_015,PROD_020,3,482.52,0.21,1143.57,cash,CUST_4210,VIP
TXN_202406_008543,2024-06-19,REG_01,STORE_001,EMP_001,PROD_041,4,312.71,0.13,1088.23,cash,CUST_9082,New
TXN_202406_008544,2024-06-03,REG_10,STORE_030,EMP_017,PROD_039,5,192.85,0.13,838.9,mobile,CUST_4640,VIP
TXN_202406_008545,2024-06-15,REG_01,STORE_001,EMP_019,PROD_009,3,47.55,0.11,126.96,credit,CUST_5605,Premium
TXN_202406_008546,2024-06-05,REG_01,STORE_001,EMP_001,PROD_050,3,57.3,0.15,146.11,mobile,CUST_1720,VIP
TXN_202406_008547,2024-06-24,REG_10,STORE_029,EMP_010,PROD_034,5,142.98,0.1,643.41,credit,CUST_9103,New
TXN_202406_008548,2024-06-27,REG_04,STORE_012,EMP_030,PROD_001,2,394.48,0.3,552.27,cash,CUST_7111,New
TXN_202406_008549,2024-06-08,REG_06,STORE_017,EMP_006,PROD_036,2,124.03,0.08,228.22,cash,CUST_3031,New
TXN_202406_008550,2024-06-07,REG_05,STORE_015,EMP_005,PROD_015,4,269.03,0.3,753.28,credit,CUST_9663,New
TXN_202406_008551,2024-06-28,REG_07,STORE_021,EMP_007,PROD_025,4,248.51,0.2,795.23,card,CUST_4489,Premium
TXN_202406_008552,2024-06-30,REG_09,STORE_025,EMP_025,PROD_018,2,126.18,0.18,206.94,card,CUST_6332,VIP
TXN_202406_008553,2024-06-23,REG_03,STORE_009,EMP_014,PROD_023,1,18.76,0.21,14.82,credit,CUST_4285,Premium
TXN_202406_008554,2024-06-05,REG_01,STORE_001,EMP_019,PROD_035,2,40.34,0.12,71.0,card,CUST_9018,Regular
TXN_202406_008555,2024-06-01,REG_08,STORE_023,EMP_008,PROD_042,2,348.44,0.11,620.22,card,CUST_6163,New
TXN_202406_008556,2024-06-20,REG_09,STORE_027,EMP_009,PROD_019,2,384.32,0.21,607.23,credit,CUST_3605,VIP
TXN_202406_008557,2024-06-12,REG_08,STORE_022,EMP_015,PROD_003,4,258.45,0.25,775.35,cash,CUST_6304,VIP
TXN_202406_008558,2024-06-18,REG_06,STORE_017,EMP_006,PROD_044,3,289.92,0.01,861.06,cash,CUST_9323,New
TXN_202406_008559,2024-06-09,REG_07,STORE_019,EMP_007,PROD_049,3,159.34,0.07,444.56,card,CUST_3827,New
TXN_202406_008560,2024-06-22,REG_06,STORE_016,EMP_006,PROD_035,3,118.15,0.08,326.09,card,CUST_3125,Regular
TXN_202406_008561,2024-06-12,REG_04,STORE_012,EMP_030,PROD_017,2,66.05,0.22,103.04,cash,CUST_5110,Premium
TXN_202406_008562,2024-06-18,REG_03,STORE_009,EMP_014,PROD_035,1,176.21,0.08,162.11,card,CUST_4711,New
TXN_202406_008563,2024-06-21,REG_01,STORE_002,EMP_001,PROD_048,1,219.23,0.29,155.65,mobile,CUST_4356,VIP
TXN_202406_008564,2024-06-02,REG_02,STORE_005,EMP_002,PROD_017,1,370.7,0.06,348.46,card,CUST_9035,Premium
TXN_202406_008565,2024-06-15,REG_05,STORE_013,EMP_005,PROD_014,5,135.74,0.0,678.7,mobile,CUST_9419,Regular
TXN_202406_008566,2024-06-02,REG_06,STORE_016,EMP_006,PROD_017,4,26.18,0.2,83.78,mobile,CUST_1139,Regular
TXN_202406_008567,2024-06-19,REG_01,STORE_003,EMP_019,PROD_007,2,108.06,0.21,170.73,credit,CUST_8546,Premium
TXN_202406_008568,2024-06-06,REG_07,STORE_021,EMP_007,PROD_024,5,10.27,0.05,48.78,mobile,CUST_3642,VIP
TXN_202406_008569,2024-06-30,REG_04,STORE_012,EMP_029,PROD_014,5,15.14,0.28,54.5,card,CUST_7233,Premium
TXN_202406_008570,2024-06-14,REG_01,STORE_003,EMP_011,PROD_011,5,408.22,0.18,1673.7,mobile,CUST_5580,Regular
TXN_202406_008571,2024-06-08,REG_07,STORE_019,EMP_007,PROD_038,4,386.28,0.1,1390.61,cash,CUST_4937,Regular
TXN_202406_008572,2024-06-20,REG_08,STORE_022,EMP_012,PROD_033,2,497.71,0.26,736.61,card,CUST_7555,VIP
TXN_202406_008573,2024-06-20,REG_02,STORE_006,EMP_002,PROD_048,4,360.88,0.06,1356.91,card,CUST_7204,New
TXN_202406_008574,2024-06-02,REG_02,STORE_005,EMP_002,PROD_030,2,456.55,0.23,703.09,credit,CUST_5678,New
TXN_202406_008575,2024-06-28,REG_08,STORE_022,EMP_012,PROD_038,1,313.48,0.24,238.24,cash,CUST_4850,Regular
TXN_202406_008576,2024-06-04,REG_06,STORE_018,EMP_006,PROD_025,4,286.35,0.04,1099.58,mobile,CUST_2540,New
TXN_202406_008577,2024-06-15,REG_03,STORE_007,EMP_003,PROD_012,1,105.21,0.05,99.95,mobile,CUST_6835,Premium
TXN_202406_008578,2024-06-27,REG_06,STORE_016,EMP_006,PROD_007,1,138.4,0.28,99.65,card,CUST_5790,Premium
TXN_202406_008579,2024-06-12,REG_08,STORE_023,EMP_012,PROD_046,5,471.15,0.02,2308.63,card,CUST_8315,Regular
TXN_202406_008580,2024-06-19,REG_05,STORE_013,EMP_021,PROD_036,4,443.77,0.19,1437.81,credit,CUST_2407,Regular
TXN_202406_008581,2024-06-18,REG_10,STORE_029,EMP_013,PROD_036,5,162.4,0.2,649.6,mobile,CUST_5327,Regular
TXN_202406_008582,2024-06-13,REG_07,STORE_020,EMP_007,PROD_044,2,125.73,0.04,241.4,credit,CUST_9951,New
TXN_202406_008583,2024-06-30,REG_01,STORE_001,EMP_011,PROD_037,5,454.97,0.12,2001.87,mobile,CUST_9351,New
TXN_202406_008584,2024-06-01,REG_05,STORE_014,EMP_021,PROD_026,2,232.52,0.08,427.84,cash,CUST_5182,Regular
TXN_202406_008585,2024-06-21,REG_06,STORE_017,EMP_006,PROD_014,3,27.19,0.17,67.7,card,CUST_6906,Premium
TXN_202406_008586,2024-06-09,REG_07,STORE_020,EMP_007,PROD_044,1,20.82,0.15,17.7,card,CUST_3359,VIP
TXN_202406_008587,2024-06-09,REG_02,STORE_006,EMP_002,PROD_018,3,347.9,0.04,1001.95,mobile,CUST_4264,VIP
TXN_202406_008588,2024-06-28,REG_05,STORE_014,EMP_005,PROD_005,2,441.17,0.12,776.46,credit,CUST_8859,New
TXN_202406_008589,2024-06-08,REG_07,STORE_021,EMP_007,PROD_026,3,360.21,0.03,1048.21,credit,CUST_4126,Premium
TXN_202406_008590,2024-06-21,REG_06,STORE_016,EMP_006,PROD_006,2,492.54,0.1,886.57,credit,CUST_1297,Regular
TXN_202406_008591,2024-06-13,REG_10,STORE_030,EMP_020,PROD_020,4,321.3,0.28,925.34,cash,CUST_7919,New
TXN_202406_008592,2024-06-06,REG_03,STORE_007,EMP_003,PROD_029,4,325.18,0.28,936.52,card,CUST_5666,Premium
TXN_202406_008593,2024-06-23,REG_08,STORE_023,EMP_015,PROD_049,2,212.91,0.01,421.56,credit,CUST_5159,VIP
TXN_202406_008594,2024-06-02,REG_05,STORE_014,EMP_021,PROD_006,5,106.68,0.28,384.05,credit,CUST_7078,VIP
TXN_202406_008595,2024-06-15,REG_08,STORE_024,EMP_012,PROD_003,2,29.46,0.13,51.26,card,CUST_4183,Premium
TXN_202406_008596,2024-06-18,REG_05,STORE_014,EMP_005,PROD_014,1,27.68,0.19,22.42,card,CUST_9378,Regular
TXN_202406_008597,2024-06-16,REG_07,STORE_020,EMP_007,PROD_021,5,192.05,0.15,816.21,mobile,CUST_7705,New
TXN_202406_008598,2024-06-03,REG_05,STORE_015,EMP_005,PROD_019,5,364.02,0.15,1547.08,card,CUST_7168,Regular
TXN_202406_008599,2024-06-12,REG_05,STORE_015,EMP_005,PROD_047,4,198.51,0.25,595.53,card,CUST_2346,New
TXN_202406_008600,2024-06-16,REG_06,STORE_016,EMP_006,PROD_029,1,53.63,0.06,50.41,cash,CUST_2283,New
TXN_202406_008601,2024-06-12,REG_01,STORE_003,EMP_001,PROD_016,5,471.71,0.26,1745.33,cash,CUST_3716,VIP
TXN_202406_008602,2024-06-14,REG_09,STORE_025,EMP_027,PROD_002,2,219.08,0.1,394.34,cash,CUST_6083,Regular
TXN_202406_008603,2024-06-16,REG_02,STORE_005,EMP_002,PROD_011,5,403.1,0.03,1955.03,mobile,CUST_6819,New
TXN_202406_008604,2024-06-16,REG_01,STORE_002,EMP_019,PROD_030,2,278.67,0.26,412.43,credit,CUST_7667,Premium
TXN_202406_008605,2024-06-08,REG_02,STORE_006,EMP_002,PROD_013,5,116.5,0.26,431.05,credit,CUST_3700,Regular
TXN_202406_008606,2024-06-01,REG_04,STORE_012,EMP_016,PROD_042,3,435.67,0.18,1071.75,card,CUST_9565,New
TXN_202406_008607,2024-06-03,REG_05,STORE_014,EMP_021,PROD_030,1,140.56,0.27,102.61,mobile,CUST_2800,Premium
TXN_202406_008608,2024-06-15,REG_03,STORE_009,EMP_014,PROD_009,5,247.91,0.14,1066.01,cash,CUST_4892,Regular
TXN_202406_008609,2024-06-23,REG_03,STORE_008,EMP_014,PROD_004,1,160.32,0.17,133.07,mobile,CUST_7318,New
TXN_202406_008610,2024-06-09,REG_07,STORE_019,EMP_007,PROD_050,4,422.98,0.17,1404.29,cash,CUST_5092,Premium
TXN_202406_008611,2024-06-15,REG_06,STORE_016,EMP_006,PROD_005,3,62.29,0.11,166.31,credit,CUST_3306,VIP
TXN_202406_008612,2024-06-01,REG_10,STORE_029,EMP_010,PROD_026,2,163.38,0.2,261.41,mobile,CUST_5537,New
TXN_202406_008613,2024-06-24,REG_06,STORE_018,EMP_006,PROD_009,2,24.74,0.16,41.56,card,CUST_7167,Premium
TXN_202406_008614,2024-06-08,REG_08,STORE_022,EMP_012,PROD_017,5,342.97,0.06,1611.96,mobile,CUST_1483,New
TXN_202406_008615,2024-06-14,REG_08,STORE_022,EMP_023,PROD_050,3,220.65,0.21,522.94,card,CUST_1655,VIP
TXN_202406_008616,2024-06-28,REG_07,STORE_021,EMP_007,PROD_019,1,468.75,0.08,431.25,credit,CUST_4768,Regular
TXN_202406_008617,2024-06-22,REG_09,STORE_025,EMP_025,PROD_038,3,313.23,0.09,855.12,credit,CUST_9398,VIP
TXN_202406_008618,2024-06-29,REG_07,STORE_021,EMP_007,PROD_044,3,222.93,0.27,488.22,mobile,CUST_5991,Regular
TXN_202406_008619,2024-06-05,REG_03,STORE_008,EMP_014,PROD_041,2,145.59,0.05,276.62,credit,CUST_7311,VIP
TXN_202406_008620,2024-06-01,REG_02,STORE_004,EMP_002,PROD_032,4,482.21,0.17,1600.94,credit,CUST_9496,New
TXN_202406_008621,2024-06-23,REG_01,STORE_002,EMP_011,PROD_041,1,159.3,0.3,111.51,cash,CUST_7367,New
TXN_202406_008622,2024-06-09,REG_01,STORE_002,EMP_001,PROD_030,4,428.61,0.07,1594.43,card,CUST_9957,New
TXN_202406_008623,2024-06-24,REG_05,STORE_013,EMP_021,PROD_049,4,457.6,0.25,1372.8,card,CUST_5239,Regular
TXN_202406_008624,2024-06-01,REG_10,STORE_029,EMP_028,PROD_038,5,323.55,0.01,1601.57,card,CUST_3692,Regular
TXN_202406_008625,2024-06-11,REG_10,STORE_029,EMP_020,PROD_012,1,161.12,0.17,133.73,cash,CUST_5363,New
TXN_202406_008626,2024-06-06,REG_05,STORE_015,EMP_005,PROD_019,1,22.74,0.14,19.56,mobile,CUST_1472,Regular
TXN_202406_008627,2024-06-13,REG_04,STORE_010,EMP_016,PROD_017,1,179.79,0.28,129.45,cash,CUST_1364,VIP
TXN_202406_008628,2024-06-19,REG_05,STORE_013,EMP_005,PROD_004,3,367.88,0.08,1015.35,mobile,CUST_2204,New
TXN_202406_008629,2024-06-25,REG_08,STORE_024,EMP_023,PROD_049,4,319.18,0.19,1034.14,credit,CUST_1950,VIP
TXN_202406_008630,2024-06-25,REG_08,STORE_022,EMP_012,PROD_029,4,365.99,0.16,1229.73,cash,CUST_3126,Premium
TXN_202406_008631,2024-06-22,REG_10,STORE_028,EMP_028,PROD_030,1,487.21,0.25,365.41,mobile,CUST_5418,New
TXN_202406_008632,2024-06-11,REG_08,STORE_023,EMP_012,PROD_039,5,465.95,0.17,1933.69,cash,CUST_3370,Premium
TXN_202406_008633,2024-06-09,REG_10,STORE_029,EMP_010,PROD_030,2,162.9,0.21,257.38,credit,CUST_6740,Regular
TXN_202406_008634,2024-06-17,REG_03,STORE_008,EMP_014,PROD_045,2,26.8,0.28,38.59,card,CUST_4364,New
TXN_202406_008635,2024-06-19,REG_04,STORE_010,EMP_004,PROD_008,3,252.35,0.08,696.49,card,CUST_6798,New
TXN_202406_008636,2024-06-03,REG_02,STORE_004,EMP_002,PROD_016,4,412.98,0.07,1536.29,mobile,CUST_6241,Regular
TXN_202406_008637,2024-06-24,REG_09,STORE_025,EMP_009,PROD_023,4,354.71,0.28,1021.56,credit,CUST_8373,Premium
TXN_202406_008638,2024-06-12,REG_08,STORE_023,EMP_023,PROD_019,5,110.94,0.28,399.38,mobile,CUST_7807,New
TXN_202406_008639,2024-06-06,REG_08,STORE_024,EMP_015,PROD_038,2,319.49,0.06,600.64,mobile,CUST_9388,New
TXN_202406_008640,2024-06-18,REG_07,STORE_019,EMP_007,PROD_044,3,263.05,0.27,576.08,credit,CUST_4983,VIP
TXN_202406_008641,2024-06-02,REG_08,STORE_024,EMP_023,PROD_039,1,208.37,0.02,204.2,card,CUST_4606,New
TXN_202406_008642,2024-06-03,REG_02,STORE_004,EMP_002,PROD_033,4,433.73,0.15,1474.68,mobile,CUST_4796,Premium
TXN_202406_008643,2024-06-08,REG_07,STORE_019,EMP_007,PROD_043,2,190.53,0.15,323.9,mobile,CUST_2216,Regular
TXN_202406_008644,2024-06-25,REG_07,STORE_019,EMP_007,PROD_027,2,327.14,0.22,510.34,cash,CUST_6365,Premium
TXN_202406_008645,2024-06-11,REG_10,STORE_030,EMP_020,PROD_047,2,111.6,0.15,189.72,cash,CUST_8638,VIP
TXN_202406_008646,2024-06-19,REG_06,STORE_017,EMP_006,PROD_004,5,174.21,0.05,827.5,credit,CUST_9541,Regular
TXN_202406_008647,2024-06-15,REG_04,STORE_011,EMP_024,PROD_049,5,389.24,0.27,1420.73,credit,CUST_7850,Premium
TXN_202406_008648,2024-06-09,REG_05,STORE_013,EMP_021,PROD_001,1,382.91,0.06,359.94,card,CUST_1732,Premium
TXN_202406_008649,2024-06-16,REG_04,STORE_010,EMP_004,PROD_001,1,148.13,0.26,109.62,mobile,CUST_8127,Premium
TXN_202406_008650,2024-06-11,REG_10,STORE_029,EMP_028,PROD_020,2,169.33,0.05,321.73,cash,CUST_1102,New
TXN_202406_008651,2024-06-14,REG_02,STORE_005,EMP_002,PROD_044,2,427.33,0.22,666.63,cash,CUST_5636,Premium
TXN_202406_008652,2024-06-25,REG_10,STORE_028,EMP_013,PROD_040,1,65.15,0.19,52.77,credit,CUST_7612,Regular
TXN_202406_008653,2024-06-29,REG_02,STORE_005,EMP_002,PROD_001,4,141.12,0.26,417.72,card,CUST_5392,VIP
TXN_202406_008654,2024-06-08,REG_06,STORE_018,EMP_006,PROD_028,5,475.85,0.27,1736.85,card,CUST_4954,Regular
TXN_202406_008655,2024-06-11,REG_01,STORE_003,EMP_018,PROD_050,5,468.7,0.2,1874.8,cash,CUST_9630,Premium
TXN_202406_008656,2024-06-26,REG_06,STORE_017,EMP_006,PROD_048,1,459.13,0.07,426.99,mobile,CUST_6398,Regular
TXN_202406_008657,2024-06-24,REG_08,STORE_022,EMP_023,PROD_019,3,330.64,0.25,743.94,mobile,CUST_8211,Regular
TXN_202406_008658,2024-06-02,REG_08,STORE_023,EMP_012,PROD_048,1,208.46,0.06,195.95,cash,CUST_7005,Regular
TXN_202406_008659,2024-06-09,REG_06,STORE_017,EMP_006,PROD_003,5,313.85,0.24,1192.63,mobile,CUST_5351,Premium
TXN_202406_008660,2024-06-21,REG_04,STORE_012,EMP_026,PROD_049,4,479.11,0.26,1418.17,credit,CUST_8834,Regular
TXN_202406_008661,2024-06-06,REG_04,STORE_010,EMP_004,PROD_036,3,278.4,0.1,751.68,mobile,CUST_6511,Regular
TXN_202406_008662,2024-06-17,REG_04,STORE_010,EMP_024,PROD_036,1,400.2,0.06,376.19,card,CUST_5878,New
TXN_202406_008663,2024-06-21,REG_04,STORE_010,EMP_016,PROD_026,1,254.47,0.19,206.12,mobile,CUST_3220,VIP
TXN_202406_008664,2024-06-02,REG_04,STORE_010,EMP_004,PROD_012,3,91.11,0.22,213.2,card,CUST_1896,New
TXN_202406_008665,2024-06-08,REG_08,STORE_022,EMP_015,PROD_035,3,388.52,0.09,1060.66,credit,CUST_6969,Regular
TXN_202406_008666,2024-06-23,REG_07,STORE_020,EMP_007,PROD_044,4,344.6,0.1,1240.56,mobile,CUST_9310,VIP
TXN_202406_008667,2024-06-20,REG_01,STORE_001,EMP_001,PROD_047,2,492.03,0.02,964.38,cash,CUST_1929,Regular
TXN_202406_008668,2024-06-30,REG_07,STORE_019,EMP_007,PROD_025,5,75.74,0.18,310.53,card,CUST_8758,VIP
TXN_202406_008669,2024-06-30,REG_05,STORE_014,EMP_005,PROD_015,4,132.9,0.06,499.7,card,CUST_1217,New
TXN_202406_008670,2024-06-09,REG_09,STORE_025,EMP_027,PROD_042,3,183.78,0.28,396.96,credit,CUST_9848,Regular
TXN_202406_008671,2024-06-30,REG_01,STORE_002,EMP_018,PROD_030,3,414.32,0.05,1180.81,credit,CUST_6699,New
TXN_202406_008672,2024-06-08,REG_05,STORE_013,EMP_005,PROD_011,3,326.41,0.12,861.72,card,CUST_7179,Premium
TXN_202406_008673,2024-06-03,REG_08,STORE_023,EMP_023,PROD_045,4,101.29,0.28,291.72,cash,CUST_7002,VIP
TXN_202406_008674,2024-06-09,REG_07,STORE_020,EMP_007,PROD_022,4,310.87,0.27,907.74,mobile,CUST_7744,Regular
TXN_202406_008675,2024-06-26,REG_03,STORE_008,EMP_003,PROD_045,3,365.86,0.09,998.8,cash,CUST_3547,VIP
TXN_202406_008676,2024-06-12,REG_02,STORE_006,EMP_002,PROD_001,2,266.49,0.22,415.72,cash,CUST_4404,New
TXN_202406_008677,2024-06-20,REG_01,STORE_003,EMP_001,PROD_027,2,28.43,0.26,42.08,credit,CUST_9016,Premium
TXN_202406_008678,2024-06-17,REG_08,STORE_023,EMP_012,PROD_031,3,127.86,0.15,326.04,credit,CUST_9486,VIP
TXN_202406_008679,2024-06-18,REG_05,STORE_015,EMP_005,PROD_049,4,307.75,0.14,1058.66,card,CUST_1167,New
TXN_202406_008680,2024-06-28,REG_03,STORE_007,EMP_014,PROD_031,3,382.02,0.26,848.08,card,CUST_1654,New
TXN_202406_008681,2024-06-22,REG_01,STORE_002,EMP_011,PROD_031,1,253.02,0.19,204.95,card,CUST_1268,Premium
TXN_202406_008682,2024-06-15,REG_05,STORE_014,EMP_021,PROD_029,2,147.17,0.16,247.25,mobile,CUST_5129,Premium
TXN_202406_008683,2024-06-26,REG_09,STORE_026,EMP_009,PROD_008,5,117.2,0.03,568.42,card,CUST_6985,Regular
TXN_202406_008684,2024-06-26,REG_04,STORE_012,EMP_004,PROD_050,2,478.14,0.0,956.28,credit,CUST_1889,VIP
TXN_202406_008685,2024-06-11,REG_07,STORE_021,EMP_007,PROD_028,2,204.57,0.25,306.86,credit,CUST_4385,VIP
TXN_202406_008686,2024-06-24,REG_10,STORE_028,EMP_020,PROD_042,3,321.8,0.09,878.51,cash,CUST_5964,Premium
TXN_202406_008687,2024-06-04,REG_05,STORE_015,EMP_005,PROD_018,3,21.66,0.06,61.08,card,CUST_3221,New
TXN_202406_008688,2024-06-14,REG_08,STORE_024,EMP_023,PROD_026,3,284.44,0.25,639.99,cash,CUST_1839,Premium
TXN_202406_008689,2024-06-05,REG_05,STORE_014,EMP_005,PROD_049,2,342.36,0.09,623.1,card,CUST_6939,Premium
TXN_202406_008690,2024-06-23,REG_03,STORE_009,EMP_003,PROD_015,2,29.81,0.16,50.08,credit,CUST_6161,New
TXN_202406_008691,2024-06-23,REG_06,STORE_018,EMP_006,PROD_029,1,400.48,0.01,396.48,cash,CUST_2569,VIP
TXN_202406_008692,2024-06-02,REG_05,STORE_015,EMP_021,PROD_024,1,206.03,0.29,146.28,cash,CUST_1447,VIP
TXN_202406_008693,2024-06-11,REG_01,STORE_002,EMP_019,PROD_049,1,461.67,0.22,360.1,cash,CUST_4751,Premium
TXN_202406_008694,2024-06-27,REG_02,STORE_005,EMP_002,PROD_023,2,313.68,0.14,539.53,mobile,CUST_6473,Premium
TXN_202406_008695,2024-06-17,REG_08,STORE_023,EMP_023,PROD_017,4,291.67,0.26,863.34,credit,CUST_9702,VIP
TXN_202406_008696,2024-06-07,REG_09,STORE_027,EMP_009,PROD_049,4,29.01,0.29,82.39,cash,CUST_3545,Regular
TXN_202406_008697,2024-06-25,REG_05,STORE_013,EMP_005,PROD_030,5,323.8,0.14,1392.34,credit,CUST_8357,VIP
TXN_202406_008698,2024-06-02,REG_01,STORE_003,EMP_001,PROD_034,1,392.15,0.02,384.31,mobile,CUST_9605,New
TXN_202406_008699,2024-06-12,REG_08,STORE_024,EMP_015,PROD_010,3,357.7,0.1,965.79,cash,CUST_7028,New
TXN_202406_008700,2024-06-24,REG_08,STORE_022,EMP_023,PROD_004,1,139.5,0.16,117.18,mobile,CUST_5947,VIP
TXN_202406_008701,2024-06-27,REG_01,STORE_002,EMP_011,PROD_017,5,63.82,0.11,284.0,mobile,CUST_4985,New
TXN_202406_008702,2024-06-06,REG_02,STORE_006,EMP_002,PROD_028,4,128.79,0.1,463.64,cash,CUST_6508,Regular
TXN_202406_008703,2024-06-29,REG_08,STORE_023,EMP_012,PROD_028,1,482.26,0.04,462.97,credit,CUST_6752,New
TXN_202406_008704,2024-06-20,REG_10,STORE_030,EMP_013,PROD_042,5,338.04,0.07,1571.89,mobile,CUST_8767,VIP
TXN_202406_008705,2024-06-08,REG_02,STORE_006,EMP_002,PROD_031,5,57.43,0.06,269.92,card,CUST_6712,VIP
TXN_202406_008706,2024-06-09,REG_05,STORE_013,EMP_021,PROD_019,2,323.11,0.07,600.98,credit,CUST_7855,Premium
TXN_202406_008707,2024-06-24,REG_09,STORE_026,EMP_025,PROD_027,3,466.37,0.0,1399.11,card,CUST_6374,Regular
TXN_202406_008708,2024-06-07,REG_06,STORE_018,EMP_006,PROD_010,3,108.07,0.21,256.13,cash,CUST_5702,Premium
TXN_202406_008709,2024-06-18,REG_07,STORE_019,EMP_007,PROD_050,1,369.11,0.08,339.58,cash,CUST_7067,Regular
TXN_202406_008710,2024-06-17,REG_08,STORE_024,EMP_023,PROD_025,3,251.76,0.22,589.12,card,CUST_7204,Regular
TXN_202406_008711,2024-06-08,REG_07,STORE_020,EMP_007,PROD_038,4,61.03,0.17,202.62,mobile,CUST_7581,Regular
TXN_202406_008712,2024-06-11,REG_06,STORE_018,EMP_006,PROD_003,5,480.79,0.18,1971.24,credit,CUST_4538,New
TXN_202406_008713,2024-06-09,REG_06,STORE_018,EMP_006,PROD_024,1,83.86,0.02,82.18,mobile,CUST_2526,VIP
TXN_202406_008714,2024-06-18,REG_04,STORE_010,EMP_016,PROD_050,1,35.13,0.21,27.75,mobile,CUST_1787,VIP
TXN_202406_008715,2024-06-18,REG_06,STORE_018,EMP_006,PROD_005,4,110.54,0.15,375.84,cash,CUST_2682,VIP
TXN_202406_008716,2024-06-18,REG_08,STORE_023,EMP_015,PROD_029,4,482.82,0.28,1390.52,mobile,CUST_1593,VIP
TXN_202406_008717,2024-06-29,REG_04,STORE_010,EMP_004,PROD_046,4,439.96,0.28,1267.08,card,CUST_3637,Premium
TXN_202406_008718,2024-06-27,REG_07,STORE_019,EMP_007,PROD_009,2,375.41,0.1,675.74,card,CUST_4265,VIP
TXN_202406_008719,2024-06-10,REG_04,STORE_010,EMP_016,PROD_023,2,436.67,0.22,681.21,mobile,CUST_3615,Premium
TXN_202406_008720,2024-06-02,REG_03,STORE_007,EMP_003,PROD_022,3,310.58,0.27,680.17,mobile,CUST_3957,VIP
TXN_202406_008721,2024-06-16,REG_05,STORE_013,EMP_021,PROD_019,3,219.67,0.21,520.62,credit,CUST_1567,Premium
TXN_202406_008722,2024-06-11,REG_02,STORE_004,EMP_002,PROD_039,2,185.48,0.12,326.44,mobile,CUST_6414,New
TXN_202406_008723,2024-06-12,REG_07,STORE_021,EMP_007,PROD_008,2,192.89,0.2,308.62,cash,CUST_1607,New
TXN_202406_008724,2024-06-15,REG_03,STORE_009,EMP_003,PROD_037,4,129.13,0.07,480.36,card,CUST_1476,New
TXN_202406_008725,2024-06-08,REG_02,STORE_006,EMP_002,PROD_015,2,336.81,0.15,572.58,card,CUST_1683,VIP
TXN_202406_008726,2024-06-27,REG_06,STORE_018,EMP_006,PROD_020,4,77.58,0.01,307.22,card,CUST_7147,VIP
TXN_202406_008727,2024-06-26,REG_03,STORE_008,EMP_014,PROD_011,3,158.76,0.16,400.08,card,CUST_9515,Regular
TXN_202406_008728,2024-06-22,REG_07,STORE_019,EMP_007,PROD_013,1,324.57,0.25,243.43,mobile,CUST_1347,New
TXN_202406_008729,2024-06-08,REG_02,STORE_004,EMP_002,PROD_006,3,176.36,0.05,502.63,mobile,CUST_6635,Regular
TXN_202406_008730,2024-06-27,REG_10,STORE_029,EMP_010,PROD_031,4,436.39,0.26,1291.71,card,CUST_2269,Regular
TXN_202406_008731,2024-06-17,REG_10,STORE_029,EMP_028,PROD_005,3,130.19,0.1,351.51,card,CUST_9159,Premium
TXN_202406_008732,2024-06-21,REG_05,STORE_015,EMP_005,PROD_006,1,124.55,0.2,99.64,mobile,CUST_3017,Regular
TXN_202406_008733,2024-06-12,REG_06,STORE_017,EMP_006,PROD_046,2,117.8,0.06,221.46,card,CUST_5134,Regular
TXN_202406_008734,2024-06-05,REG_03,STORE_007,EMP_014,PROD_025,2,396.57,0.27,578.99,credit,CUST_2491,Regular
TXN_202406_008735,2024-06-29,REG_08,STORE_024,EMP_023,PROD_032,2,408.27,0.29,579.74,card,CUST_4303,Premium
TXN_202406_008736,2024-06-29,REG_04,STORE_011,EMP_026,PROD_001,3,445.1,0.06,1255.18,mobile,CUST_5981,VIP
TXN_202406_008737,2024-06-13,REG_02,STORE_005,EMP_002,PROD_011,5,467.46,0.24,1776.35,card,CUST_8590,New
TXN_202406_008738,2024-06-14,REG_05,STORE_015,EMP_005,PROD_002,3,313.74,0.06,884.75,card,CUST_1248,New
TXN_202406_008739,2024-06-15,REG_10,STORE_030,EMP_028,PROD_019,5,80.65,0.05,383.09,cash,CUST_6942,New
TXN_202406_008740,2024-06-12,REG_01,STORE_003,EMP_018,PROD_021,2,477.88,0.1,860.18,cash,CUST_7660,Premium
TXN_202406_008741,2024-06-10,REG_02,STORE_005,EMP_002,PROD_022,2,74.63,0.12,131.35,cash,CUST_5385,Premium
TXN_202406_008742,2024-06-25,REG_04,STORE_010,EMP_004,PROD_001,4,293.13,0.28,844.21,credit,CUST_4589,New
TXN_202406_008743,2024-06-10,REG_05,STORE_015,EMP_005,PROD_045,5,20.34,0.1,91.53,mobile,CUST_1035,Premium
TXN_202406_008744,2024-06-27,REG_10,STORE_028,EMP_010,PROD_047,5,275.32,0.17,1142.58,mobile,CUST_9596,Regular
TXN_202406_008745,2024-06-24,REG_03,STORE_009,EMP_014,PROD_027,2,246.72,0.08,453.96,cash,CUST_4915,VIP
TXN_202406_008746,2024-06-24,REG_06,STORE_017,EMP_006,PROD_010,2,290.47,0.04,557.7,mobile,CUST_7669,Regular
TXN_202406_008747,2024-06-24,REG_04,STORE_012,EMP_029,PROD_019,3,355.83,0.25,800.62,mobile,CUST_9990,New
TXN_202406_008748,2024-06-07,REG_03,STORE_007,EMP_003,PROD_023,1,258.06,0.24,196.13,cash,CUST_5831,New
TXN_202406_008749,2024-06-07,REG_01,STORE_001,EMP_019,PROD_046,1,246.26,0.26,182.23,credit,CUST_4354,VIP
TXN_202406_008750,2024-06-22,REG_09,STORE_026,EMP_025,PROD_018,3,184.85,0.19,449.19,card,CUST_7661,VIP
TXN_202406_008751,2024-06-07,REG_07,STORE_020,EMP_007,PROD_018,3,482.84,0.11,1289.18,credit,CUST_7758,Premium
TXN_202406_008752,2024-06-01,REG_01,STORE_001,EMP_019,PROD_009,4,359.6,0.18,1179.49,cash,CUST_8419,New
TXN_202406_008753,2024-06-15,REG_01,STORE_001,EMP_011,PROD_046,1,153.24,0.07,142.51,mobile,CUST_4347,VIP
TXN_202406_008754,2024-06-18,REG_07,STORE_019,EMP_007,PROD_044,2,218.3,0.09,397.31,card,CUST_4477,VIP
TXN_202406_008755,2024-06-29,REG_09,STORE_026,EMP_009,PROD_006,5,253.34,0.17,1051.36,card,CUST_5369,VIP
TXN_202406_008756,2024-06-15,REG_07,STORE_020,EMP_007,PROD_009,4,403.74,0.07,1501.91,cash,CUST_5177,New
TXN_202406_008757,2024-06-05,REG_09,STORE_027,EMP_009,PROD_014,4,275.62,0.11,981.21,card,CUST_6007,Regular
TXN_202406_008758,2024-06-21,REG_02,STORE_004,EMP_002,PROD_044,2,376.47,0.22,587.29,mobile,CUST_4718,Regular
TXN_202406_008759,2024-06-04,REG_04,STORE_011,EMP_030,PROD_048,3,233.84,0.19,568.23,cash,CUST_8367,Premium
TXN_202406_008760,2024-06-28,REG_05,STORE_015,EMP_021,PROD_007,4,494.63,0.22,1543.25,credit,CUST_5495,Premium
TXN_202406_008761,2024-06-26,REG_05,STORE_013,EMP_005,PROD_025,5,148.12,0.24,562.86,mobile,CUST_2520,Regular
TXN_202406_008762,2024-06-04,REG_09,STORE_025,EMP_025,PROD_046,1,67.51,0.15,57.38,card,CUST_1862,New
TXN_202406_008763,2024-06-30,REG_02,STORE_004,EMP_002,PROD_048,3,78.3,0.15,199.66,mobile,CUST_6119,New
TXN_202406_008764,2024-06-21,REG_06,STORE_016,EMP_006,PROD_049,2,38.06,0.06,71.55,cash,CUST_9666,Regular
TXN_202406_008765,2024-06-28,REG_06,STORE_018,EMP_006,PROD_011,1,15.81,0.22,12.33,credit,CUST_3997,VIP
TXN_202406_008766,2024-06-16,REG_04,STORE_012,EMP_016,PROD_029,5,462.42,0.21,1826.56,credit,CUST_5760,New
TXN_202406_008767,2024-06-11,REG_05,STORE_013,EMP_021,PROD_041,4,401.02,0.04,1539.92,mobile,CUST_8221,New
TXN_202406_008768,2024-06-04,REG_02,STORE_005,EMP_002,PROD_047,2,288.77,0.27,421.6,mobile,CUST_1966,Regular
TXN_202406_008769,2024-06-24,REG_10,STORE_030,EMP_028,PROD_015,3,380.97,0.11,1017.19,credit,CUST_6364,VIP
TXN_202406_008770,2024-06-26,REG_01,STORE_002,EMP_019,PROD_029,5,332.7,0.27,1214.36,mobile,CUST_5738,VIP
TXN_202406_008771,2024-06-14,REG_04,STORE_012,EMP_030,PROD_029,3,315.07,0.29,671.1,cash,CUST_8426,Regular
TXN_202406_008772,2024-06-26,REG_07,STORE_021,EMP_007,PROD_045,5,198.41,0.13,863.08,cash,CUST_5830,New
TXN_202406_008773,2024-06-19,REG_09,STORE_027,EMP_009,PROD_026,4,372.61,0.16,1251.97,cash,CUST_8282,Premium
TXN_202406_008774,2024-06-13,REG_01,STORE_003,EMP_001,PROD_047,5,294.36,0.09,1339.34,mobile,CUST_6044,Regular
TXN_202406_008775,2024-06-08,REG_05,STORE_013,EMP_005,PROD_012,1,136.27,0.06,128.09,cash,CUST_6242,New
TXN_202406_008776,2024-06-17,REG_03,STORE_009,EMP_014,PROD_009,4,473.49,0.24,1439.41,mobile,CUST_1015,VIP
TXN_202406_008777,2024-06-19,REG_06,STORE_017,EMP_006,PROD_045,3,325.37,0.1,878.5,mobile,CUST_6945,New
TXN_202406_008778,2024-06-26,REG_09,STORE_025,EMP_027,PROD_007,2,270.13,0.13,470.03,mobile,CUST_5544,Premium
TXN_202406_008779,2024-06-02,REG_09,STORE_025,EMP_025,PROD_008,5,306.67,0.04,1472.02,cash,CUST_3031,New
TXN_202406_008780,2024-06-05,REG_03,STORE_009,EMP_003,PROD_036,1,135.49,0.28,97.55,credit,CUST_6528,VIP
TXN_202406_008781,2024-06-27,REG_02,STORE_005,EMP_002,PROD_048,5,178.12,0.11,792.63,card,CUST_2398,Premium
TXN_202406_008782,2024-06-06,REG_08,STORE_022,EMP_023,PROD_011,2,390.06,0.04,748.92,cash,CUST_6251,VIP
TXN_202406_008783,2024-06-19,REG_09,STORE_027,EMP_025,PROD_025,4,447.56,0.23,1378.48,card,CUST_7758,VIP
TXN_202406_008784,2024-06-29,REG_05,STORE_013,EMP_005,PROD_034,3,185.61,0.28,400.92,credit,CUST_6960,Regular
TXN_202406_008785,2024-06-11,REG_01,STORE_002,EMP_019,PROD_007,2,414.36,0.23,638.11,cash,CUST_7840,New
TXN_202406_008786,2024-06-17,REG_02,STORE_005,EMP_002,PROD_007,1,61.72,0.21,48.76,card,CUST_3108,New
TXN_202406_008787,2024-06-19,REG_06,STORE_017,EMP_006,PROD_023,3,390.75,0.18,961.25,credit,CUST_5481,VIP
TXN_202406_008788,2024-06-23,REG_09,STORE_026,EMP_022,PROD_036,5,224.29,0.02,1099.02,credit,CUST_1548,VIP
TXN_202406_008789,2024-06-06,REG_07,STORE_021,EMP_007,PROD_032,1,398.27,0.23,306.67,mobile,CUST_8858,New
TXN_202406_008790,2024-06-14,REG_10,STORE_030,EMP_017,PROD_029,3,451.11,0.24,1028.53,cash,CUST_5378,VIP
TXN_202406_008791,2024-06-15,REG_01,STORE_003,EMP_018,PROD_034,5,208.51,0.03,1011.27,mobile,CUST_3398,Regular
TXN_202406_008792,2024-06-24,REG_01,STORE_003,EMP_019,PROD_049,2,244.71,0.28,352.38,mobile,CUST_8694,VIP
TXN_202406_008793,2024-06-04,REG_10,STORE_030,EMP_010,PROD_050,1,341.52,0.03,331.27,credit,CUST_7540,Regular
TXN_202406_008794,2024-06-24,REG_01,STORE_002,EMP_001,PROD_019,5,35.62,0.24,135.36,card,CUST_6925,Premium
TXN_202406_008795,2024-06-12,REG_03,STORE_009,EMP_003,PROD_045,1,398.04,0.06,374.16,mobile,CUST_7385,Premium
TXN_202406_008796,2024-06-01,REG_01,STORE_002,EMP_018,PROD_038,4,292.8,0.2,936.96,card,CUST_4673,Premium
TXN_202406_008797,2024-06-24,REG_07,STORE_021,EMP_007,PROD_011,5,306.44,0.09,1394.3,card,CUST_4992,VIP
TXN_202406_008798,2024-06-03,REG_07,STORE_021,EMP_007,PROD_031,2,443.29,0.14,762.46,credit,CUST_7558,Regular
TXN_202406_008799,2024-06-12,REG_06,STORE_018,EMP_006,PROD_045,5,58.55,0.1,263.48,cash,CUST_3520,VIP
TXN_202406_008800,2024-06-29,REG_04,STORE_011,EMP_026,PROD_039,2,107.78,0.03,209.09,mobile,CUST_4678,VIP
TXN_202406_008801,2024-06-25,REG_04,STORE_010,EMP_004,PROD_009,3,446.97,0.04,1287.27,credit,CUST_5706,New
TXN_202406_008802,2024-06-22,REG_07,STORE_019,EMP_007,PROD_015,4,228.82,0.13,796.29,mobile,CUST_2815,Regular
TXN_202406_008803,2024-06-14,REG_06,STORE_017,EMP_006,PROD_004,1,404.28,0.24,307.25,cash,CUST_8407,Regular
TXN_202406_008804,2024-06-09,REG_04,STORE_012,EMP_029,PROD_037,1,60.84,0.22,47.46,credit,CUST_8287,New
TXN_202406_008805,2024-06-28,REG_09,STORE_027,EMP_022,PROD_041,5,157.12,0.08,722.75,credit,CUST_1241,New
TXN_202406_008806,2024-06-10,REG_01,STORE_003,EMP_011,PROD_050,3,165.99,0.02,488.01,card,CUST_1781,Premium
TXN_202406_008807,2024-06-29,REG_06,STORE_017,EMP_006,PROD_028,4,308.2,0.26,912.27,mobile,CUST_9824,VIP
TXN_202406_008808,2024-06-14,REG_08,STORE_023,EMP_012,PROD_030,1,311.23,0.23,239.65,credit,CUST_1449,Regular
TXN_202406_008809,2024-06-16,REG_06,STORE_018,EMP_006,PROD_014,3,361.48,0.16,910.93,mobile,CUST_2721,Premium
TXN_202406_008810,2024-06-18,REG_01,STORE_002,EMP_001,PROD_049,3,26.3,0.23,60.75,card,CUST_5218,VIP
TXN_202406_008811,2024-06-09,REG_06,STORE_018,EMP_006,PROD_030,4,81.23,0.09,295.68,mobile,CUST_8039,Regular
TXN_202406_008812,2024-06-23,REG_05,STORE_013,EMP_005,PROD_034,2,63.84,0.27,93.21,mobile,CUST_9933,Premium
TXN_202406_008813,2024-06-11,REG_01,STORE_003,EMP_019,PROD_028,3,296.89,0.11,792.7,cash,CUST_6313,VIP
TXN_202406_008814,2024-06-21,REG_02,STORE_006,EMP_002,PROD_049,5,299.19,0.25,1121.96,mobile,CUST_5071,VIP
TXN_202406_008815,2024-06-10,REG_09,STORE_027,EMP_009,PROD_020,4,75.18,0.21,237.57,cash,CUST_4693,Regular
TXN_202406_008816,2024-06-29,REG_02,STORE_004,EMP_002,PROD_022,3,168.17,0.08,464.15,card,CUST_8309,VIP
TXN_202406_008817,2024-06-25,REG_01,STORE_001,EMP_001,PROD_007,1,319.77,0.04,306.98,card,CUST_4810,New
TXN_202406_008818,2024-06-29,REG_04,STORE_012,EMP_029,PROD_042,4,288.91,0.02,1132.53,card,CUST_3845,VIP
TXN_202406_008819,2024-06-05,REG_04,STORE_012,EMP_024,PROD_030,3,257.61,0.2,618.26,card,CUST_8195,Regular
TXN_202406_008820,2024-06-16,REG_01,STORE_003,EMP_019,PROD_028,5,390.25,0.07,1814.66,cash,CUST_1917,New
TXN_202406_008821,2024-06-16,REG_06,STORE_017,EMP_006,PROD_047,1,384.96,0.06,361.86,credit,CUST_5790,New
TXN_202406_008822,2024-06-20,REG_01,STORE_001,EMP_019,PROD_001,2,309.08,0.15,525.44,credit,CUST_8367,Premium
TXN_202406_008823,2024-06-01,REG_01,STORE_003,EMP_011,PROD_035,2,260.07,0.27,379.7,credit,CUST_3004,Regular
TXN_202406_008824,2024-06-20,REG_09,STORE_027,EMP_025,PROD_011,1,484.13,0.1,435.72,credit,CUST_6542,VIP
TXN_202406_008825,2024-06-27,REG_05,STORE_014,EMP_005,PROD_042,4,202.22,0.28,582.39,cash,CUST_3294,Regular
TXN_202406_008826,2024-06-20,REG_04,STORE_010,EMP_030,PROD_016,1,162.38,0.1,146.14,credit,CUST_6648,Premium
TXN_202406_008827,2024-06-13,REG_02,STORE_004,EMP_002,PROD_033,5,315.05,0.04,1512.24,cash,CUST_7555,VIP
TXN_202406_008828,2024-06-07,REG_09,STORE_025,EMP_027,PROD_012,2,340.9,0.13,593.17,credit,CUST_7587,Regular
TXN_202406_008829,2024-06-13,REG_01,STORE_001,EMP_011,PROD_009,4,32.34,0.26,95.73,card,CUST_3117,Premium
TXN_202406_008830,2024-06-10,REG_06,STORE_016,EMP_006,PROD_040,3,268.87,0.15,685.62,card,CUST_3167,Regular
TXN_202406_008831,2024-06-14,REG_05,STORE_014,EMP_005,PROD_012,2,128.42,0.2,205.47,cash,CUST_6432,New
TXN_202406_008832,2024-06-01,REG_06,STORE_016,EMP_006,PROD_029,3,397.07,0.12,1048.26,cash,CUST_2782,Premium
TXN_202406_008833,2024-06-23,REG_08,STORE_022,EMP_008,PROD_011,3,40.7,0.07,113.55,card,CUST_1003,Premium
TXN_202406_008834,2024-06-20,REG_04,STORE_011,EMP_004,PROD_011,3,285.72,0.25,642.87,cash,CUST_9088,New
TXN_202406_008835,2024-06-05,REG_04,STORE_011,EMP_029,PROD_033,5,150.42,0.01,744.58,cash,CUST_4633,VIP
TXN_202406_008836,2024-06-16,REG_03,STORE_008,EMP_003,PROD_039,2,378.38,0.29,537.3,credit,CUST_8655,Premium
TXN_202406_008837,2024-06-30,REG_01,STORE_003,EMP_001,PROD_031,5,137.39,0.23,528.95,mobile,CUST_9624,Premium
TXN_202406_008838,2024-06-09,REG_10,STORE_028,EMP_020,PROD_031,1,473.28,0.3,331.3,credit,CUST_3326,Premium
TXN_202406_008839,2024-06-11,REG_02,STORE_004,EMP_002,PROD_007,4,209.37,0.1,753.73,cash,CUST_5561,New
TXN_202406_008840,2024-06-05,REG_03,STORE_008,EMP_003,PROD_038,4,193.28,0.13,672.61,cash,CUST_2227,VIP
TXN_202406_008841,2024-06-28,REG_06,STORE_016,EMP_006,PROD_010,3,493.69,0.14,1273.72,cash,CUST_7264,VIP
TXN_202406_008842,2024-06-13,REG_01,STORE_003,EMP_018,PROD_036,1,262.8,0.2,210.24,mobile,CUST_9491,VIP
TXN_202406_008843,2024-06-13,REG_10,STORE_029,EMP_010,PROD_037,2,288.23,0.0,576.46,mobile,CUST_5399,Premium
TXN_202406_008844,2024-06-22,REG_04,STORE_011,EMP_030,PROD_004,5,320.96,0.16,1348.03,credit,CUST_9774,VIP
TXN_202406_008845,2024-06-27,REG_01,STORE_002,EMP_019,PROD_040,2,353.67,0.08,650.75,cash,CUST_4014,VIP
TXN_202406_008846,2024-06-13,REG_09,STORE_026,EMP_027,PROD_045,1,447.53,0.04,429.63,mobile,CUST_5946,Regular
TXN_202406_008847,2024-06-13,REG_02,STORE_006,EMP_002,PROD_028,4,340.99,0.26,1009.33,cash,CUST_4950,VIP
TXN_202406_008848,2024-06-30,REG_05,STORE_013,EMP_021,PROD_010,3,232.37,0.13,606.49,mobile,CUST_2719,VIP
TXN_202406_008849,2024-06-10,REG_01,STORE_003,EMP_011,PROD_003,5,185.92,0.0,929.6,mobile,CUST_6209,New
TXN_202406_008850,2024-06-17,REG_03,STORE_007,EMP_014,PROD_020,4,209.41,0.13,728.75,card,CUST_5737,Regular
TXN_202406_008851,2024-06-09,REG_05,STORE_015,EMP_021,PROD_021,5,315.87,0.28,1137.13,card,CUST_6315,Regular
TXN_202406_008852,2024-06-08,REG_02,STORE_004,EMP_002,PROD_041,3,486.61,0.23,1124.07,credit,CUST_2174,Regular
TXN_202406_008853,2024-06-01,REG_05,STORE_015,EMP_005,PROD_029,2,304.01,0.05,577.62,cash,CUST_7558,Premium
TXN_202406_008854,2024-06-09,REG_06,STORE_018,EMP_006,PROD_038,4,96.1,0.04,369.02,mobile,CUST_8679,New
TXN_202406_008855,2024-06-08,REG_05,STORE_014,EMP_021,PROD_017,5,183.88,0.11,818.27,cash,CUST_5979,Regular
TXN_202406_008856,2024-06-28,REG_10,STORE_028,EMP_020,PROD_020,3,203.59,0.27,445.86,mobile,CUST_5344,Regular
TXN_202406_008857,2024-06-01,REG_07,STORE_021,EMP_007,PROD_040,1,426.53,0.14,366.82,credit,CUST_8355,Premium
TXN_202406_008858,2024-06-15,REG_02,STORE_004,EMP_002,PROD_025,5,45.35,0.26,167.79,mobile,CUST_5756,VIP
TXN_202406_008859,2024-06-27,REG_05,STORE_014,EMP_005,PROD_036,5,270.82,0.01,1340.56,cash,CUST_7749,Regular
TXN_202406_008860,2024-06-17,REG_08,STORE_022,EMP_015,PROD_043,1,338.91,0.12,298.24,credit,CUST_1828,Regular
TXN_202406_008861,2024-06-24,REG_06,STORE_017,EMP_006,PROD_047,2,433.95,0.28,624.89,card,CUST_9388,VIP
TXN_202406_008862,2024-06-01,REG_07,STORE_020,EMP_007,PROD_045,2,262.04,0.11,466.43,mobile,CUST_4336,New
TXN_202406_008863,2024-06-12,REG_10,STORE_030,EMP_010,PROD_047,1,303.27,0.16,254.75,cash,CUST_9894,VIP
TXN_202406_008864,2024-06-23,REG_05,STORE_013,EMP_005,PROD_032,4,486.31,0.11,1731.26,cash,CUST_5301,VIP
TXN_202406_008865,2024-06-28,REG_07,STORE_021,EMP_007,PROD_020,1,14.24,0.16,11.96,credit,CUST_7231,Regular
TXN_202406_008866,2024-06-15,REG_05,STORE_015,EMP_021,PROD_001,1,399.23,0.2,319.38,cash,CUST_6148,Regular
TXN_202406_008867,2024-06-17,REG_02,STORE_005,EMP_002,PROD_044,3,11.41,0.28,24.65,card,CUST_9273,Premium
TXN_202406_008868,2024-06-22,REG_09,STORE_026,EMP_025,PROD_006,1,370.32,0.09,336.99,mobile,CUST_2463,Premium
TXN_202406_008869,2024-06-20,REG_02,STORE_004,EMP_002,PROD_001,3,27.45,0.01,81.53,mobile,CUST_6692,Regular
TXN_202406_008870,2024-06-03,REG_06,STORE_017,EMP_006,PROD_022,1,419.4,0.0,419.4,card,CUST_4536,Regular
TXN_202406_008871,2024-06-19,REG_03,STORE_007,EMP_003,PROD_020,5,143.73,0.15,610.85,credit,CUST_2286,Regular
TXN_202406_008872,2024-06-28,REG_06,STORE_017,EMP_006,PROD_035,3,99.25,0.13,259.04,cash,CUST_5793,Premium
TXN_202406_008873,2024-06-08,REG_04,STORE_011,EMP_024,PROD_022,4,180.71,0.12,636.1,card,CUST_6106,Premium
TXN_202406_008874,2024-06-23,REG_05,STORE_015,EMP_021,PROD_047,3,104.99,0.14,270.87,card,CUST_6117,VIP
TXN_202406_008875,2024-06-16,REG_10,STORE_029,EMP_010,PROD_015,2,319.26,0.19,517.2,card,CUST_2141,New
TXN_202406_008876,2024-06-25,REG_02,STORE_005,EMP_002,PROD_002,2,225.62,0.21,356.48,card,CUST_3118,New
TXN_202406_008877,2024-06-10,REG_03,STORE_007,EMP_003,PROD_046,3,277.52,0.27,607.77,credit,CUST_9255,New
TXN_202406_008878,2024-06-17,REG_01,STORE_002,EMP_019,PROD_040,4,102.61,0.19,332.46,credit,CUST_5870,Premium
TXN_202406_008879,2024-06-03,REG_10,STORE_029,EMP_020,PROD_034,1,277.43,0.11,246.91,mobile,CUST_8443,Regular
TXN_202406_008880,2024-06-15,REG_06,STORE_018,EMP_006,PROD_038,4,471.6,0.03,1829.81,mobile,CUST_7846,VIP
TXN_202406_008881,2024-06-30,REG_01,STORE_001,EMP_001,PROD_043,3,31.37,0.05,89.4,card,CUST_9782,Premium
TXN_202406_008882,2024-06-06,REG_06,STORE_017,EMP_006,PROD_023,2,179.86,0.14,309.36,mobile,CUST_1658,Regular
TXN_202406_008883,2024-06-24,REG_03,STORE_009,EMP_014,PROD_002,4,171.45,0.27,500.63,mobile,CUST_7741,New
TXN_202406_008884,2024-06-06,REG_04,STORE_010,EMP_004,PROD_001,5,426.83,0.23,1643.3,credit,CUST_7250,Premium
TXN_202406_008885,2024-06-27,REG_03,STORE_008,EMP_014,PROD_009,3,327.45,0.18,805.53,credit,CUST_6915,VIP
TXN_202406_008886,2024-06-18,REG_03,STORE_009,EMP_003,PROD_043,2,426.9,0.14,734.27,card,CUST_3932,Premium
TXN_202406_008887,2024-06-30,REG_07,STORE_019,EMP_007,PROD_037,3,404.38,0.11,1079.69,cash,CUST_9096,VIP
TXN_202406_008888,2024-06-21,REG_03,STORE_009,EMP_014,PROD_026,3,256.77,0.18,631.65,cash,CUST_3834,Premium
TXN_202406_008889,2024-06-05,REG_05,STORE_014,EMP_021,PROD_019,1,110.41,0.16,92.74,credit,CUST_8766,New
TXN_202406_008890,2024-06-30,REG_03,STORE_009,EMP_014,PROD_049,5,478.88,0.26,1771.86,cash,CUST_4880,New
TXN_202406_008891,2024-06-02,REG_07,STORE_019,EMP_007,PROD_019,2,136.33,0.02,267.21,mobile,CUST_2212,VIP
TXN_202406_008892,2024-06-16,REG_04,STORE_011,EMP_004,PROD_026,1,125.88,0.07,117.07,credit,CUST_6389,Premium
TXN_202406_008893,2024-06-27,REG_08,STORE_022,EMP_012,PROD_009,2,13.0,0.19,21.06,mobile,CUST_3111,Regular
TXN_202406_008894,2024-06-10,REG_06,STORE_016,EMP_006,PROD_049,1,172.55,0.25,129.41,cash,CUST_3183,Premium
TXN_202406_008895,2024-06-23,REG_09,STORE_025,EMP_025,PROD_011,5,40.25,0.18,165.03,card,CUST_9402,VIP
TXN_202406_008896,2024-06-12,REG_06,STORE_017,EMP_006,PROD_019,4,471.76,0.2,1509.63,mobile,CUST_9116,Premium
TXN_202406_008897,2024-06-08,REG_05,STORE_014,EMP_005,PROD_037,2,286.47,0.21,452.62,card,CUST_7142,Regular
TXN_202406_008898,2024-06-20,REG_09,STORE_027,EMP_025,PROD_014,5,167.06,0.07,776.83,mobile,CUST_6647,VIP
TXN_202406_008899,2024-06-19,REG_04,STORE_012,EMP_030,PROD_023,2,414.92,0.15,705.36,credit,CUST_6708,VIP
TXN_202406_008900,2024-06-05,REG_04,STORE_010,EMP_016,PROD_014,5,186.85,0.15,794.11,mobile,CUST_9730,Regular
TXN_202406_008901,2024-06-11,REG_03,STORE_009,EMP_014,PROD_031,4,65.99,0.07,245.48,card,CUST_2966,VIP
TXN_202406_008902,2024-06-18,REG_10,STORE_030,EMP_020,PROD_006,1,297.45,0.02,291.5,card,CUST_3509,Premium
TXN_202406_008903,2024-06-22,REG_08,STORE_024,EMP_015,PROD_048,1,193.69,0.0,193.69,mobile,CUST_7600,VIP
TXN_202406_008904,2024-06-10,REG_06,STORE_018,EMP_006,PROD_032,5,407.69,0.2,1630.76,mobile,CUST_1873,Regular
TXN_202406_008905,2024-06-16,REG_04,STORE_010,EMP_024,PROD_007,2,394.56,0.25,591.84,cash,CUST_4178,Regular
TXN_202406_008906,2024-06-18,REG_08,STORE_023,EMP_023,PROD_010,4,430.18,0.08,1583.06,credit,CUST_7844,Premium
TXN_202406_008907,2024-06-28,REG_02,STORE_006,EMP_002,PROD_023,1,329.27,0.29,233.78,credit,CUST_8384,Premium
TXN_202406_008908,2024-06-11,REG_07,STORE_020,EMP_007,PROD_023,5,334.54,0.16,1405.07,credit,CUST_8707,New
TXN_202406_008909,2024-06-15,REG_10,STORE_029,EMP_017,PROD_001,2,443.87,0.01,878.86,cash,CUST_7585,Regular
TXN_202406_008910,2024-06-14,REG_06,STORE_017,EMP_006,PROD_009,4,116.17,0.01,460.03,mobile,CUST_2761,Regular
TXN_202406_008911,2024-06-18,REG_04,STORE_011,EMP_024,PROD_033,2,368.92,0.03,715.7,credit,CUST_8754,New
TXN_202406_008912,2024-06-06,REG_04,STORE_011,EMP_016,PROD_008,4,455.0,0.01,1801.8,mobile,CUST_4922,Premium
TXN_202406_008913,2024-06-18,REG_05,STORE_013,EMP_005,PROD_025,2,306.61,0.17,508.97,credit,CUST_9488,Regular
TXN_202406_008914,2024-06-05,REG_07,STORE_021,EMP_007,PROD_015,3,177.64,0.27,389.03,mobile,CUST_2275,Regular
TXN_202406_008915,2024-06-30,REG_01,STORE_002,EMP_011,PROD_033,3,259.76,0.11,693.56,credit,CUST_7892,VIP
TXN_202406_008916,2024-06-25,REG_07,STORE_019,EMP_007,PROD_025,2,20.64,0.28,29.72,card,CUST_9779,New
TXN_202406_008917,2024-06-08,REG_04,STORE_012,EMP_004,PROD_025,3,430.95,0.22,1008.42,card,CUST_6816,New
TXN_202406_008918,2024-06-17,REG_07,STORE_019,EMP_007,PROD_029,4,15.76,0.29,44.76,card,CUST_5537,New
TXN_202406_008919,2024-06-28,REG_06,STORE_017,EMP_006,PROD_033,3,401.85,0.24,916.22,mobile,CUST_9140,Premium
TXN_202406_008920,2024-06-03,REG_09,STORE_025,EMP_025,PROD_011,2,471.65,0.2,754.64,mobile,CUST_8050,VIP
TXN_202406_008921,2024-06-13,REG_08,STORE_023,EMP_008,PROD_034,5,163.97,0.27,598.49,credit,CUST_6620,Premium
TXN_202406_008922,2024-06-17,REG_10,STORE_028,EMP_028,PROD_014,2,34.74,0.02,68.09,cash,CUST_2821,New
TXN_202406_008923,2024-06-14,REG_09,STORE_025,EMP_025,PROD_044,2,378.97,0.13,659.41,card,CUST_8321,VIP
TXN_202406_008924,2024-06-11,REG_09,STORE_025,EMP_022,PROD_046,1,175.31,0.14,150.77,credit,CUST_4747,New
TXN_202406_008925,2024-06-10,REG_03,STORE_007,EMP_003,PROD_017,3,265.16,0.29,564.79,credit,CUST_5062,VIP
TXN_202406_008926,2024-06-07,REG_05,STORE_013,EMP_021,PROD_031,2,370.5,0.29,526.11,credit,CUST_5358,New
TXN_202406_008927,2024-06-20,REG_07,STORE_021,EMP_007,PROD_027,3,313.94,0.16,791.13,mobile,CUST_2514,New
TXN_202406_008928,2024-06-22,REG_01,STORE_001,EMP_018,PROD_022,5,48.33,0.07,224.73,mobile,CUST_5586,VIP
TXN_202406_008929,2024-06-25,REG_06,STORE_017,EMP_006,PROD_041,5,156.96,0.09,714.17,cash,CUST_5543,Premium
TXN_202406_008930,2024-06-23,REG_06,STORE_017,EMP_006,PROD_002,5,38.13,0.02,186.84,mobile,CUST_9410,VIP
TXN_202406_008931,2024-06-21,REG_08,STORE_022,EMP_008,PROD_010,5,171.78,0.13,747.24,credit,CUST_5361,Premium
TXN_202406_008932,2024-06-27,REG_10,STORE_029,EMP_020,PROD_032,3,236.17,0.06,666.0,cash,CUST_6614,VIP
TXN_202406_008933,2024-06-18,REG_10,STORE_029,EMP_017,PROD_029,2,300.0,0.2,480.0,mobile,CUST_4697,VIP
TXN_202406_008934,2024-06-06,REG_02,STORE_006,EMP_002,PROD_001,2,448.5,0.09,816.27,credit,CUST_7194,VIP
TXN_202406_008935,2024-06-16,REG_09,STORE_025,EMP_027,PROD_011,1,191.57,0.13,166.67,credit,CUST_4968,VIP
TXN_202406_008936,2024-06-16,REG_07,STORE_021,EMP_007,PROD_024,5,122.55,0.27,447.31,card,CUST_5932,Regular
TXN_202406_008937,2024-06-22,REG_03,STORE_009,EMP_003,PROD_007,1,114.84,0.26,84.98,mobile,CUST_3339,New
TXN_202406_008938,2024-06-14,REG_06,STORE_018,EMP_006,PROD_002,2,129.25,0.25,193.88,cash,CUST_9771,VIP
TXN_202406_008939,2024-06-13,REG_04,STORE_012,EMP_030,PROD_027,2,70.23,0.18,115.18,cash,CUST_6902,Regular
TXN_202406_008940,2024-06-25,REG_06,STORE_017,EMP_006,PROD_037,4,435.98,0.26,1290.5,credit,CUST_6657,Premium
TXN_202406_008941,2024-06-28,REG_02,STORE_004,EMP_002,PROD_049,5,302.09,0.2,1208.36,mobile,CUST_3641,Premium
TXN_202406_008942,2024-06-24,REG_01,STORE_001,EMP_001,PROD_006,3,41.41,0.05,118.02,credit,CUST_5694,Premium
TXN_202406_008943,2024-06-17,REG_04,STORE_011,EMP_030,PROD_016,4,217.66,0.11,774.87,mobile,CUST_7004,Regular
TXN_202406_008944,2024-06-06,REG_05,STORE_013,EMP_021,PROD_006,1,438.17,0.02,429.41,cash,CUST_7289,Regular
TXN_202406_008945,2024-06-24,REG_02,STORE_005,EMP_002,PROD_016,2,144.15,0.06,271.0,cash,CUST_1851,Regular
TXN_202406_008946,2024-06-21,REG_01,STORE_002,EMP_018,PROD_022,2,61.78,0.1,111.2,card,CUST_3573,New
TXN_202406_008947,2024-06-04,REG_10,STORE_028,EMP_017,PROD_023,3,213.5,0.3,448.35,card,CUST_1892,Regular
TXN_202406_008948,2024-06-13,REG_08,STORE_022,EMP_012,PROD_041,3,215.65,0.01,640.48,cash,CUST_1111,Premium
TXN_202406_008949,2024-06-05,REG_07,STORE_020,EMP_007,PROD_013,4,103.95,0.14,357.59,credit,CUST_1364,Premium
TXN_202406_008950,2024-06-19,REG_10,STORE_030,EMP_020,PROD_012,4,20.72,0.03,80.39,card,CUST_8620,Regular
TXN_202406_008951,2024-06-25,REG_10,STORE_028,EMP_010,PROD_021,4,403.59,0.05,1533.64,credit,CUST_8738,Regular
TXN_202406_008952,2024-06-08,REG_08,STORE_023,EMP_012,PROD_017,5,400.65,0.29,1422.31,credit,CUST_3555,Regular
TXN_202406_008953,2024-06-16,REG_08,STORE_022,EMP_008,PROD_038,2,391.74,0.28,564.11,mobile,CUST_9059,Premium
TXN_202406_008954,2024-06-04,REG_09,STORE_026,EMP_025,PROD_037,4,16.35,0.02,64.09,mobile,CUST_1311,Regular
TXN_202406_008955,2024-06-18,REG_10,STORE_030,EMP_013,PROD_010,1,92.98,0.03,90.19,cash,CUST_3875,Regular
TXN_202406_008956,2024-06-04,REG_05,STORE_013,EMP_005,PROD_023,4,151.58,0.14,521.44,cash,CUST_5276,New
TXN_202406_008957,2024-06-10,REG_01,STORE_001,EMP_018,PROD_028,1,367.03,0.21,289.95,mobile,CUST_5960,Regular
TXN_202406_008958,2024-06-13,REG_02,STORE_005,EMP_002,PROD_043,5,452.45,0.01,2239.63,credit,CUST_8082,Regular
TXN_202406_008959,2024-06-24,REG_10,STORE_029,EMP_010,PROD_031,1,233.91,0.21,184.79,mobile,CUST_8773,VIP
TXN_202406_008960,2024-06-17,REG_09,STORE_027,EMP_022,PROD_032,3,369.26,0.14,952.69,cash,CUST_1538,VIP
TXN_202406_008961,2024-06-02,REG_07,STORE_021,EMP_007,PROD_003,3,169.75,0.1,458.32,mobile,CUST_7443,New
TXN_202406_008962,2024-06-01,REG_08,STORE_023,EMP_008,PROD_011,4,20.05,0.25,60.15,cash,CUST_6704,New
TXN_202406_008963,2024-06-09,REG_02,STORE_004,EMP_002,PROD_024,5,410.45,0.07,1908.59,credit,CUST_5402,Premium
TXN_202406_008964,2024-06-28,REG_03,STORE_009,EMP_014,PROD_022,3,412.33,0.06,1162.77,cash,CUST_6710,Premium
TXN_202406_008965,2024-06-24,REG_09,STORE_026,EMP_025,PROD_001,3,105.53,0.03,307.09,mobile,CUST_9239,Regular
TXN_202406_008966,2024-06-19,REG_08,STORE_022,EMP_015,PROD_015,3,71.58,0.27,156.76,cash,CUST_6327,VIP
TXN_202406_008967,2024-06-29,REG_04,STORE_012,EMP_024,PROD_001,1,267.61,0.11,238.17,credit,CUST_3253,Premium
TXN_202406_008968,2024-06-25,REG_10,STORE_028,EMP_013,PROD_002,1,334.18,0.29,237.27,mobile,CUST_6108,Regular
TXN_202406_008969,2024-06-17,REG_03,STORE_007,EMP_014,PROD_008,1,93.44,0.09,85.03,cash,CUST_4701,VIP
TXN_202406_008970,2024-06-26,REG_02,STORE_004,EMP_002,PROD_050,4,271.79,0.21,858.86,credit,CUST_4183,VIP
TXN_202406_008971,2024-06-29,REG_03,STORE_009,EMP_003,PROD_013,1,103.39,0.1,93.05,card,CUST_5339,Premium
TXN_202406_008972,2024-06-27,REG_09,STORE_026,EMP_027,PROD_035,1,354.11,0.24,269.12,cash,CUST_9351,Regular
TXN_202406_008973,2024-06-05,REG_09,STORE_026,EMP_025,PROD_050,1,182.96,0.15,155.52,card,CUST_5809,New
TXN_202406_008974,2024-06-19,REG_03,STORE_008,EMP_003,PROD_019,5,401.6,0.02,1967.84,mobile,CUST_5126,Regular
TXN_202406_008975,2024-06-01,REG_01,STORE_002,EMP_011,PROD_002,5,175.39,0.21,692.79,mobile,CUST_8460,Regular
TXN_202406_008976,2024-06-23,REG_07,STORE_020,EMP_007,PROD_049,5,334.55,0.06,1572.38,cash,CUST_2246,New
TXN_202406_008977,2024-06-10,REG_10,STORE_029,EMP_017,PROD_023,3,321.91,0.03,936.76,credit,CUST_2658,VIP
TXN_202406_008978,2024-06-14,REG_09,STORE_025,EMP_025,PROD_018,3,54.11,0.02,159.08,card,CUST_8943,VIP
TXN_202406_008979,2024-06-22,REG_10,STORE_030,EMP_010,PROD_035,3,320.05,0.21,758.52,mobile,CUST_9922,Regular
TXN_202406_008980,2024-06-22,REG_07,STORE_020,EMP_007,PROD_032,3,369.12,0.12,974.48,credit,CUST_6204,Premium
