transaction_id;date;region;store_id;employee_id;product_id;units;unit_price;discount;revenue;payment;customer_id;customer_segment
TXN_202305_001981;2023-05-16;REG_07;STORE_020;EMP_007;PROD_048;4;148.19;0.13;515.7;cash;CUST_8815;Premium
TXN_202305_001982;2023-05-03;REG_07;STORE_019;EMP_007;PROD_031;1;168.9;0.19;136.81;mobile;CUST_4563;VIP
TXN_202305_001983;2023-05-03;REG_04;STORE_011;EMP_029;PROD_026;1;371.94;0.18;304.99;credit;CUST_5644;Regular
TXN_202305_001984;2023-05-02;REG_05;STORE_013;EMP_005;PROD_039;2;39.55;0.06;74.35;credit;CUST_8590;VIP
TXN_202305_001985;2023-05-13;REG_02;STORE_005;EMP_002;PROD_017;2;163.96;0.28;236.1;cash;CUST_8633;VIP
TXN_202305_001986;2023-05-24;REG_06;STORE_017;EMP_006;PROD_032;1;43.5;0.18;35.67;card;CUST_8061;New
TXN_202305_001987;2023-05-07;REG_03;STORE_008;EMP_014;PROD_024;2;56.07;0.27;81.86;card;CUST_1957;Premium
TXN_202305_001988;2023-05-06;REG_10;STORE_028;EMP_028;PROD_029;1;490.7;0.2;392.56;card;CUST_8407;Premium
TXN_202305_001989;2023-05-25;REG_09;STORE_027;EMP_022;PROD_009;2;178.94;0.29;254.09;mobile;CUST_1106;New
TXN_202305_001990;2023-05-23;REG_10;STORE_030;EMP_013;PROD_043;4;461.84;0.19;1496.36;cash;CUST_7406;Premium
TXN_202305_001991;2023-05-20;REG_06;STORE_017;EMP_006;PROD_016;5;482.6;0.29;1713.23;mobile;CUST_1946;Premium
TXN_202305_001992;2023-05-21;REG_05;STORE_015;EMP_005;PROD_009;5;95.81;0.16;402.4;card;CUST_3873;Premium
TXN_202305_001993;2023-05-14;REG_02;STORE_004;EMP_002;PROD_008;1;466.71;0.27;340.7;credit;CUST_6226;New
TXN_202305_001994;2023-05-21;REG_08;STORE_023;EMP_015;PROD_031;5;80.37;0.09;365.68;credit;CUST_9605;New
TXN_202305_001995;2023-05-23;REG_03;STORE_007;EMP_003;PROD_021;1;233.11;0.06;219.12;cash;CUST_5795;VIP
TXN_202305_001996;2023-05-04;REG_08;STORE_023;EMP_023;PROD_031;3;185.61;0.1;501.15;card;CUST_7896;New
TXN_202305_001997;2023-05-02;REG_01;STORE_001;EMP_018;PROD_025;2;195.54;0.2;312.86;card;CUST_4267;New
TXN_202305_001998;2023-05-17;REG_02;STORE_005;EMP_002;PROD_015;1;451.06;0.11;401.44;mobile;CUST_3465;Premium
TXN_202305_001999;2023-05-15;REG_09;STORE_027;EMP_009;PROD_031;5;159.59;0.16;670.28;card;CUST_6080;VIP
TXN_202305_002000;2023-05-13;REG_05;STORE_013;EMP_005;PROD_020;3;125.57;0.16;316.44;cash;CUST_7079;Regular
TXN_202305_002001;2023-05-17;REG_01;STORE_002;EMP_001;PROD_020;3;440.49;0.05;1255.4;mobile;CUST_1748;Premium
TXN_202305_002002;2023-05-16;REG_06;STORE_016;EMP_006;PROD_048;3;202.98;0.09;554.14;card;CUST_6433;New
TXN_202305_002003;2023-05-23;REG_04;STORE_012;EMP_030;PROD_010;5;429.23;0.14;1845.69;cash;CUST_6930;VIP
TXN_202305_002004;2023-05-24;REG_05;STORE_015;EMP_005;PROD_012;2;460.95;0.04;885.02;mobile;CUST_4664;Regular
TXN_202305_002005;2023-05-18;REG_06;STORE_017;EMP_006;PROD_044;3;475.92;0.12;1256.43;credit;CUST_6380;Regular
TXN_202305_002006;2023-05-27;REG_02;STORE_006;EMP_002;PROD_038;1;167.02;0.13;145.31;credit;CUST_2506;New
TXN_202305_002007;2023-05-14;REG_07;STORE_020;EMP_007;PROD_015;3;470.76;0.01;1398.16;cash;CUST_5707;New
TXN_202305_002008;2023-05-01;REG_10;STORE_030;EMP_028;PROD_004;1;230.69;0.01;228.38;cash;CUST_5606;VIP
TXN_202305_002009;2023-05-09;REG_04;STORE_011;EMP_029;PROD_014;4;124.97;0.23;384.91;credit;CUST_1528;Regular
TXN_202305_002010;2023-05-30;REG_08;STORE_023;EMP_015;PROD_019;5;180.25;0.21;711.99;credit;CUST_6514;Regular
TXN_202305_002011;2023-05-11;REG_03;STORE_008;EMP_003;PROD_039;1;194.3;0.0;194.3;mobile;CUST_8736;Premium
TXN_202305_002012;2023-05-04;REG_01;STORE_001;EMP_018;PROD_029;5;192.56;0.16;808.75;card;CUST_8690;New
TXN_202305_002013;2023-05-26;REG_01;STORE_002;EMP_001;PROD_023;3;193.73;0.13;505.64;card;CUST_7914;VIP
TXN_202305_002014;2023-05-05;REG_07;STORE_020;EMP_007;PROD_032;2;267.79;0.26;396.33;credit;CUST_1417;VIP
TXN_202305_002015;2023-05-01;REG_04;STORE_010;EMP_004;PROD_008;2;350.13;0.12;616.23;cash;CUST_8429;VIP
TXN_202305_002016;2023-05-17;REG_10;STORE_029;EMP_017;PROD_014;3;223.84;0.0;671.52;mobile;CUST_1664;Premium
TXN_202305_002017;2023-05-09;REG_04;STORE_010;EMP_024;PROD_049;2;92.53;0.16;155.45;credit;CUST_8765;VIP
TXN_202305_002018;2023-05-28;REG_02;STORE_005;EMP_002;PROD_047;5;190.4;0.07;885.36;cash;CUST_5400;Premium
TXN_202305_002019;2023-05-22;REG_08;STORE_023;EMP_008;PROD_045;1;260.58;0.16;218.89;cash;CUST_3731;Regular
TXN_202305_002020;2023-05-27;REG_08;STORE_023;EMP_008;PROD_013;3;228.33;0.19;554.84;card;CUST_3019;VIP
TXN_202305_002021;2023-05-18;REG_04;STORE_012;EMP_016;PROD_042;4;149.68;0.13;520.89;credit;CUST_1596;New
TXN_202305_002022;2023-05-02;REG_06;STORE_018;EMP_006;PROD_036;2;375.48;0.11;668.35;mobile;CUST_7457;Premium
TXN_202305_002023;2023-05-18;REG_05;STORE_013;EMP_005;PROD_045;4;31.15;0.23;95.94;mobile;CUST_3744;VIP
TXN_202305_002024;2023-05-18;REG_02;STORE_004;EMP_002;PROD_017;1;208.25;0.28;149.94;credit;CUST_7131;New
TXN_202305_002025;2023-05-27;REG_03;STORE_008;EMP_014;PROD_007;1;373.16;0.08;343.31;cash;CUST_1688;New
TXN_202305_002026;2023-05-20;REG_04;STORE_010;EMP_030;PROD_023;5;296.77;0.13;1290.95;card;CUST_7367;VIP
TXN_202305_002027;2023-05-17;REG_02;STORE_006;EMP_002;PROD_048;4;77.32;0.05;293.82;cash;CUST_8385;VIP
TXN_202305_002028;2023-05-22;REG_02;STORE_004;EMP_002;PROD_029;1;285.52;0.08;262.68;card;CUST_9348;New
TXN_202305_002029;2023-05-14;REG_07;STORE_019;EMP_007;PROD_031;5;297.57;0.14;1279.55;credit;CUST_1415;New
TXN_202305_002030;2023-05-14;REG_06;STORE_017;EMP_006;PROD_012;2;177.18;0.01;350.82;card;CUST_4799;VIP
TXN_202305_002031;2023-05-04;REG_01;STORE_001;EMP_019;PROD_037;4;104.59;0.25;313.77;mobile;CUST_4854;Regular
TXN_202305_002032;2023-05-30;REG_08;STORE_023;EMP_023;PROD_006;1;159.79;0.26;118.24;credit;CUST_7601;Regular
TXN_202305_002033;2023-05-22;REG_01;STORE_003;EMP_018;PROD_014;2;484.56;0.18;794.68;mobile;CUST_8651;Regular
TXN_202305_002034;2023-05-01;REG_01;STORE_003;EMP_018;PROD_004;1;373.48;0.2;298.78;cash;CUST_8885;Regular
TXN_202305_002035;2023-05-23;REG_10;STORE_030;EMP_020;PROD_015;3;55.35;0.08;152.77;credit;CUST_1276;VIP
TXN_202305_002036;2023-05-02;REG_06;STORE_018;EMP_006;PROD_047;3;291.76;0.04;840.27;credit;CUST_5347;Regular
TXN_202305_002037;2023-05-23;REG_02;STORE_006;EMP_002;PROD_029;2;198.25;0.12;348.92;credit;CUST_9394;Premium
TXN_202305_002038;2023-05-30;REG_09;STORE_027;EMP_025;PROD_017;1;411.5;0.06;386.81;cash;CUST_7797;VIP
TXN_202305_002039;2023-05-07;REG_09;STORE_025;EMP_025;PROD_036;2;93.27;0.22;145.5;credit;CUST_3668;New
TXN_202305_002040;2023-05-23;REG_09;STORE_026;EMP_009;PROD_040;5;218.54;0.21;863.23;credit;CUST_1339;New
TXN_202305_002041;2023-05-12;REG_07;STORE_021;EMP_007;PROD_034;5;401.81;0.26;1486.7;mobile;CUST_6127;New
TXN_202305_002042;2023-05-27;REG_08;STORE_022;EMP_012;PROD_012;2;147.78;0.14;254.18;credit;CUST_5867;Regular
TXN_202305_002043;2023-05-15;REG_09;STORE_027;EMP_027;PROD_018;1;386.72;0.2;309.38;cash;CUST_2334;New
TXN_202305_002044;2023-05-25;REG_06;STORE_017;EMP_006;PROD_044;1;200.62;0.1;180.56;card;CUST_9244;Premium
TXN_202305_002045;2023-05-26;REG_05;STORE_014;EMP_021;PROD_009;2;220.2;0.21;347.92;credit;CUST_1606;New
TXN_202305_002046;2023-05-16;REG_03;STORE_008;EMP_003;PROD_045;2;64.64;0.21;102.13;card;CUST_2400;Regular
TXN_202305_002047;2023-05-23;REG_01;STORE_002;EMP_019;PROD_023;1;358.31;0.15;304.56;credit;CUST_7205;VIP
TXN_202305_002048;2023-05-15;REG_06;STORE_018;EMP_006;PROD_050;1;95.43;0.11;84.93;mobile;CUST_8085;Premium
TXN_202305_002049;2023-05-25;REG_06;STORE_018;EMP_006;PROD_001;3;126.02;0.23;291.11;credit;CUST_3452;Regular
TXN_202305_002050;2023-05-20;REG_07;STORE_019;EMP_007;PROD_035;1;309.51;0.03;300.22;credit;CUST_2310;Regular
TXN_202305_002051;2023-05-14;REG_04;STORE_010;EMP_029;PROD_020;5;428.51;0.2;1714.04;card;CUST_8019;New
TXN_202305_002052;2023-05-29;REG_07;STORE_021;EMP_007;PROD_007;3;373.41;0.28;806.57;cash;CUST_9224;New
TXN_202305_002053;2023-05-01;REG_05;STORE_013;EMP_005;PROD_006;2;198.69;0.09;361.62;mobile;CUST_7783;VIP
TXN_202305_002054;2023-05-30;REG_04;STORE_012;EMP_026;PROD_022;4;448.62;0.22;1399.69;card;CUST_7261;Premium
TXN_202305_002055;2023-05-09;REG_03;STORE_009;EMP_014;PROD_020;4;308.42;0.04;1184.33;card;CUST_1330;Regular
TXN_202305_002056;2023-05-19;REG_10;STORE_030;EMP_028;PROD_031;1;334.62;0.09;304.5;credit;CUST_9245;Regular
TXN_202305_002057;2023-05-26;REG_07;STORE_021;EMP_007;PROD_003;2;165.82;0.29;235.46;credit;CUST_7840;VIP
TXN_202305_002058;2023-05-03;REG_03;STORE_009;EMP_003;PROD_013;3;25.37;0.16;63.93;cash;CUST_5839;VIP
TXN_202305_002059;2023-05-23;REG_10;STORE_030;EMP_013;PROD_012;3;189.74;0.15;483.84;credit;CUST_4903;Regular
TXN_202305_002060;2023-05-05;REG_02;STORE_004;EMP_002;PROD_037;2;168.47;0.29;239.23;mobile;CUST_6500;Regular
TXN_202305_002061;2023-05-01;REG_06;STORE_018;EMP_006;PROD_011;5;382.06;0.03;1852.99;cash;CUST_7394;VIP
TXN_202305_002062;2023-05-09;REG_07;STORE_019;EMP_007;PROD_030;4;430.75;0.21;1361.17;mobile;CUST_6957;VIP
TXN_202305_002063;2023-05-13;REG_04;STORE_010;EMP_024;PROD_007;2;244.75;0.11;435.66;mobile;CUST_3983;Premium
TXN_202305_002064;2023-05-16;REG_05;STORE_014;EMP_005;PROD_038;3;354.3;0.26;786.55;mobile;CUST_5545;Regular
TXN_202305_002065;2023-05-03;REG_01;STORE_002;EMP_018;PROD_050;1;457.88;0.08;421.25;cash;CUST_9728;New
TXN_202305_002066;2023-05-28;REG_09;STORE_027;EMP_009;PROD_047;2;496.59;0.23;764.75;mobile;CUST_8674;VIP
TXN_202305_002067;2023-05-13;REG_03;STORE_008;EMP_003;PROD_014;3;115.48;0.19;280.62;card;CUST_2225;VIP
TXN_202305_002068;2023-05-15;REG_08;STORE_023;EMP_023;PROD_030;4;144.21;0.11;513.39;card;CUST_4527;VIP
TXN_202305_002069;2023-05-18;REG_02;STORE_005;EMP_002;PROD_031;4;27.31;0.04;104.87;card;CUST_1992;VIP
TXN_202305_002070;2023-05-03;REG_09;STORE_026;EMP_027;PROD_003;3;389.92;0.16;982.6;credit;CUST_4636;Premium
TXN_202305_002071;2023-05-25;REG_06;STORE_016;EMP_006;PROD_004;3;100.99;0.27;221.17;card;CUST_2018;VIP
TXN_202305_002072;2023-05-19;REG_05;STORE_014;EMP_021;PROD_003;4;402.32;0.23;1239.15;credit;CUST_2652;VIP
TXN_202305_002073;2023-05-16;REG_09;STORE_027;EMP_009;PROD_043;4;59.55;0.25;178.65;card;CUST_8411;Premium
TXN_202305_002074;2023-05-09;REG_09;STORE_027;EMP_027;PROD_007;3;248.83;0.28;537.47;mobile;CUST_5688;Premium
TXN_202305_002075;2023-05-17;REG_06;STORE_017;EMP_006;PROD_030;5;409.65;0.21;1618.12;credit;CUST_9754;New
TXN_202305_002076;2023-05-03;REG_03;STORE_008;EMP_014;PROD_019;5;341.89;0.21;1350.47;card;CUST_6753;New
TXN_202305_002077;2023-05-02;REG_08;STORE_023;EMP_023;PROD_049;5;156.28;0.28;562.61;credit;CUST_5854;VIP
TXN_202305_002078;2023-05-04;REG_01;STORE_001;EMP_001;PROD_003;4;255.9;0.16;859.82;card;CUST_9429;Premium
TXN_202305_002079;2023-05-04;REG_07;STORE_020;EMP_007;PROD_011;3;207.25;0.21;491.18;mobile;CUST_7109;Premium
TXN_202305_002080;2023-05-09;REG_10;STORE_030;EMP_017;PROD_044;5;185.28;0.08;852.29;cash;CUST_6156;Premium
TXN_202305_002081;2023-05-08;REG_01;STORE_003;EMP_001;PROD_032;5;219.81;0.17;912.21;credit;CUST_9689;Premium
TXN_202305_002082;2023-05-16;REG_05;STORE_015;EMP_021;PROD_001;4;30.79;0.29;87.44;card;CUST_1518;Regular
TXN_202305_002083;2023-05-10;REG_09;STORE_026;EMP_009;PROD_016;1;135.26;0.05;128.5;cash;CUST_8262;VIP
TXN_202305_002084;2023-05-24;REG_05;STORE_013;EMP_021;PROD_037;1;189.53;0.08;174.37;card;CUST_4640;VIP
TXN_202305_002085;2023-05-09;REG_05;STORE_013;EMP_021;PROD_034;2;47.35;0.04;90.91;cash;CUST_7461;Regular
TXN_202305_002086;2023-05-06;REG_03;STORE_008;EMP_014;PROD_035;3;392.0;0.18;964.32;card;CUST_9307;Premium
TXN_202305_002087;2023-05-29;REG_03;STORE_008;EMP_014;PROD_025;1;79.96;0.11;71.16;card;CUST_8562;Premium
TXN_202305_002088;2023-05-06;REG_07;STORE_021;EMP_007;PROD_003;5;432.55;0.09;1968.1;cash;CUST_8657;New
TXN_202305_002089;2023-05-19;REG_05;STORE_014;EMP_021;PROD_015;2;392.68;0.03;761.8;credit;CUST_4995;VIP
TXN_202305_002090;2023-05-27;REG_07;STORE_021;EMP_007;PROD_026;2;266.37;0.23;410.21;cash;CUST_8684;Regular
TXN_202305_002091;2023-05-23;REG_05;STORE_015;EMP_005;PROD_047;2;166.7;0.24;253.38;cash;CUST_9464;Regular
TXN_202305_002092;2023-05-17;REG_01;STORE_003;EMP_011;PROD_024;3;151.19;0.27;331.11;mobile;CUST_7406;New
TXN_202305_002093;2023-05-22;REG_03;STORE_007;EMP_003;PROD_003;4;421.03;0.26;1246.25;card;CUST_1864;New
TXN_202305_002094;2023-05-01;REG_05;STORE_014;EMP_005;PROD_022;1;22.94;0.0;22.94;card;CUST_2346;New
TXN_202305_002095;2023-05-01;REG_10;STORE_030;EMP_028;PROD_035;2;419.38;0.24;637.46;cash;CUST_2183;Regular
TXN_202305_002096;2023-05-27;REG_05;STORE_013;EMP_005;PROD_023;4;235.94;0.29;670.07;card;CUST_5740;New
TXN_202305_002097;2023-05-08;REG_02;STORE_004;EMP_002;PROD_023;2;449.05;0.26;664.59;mobile;CUST_3160;Regular
TXN_202305_002098;2023-05-15;REG_03;STORE_009;EMP_014;PROD_040;5;190.58;0.23;733.73;card;CUST_3189;VIP
TXN_202305_002099;2023-05-20;REG_10;STORE_028;EMP_028;PROD_042;5;96.43;0.21;380.9;cash;CUST_2853;VIP
TXN_202305_002100;2023-05-10;REG_03;STORE_008;EMP_014;PROD_037;2;151.01;0.18;247.66;mobile;CUST_5120;Premium
TXN_202305_002101;2023-05-21;REG_02;STORE_004;EMP_002;PROD_034;1;46.33;0.06;43.55;mobile;CUST_1344;Premium
TXN_202305_002102;2023-05-20;REG_02;STORE_005;EMP_002;PROD_043;5;126.12;0.03;611.68;card;CUST_3055;VIP
TXN_202305_002103;2023-05-31;REG_10;STORE_029;EMP_028;PROD_007;3;304.43;0.08;840.23;card;CUST_2080;VIP
TXN_202305_002104;2023-05-03;REG_07;STORE_019;EMP_007;PROD_014;4;73.78;0.16;247.9;credit;CUST_4240;New
TXN_202305_002105;2023-05-27;REG_07;STORE_019;EMP_007;PROD_020;1;382.64;0.2;306.11;card;CUST_5961;Regular
TXN_202305_002106;2023-05-30;REG_01;STORE_002;EMP_001;PROD_002;4;205.29;0.0;821.16;mobile;CUST_2057;New
TXN_202305_002107;2023-05-01;REG_06;STORE_018;EMP_006;PROD_039;4;347.76;0.24;1057.19;cash;CUST_4902;VIP
TXN_202305_002108;2023-05-22;REG_07;STORE_020;EMP_007;PROD_013;4;469.99;0.28;1353.57;cash;CUST_5796;Regular
TXN_202305_002109;2023-05-22;REG_04;STORE_011;EMP_026;PROD_040;2;185.21;0.07;344.49;mobile;CUST_6860;Regular
TXN_202305_002110;2023-05-01;REG_06;STORE_017;EMP_006;PROD_013;4;380.83;0.21;1203.42;credit;CUST_7355;Premium
TXN_202305_002111;2023-05-26;REG_03;STORE_008;EMP_014;PROD_050;3;494.97;0.01;1470.06;credit;CUST_3415;New
TXN_202305_002112;2023-05-01;REG_10;STORE_030;EMP_013;PROD_014;3;67.51;0.28;145.82;card;CUST_8436;VIP
TXN_202305_002113;2023-05-14;REG_07;STORE_020;EMP_007;PROD_024;4;401.27;0.2;1284.06;mobile;CUST_6939;VIP
TXN_202305_002114;2023-05-18;REG_05;STORE_014;EMP_021;PROD_006;3;204.14;0.19;496.06;card;CUST_3633;VIP
TXN_202305_002115;2023-05-23;REG_05;STORE_015;EMP_005;PROD_026;5;25.43;0.29;90.28;credit;CUST_2153;Premium
TXN_202305_002116;2023-05-22;REG_06;STORE_017;EMP_006;PROD_001;2;130.0;0.16;218.4;mobile;CUST_6335;Regular
TXN_202305_002117;2023-05-28;REG_04;STORE_012;EMP_004;PROD_031;5;169.86;0.3;594.51;mobile;CUST_2264;New
TXN_202305_002118;2023-05-17;REG_08;STORE_022;EMP_008;PROD_050;1;475.38;0.2;380.3;credit;CUST_4066;VIP
TXN_202305_002119;2023-05-09;REG_10;STORE_029;EMP_013;PROD_012;1;223.97;0.21;176.94;cash;CUST_5958;Premium
TXN_202305_002120;2023-05-27;REG_06;STORE_016;EMP_006;PROD_034;3;414.02;0.23;956.39;credit;CUST_4818;New
TXN_202305_002121;2023-05-19;REG_05;STORE_015;EMP_005;PROD_009;3;59.68;0.11;159.35;mobile;CUST_5880;Regular
TXN_202305_002122;2023-05-05;REG_08;STORE_023;EMP_023;PROD_047;5;491.74;0.27;1794.85;mobile;CUST_4197;Premium
TXN_202305_002123;2023-05-30;REG_03;STORE_007;EMP_014;PROD_019;2;28.18;0.27;41.14;card;CUST_9924;Premium
TXN_202305_002124;2023-05-19;REG_05;STORE_015;EMP_021;PROD_020;1;33.55;0.22;26.17;mobile;CUST_9946;VIP
TXN_202305_002125;2023-05-26;REG_04;STORE_012;EMP_029;PROD_006;4;102.94;0.06;387.05;card;CUST_3647;Premium
TXN_202305_002126;2023-05-31;REG_03;STORE_008;EMP_003;PROD_038;5;161.2;0.26;596.44;cash;CUST_4209;VIP
TXN_202305_002127;2023-05-20;REG_01;STORE_001;EMP_018;PROD_023;5;96.82;0.15;411.48;cash;CUST_7961;Premium
TXN_202305_002128;2023-05-26;REG_02;STORE_004;EMP_002;PROD_028;4;169.53;0.28;488.25;card;CUST_9054;Premium
TXN_202305_002129;2023-05-22;REG_09;STORE_025;EMP_022;PROD_023;5;423.55;0.19;1715.38;credit;CUST_3175;VIP
TXN_202305_002130;2023-05-30;REG_10;STORE_029;EMP_013;PROD_044;1;149.08;0.21;117.77;card;CUST_8016;Regular
TXN_202305_002131;2023-05-16;REG_02;STORE_004;EMP_002;PROD_018;1;314.72;0.14;270.66;credit;CUST_8591;Premium
TXN_202305_002132;2023-05-26;REG_01;STORE_002;EMP_001;PROD_014;4;327.6;0.25;982.8;card;CUST_6496;Premium
TXN_202305_002133;2023-05-31;REG_07;STORE_019;EMP_007;PROD_022;4;385.2;0.17;1278.86;mobile;CUST_7189;VIP
TXN_202305_002134;2023-05-24;REG_10;STORE_030;EMP_013;PROD_049;3;460.87;0.03;1341.13;mobile;CUST_2633;VIP
TXN_202305_002135;2023-05-25;REG_09;STORE_026;EMP_027;PROD_038;4;175.8;0.25;527.4;card;CUST_3577;VIP
TXN_202305_002136;2023-05-10;REG_09;STORE_025;EMP_009;PROD_011;2;347.7;0.22;542.41;mobile;CUST_9529;New
TXN_202305_002137;2023-05-29;REG_06;STORE_017;EMP_006;PROD_022;4;468.34;0.13;1629.82;cash;CUST_2129;VIP
TXN_202305_002138;2023-05-27;REG_08;STORE_023;EMP_008;PROD_014;5;226.2;0.18;927.42;mobile;CUST_9713;New
TXN_202305_002139;2023-05-31;REG_08;STORE_022;EMP_015;PROD_050;2;433.29;0.23;667.27;card;CUST_5094;New
TXN_202305_002140;2023-05-01;REG_03;STORE_008;EMP_003;PROD_033;1;482.43;0.16;405.24;credit;CUST_1609;Premium
TXN_202305_002141;2023-05-21;REG_09;STORE_025;EMP_009;PROD_010;1;116.58;0.04;111.92;card;CUST_1763;Premium
TXN_202305_002142;2023-05-15;REG_10;STORE_028;EMP_028;PROD_036;4;361.25;0.11;1286.05;card;CUST_7275;New
TXN_202305_002143;2023-05-17;REG_04;STORE_010;EMP_029;PROD_026;2;268.11;0.25;402.17;cash;CUST_1893;New
TXN_202305_002144;2023-05-11;REG_05;STORE_013;EMP_005;PROD_002;3;473.63;0.04;1364.05;credit;CUST_2265;New
TXN_202305_002145;2023-05-03;REG_06;STORE_017;EMP_006;PROD_028;2;159.41;0.17;264.62;credit;CUST_3554;VIP
TXN_202305_002146;2023-05-06;REG_01;STORE_002;EMP_001;PROD_040;1;282.22;0.27;206.02;mobile;CUST_7513;VIP
TXN_202305_002147;2023-05-28;REG_05;STORE_013;EMP_021;PROD_036;5;132.65;0.19;537.23;cash;CUST_7131;Premium
TXN_202305_002148;2023-05-03;REG_10;STORE_029;EMP_013;PROD_019;3;425.05;0.17;1058.37;credit;CUST_9672;New
TXN_202305_002149;2023-05-28;REG_10;STORE_029;EMP_013;PROD_012;3;84.89;0.14;219.02;card;CUST_8755;New
TXN_202305_002150;2023-05-22;REG_10;STORE_030;EMP_020;PROD_003;5;481.4;0.16;2021.88;card;CUST_1695;VIP
TXN_202305_002151;2023-05-16;REG_06;STORE_016;EMP_006;PROD_015;4;37.06;0.25;111.18;card;CUST_2795;Regular
TXN_202305_002152;2023-05-09;REG_05;STORE_013;EMP_021;PROD_023;1;199.44;0.27;145.59;card;CUST_3181;New
TXN_202305_002153;2023-05-08;REG_07;STORE_019;EMP_007;PROD_007;1;475.78;0.04;456.75;mobile;CUST_5278;VIP
TXN_202305_002154;2023-05-08;REG_02;STORE_006;EMP_002;PROD_036;2;140.22;0.21;221.55;card;CUST_1830;VIP
TXN_202305_002155;2023-05-02;REG_10;STORE_028;EMP_017;PROD_036;5;113.63;0.25;426.11;cash;CUST_2392;VIP
TXN_202305_002156;2023-05-15;REG_03;STORE_009;EMP_014;PROD_022;1;408.9;0.17;339.39;mobile;CUST_2116;Regular
TXN_202305_002157;2023-05-04;REG_01;STORE_003;EMP_001;PROD_016;1;293.24;0.11;260.98;cash;CUST_4663;Regular
TXN_202305_002158;2023-05-28;REG_08;STORE_024;EMP_015;PROD_040;1;176.32;0.09;160.45;credit;CUST_4217;VIP
TXN_202305_002159;2023-05-31;REG_05;STORE_013;EMP_021;PROD_014;1;426.46;0.18;349.7;mobile;CUST_6687;Regular
TXN_202305_002160;2023-05-12;REG_02;STORE_005;EMP_002;PROD_012;2;125.89;0.27;183.8;cash;CUST_1448;VIP
TXN_202305_002161;2023-05-09;REG_01;STORE_003;EMP_011;PROD_012;1;252.4;0.18;206.97;card;CUST_3594;VIP
TXN_202305_002162;2023-05-03;REG_09;STORE_026;EMP_025;PROD_030;2;470.9;0.14;809.95;card;CUST_3379;VIP
TXN_202305_002163;2023-05-03;REG_04;STORE_010;EMP_024;PROD_005;2;375.76;0.26;556.12;credit;CUST_8849;VIP
TXN_202305_002164;2023-05-05;REG_02;STORE_004;EMP_002;PROD_040;1;293.74;0.22;229.12;mobile;CUST_9510;Regular
TXN_202305_002165;2023-05-31;REG_04;STORE_012;EMP_026;PROD_003;1;10.4;0.15;8.84;mobile;CUST_7063;VIP
TXN_202305_002166;2023-05-26;REG_08;STORE_023;EMP_012;PROD_043;5;381.03;0.26;1409.81;credit;CUST_5329;Regular
TXN_202305_002167;2023-05-22;REG_06;STORE_017;EMP_006;PROD_036;5;169.64;0.02;831.24;mobile;CUST_8723;Regular
TXN_202305_002168;2023-05-30;REG_09;STORE_027;EMP_025;PROD_034;1;160.49;0.08;147.65;mobile;CUST_1728;New
TXN_202305_002169;2023-05-03;REG_04;STORE_012;EMP_030;PROD_025;1;99.04;0.15;84.18;credit;CUST_9431;New
TXN_202305_002170;2023-05-31;REG_01;STORE_003;EMP_018;PROD_032;3;57.14;0.06;161.13;mobile;CUST_2570;VIP
TXN_202305_002171;2023-05-26;REG_01;STORE_001;EMP_019;PROD_030;2;483.68;0.06;909.32;credit;CUST_4011;Premium
TXN_202305_002172;2023-05-30;REG_06;STORE_017;EMP_006;PROD_023;2;214.74;0.08;395.12;credit;CUST_5102;VIP
TXN_202305_002173;2023-05-23;REG_08;STORE_022;EMP_008;PROD_005;3;401.86;0.11;1072.97;credit;CUST_6887;Premium
TXN_202305_002174;2023-05-31;REG_10;STORE_028;EMP_017;PROD_007;3;19.77;0.14;51.01;credit;CUST_5606;New
TXN_202305_002175;2023-05-10;REG_08;STORE_022;EMP_015;PROD_022;1;334.6;0.02;327.91;card;CUST_2269;Premium
TXN_202305_002176;2023-05-01;REG_03;STORE_007;EMP_014;PROD_035;2;479.12;0.21;757.01;cash;CUST_1727;VIP
TXN_202305_002177;2023-05-07;REG_10;STORE_030;EMP_017;PROD_048;5;330.78;0.01;1637.36;card;CUST_6097;VIP
TXN_202305_002178;2023-05-10;REG_06;STORE_018;EMP_006;PROD_007;4;168.36;0.07;626.3;card;CUST_2949;VIP
TXN_202305_002179;2023-05-15;REG_01;STORE_002;EMP_018;PROD_002;4;445.01;0.26;1317.23;card;CUST_1745;VIP
TXN_202305_002180;2023-05-09;REG_10;STORE_029;EMP_010;PROD_023;1;251.8;0.2;201.44;cash;CUST_5318;New
TXN_202305_002181;2023-05-19;REG_06;STORE_016;EMP_006;PROD_047;5;324.08;0.28;1166.69;mobile;CUST_7803;Regular
TXN_202305_002182;2023-05-19;REG_09;STORE_027;EMP_009;PROD_047;1;191.7;0.0;191.7;mobile;CUST_1689;Regular
TXN_202305_002183;2023-05-03;REG_04;STORE_011;EMP_016;PROD_014;3;283.46;0.17;705.82;card;CUST_2820;Premium
TXN_202305_002184;2023-05-23;REG_07;STORE_021;EMP_007;PROD_014;3;405.79;0.23;937.37;cash;CUST_6736;Premium
TXN_202305_002185;2023-05-13;REG_01;STORE_002;EMP_019;PROD_004;5;34.21;0.15;145.39;mobile;CUST_1569;Premium
TXN_202305_002186;2023-05-19;REG_09;STORE_025;EMP_027;PROD_024;2;70.22;0.02;137.63;mobile;CUST_2647;VIP
TXN_202305_002187;2023-05-02;REG_04;STORE_011;EMP_016;PROD_037;5;496.82;0.16;2086.64;cash;CUST_5968;Regular
TXN_202305_002188;2023-05-27;REG_05;STORE_013;EMP_005;PROD_003;4;65.46;0.14;225.18;cash;CUST_6081;New
TXN_202305_002189;2023-05-27;REG_10;STORE_029;EMP_013;PROD_017;4;142.92;0.23;440.19;credit;CUST_5390;Premium
TXN_202305_002190;2023-05-14;REG_05;STORE_014;EMP_005;PROD_027;1;441.55;0.27;322.33;cash;CUST_2070;Premium
TXN_202305_002191;2023-05-12;REG_04;STORE_011;EMP_026;PROD_043;4;221.07;0.2;707.42;credit;CUST_7843;Premium
TXN_202305_002192;2023-05-22;REG_06;STORE_016;EMP_006;PROD_038;3;309.6;0.05;882.36;mobile;CUST_4569;Regular
TXN_202305_002193;2023-05-26;REG_01;STORE_001;EMP_001;PROD_036;1;273.75;0.27;199.84;card;CUST_1988;Premium
TXN_202305_002194;2023-05-23;REG_08;STORE_022;EMP_023;PROD_014;1;78.56;0.24;59.71;mobile;CUST_7187;Regular
TXN_202305_002195;2023-05-29;REG_09;STORE_025;EMP_025;PROD_046;4;33.96;0.0;135.84;card;CUST_4261;Premium
TXN_202305_002196;2023-05-16;REG_01;STORE_002;EMP_019;PROD_015;5;464.37;0.04;2228.98;card;CUST_8514;VIP
TXN_202305_002197;2023-05-09;REG_07;STORE_019;EMP_007;PROD_010;1;364.98;0.25;273.74;credit;CUST_8409;Regular
TXN_202305_002198;2023-05-17;REG_04;STORE_012;EMP_029;PROD_047;1;237.38;0.02;232.63;cash;CUST_2000;Premium
TXN_202305_002199;2023-05-06;REG_02;STORE_005;EMP_002;PROD_028;3;114.71;0.07;320.04;credit;CUST_4953;Premium
TXN_202305_002200;2023-05-04;REG_07;STORE_019;EMP_007;PROD_013;1;398.42;0.15;338.66;credit;CUST_5442;Regular
TXN_202305_002201;2023-05-08;REG_08;STORE_023;EMP_015;PROD_001;2;191.53;0.29;271.97;mobile;CUST_7856;Premium
TXN_202305_002202;2023-05-03;REG_06;STORE_018;EMP_006;PROD_005;3;376.02;0.21;891.17;cash;CUST_9049;VIP
TXN_202305_002203;2023-05-09;REG_10;STORE_030;EMP_010;PROD_038;3;242.39;0.02;712.63;mobile;CUST_3113;New
TXN_202305_002204;2023-05-06;REG_06;STORE_018;EMP_006;PROD_015;2;140.6;0.1;253.08;cash;CUST_5038;VIP
TXN_202305_002205;2023-05-25;REG_01;STORE_001;EMP_019;PROD_049;4;481.72;0.25;1445.16;card;CUST_4961;Regular
TXN_202305_002206;2023-05-07;REG_04;STORE_011;EMP_004;PROD_043;5;214.18;0.07;995.94;cash;CUST_9489;VIP
TXN_202305_002207;2023-05-01;REG_06;STORE_018;EMP_006;PROD_001;5;371.26;0.09;1689.23;mobile;CUST_3838;Premium
TXN_202305_002208;2023-05-12;REG_02;STORE_004;EMP_002;PROD_005;3;238.73;0.2;572.95;credit;CUST_5123;New
TXN_202305_002209;2023-05-29;REG_10;STORE_029;EMP_010;PROD_009;2;389.99;0.29;553.79;card;CUST_4067;Premium
TXN_202305_002210;2023-05-16;REG_09;STORE_025;EMP_022;PROD_023;1;14.62;0.26;10.82;cash;CUST_5185;New
TXN_202305_002211;2023-05-06;REG_05;STORE_014;EMP_021;PROD_039;5;103.49;0.24;393.26;card;CUST_4984;New
TXN_202305_002212;2023-05-24;REG_05;STORE_013;EMP_005;PROD_024;2;274.38;0.27;400.59;mobile;CUST_7891;Premium
TXN_202305_002213;2023-05-01;REG_02;STORE_005;EMP_002;PROD_036;2;222.61;0.27;325.01;credit;CUST_4688;New
TXN_202305_002214;2023-05-29;REG_08;STORE_024;EMP_023;PROD_048;2;168.3;0.25;252.45;card;CUST_2685;Regular
TXN_202305_002215;2023-05-24;REG_04;STORE_010;EMP_004;PROD_036;4;36.66;0.06;137.84;mobile;CUST_7578;VIP
TXN_202305_002216;2023-05-03;REG_01;STORE_002;EMP_011;PROD_040;2;448.48;0.24;681.69;mobile;CUST_5220;VIP
TXN_202305_002217;2023-05-23;REG_01;STORE_003;EMP_019;PROD_020;2;129.16;0.12;227.32;card;CUST_3132;VIP
TXN_202305_002218;2023-05-20;REG_08;STORE_024;EMP_012;PROD_023;3;85.31;0.01;253.37;card;CUST_9931;VIP
TXN_202305_002219;2023-05-10;REG_06;STORE_016;EMP_006;PROD_023;4;38.08;0.09;138.61;cash;CUST_3745;New
TXN_202305_002220;2023-05-03;REG_10;STORE_029;EMP_017;PROD_023;5;436.84;0.29;1550.78;cash;CUST_2942;Regular
TXN_202305_002221;2023-05-05;REG_05;STORE_013;EMP_005;PROD_044;1;313.69;0.08;288.59;mobile;CUST_7771;New
TXN_202305_002222;2023-05-20;REG_04;STORE_011;EMP_004;PROD_007;4;56.22;0.11;200.14;cash;CUST_9957;New
TXN_202305_002223;2023-05-28;REG_05;STORE_013;EMP_005;PROD_027;2;157.45;0.06;296.01;credit;CUST_2820;VIP
TXN_202305_002224;2023-05-27;REG_05;STORE_014;EMP_021;PROD_009;1;271.36;0.27;198.09;cash;CUST_8572;New
TXN_202305_002225;2023-05-01;REG_02;STORE_006;EMP_002;PROD_050;4;325.51;0.05;1236.94;card;CUST_8009;VIP
TXN_202305_002226;2023-05-26;REG_10;STORE_030;EMP_020;PROD_030;2;13.97;0.09;25.43;mobile;CUST_9489;Regular
TXN_202305_002227;2023-05-28;REG_01;STORE_003;EMP_001;PROD_025;2;321.1;0.19;520.18;mobile;CUST_7727;VIP
TXN_202305_002228;2023-05-04;REG_09;STORE_027;EMP_027;PROD_050;4;495.14;0.27;1445.81;credit;CUST_6210;VIP
TXN_202305_002229;2023-05-12;REG_05;STORE_013;EMP_005;PROD_029;3;269.19;0.28;581.45;cash;CUST_9072;New
TXN_202305_002230;2023-05-31;REG_01;STORE_002;EMP_011;PROD_040;2;474.25;0.16;796.74;credit;CUST_8378;Premium
TXN_202305_002231;2023-05-28;REG_07;STORE_021;EMP_007;PROD_001;5;370.19;0.18;1517.78;mobile;CUST_1135;Premium
TXN_202305_002232;2023-05-14;REG_07;STORE_019;EMP_007;PROD_009;4;198.83;0.21;628.3;credit;CUST_1609;VIP
TXN_202305_002233;2023-05-13;REG_05;STORE_014;EMP_005;PROD_046;5;353.5;0.01;1749.83;cash;CUST_6494;Premium
TXN_202305_002234;2023-05-15;REG_04;STORE_010;EMP_026;PROD_047;1;463.93;0.11;412.9;cash;CUST_4820;VIP
TXN_202305_002235;2023-05-28;REG_08;STORE_022;EMP_023;PROD_023;3;356.13;0.17;886.76;credit;CUST_6003;Regular
TXN_202305_002236;2023-05-28;REG_05;STORE_015;EMP_005;PROD_050;2;79.3;0.04;152.26;cash;CUST_7333;VIP
TXN_202305_002237;2023-05-05;REG_03;STORE_008;EMP_014;PROD_005;4;51.39;0.06;193.23;mobile;CUST_3495;Premium
TXN_202305_002238;2023-05-05;REG_07;STORE_020;EMP_007;PROD_024;4;86.7;0.28;249.7;credit;CUST_4633;VIP
TXN_202305_002239;2023-05-27;REG_01;STORE_001;EMP_001;PROD_017;4;287.64;0.27;839.91;cash;CUST_3587;Premium
TXN_202305_002240;2023-05-29;REG_02;STORE_006;EMP_002;PROD_048;3;231.26;0.05;659.09;credit;CUST_8383;New
TXN_202305_002241;2023-05-28;REG_09;STORE_027;EMP_025;PROD_031;5;400.46;0.02;1962.25;card;CUST_2074;New
TXN_202305_002242;2023-05-30;REG_03;STORE_009;EMP_003;PROD_010;4;462.88;0.18;1518.25;mobile;CUST_8294;New
TXN_202305_002243;2023-05-22;REG_10;STORE_028;EMP_010;PROD_002;5;64.62;0.05;306.94;credit;CUST_3602;New
TXN_202305_002244;2023-05-22;REG_01;STORE_003;EMP_019;PROD_013;2;84.89;0.09;154.5;credit;CUST_9879;Premium
TXN_202305_002245;2023-05-25;REG_01;STORE_003;EMP_011;PROD_007;2;499.72;0.18;819.54;card;CUST_9530;Regular
TXN_202305_002246;2023-05-14;REG_05;STORE_015;EMP_021;PROD_028;1;154.22;0.05;146.51;mobile;CUST_5988;Premium
TXN_202305_002247;2023-05-24;REG_10;STORE_029;EMP_010;PROD_038;4;102.81;0.05;390.68;cash;CUST_3031;Regular
TXN_202305_002248;2023-05-04;REG_02;STORE_006;EMP_002;PROD_045;5;144.1;0.09;655.65;cash;CUST_9491;Regular
TXN_202305_002249;2023-05-15;REG_07;STORE_021;EMP_007;PROD_048;5;199.54;0.17;828.09;credit;CUST_3353;Premium
TXN_202305_002250;2023-05-12;REG_08;STORE_022;EMP_008;PROD_001;5;284.2;0.2;1136.8;card;CUST_3635;VIP
TXN_202305_002251;2023-05-05;REG_07;STORE_021;EMP_007;PROD_049;2;107.97;0.24;164.11;cash;CUST_4995;Regular
TXN_202305_002252;2023-05-28;REG_08;STORE_023;EMP_015;PROD_046;5;283.31;0.09;1289.06;cash;CUST_8283;VIP
TXN_202305_002253;2023-05-07;REG_07;STORE_019;EMP_007;PROD_020;3;476.61;0.27;1043.78;card;CUST_5106;Regular
TXN_202305_002254;2023-05-12;REG_05;STORE_014;EMP_021;PROD_034;1;466.86;0.01;462.19;credit;CUST_9174;Regular
TXN_202305_002255;2023-05-14;REG_04;STORE_010;EMP_030;PROD_026;3;347.55;0.26;771.56;cash;CUST_3747;Premium
TXN_202305_002256;2023-05-27;REG_04;STORE_010;EMP_004;PROD_046;4;215.83;0.09;785.62;credit;CUST_4991;Premium
TXN_202305_002257;2023-05-19;REG_09;STORE_027;EMP_027;PROD_026;1;142.98;0.15;121.53;card;CUST_1138;Regular
TXN_202305_002258;2023-05-31;REG_04;STORE_010;EMP_026;PROD_027;2;418.51;0.17;694.73;mobile;CUST_2164;New
TXN_202305_002259;2023-05-13;REG_01;STORE_001;EMP_018;PROD_012;1;185.88;0.15;158.0;cash;CUST_5740;Premium
TXN_202305_002260;2023-05-27;REG_02;STORE_004;EMP_002;PROD_005;2;31.54;0.04;60.56;card;CUST_1172;Regular
TXN_202305_002261;2023-05-03;REG_09;STORE_027;EMP_022;PROD_045;2;183.74;0.17;305.01;credit;CUST_1316;Premium
TXN_202305_002262;2023-05-03;REG_10;STORE_030;EMP_028;PROD_034;5;274.81;0.07;1277.87;cash;CUST_1791;New
TXN_202305_002263;2023-05-29;REG_04;STORE_010;EMP_016;PROD_009;4;57.86;0.19;187.47;cash;CUST_4621;Regular
TXN_202305_002264;2023-05-25;REG_04;STORE_012;EMP_016;PROD_002;3;18.18;0.26;40.36;card;CUST_4127;Regular
TXN_202305_002265;2023-05-28;REG_07;STORE_019;EMP_007;PROD_048;2;65.03;0.18;106.65;credit;CUST_2279;New
TXN_202305_002266;2023-05-28;REG_05;STORE_014;EMP_005;PROD_029;1;67.73;0.02;66.38;cash;CUST_6421;Regular
TXN_202305_002267;2023-05-13;REG_10;STORE_028;EMP_013;PROD_020;3;109.57;0.07;305.7;mobile;CUST_6452;Regular
TXN_202305_002268;2023-05-05;REG_06;STORE_018;EMP_006;PROD_048;1;248.56;0.08;228.68;cash;CUST_3861;New
TXN_202305_002269;2023-05-31;REG_09;STORE_027;EMP_022;PROD_038;1;265.99;0.08;244.71;credit;CUST_7507;Premium
TXN_202305_002270;2023-05-11;REG_10;STORE_029;EMP_020;PROD_039;1;351.07;0.27;256.28;cash;CUST_8644;Premium
TXN_202305_002271;2023-05-19;REG_09;STORE_026;EMP_022;PROD_029;5;495.76;0.14;2131.77;cash;CUST_5019;New
TXN_202305_002272;2023-05-23;REG_06;STORE_018;EMP_006;PROD_049;3;493.24;0.23;1139.38;mobile;CUST_5477;VIP
TXN_202305_002273;2023-05-18;REG_10;STORE_029;EMP_028;PROD_004;4;123.54;0.05;469.45;credit;CUST_9676;Premium
TXN_202305_002274;2023-05-05;REG_09;STORE_025;EMP_022;PROD_017;3;440.18;0.22;1030.02;cash;CUST_8025;Premium
TXN_202305_002275;2023-05-30;REG_03;STORE_008;EMP_014;PROD_031;1;284.5;0.08;261.74;credit;CUST_2811;New
TXN_202305_002276;2023-05-10;REG_04;STORE_012;EMP_024;PROD_035;4;322.47;0.21;1019.01;credit;CUST_6286;Regular
TXN_202305_002277;2023-05-04;REG_10;STORE_030;EMP_013;PROD_022;2;136.2;0.05;258.78;cash;CUST_7319;Regular
TXN_202305_002278;2023-05-02;REG_03;STORE_007;EMP_014;PROD_035;1;364.23;0.01;360.59;credit;CUST_8011;Regular
TXN_202305_002279;2023-05-27;REG_01;STORE_001;EMP_019;PROD_043;4;358.93;0.25;1076.79;cash;CUST_9317;New
TXN_202305_002280;2023-05-21;REG_03;STORE_007;EMP_014;PROD_001;4;486.74;0.09;1771.73;credit;CUST_2960;Regular
TXN_202305_002281;2023-05-30;REG_01;STORE_003;EMP_019;PROD_037;2;176.87;0.23;272.38;cash;CUST_5041;New
TXN_202305_002282;2023-05-22;REG_06;STORE_017;EMP_006;PROD_043;3;164.11;0.16;413.56;mobile;CUST_7888;Premium
TXN_202305_002283;2023-05-09;REG_01;STORE_002;EMP_001;PROD_006;1;206.5;0.25;154.88;mobile;CUST_9080;New
TXN_202305_002284;2023-05-19;REG_08;STORE_022;EMP_008;PROD_039;3;217.77;0.12;574.91;cash;CUST_6047;New
TXN_202305_002285;2023-05-14;REG_01;STORE_003;EMP_019;PROD_011;5;277.36;0.12;1220.38;cash;CUST_4259;VIP
TXN_202305_002286;2023-05-06;REG_01;STORE_002;EMP_011;PROD_017;1;480.55;0.08;442.11;mobile;CUST_2010;VIP
TXN_202305_002287;2023-05-01;REG_02;STORE_004;EMP_002;PROD_044;1;240.13;0.01;237.73;card;CUST_7211;Premium
TXN_202305_002288;2023-05-16;REG_02;STORE_005;EMP_002;PROD_037;2;147.07;0.17;244.14;cash;CUST_3765;VIP
TXN_202305_002289;2023-05-18;REG_01;STORE_002;EMP_018;PROD_033;5;392.57;0.3;1373.99;card;CUST_6179;VIP
TXN_202305_002290;2023-05-31;REG_02;STORE_006;EMP_002;PROD_007;2;406.96;0.27;594.16;card;CUST_9729;New
TXN_202305_002291;2023-05-19;REG_08;STORE_022;EMP_008;PROD_003;3;343.86;0.1;928.42;cash;CUST_9168;Regular
TXN_202305_002292;2023-05-19;REG_07;STORE_021;EMP_007;PROD_016;1;357.16;0.14;307.16;cash;CUST_5998;Premium
TXN_202305_002293;2023-05-15;REG_04;STORE_012;EMP_029;PROD_002;4;119.31;0.13;415.2;cash;CUST_1315;Regular
TXN_202305_002294;2023-05-29;REG_10;STORE_030;EMP_010;PROD_050;4;86.47;0.01;342.42;card;CUST_9603;Premium
TXN_202305_002295;2023-05-31;REG_03;STORE_007;EMP_003;PROD_050;4;43.33;0.24;131.72;cash;CUST_8815;VIP
TXN_202305_002296;2023-05-17;REG_09;STORE_027;EMP_025;PROD_018;4;491.61;0.12;1730.47;cash;CUST_3998;Regular
TXN_202305_002297;2023-05-25;REG_10;STORE_028;EMP_013;PROD_041;3;440.86;0.08;1216.77;mobile;CUST_1749;New
TXN_202305_002298;2023-05-21;REG_09;STORE_027;EMP_027;PROD_035;3;35.51;0.16;89.49;mobile;CUST_1375;VIP
TXN_202305_002299;2023-05-04;REG_09;STORE_025;EMP_025;PROD_022;2;419.04;0.25;628.56;credit;CUST_9728;New
TXN_202305_002300;2023-05-19;REG_02;STORE_006;EMP_002;PROD_027;1;355.41;0.2;284.33;credit;CUST_1269;VIP
TXN_202305_002301;2023-05-10;REG_02;STORE_006;EMP_002;PROD_033;3;306.76;0.02;901.87;card;CUST_2872;New
TXN_202305_002302;2023-05-20;REG_10;STORE_030;EMP_013;PROD_019;2;395.34;0.25;593.01;cash;CUST_7429;New
TXN_202305_002303;2023-05-20;REG_09;STORE_027;EMP_025;PROD_042;2;124.11;0.06;233.33;mobile;CUST_2451;Premium
TXN_202305_002304;2023-05-16;REG_07;STORE_020;EMP_007;PROD_013;2;70.79;0.09;128.84;mobile;CUST_7195;Regular
TXN_202305_002305;2023-05-07;REG_09;STORE_025;EMP_022;PROD_050;3;259.1;0.07;722.89;card;CUST_4676;VIP
TXN_202305_002306;2023-05-16;REG_07;STORE_021;EMP_007;PROD_027;3;25.21;0.09;68.82;card;CUST_7472;Regular
TXN_202305_002307;2023-05-23;REG_06;STORE_016;EMP_006;PROD_040;5;268.11;0.15;1139.47;credit;CUST_8389;Regular
TXN_202305_002308;2023-05-30;REG_04;STORE_010;EMP_016;PROD_039;1;171.27;0.2;137.02;credit;CUST_4411;Regular
TXN_202305_002309;2023-05-04;REG_01;STORE_002;EMP_019;PROD_045;2;496.79;0.04;953.84;mobile;CUST_2463;Premium
TXN_202305_002310;2023-05-04;REG_10;STORE_028;EMP_028;PROD_027;1;412.97;0.22;322.12;mobile;CUST_2680;VIP
TXN_202305_002311;2023-05-05;REG_04;STORE_010;EMP_024;PROD_043;4;123.35;0.2;394.72;mobile;CUST_2851;Regular
TXN_202305_002312;2023-05-02;REG_03;STORE_009;EMP_014;PROD_020;3;32.78;0.23;75.72;credit;CUST_2570;Regular
TXN_202305_002313;2023-05-25;REG_05;STORE_014;EMP_005;PROD_028;3;38.35;0.19;93.19;cash;CUST_5354;VIP
TXN_202305_002314;2023-05-14;REG_06;STORE_016;EMP_006;PROD_018;1;207.21;0.28;149.19;cash;CUST_8627;New
TXN_202305_002315;2023-05-16;REG_10;STORE_029;EMP_010;PROD_015;1;115.51;0.15;98.18;mobile;CUST_6217;New
TXN_202305_002316;2023-05-07;REG_10;STORE_030;EMP_013;PROD_041;2;254.59;0.25;381.88;credit;CUST_1451;VIP
TXN_202305_002317;2023-05-09;REG_05;STORE_015;EMP_005;PROD_028;2;82.17;0.14;141.33;cash;CUST_4312;New
TXN_202305_002318;2023-05-28;REG_07;STORE_021;EMP_007;PROD_042;4;277.9;0.17;922.63;credit;CUST_6782;VIP
TXN_202305_002319;2023-05-25;REG_08;STORE_022;EMP_012;PROD_041;4;207.17;0.02;812.11;credit;CUST_5531;New
TXN_202305_002320;2023-05-03;REG_07;STORE_019;EMP_007;PROD_026;3;498.93;0.22;1167.5;card;CUST_6618;VIP
TXN_202305_002321;2023-05-31;REG_07;STORE_019;EMP_007;PROD_024;2;268.14;0.11;477.29;credit;CUST_6794;Regular
TXN_202305_002322;2023-05-01;REG_09;STORE_027;EMP_022;PROD_003;3;16.47;0.24;37.55;mobile;CUST_9729;VIP
TXN_202305_002323;2023-05-29;REG_02;STORE_006;EMP_002;PROD_009;1;127.98;0.25;95.98;mobile;CUST_4144;Regular
TXN_202305_002324;2023-05-12;REG_01;STORE_002;EMP_019;PROD_042;1;424.1;0.12;373.21;cash;CUST_9841;VIP
TXN_202305_002325;2023-05-29;REG_01;STORE_001;EMP_001;PROD_027;5;246.03;0.28;885.71;card;CUST_1203;Premium
TXN_202305_002326;2023-05-08;REG_08;STORE_022;EMP_012;PROD_042;1;395.21;0.08;363.59;mobile;CUST_8241;Regular
TXN_202305_002327;2023-05-16;REG_05;STORE_015;EMP_005;PROD_001;3;300.53;0.05;856.51;cash;CUST_4805;Regular
TXN_202305_002328;2023-05-21;REG_06;STORE_017;EMP_006;PROD_004;2;213.3;0.08;392.47;credit;CUST_8539;VIP
TXN_202305_002329;2023-05-06;REG_08;STORE_022;EMP_008;PROD_023;2;349.48;0.12;615.08;cash;CUST_5522;New
TXN_202305_002330;2023-05-05;REG_10;STORE_030;EMP_028;PROD_036;1;147.08;0.17;122.08;card;CUST_2230;New
TXN_202305_002331;2023-05-16;REG_08;STORE_024;EMP_015;PROD_038;2;422.41;0.03;819.48;credit;CUST_1462;New
TXN_202305_002332;2023-05-03;REG_10;STORE_029;EMP_010;PROD_048;5;84.93;0.05;403.42;cash;CUST_4685;Regular
TXN_202305_002333;2023-05-14;REG_10;STORE_029;EMP_020;PROD_007;5;320.17;0.12;1408.75;card;CUST_1004;VIP
TXN_202305_002334;2023-05-24;REG_01;STORE_001;EMP_018;PROD_028;2;230.65;0.26;341.36;cash;CUST_1722;VIP
TXN_202305_002335;2023-05-02;REG_03;STORE_007;EMP_014;PROD_038;1;377.7;0.25;283.27;card;CUST_7639;Regular
TXN_202305_002336;2023-05-02;REG_04;STORE_011;EMP_024;PROD_035;4;140.31;0.11;499.5;cash;CUST_9557;VIP
TXN_202305_002337;2023-05-27;REG_09;STORE_026;EMP_022;PROD_023;4;271.53;0.06;1020.95;credit;CUST_2871;Premium
TXN_202305_002338;2023-05-30;REG_05;STORE_014;EMP_005;PROD_017;3;209.18;0.2;502.03;credit;CUST_9413;VIP
TXN_202305_002339;2023-05-13;REG_08;STORE_022;EMP_012;PROD_035;5;305.44;0.05;1450.84;card;CUST_7417;New
TXN_202305_002340;2023-05-07;REG_05;STORE_015;EMP_021;PROD_044;3;456.31;0.02;1341.55;mobile;CUST_5533;New
TXN_202305_002341;2023-05-23;REG_04;STORE_011;EMP_024;PROD_009;2;334.43;0.07;622.04;card;CUST_2281;New
TXN_202305_002342;2023-05-14;REG_06;STORE_018;EMP_006;PROD_048;5;439.75;0.07;2044.84;mobile;CUST_4476;Premium
TXN_202305_002343;2023-05-08;REG_03;STORE_008;EMP_003;PROD_027;4;439.04;0.15;1492.74;mobile;CUST_1257;Regular
TXN_202305_002344;2023-05-20;REG_05;STORE_015;EMP_005;PROD_042;1;176.18;0.07;163.85;credit;CUST_9054;New
TXN_202305_002345;2023-05-13;REG_06;STORE_016;EMP_006;PROD_010;2;491.31;0.14;845.05;mobile;CUST_1068;VIP
TXN_202305_002346;2023-05-13;REG_07;STORE_020;EMP_007;PROD_009;1;454.73;0.15;386.52;credit;CUST_3816;Regular
TXN_202305_002347;2023-05-31;REG_04;STORE_010;EMP_016;PROD_003;5;223.06;0.15;948.0;cash;CUST_5794;Premium
TXN_202305_002348;2023-05-22;REG_06;STORE_016;EMP_006;PROD_007;5;350.76;0.28;1262.74;credit;CUST_1359;New
TXN_202305_002349;2023-05-24;REG_07;STORE_020;EMP_007;PROD_022;4;343.35;0.16;1153.66;cash;CUST_5281;VIP
TXN_202305_002350;2023-05-07;REG_03;STORE_007;EMP_003;PROD_046;5;12.98;0.27;47.38;cash;CUST_4197;Regular
TXN_202305_002351;2023-05-14;REG_03;STORE_009;EMP_014;PROD_030;1;181.63;0.23;139.86;credit;CUST_4014;Premium
TXN_202305_002352;2023-05-30;REG_07;STORE_021;EMP_007;PROD_026;2;404.17;0.2;646.67;credit;CUST_3622;Premium
TXN_202305_002353;2023-05-11;REG_08;STORE_022;EMP_015;PROD_001;5;404.07;0.24;1535.47;credit;CUST_4648;VIP
TXN_202305_002354;2023-05-13;REG_03;STORE_009;EMP_014;PROD_035;4;114.63;0.24;348.48;cash;CUST_9213;New
TXN_202305_002355;2023-05-01;REG_09;STORE_025;EMP_022;PROD_012;2;419.19;0.2;670.7;credit;CUST_8975;Premium
TXN_202305_002356;2023-05-14;REG_01;STORE_002;EMP_019;PROD_034;3;257.71;0.16;649.43;card;CUST_9363;Regular
TXN_202305_002357;2023-05-31;REG_07;STORE_021;EMP_007;PROD_003;4;144.61;0.07;537.95;mobile;CUST_3347;Regular
TXN_202305_002358;2023-05-10;REG_01;STORE_002;EMP_011;PROD_025;4;491.46;0.18;1611.99;cash;CUST_1506;VIP
TXN_202305_002359;2023-05-17;REG_04;STORE_012;EMP_004;PROD_046;3;16.37;0.2;39.29;credit;CUST_5695;Premium
TXN_202305_002360;2023-05-15;REG_05;STORE_014;EMP_005;PROD_016;1;157.84;0.24;119.96;cash;CUST_1003;Regular
TXN_202305_002361;2023-05-27;REG_06;STORE_018;EMP_006;PROD_039;2;482.38;0.07;897.23;cash;CUST_6044;VIP
TXN_202305_002362;2023-05-30;REG_01;STORE_003;EMP_019;PROD_007;1;259.59;0.17;215.46;mobile;CUST_8272;Regular
TXN_202305_002363;2023-05-01;REG_08;STORE_023;EMP_012;PROD_034;5;57.14;0.21;225.7;cash;CUST_5500;New
TXN_202305_002364;2023-05-18;REG_07;STORE_019;EMP_007;PROD_016;1;335.18;0.13;291.61;card;CUST_4623;Premium
TXN_202305_002365;2023-05-13;REG_07;STORE_020;EMP_007;PROD_003;1;172.74;0.22;134.74;cash;CUST_5619;New
TXN_202305_002366;2023-05-21;REG_09;STORE_026;EMP_025;PROD_033;3;419.75;0.19;1019.99;card;CUST_3040;Premium
TXN_202305_002367;2023-05-06;REG_03;STORE_007;EMP_003;PROD_015;5;222.04;0.24;843.75;cash;CUST_1126;Regular
TXN_202305_002368;2023-05-11;REG_04;STORE_010;EMP_024;PROD_048;1;96.19;0.12;84.65;card;CUST_2645;New
TXN_202305_002369;2023-05-12;REG_02;STORE_006;EMP_002;PROD_017;5;411.75;0.16;1729.35;credit;CUST_4955;Premium
TXN_202305_002370;2023-05-24;REG_04;STORE_012;EMP_029;PROD_003;1;453.88;0.22;354.03;credit;CUST_9079;Regular
TXN_202305_002371;2023-05-03;REG_04;STORE_012;EMP_004;PROD_038;1;466.81;0.27;340.77;cash;CUST_6727;Regular
TXN_202305_002372;2023-05-30;REG_03;STORE_008;EMP_003;PROD_026;3;42.76;0.25;96.21;mobile;CUST_6553;Premium
TXN_202305_002373;2023-05-17;REG_01;STORE_003;EMP_001;PROD_020;5;283.65;0.17;1177.15;mobile;CUST_6119;Regular
TXN_202305_002374;2023-05-16;REG_04;STORE_010;EMP_024;PROD_007;4;253.51;0.05;963.34;cash;CUST_9357;Premium
TXN_202305_002375;2023-05-21;REG_05;STORE_014;EMP_021;PROD_004;3;370.03;0.03;1076.79;card;CUST_6723;Regular
TXN_202305_002376;2023-05-22;REG_07;STORE_021;EMP_007;PROD_043;4;184.7;0.09;672.31;cash;CUST_3306;New
TXN_202305_002377;2023-05-07;REG_05;STORE_014;EMP_005;PROD_011;2;354.15;0.01;701.22;cash;CUST_6286;VIP
TXN_202305_002378;2023-05-10;REG_10;STORE_029;EMP_013;PROD_021;3;167.71;0.21;397.47;cash;CUST_2470;Regular
TXN_202305_002379;2023-05-20;REG_05;STORE_015;EMP_005;PROD_011;5;30.0;0.16;126.0;card;CUST_6550;Premium
TXN_202305_002380;2023-05-11;REG_04;STORE_012;EMP_004;PROD_006;3;37.84;0.08;104.44;cash;CUST_8349;VIP
TXN_202305_002381;2023-05-08;REG_09;STORE_027;EMP_022;PROD_023;1;199.61;0.05;189.63;card;CUST_9568;Premium
TXN_202305_002382;2023-05-14;REG_03;STORE_007;EMP_003;PROD_004;2;153.22;0.16;257.41;mobile;CUST_6189;VIP
TXN_202305_002383;2023-05-29;REG_05;STORE_014;EMP_021;PROD_041;5;199.01;0.05;945.3;card;CUST_8073;New
TXN_202305_002384;2023-05-03;REG_04;STORE_012;EMP_029;PROD_041;5;176.16;0.0;880.8;cash;CUST_2994;New
TXN_202305_002385;2023-05-15;REG_09;STORE_026;EMP_022;PROD_036;5;364.89;0.09;1660.25;card;CUST_6799;Regular
TXN_202305_002386;2023-05-11;REG_04;STORE_012;EMP_024;PROD_026;5;362.51;0.09;1649.42;mobile;CUST_1954;New
TXN_202305_002387;2023-05-08;REG_01;STORE_002;EMP_001;PROD_003;5;474.41;0.26;1755.32;credit;CUST_4384;Premium
TXN_202305_002388;2023-05-14;REG_04;STORE_012;EMP_030;PROD_016;2;188.11;0.23;289.69;card;CUST_6601;VIP
TXN_202305_002389;2023-05-26;REG_09;STORE_025;EMP_022;PROD_022;3;174.82;0.01;519.22;cash;CUST_2212;New
TXN_202305_002390;2023-05-15;REG_08;STORE_023;EMP_012;PROD_029;4;339.71;0.01;1345.25;credit;CUST_7885;Premium
TXN_202305_002391;2023-05-18;REG_06;STORE_018;EMP_006;PROD_046;1;11.71;0.29;8.31;mobile;CUST_7708;New
TXN_202305_002392;2023-05-12;REG_06;STORE_016;EMP_006;PROD_044;5;173.71;0.22;677.47;mobile;CUST_1647;Regular
TXN_202305_002393;2023-05-25;REG_10;STORE_030;EMP_020;PROD_044;5;283.15;0.14;1217.55;credit;CUST_7011;Premium
TXN_202305_002394;2023-05-15;REG_04;STORE_012;EMP_029;PROD_019;4;411.21;0.18;1348.77;mobile;CUST_4980;Premium
TXN_202305_002395;2023-05-12;REG_06;STORE_017;EMP_006;PROD_006;2;467.39;0.21;738.48;card;CUST_7722;Premium
TXN_202305_002396;2023-05-26;REG_10;STORE_030;EMP_028;PROD_026;2;176.14;0.11;313.53;mobile;CUST_3973;Premium
TXN_202305_002397;2023-05-11;REG_10;STORE_028;EMP_013;PROD_043;1;285.9;0.29;202.99;card;CUST_5862;VIP
TXN_202305_002398;2023-05-25;REG_04;STORE_010;EMP_024;PROD_008;2;325.79;0.19;527.78;cash;CUST_8967;Regular
TXN_202305_002399;2023-05-16;REG_08;STORE_023;EMP_015;PROD_014;1;171.48;0.03;166.34;credit;CUST_3623;VIP
TXN_202305_002400;2023-05-12;REG_04;STORE_010;EMP_004;PROD_004;5;189.58;0.24;720.4;credit;CUST_9586;Regular
TXN_202305_002401;2023-05-09;REG_06;STORE_016;EMP_006;PROD_014;2;86.29;0.04;165.68;credit;CUST_1856;Regular
TXN_202305_002402;2023-05-03;REG_08;STORE_023;EMP_012;PROD_021;5;250.55;0.27;914.51;card;CUST_7495;Regular
TXN_202305_002403;2023-05-18;REG_07;STORE_021;EMP_007;PROD_003;5;160.07;0.22;624.27;cash;CUST_3351;Premium
TXN_202305_002404;2023-05-12;REG_10;STORE_028;EMP_010;PROD_030;5;388.45;0.26;1437.26;card;CUST_9733;Premium
TXN_202305_002405;2023-05-29;REG_05;STORE_015;EMP_005;PROD_049;5;186.61;0.22;727.78;card;CUST_5692;Premium
TXN_202305_002406;2023-05-15;REG_02;STORE_005;EMP_002;PROD_022;1;388.66;0.09;353.68;mobile;CUST_9491;New
TXN_202305_002407;2023-05-27;REG_05;STORE_013;EMP_005;PROD_001;3;13.12;0.25;29.52;mobile;CUST_2694;Regular
TXN_202305_002408;2023-05-18;REG_10;STORE_030;EMP_013;PROD_010;1;126.82;0.28;91.31;credit;CUST_6626;Regular
TXN_202305_002409;2023-05-05;REG_02;STORE_004;EMP_002;PROD_020;1;244.35;0.08;224.8;card;CUST_3826;Premium
TXN_202305_002410;2023-05-24;REG_07;STORE_021;EMP_007;PROD_017;4;254.8;0.17;845.94;credit;CUST_1850;VIP
TXN_202305_002411;2023-05-27;REG_04;STORE_012;EMP_030;PROD_044;4;449.37;0.27;1312.16;credit;CUST_9913;VIP
TXN_202305_002412;2023-05-14;REG_09;STORE_026;EMP_022;PROD_027;1;381.06;0.05;362.01;card;CUST_7537;New
TXN_202305_002413;2023-05-27;REG_06;STORE_017;EMP_006;PROD_029;5;65.03;0.21;256.87;cash;CUST_5653;Premium
TXN_202305_002414;2023-05-08;REG_03;STORE_009;EMP_003;PROD_045;5;488.57;0.03;2369.56;mobile;CUST_7538;Premium
TXN_202305_002415;2023-05-15;REG_05;STORE_015;EMP_005;PROD_046;4;51.61;0.26;152.77;cash;CUST_1353;New
TXN_202305_002416;2023-05-19;REG_03;STORE_008;EMP_014;PROD_033;3;247.75;0.09;676.36;cash;CUST_5054;VIP
TXN_202305_002417;2023-05-29;REG_08;STORE_022;EMP_023;PROD_027;2;297.08;0.16;499.09;credit;CUST_2663;Premium
TXN_202305_002418;2023-05-26;REG_05;STORE_014;EMP_005;PROD_016;2;283.42;0.22;442.14;credit;CUST_4521;Regular
TXN_202305_002419;2023-05-31;REG_08;STORE_023;EMP_012;PROD_005;4;250.4;0.23;771.23;mobile;CUST_4852;VIP
TXN_202305_002420;2023-05-22;REG_09;STORE_025;EMP_025;PROD_014;5;496.45;0.2;1985.8;mobile;CUST_2740;Premium
TXN_202305_002421;2023-05-29;REG_09;STORE_025;EMP_022;PROD_003;1;380.26;0.19;308.01;credit;CUST_4095;VIP
TXN_202305_002422;2023-05-03;REG_03;STORE_008;EMP_003;PROD_017;5;298.28;0.0;1491.4;credit;CUST_4858;New
TXN_202305_002423;2023-05-15;REG_01;STORE_001;EMP_018;PROD_017;3;496.88;0.23;1147.79;cash;CUST_7578;Premium
TXN_202305_002424;2023-05-02;REG_05;STORE_013;EMP_005;PROD_034;5;470.83;0.26;1742.07;card;CUST_3497;VIP
TXN_202305_002425;2023-05-14;REG_01;STORE_002;EMP_011;PROD_040;5;153.26;0.22;597.71;cash;CUST_9009;Regular
TXN_202305_002426;2023-05-26;REG_10;STORE_029;EMP_017;PROD_005;3;414.84;0.24;945.84;credit;CUST_2655;New
TXN_202305_002427;2023-05-26;REG_06;STORE_016;EMP_006;PROD_004;2;88.94;0.05;168.99;cash;CUST_6645;VIP
TXN_202305_002428;2023-05-22;REG_05;STORE_015;EMP_005;PROD_015;5;219.39;0.29;778.83;credit;CUST_9077;New
TXN_202305_002429;2023-05-16;REG_05;STORE_014;EMP_005;PROD_023;3;370.65;0.05;1056.35;cash;CUST_3033;Regular
TXN_202305_002430;2023-05-21;REG_02;STORE_004;EMP_002;PROD_017;1;252.15;0.28;181.55;credit;CUST_1896;New
TXN_202305_002431;2023-05-15;REG_02;STORE_005;EMP_002;PROD_035;2;77.85;0.23;119.89;mobile;CUST_5262;VIP
TXN_202305_002432;2023-05-01;REG_01;STORE_001;EMP_001;PROD_050;1;65.26;0.03;63.3;mobile;CUST_5524;New
TXN_202305_002433;2023-05-26;REG_10;STORE_030;EMP_013;PROD_006;4;58.85;0.07;218.92;credit;CUST_9493;VIP
TXN_202305_002434;2023-05-21;REG_06;STORE_016;EMP_006;PROD_027;4;313.12;0.0;1252.48;card;CUST_1851;New
TXN_202305_002435;2023-05-21;REG_06;STORE_017;EMP_006;PROD_038;5;77.73;0.06;365.33;credit;CUST_6856;Regular
TXN_202305_002436;2023-05-02;REG_04;STORE_011;EMP_026;PROD_035;2;465.97;0.16;782.83;cash;CUST_2848;Regular
TXN_202305_002437;2023-05-03;REG_01;STORE_003;EMP_001;PROD_023;2;353.87;0.29;502.5;mobile;CUST_8623;New
TXN_202305_002438;2023-05-03;REG_04;STORE_012;EMP_026;PROD_007;2;12.93;0.29;18.36;card;CUST_8195;VIP
TXN_202305_002439;2023-05-01;REG_01;STORE_001;EMP_011;PROD_045;4;490.37;0.13;1706.49;card;CUST_9736;Premium
TXN_202305_002440;2023-05-09;REG_10;STORE_029;EMP_010;PROD_026;3;182.63;0.15;465.71;mobile;CUST_6798;Premium
TXN_202305_002441;2023-05-01;REG_05;STORE_015;EMP_021;PROD_021;5;377.31;0.26;1396.05;card;CUST_4738;VIP
TXN_202305_002442;2023-05-30;REG_02;STORE_005;EMP_002;PROD_020;5;289.06;0.03;1401.94;mobile;CUST_2197;Premium
TXN_202305_002443;2023-05-28;REG_04;STORE_012;EMP_024;PROD_039;3;235.98;0.11;630.07;cash;CUST_7125;VIP
TXN_202305_002444;2023-05-06;REG_04;STORE_010;EMP_030;PROD_009;5;442.61;0.13;1925.35;card;CUST_2199;VIP
TXN_202305_002445;2023-05-22;REG_03;STORE_009;EMP_003;PROD_034;2;312.41;0.02;612.32;cash;CUST_3969;New
TXN_202305_002446;2023-05-29;REG_03;STORE_009;EMP_014;PROD_036;3;350.97;0.04;1010.79;mobile;CUST_9187;New
TXN_202305_002447;2023-05-28;REG_06;STORE_017;EMP_006;PROD_046;5;272.73;0.25;1022.74;card;CUST_5572;Premium
TXN_202305_002448;2023-05-12;REG_08;STORE_022;EMP_023;PROD_015;1;166.52;0.09;151.53;mobile;CUST_2744;New
TXN_202305_002449;2023-05-16;REG_03;STORE_007;EMP_003;PROD_008;5;17.47;0.24;66.39;cash;CUST_4645;Premium
TXN_202305_002450;2023-05-23;REG_04;STORE_012;EMP_024;PROD_045;2;162.46;0.06;305.42;credit;CUST_8622;VIP
TXN_202305_002451;2023-05-12;REG_08;STORE_022;EMP_023;PROD_001;5;226.23;0.17;938.85;mobile;CUST_6993;VIP
TXN_202305_002452;2023-05-07;REG_03;STORE_008;EMP_014;PROD_014;3;402.63;0.26;893.84;card;CUST_7451;Regular
TXN_202305_002453;2023-05-26;REG_04;STORE_010;EMP_024;PROD_045;4;90.22;0.16;303.14;card;CUST_1032;VIP
TXN_202305_002454;2023-05-13;REG_04;STORE_011;EMP_026;PROD_038;5;125.21;0.22;488.32;credit;CUST_1491;New
TXN_202305_002455;2023-05-24;REG_08;STORE_023;EMP_008;PROD_043;1;210.16;0.21;166.03;mobile;CUST_3613;New
TXN_202305_002456;2023-05-23;REG_05;STORE_015;EMP_021;PROD_012;5;93.08;0.04;446.78;cash;CUST_5503;VIP
TXN_202305_002457;2023-05-31;REG_09;STORE_026;EMP_027;PROD_021;3;437.43;0.19;1062.95;mobile;CUST_1725;VIP
TXN_202305_002458;2023-05-17;REG_09;STORE_026;EMP_027;PROD_022;5;132.02;0.09;600.69;cash;CUST_4291;Regular
TXN_202305_002459;2023-05-21;REG_08;STORE_024;EMP_008;PROD_039;2;225.32;0.04;432.61;card;CUST_3313;VIP
TXN_202305_002460;2023-05-26;REG_07;STORE_021;EMP_007;PROD_009;2;418.35;0.17;694.46;card;CUST_1002;New
TXN_202305_002461;2023-05-31;REG_06;STORE_018;EMP_006;PROD_032;2;335.2;0.11;596.66;cash;CUST_9202;VIP
TXN_202305_002462;2023-05-12;REG_09;STORE_026;EMP_022;PROD_019;5;401.27;0.17;1665.27;credit;CUST_1188;Regular
TXN_202305_002463;2023-05-19;REG_09;STORE_025;EMP_009;PROD_044;5;408.14;0.06;1918.26;mobile;CUST_7149;Regular
TXN_202305_002464;2023-05-23;REG_03;STORE_008;EMP_003;PROD_034;2;485.92;0.24;738.6;card;CUST_1707;Regular
TXN_202305_002465;2023-05-08;REG_05;STORE_014;EMP_021;PROD_038;3;140.49;0.04;404.61;cash;CUST_1829;New
TXN_202305_002466;2023-05-01;REG_08;STORE_023;EMP_008;PROD_022;3;432.28;0.07;1206.06;mobile;CUST_6101;Regular
TXN_202305_002467;2023-05-05;REG_06;STORE_016;EMP_006;PROD_025;3;178.82;0.02;525.73;credit;CUST_5726;Premium
TXN_202305_002468;2023-05-25;REG_05;STORE_014;EMP_021;PROD_017;3;98.67;0.15;251.61;card;CUST_4350;Regular
TXN_202305_002469;2023-05-27;REG_07;STORE_020;EMP_007;PROD_040;3;24.47;0.08;67.54;card;CUST_2733;New
TXN_202305_002470;2023-05-06;REG_03;STORE_008;EMP_003;PROD_048;1;430.16;0.25;322.62;cash;CUST_4331;VIP
TXN_202305_002471;2023-05-22;REG_10;STORE_030;EMP_028;PROD_043;5;68.58;0.19;277.75;card;CUST_2803;Regular
TXN_202305_002472;2023-05-18;REG_05;STORE_013;EMP_005;PROD_028;1;262.41;0.02;257.16;cash;CUST_1164;New
TXN_202305_002473;2023-05-15;REG_02;STORE_005;EMP_002;PROD_021;5;498.96;0.09;2270.27;credit;CUST_7514;VIP
TXN_202305_002474;2023-05-23;REG_02;STORE_004;EMP_002;PROD_002;2;348.22;0.1;626.8;cash;CUST_6098;VIP
TXN_202305_002475;2023-05-08;REG_09;STORE_027;EMP_009;PROD_005;3;100.62;0.01;298.84;cash;CUST_4354;Premium
TXN_202305_002476;2023-05-06;REG_10;STORE_030;EMP_010;PROD_006;3;446.92;0.19;1086.02;credit;CUST_3066;Regular
TXN_202305_002477;2023-05-07;REG_05;STORE_014;EMP_021;PROD_017;2;381.74;0.23;587.88;card;CUST_6126;VIP
TXN_202305_002478;2023-05-07;REG_05;STORE_015;EMP_021;PROD_002;1;269.04;0.06;252.9;cash;CUST_2395;VIP
TXN_202305_002479;2023-05-17;REG_01;STORE_003;EMP_018;PROD_010;5;370.9;0.12;1631.96;mobile;CUST_6556;Premium
TXN_202305_002480;2023-05-23;REG_09;STORE_025;EMP_022;PROD_003;5;76.22;0.12;335.37;credit;CUST_1402;Regular
