transaction_id,date,region,store_id,employee_id,product_id,units,unit_price,discount,revenue,payment,customer_id,customer_segment
TXN_202407_008981,2024-07-06,REG_05,STORE_013,EMP_005,PROD_031,3,334.92,0.14,864.09,credit,CUST_9357,Regular
TXN_202407_008982,2024-07-14,REG_06,STORE_016,EMP_006,PROD_047,3,255.8,0.24,583.22,credit,CUST_4442,New
TXN_202407_008983,2024-07-08,REG_07,STORE_021,EMP_007,PROD_020,5,284.47,0.14,1223.22,card,CUST_5390,Premium
TXN_202407_008984,2024-07-04,REG_06,STORE_016,EMP_006,PROD_049,5,254.36,0.03,1233.65,cash,CUST_3046,New
TXN_202407_008985,2024-07-16,REG_03,STORE_009,EMP_014,PROD_014,2,356.54,0.1,641.77,mobile,CUST_3922,VIP
TXN_202407_008986,2024-07-28,REG_06,STORE_016,EMP_006,PROD_044,5,428.15,0.28,1541.34,credit,CUST_1954,Premium
TXN_202407_008987,2024-07-12,REG_03,STORE_009,EMP_003,PROD_035,3,274.88,0.21,651.47,cash,CUST_7252,New
TXN_202407_008988,2024-07-16,REG_06,STORE_016,EMP_006,PROD_050,3,22.1,0.29,47.07,card,CUST_9626,New
TXN_202407_008989,2024-07-08,REG_05,STORE_013,EMP_021,PROD_004,4,275.3,0.17,914.0,mobile,CUST_7753,VIP
TXN_202407_008990,2024-07-08,REG_02,STORE_004,EMP_002,PROD_022,2,290.7,0.15,494.19,credit,CUST_5296,New
TXN_202407_008991,2024-07-14,REG_07,STORE_019,EMP_007,PROD_039,5,150.98,0.21,596.37,cash,CUST_8323,Premium
TXN_202407_008992,2024-07-03,REG_09,STORE_027,EMP_027,PROD_037,2,269.3,0.27,393.18,card,CUST_2233,New
TXN_202407_008993,2024-07-03,REG_10,STORE_030,EMP_020,PROD_015,1,424.91,0.23,327.18,credit,CUST_9255,VIP
TXN_202407_008994,2024-07-15,REG_07,STORE_021,EMP_007,PROD_022,4,472.24,0.25,1416.72,card,CUST_3100,VIP
TXN_202407_008995,2024-07-03,REG_07,STORE_021,EMP_007,PROD_018,5,274.06,0.15,1164.75,credit,CUST_6486,Regular
TXN_202407_008996,2024-07-27,REG_09,STORE_027,EMP_025,PROD_039,3,79.76,0.03,232.1,card,CUST_4615,VIP
TXN_202407_008997,2024-07-06,REG_08,STORE_022,EMP_015,PROD_018,2,62.29,0.07,115.86,cash,CUST_6435,New
TXN_202407_008998,2024-07-01,REG_10,STORE_029,EMP_028,PROD_020,5,282.13,0.19,1142.63,mobile,CUST_8724,VIP
TXN_202407_008999,2024-07-27,REG_08,STORE_022,EMP_008,PROD_011,2,256.81,0.3,359.53,cash,CUST_2155,Premium
TXN_202407_009000,2024-07-30,REG_09,STORE_027,EMP_027,PROD_022,1,226.82,0.14,195.07,cash,CUST_8515,Regular
TXN_202407_009001,2024-07-27,REG_06,STORE_017,EMP_006,PROD_023,3,297.2,0.25,668.7,credit,CUST_3206,Premium
TXN_202407_009002,2024-07-26,REG_02,STORE_004,EMP_002,PROD_031,1,47.54,0.09,43.26,mobile,CUST_8525,Regular
TXN_202407_009003,2024-07-09,REG_08,STORE_024,EMP_008,PROD_049,4,168.47,0.27,491.93,card,CUST_9083,Regular
TXN_202407_009004,2024-07-12,REG_09,STORE_025,EMP_027,PROD_034,4,415.12,0.05,1577.46,credit,CUST_3042,VIP
TXN_202407_009005,2024-07-19,REG_05,STORE_015,EMP_021,PROD_043,5,29.32,0.07,136.34,cash,CUST_4318,New
TXN_202407_009006,2024-07-21,REG_01,STORE_003,EMP_011,PROD_049,4,377.79,0.06,1420.49,mobile,CUST_7373,New
TXN_202407_009007,2024-07-29,REG_07,STORE_019,EMP_007,PROD_034,1,191.62,0.15,162.88,card,CUST_4017,Premium
TXN_202407_009008,2024-07-27,REG_01,STORE_003,EMP_011,PROD_040,3,133.58,0.04,384.71,credit,CUST_6965,New
TXN_202407_009009,2024-07-22,REG_02,STORE_004,EMP_002,PROD_040,2,487.16,0.14,837.92,card,CUST_1019,Premium
TXN_202407_009010,2024-07-12,REG_02,STORE_004,EMP_002,PROD_034,3,244.2,0.2,586.08,mobile,CUST_7877,New
TXN_202407_009011,2024-07-06,REG_10,STORE_029,EMP_028,PROD_016,3,348.28,0.02,1023.94,cash,CUST_5998,Premium
TXN_202407_009012,2024-07-19,REG_08,STORE_022,EMP_023,PROD_022,5,499.71,0.15,2123.77,mobile,CUST_5362,New
TXN_202407_009013,2024-07-01,REG_10,STORE_030,EMP_028,PROD_022,2,427.54,0.06,803.78,credit,CUST_6884,New
TXN_202407_009014,2024-07-26,REG_03,STORE_007,EMP_014,PROD_031,3,417.72,0.05,1190.5,card,CUST_2784,Premium
TXN_202407_009015,2024-07-25,REG_05,STORE_013,EMP_005,PROD_020,2,180.12,0.16,302.6,credit,CUST_1338,Regular
TXN_202407_009016,2024-07-29,REG_01,STORE_003,EMP_019,PROD_013,2,108.06,0.05,205.31,credit,CUST_7621,VIP
TXN_202407_009017,2024-07-24,REG_06,STORE_016,EMP_006,PROD_040,5,450.52,0.27,1644.4,cash,CUST_1149,New
TXN_202407_009018,2024-07-17,REG_09,STORE_026,EMP_027,PROD_007,1,255.95,0.1,230.35,card,CUST_7445,New
TXN_202407_009019,2024-07-13,REG_10,STORE_030,EMP_010,PROD_001,5,306.9,0.05,1457.77,credit,CUST_6242,Regular
TXN_202407_009020,2024-07-27,REG_03,STORE_007,EMP_014,PROD_037,1,264.88,0.03,256.93,cash,CUST_3782,Regular
TXN_202407_009021,2024-07-02,REG_03,STORE_007,EMP_003,PROD_041,4,128.48,0.19,416.28,credit,CUST_9680,New
TXN_202407_009022,2024-07-23,REG_09,STORE_026,EMP_025,PROD_027,5,405.53,0.28,1459.91,card,CUST_4997,VIP
TXN_202407_009023,2024-07-27,REG_08,STORE_024,EMP_023,PROD_016,2,288.26,0.14,495.81,card,CUST_5055,Premium
TXN_202407_009024,2024-07-19,REG_05,STORE_015,EMP_021,PROD_008,4,321.88,0.07,1197.39,credit,CUST_1141,VIP
TXN_202407_009025,2024-07-26,REG_07,STORE_019,EMP_007,PROD_050,1,114.66,0.2,91.73,credit,CUST_1207,Regular
TXN_202407_009026,2024-07-03,REG_06,STORE_018,EMP_006,PROD_033,1,395.29,0.25,296.47,card,CUST_2744,Premium
TXN_202407_009027,2024-07-13,REG_06,STORE_018,EMP_006,PROD_002,4,412.81,0.03,1601.7,credit,CUST_2720,VIP
TXN_202407_009028,2024-07-08,REG_02,STORE_004,EMP_002,PROD_050,1,347.42,0.1,312.68,card,CUST_3919,VIP
TXN_202407_009029,2024-07-27,REG_07,STORE_020,EMP_007,PROD_031,1,334.46,0.09,304.36,credit,CUST_3577,Regular
TXN_202407_009030,2024-07-30,REG_03,STORE_007,EMP_014,PROD_034,3,89.1,0.22,208.49,credit,CUST_8364,Premium
TXN_202407_009031,2024-07-30,REG_02,STORE_004,EMP_002,PROD_022,3,89.58,0.1,241.87,card,CUST_4618,VIP
TXN_202407_009032,2024-07-16,REG_03,STORE_008,EMP_014,PROD_037,4,87.57,0.08,322.26,mobile,CUST_6595,New
TXN_202407_009033,2024-07-20,REG_02,STORE_005,EMP_002,PROD_022,4,143.39,0.08,527.68,credit,CUST_5051,New
TXN_202407_009034,2024-07-25,REG_05,STORE_013,EMP_005,PROD_029,2,30.87,0.14,53.1,cash,CUST_7779,Regular
TXN_202407_009035,2024-07-01,REG_04,STORE_011,EMP_024,PROD_049,4,44.28,0.15,150.55,card,CUST_1844,New
TXN_202407_009036,2024-07-30,REG_05,STORE_015,EMP_021,PROD_026,5,494.16,0.11,2199.01,cash,CUST_3752,Premium
TXN_202407_009037,2024-07-19,REG_03,STORE_007,EMP_003,PROD_046,2,226.42,0.18,371.33,cash,CUST_7011,New
TXN_202407_009038,2024-07-30,REG_05,STORE_014,EMP_005,PROD_013,3,67.47,0.21,159.9,mobile,CUST_6152,New
TXN_202407_009039,2024-07-14,REG_08,STORE_024,EMP_012,PROD_033,2,156.87,0.13,272.95,credit,CUST_2016,VIP
TXN_202407_009040,2024-07-20,REG_07,STORE_020,EMP_007,PROD_033,3,469.82,0.18,1155.76,credit,CUST_3016,VIP
TXN_202407_009041,2024-07-08,REG_08,STORE_023,EMP_023,PROD_009,5,42.76,0.03,207.39,card,CUST_1971,New
TXN_202407_009042,2024-07-17,REG_05,STORE_014,EMP_005,PROD_012,5,193.27,0.24,734.43,mobile,CUST_7322,Regular
TXN_202407_009043,2024-07-12,REG_02,STORE_005,EMP_002,PROD_039,5,98.49,0.01,487.53,mobile,CUST_5065,VIP
TXN_202407_009044,2024-07-26,REG_06,STORE_016,EMP_006,PROD_007,1,497.03,0.17,412.53,mobile,CUST_8906,New
TXN_202407_009045,2024-07-17,REG_10,STORE_029,EMP_020,PROD_030,4,139.01,0.17,461.51,card,CUST_9330,Premium
TXN_202407_009046,2024-07-22,REG_09,STORE_027,EMP_009,PROD_002,3,223.97,0.05,638.31,mobile,CUST_1939,VIP
TXN_202407_009047,2024-07-30,REG_01,STORE_002,EMP_001,PROD_018,3,367.13,0.14,947.2,cash,CUST_1485,VIP
TXN_202407_009048,2024-07-15,REG_04,STORE_012,EMP_029,PROD_011,5,286.31,0.24,1087.98,cash,CUST_8373,Regular
TXN_202407_009049,2024-07-29,REG_02,STORE_005,EMP_002,PROD_005,2,103.74,0.04,199.18,mobile,CUST_6284,Regular
TXN_202407_009050,2024-07-31,REG_04,STORE_010,EMP_026,PROD_043,3,163.08,0.01,484.35,card,CUST_1090,New
TXN_202407_009051,2024-07-30,REG_04,STORE_012,EMP_024,PROD_007,2,109.69,0.26,162.34,mobile,CUST_7479,New
TXN_202407_009052,2024-07-26,REG_04,STORE_011,EMP_029,PROD_027,3,19.27,0.11,51.45,cash,CUST_2271,Regular
TXN_202407_009053,2024-07-27,REG_01,STORE_001,EMP_001,PROD_047,3,51.43,0.23,118.8,cash,CUST_9594,VIP
TXN_202407_009054,2024-07-14,REG_03,STORE_008,EMP_014,PROD_001,4,431.86,0.05,1641.07,credit,CUST_3420,Premium
TXN_202407_009055,2024-07-29,REG_06,STORE_018,EMP_006,PROD_038,1,391.17,0.05,371.61,card,CUST_5525,New
TXN_202407_009056,2024-07-20,REG_02,STORE_004,EMP_002,PROD_042,5,24.3,0.02,119.07,credit,CUST_6796,Regular
TXN_202407_009057,2024-07-11,REG_10,STORE_030,EMP_028,PROD_042,4,296.4,0.08,1090.75,mobile,CUST_1658,Regular
TXN_202407_009058,2024-07-07,REG_05,STORE_015,EMP_005,PROD_041,3,495.05,0.24,1128.71,credit,CUST_5225,VIP
TXN_202407_009059,2024-07-19,REG_04,STORE_012,EMP_016,PROD_018,2,303.61,0.13,528.28,credit,CUST_1729,New
TXN_202407_009060,2024-07-22,REG_01,STORE_003,EMP_019,PROD_038,5,80.23,0.3,280.81,cash,CUST_1820,Regular
TXN_202407_009061,2024-07-16,REG_07,STORE_021,EMP_007,PROD_006,5,297.41,0.16,1249.12,cash,CUST_7231,New
TXN_202407_009062,2024-07-12,REG_10,STORE_030,EMP_028,PROD_042,4,240.28,0.21,759.28,mobile,CUST_2743,Regular
TXN_202407_009063,2024-07-10,REG_10,STORE_028,EMP_010,PROD_010,3,278.07,0.14,717.42,mobile,CUST_1725,VIP
TXN_202407_009064,2024-07-24,REG_09,STORE_026,EMP_009,PROD_015,5,258.61,0.12,1137.88,mobile,CUST_9378,VIP
TXN_202407_009065,2024-07-29,REG_09,STORE_025,EMP_027,PROD_003,2,351.47,0.16,590.47,card,CUST_8244,New
TXN_202407_009066,2024-07-20,REG_06,STORE_016,EMP_006,PROD_042,2,375.59,0.25,563.38,cash,CUST_5649,New
TXN_202407_009067,2024-07-30,REG_02,STORE_006,EMP_002,PROD_038,2,215.07,0.2,344.11,mobile,CUST_2840,VIP
TXN_202407_009068,2024-07-13,REG_07,STORE_019,EMP_007,PROD_041,4,422.26,0.26,1249.89,card,CUST_4488,New
TXN_202407_009069,2024-07-24,REG_08,STORE_024,EMP_008,PROD_016,1,413.23,0.03,400.83,card,CUST_6925,Regular
TXN_202407_009070,2024-07-21,REG_06,STORE_018,EMP_006,PROD_024,4,220.88,0.05,839.34,cash,CUST_4264,VIP
TXN_202407_009071,2024-07-02,REG_05,STORE_015,EMP_005,PROD_033,2,46.06,0.23,70.93,credit,CUST_3985,Regular
TXN_202407_009072,2024-07-24,REG_03,STORE_008,EMP_003,PROD_029,3,330.16,0.22,772.57,credit,CUST_3237,New
TXN_202407_009073,2024-07-14,REG_10,STORE_028,EMP_020,PROD_006,1,445.37,0.03,432.01,credit,CUST_8768,New
TXN_202407_009074,2024-07-15,REG_08,STORE_024,EMP_008,PROD_045,2,313.65,0.18,514.39,mobile,CUST_7356,VIP
TXN_202407_009075,2024-07-14,REG_01,STORE_003,EMP_011,PROD_032,2,184.73,0.05,350.99,mobile,CUST_3442,Premium
TXN_202407_009076,2024-07-20,REG_04,STORE_012,EMP_024,PROD_042,3,332.17,0.04,956.65,credit,CUST_7527,New
TXN_202407_009077,2024-07-10,REG_07,STORE_019,EMP_007,PROD_013,1,484.4,0.27,353.61,card,CUST_9841,New
TXN_202407_009078,2024-07-28,REG_05,STORE_014,EMP_021,PROD_022,5,10.27,0.02,50.32,card,CUST_6434,Regular
TXN_202407_009079,2024-07-08,REG_04,STORE_011,EMP_024,PROD_015,1,170.65,0.08,157.0,card,CUST_7186,Regular
TXN_202407_009080,2024-07-17,REG_03,STORE_008,EMP_003,PROD_014,1,76.08,0.22,59.34,credit,CUST_7416,Premium
TXN_202407_009081,2024-07-12,REG_09,STORE_025,EMP_027,PROD_013,4,491.4,0.23,1513.51,credit,CUST_4070,VIP
TXN_202407_009082,2024-07-11,REG_08,STORE_022,EMP_008,PROD_046,5,486.73,0.09,2214.62,credit,CUST_5117,Regular
TXN_202407_009083,2024-07-30,REG_06,STORE_018,EMP_006,PROD_010,3,423.84,0.21,1004.5,cash,CUST_8199,Regular
TXN_202407_009084,2024-07-03,REG_10,STORE_028,EMP_020,PROD_009,1,324.92,0.2,259.94,cash,CUST_2305,Premium
TXN_202407_009085,2024-07-15,REG_10,STORE_028,EMP_017,PROD_042,3,70.92,0.15,180.85,card,CUST_9934,VIP
TXN_202407_009086,2024-07-24,REG_09,STORE_026,EMP_027,PROD_020,4,177.76,0.15,604.38,card,CUST_3791,Regular
TXN_202407_009087,2024-07-16,REG_08,STORE_022,EMP_012,PROD_024,1,217.84,0.23,167.74,cash,CUST_8253,Premium
TXN_202407_009088,2024-07-18,REG_01,STORE_001,EMP_019,PROD_048,4,443.24,0.27,1294.26,card,CUST_7837,VIP
TXN_202407_009089,2024-07-26,REG_07,STORE_021,EMP_007,PROD_036,4,165.32,0.03,641.44,card,CUST_6033,VIP
TXN_202407_009090,2024-07-22,REG_01,STORE_003,EMP_001,PROD_018,4,164.8,0.21,520.77,cash,CUST_7480,Premium
TXN_202407_009091,2024-07-12,REG_08,STORE_022,EMP_008,PROD_005,1,214.26,0.25,160.69,mobile,CUST_1914,Regular
TXN_202407_009092,2024-07-20,REG_03,STORE_007,EMP_003,PROD_020,2,39.87,0.0,79.74,cash,CUST_6460,New
TXN_202407_009093,2024-07-04,REG_09,STORE_027,EMP_009,PROD_045,3,475.09,0.22,1111.71,credit,CUST_2531,Premium
TXN_202407_009094,2024-07-14,REG_07,STORE_021,EMP_007,PROD_014,5,271.24,0.21,1071.4,credit,CUST_7806,Premium
TXN_202407_009095,2024-07-29,REG_05,STORE_015,EMP_021,PROD_030,3,221.63,0.24,505.32,card,CUST_1205,New
TXN_202407_009096,2024-07-01,REG_04,STORE_010,EMP_030,PROD_002,1,326.34,0.19,264.34,credit,CUST_4249,Premium
TXN_202407_009097,2024-07-19,REG_04,STORE_011,EMP_004,PROD_039,4,384.42,0.24,1168.64,cash,CUST_2171,Regular
TXN_202407_009098,2024-07-03,REG_01,STORE_002,EMP_001,PROD_033,3,431.2,0.3,905.52,mobile,CUST_5806,VIP
TXN_202407_009099,2024-07-28,REG_06,STORE_017,EMP_006,PROD_001,5,31.31,0.03,151.85,credit,CUST_1740,VIP
TXN_202407_009100,2024-07-09,REG_01,STORE_002,EMP_001,PROD_038,4,221.87,0.14,763.23,card,CUST_9504,Premium
TXN_202407_009101,2024-07-12,REG_02,STORE_004,EMP_002,PROD_041,5,456.49,0.15,1940.08,cash,CUST_6750,VIP
TXN_202407_009102,2024-07-13,REG_03,STORE_008,EMP_014,PROD_022,4,260.54,0.02,1021.32,cash,CUST_3352,Regular
TXN_202407_009103,2024-07-02,REG_04,STORE_012,EMP_016,PROD_018,5,20.09,0.24,76.34,card,CUST_4145,Regular
TXN_202407_009104,2024-07-26,REG_08,STORE_024,EMP_012,PROD_030,5,273.99,0.22,1068.56,mobile,CUST_3736,New
TXN_202407_009105,2024-07-18,REG_04,STORE_011,EMP_016,PROD_036,1,424.69,0.03,411.95,credit,CUST_8669,New
TXN_202407_009106,2024-07-25,REG_03,STORE_007,EMP_014,PROD_020,4,445.39,0.24,1353.99,mobile,CUST_8849,Regular
TXN_202407_009107,2024-07-19,REG_05,STORE_013,EMP_005,PROD_049,5,437.23,0.09,1989.4,card,CUST_5308,Premium
TXN_202407_009108,2024-07-06,REG_02,STORE_006,EMP_002,PROD_020,3,484.75,0.16,1221.57,mobile,CUST_2526,New
TXN_202407_009109,2024-07-01,REG_05,STORE_013,EMP_021,PROD_024,5,52.87,0.07,245.85,card,CUST_2393,Regular
TXN_202407_009110,2024-07-28,REG_01,STORE_003,EMP_018,PROD_038,2,38.29,0.23,58.97,card,CUST_3031,Regular
TXN_202407_009111,2024-07-26,REG_04,STORE_010,EMP_004,PROD_020,2,276.49,0.17,458.97,card,CUST_1107,VIP
TXN_202407_009112,2024-07-01,REG_04,STORE_011,EMP_026,PROD_038,4,483.49,0.14,1663.21,card,CUST_4545,VIP
TXN_202407_009113,2024-07-26,REG_08,STORE_024,EMP_012,PROD_032,3,315.65,0.13,823.85,card,CUST_9663,New
TXN_202407_009114,2024-07-14,REG_06,STORE_018,EMP_006,PROD_050,2,363.37,0.03,704.94,cash,CUST_7893,Premium
TXN_202407_009115,2024-07-03,REG_06,STORE_017,EMP_006,PROD_023,3,279.11,0.16,703.36,credit,CUST_2395,VIP
TXN_202407_009116,2024-07-14,REG_04,STORE_011,EMP_029,PROD_048,5,143.5,0.21,566.83,mobile,CUST_4202,New
TXN_202407_009117,2024-07-31,REG_08,STORE_022,EMP_012,PROD_043,5,469.21,0.12,2064.52,mobile,CUST_7864,New
TXN_202407_009118,2024-07-02,REG_03,STORE_009,EMP_014,PROD_026,3,377.53,0.24,860.77,mobile,CUST_9861,VIP
TXN_202407_009119,2024-07-17,REG_06,STORE_017,EMP_006,PROD_009,4,279.58,0.14,961.76,cash,CUST_8133,Premium
TXN_202407_009120,2024-07-08,REG_03,STORE_009,EMP_003,PROD_006,3,41.62,0.26,92.4,mobile,CUST_4190,Regular
TXN_202407_009121,2024-07-21,REG_03,STORE_008,EMP_003,PROD_026,5,144.39,0.27,527.02,cash,CUST_5295,Regular
TXN_202407_009122,2024-07-31,REG_08,STORE_023,EMP_023,PROD_049,1,476.76,0.2,381.41,credit,CUST_1334,New
TXN_202407_009123,2024-07-18,REG_06,STORE_016,EMP_006,PROD_006,5,472.92,0.05,2246.37,credit,CUST_5669,Regular
TXN_202407_009124,2024-07-23,REG_07,STORE_019,EMP_007,PROD_039,2,33.95,0.03,65.86,cash,CUST_9005,New
TXN_202407_009125,2024-07-23,REG_04,STORE_012,EMP_026,PROD_003,5,347.36,0.26,1285.23,mobile,CUST_2102,New
TXN_202407_009126,2024-07-19,REG_08,STORE_024,EMP_023,PROD_006,3,61.88,0.19,150.37,card,CUST_1327,Regular
TXN_202407_009127,2024-07-02,REG_09,STORE_025,EMP_022,PROD_025,2,237.67,0.25,356.5,cash,CUST_3320,VIP
TXN_202407_009128,2024-07-05,REG_10,STORE_029,EMP_028,PROD_043,4,159.33,0.01,630.95,mobile,CUST_9644,Premium
TXN_202407_009129,2024-07-26,REG_07,STORE_021,EMP_007,PROD_010,3,447.45,0.21,1060.46,cash,CUST_1419,New
TXN_202407_009130,2024-07-26,REG_05,STORE_013,EMP_021,PROD_023,4,172.79,0.06,649.69,cash,CUST_7792,VIP
TXN_202407_009131,2024-07-19,REG_06,STORE_018,EMP_006,PROD_005,5,233.06,0.16,978.85,mobile,CUST_3531,Premium
TXN_202407_009132,2024-07-22,REG_10,STORE_028,EMP_017,PROD_046,1,276.18,0.23,212.66,credit,CUST_1936,New
TXN_202407_009133,2024-07-27,REG_09,STORE_025,EMP_027,PROD_046,5,138.08,0.19,559.22,card,CUST_3934,VIP
TXN_202407_009134,2024-07-05,REG_03,STORE_007,EMP_003,PROD_030,4,377.11,0.18,1236.92,mobile,CUST_3173,Regular
TXN_202407_009135,2024-07-27,REG_03,STORE_009,EMP_003,PROD_044,5,343.14,0.22,1338.25,credit,CUST_3593,Premium
TXN_202407_009136,2024-07-15,REG_03,STORE_008,EMP_003,PROD_020,2,322.98,0.26,478.01,cash,CUST_4964,Regular
TXN_202407_009137,2024-07-21,REG_07,STORE_021,EMP_007,PROD_016,5,38.95,0.26,144.12,card,CUST_5085,New
TXN_202407_009138,2024-07-29,REG_08,STORE_024,EMP_015,PROD_029,5,381.32,0.06,1792.2,cash,CUST_7384,Premium
TXN_202407_009139,2024-07-02,REG_01,STORE_002,EMP_018,PROD_041,3,380.89,0.22,891.28,cash,CUST_2345,Premium
TXN_202407_009140,2024-07-01,REG_10,STORE_029,EMP_013,PROD_030,2,18.5,0.12,32.56,card,CUST_4320,New
TXN_202407_009141,2024-07-02,REG_02,STORE_004,EMP_002,PROD_022,5,265.84,0.21,1050.07,card,CUST_5533,Premium
TXN_202407_009142,2024-07-12,REG_02,STORE_004,EMP_002,PROD_033,3,350.13,0.09,955.85,mobile,CUST_2841,VIP
TXN_202407_009143,2024-07-15,REG_09,STORE_025,EMP_027,PROD_006,4,148.85,0.11,529.91,card,CUST_9663,VIP
TXN_202407_009144,2024-07-01,REG_06,STORE_017,EMP_006,PROD_036,4,110.58,0.01,437.9,card,CUST_1607,VIP
TXN_202407_009145,2024-07-07,REG_04,STORE_010,EMP_026,PROD_032,2,43.69,0.2,69.9,mobile,CUST_3534,Regular
TXN_202407_009146,2024-07-07,REG_03,STORE_007,EMP_003,PROD_018,4,22.95,0.08,84.46,card,CUST_1374,Regular
TXN_202407_009147,2024-07-08,REG_01,STORE_002,EMP_001,PROD_010,4,66.58,0.29,189.09,credit,CUST_4871,Regular
TXN_202407_009148,2024-07-30,REG_05,STORE_013,EMP_021,PROD_030,1,307.64,0.25,230.73,credit,CUST_7810,Premium
TXN_202407_009149,2024-07-10,REG_07,STORE_020,EMP_007,PROD_022,2,124.29,0.16,208.81,mobile,CUST_5594,Regular
TXN_202407_009150,2024-07-01,REG_03,STORE_008,EMP_014,PROD_020,2,363.99,0.23,560.54,cash,CUST_3066,New
TXN_202407_009151,2024-07-02,REG_08,STORE_023,EMP_023,PROD_048,5,64.06,0.02,313.89,card,CUST_5358,VIP
TXN_202407_009152,2024-07-08,REG_08,STORE_023,EMP_015,PROD_011,5,127.6,0.16,535.92,credit,CUST_4921,Regular
TXN_202407_009153,2024-07-19,REG_02,STORE_004,EMP_002,PROD_011,3,90.31,0.24,205.91,card,CUST_4433,New
TXN_202407_009154,2024-07-17,REG_10,STORE_029,EMP_013,PROD_019,4,211.99,0.2,678.37,mobile,CUST_1407,Regular
TXN_202407_009155,2024-07-16,REG_09,STORE_025,EMP_009,PROD_003,3,416.02,0.23,961.01,mobile,CUST_1056,New
TXN_202407_009156,2024-07-09,REG_06,STORE_018,EMP_006,PROD_045,2,227.72,0.04,437.22,card,CUST_4813,Regular
TXN_202407_009157,2024-07-24,REG_05,STORE_013,EMP_005,PROD_002,4,389.01,0.17,1291.51,mobile,CUST_5364,Regular
TXN_202407_009158,2024-07-23,REG_02,STORE_005,EMP_002,PROD_041,1,238.28,0.14,204.92,card,CUST_2664,VIP
TXN_202407_009159,2024-07-22,REG_03,STORE_009,EMP_003,PROD_049,3,451.01,0.29,960.65,card,CUST_9837,Premium
TXN_202407_009160,2024-07-12,REG_08,STORE_024,EMP_012,PROD_032,1,375.61,0.24,285.46,mobile,CUST_5140,Regular
TXN_202407_009161,2024-07-22,REG_02,STORE_004,EMP_002,PROD_037,3,279.99,0.14,722.37,card,CUST_2127,VIP
TXN_202407_009162,2024-07-31,REG_05,STORE_013,EMP_005,PROD_014,1,97.25,0.25,72.94,credit,CUST_5082,VIP
TXN_202407_009163,2024-07-17,REG_01,STORE_003,EMP_019,PROD_050,3,399.31,0.2,958.34,cash,CUST_2562,Regular
TXN_202407_009164,2024-07-22,REG_01,STORE_002,EMP_018,PROD_048,5,426.46,0.18,1748.49,cash,CUST_8654,Premium
TXN_202407_009165,2024-07-22,REG_01,STORE_002,EMP_011,PROD_027,1,394.97,0.02,387.07,cash,CUST_7198,New
TXN_202407_009166,2024-07-20,REG_07,STORE_020,EMP_007,PROD_016,2,25.04,0.03,48.58,credit,CUST_9409,VIP
TXN_202407_009167,2024-07-17,REG_08,STORE_023,EMP_008,PROD_026,2,359.76,0.13,625.98,credit,CUST_4653,Regular
TXN_202407_009168,2024-07-10,REG_10,STORE_029,EMP_013,PROD_017,2,181.48,0.11,323.03,card,CUST_6464,New
TXN_202407_009169,2024-07-16,REG_01,STORE_003,EMP_018,PROD_020,4,262.58,0.27,766.73,card,CUST_3825,New
TXN_202407_009170,2024-07-20,REG_01,STORE_001,EMP_011,PROD_020,5,291.25,0.25,1092.19,credit,CUST_6804,VIP
TXN_202407_009171,2024-07-08,REG_09,STORE_025,EMP_027,PROD_001,2,479.76,0.3,671.66,credit,CUST_1680,Regular
TXN_202407_009172,2024-07-02,REG_06,STORE_016,EMP_006,PROD_001,1,239.28,0.04,229.71,card,CUST_2219,VIP
TXN_202407_009173,2024-07-13,REG_04,STORE_010,EMP_004,PROD_046,2,174.86,0.21,276.28,credit,CUST_6114,New
TXN_202407_009174,2024-07-15,REG_07,STORE_021,EMP_007,PROD_050,1,386.62,0.01,382.75,cash,CUST_8561,New
TXN_202407_009175,2024-07-29,REG_05,STORE_015,EMP_021,PROD_049,1,318.51,0.1,286.66,mobile,CUST_3218,Premium
TXN_202407_009176,2024-07-01,REG_08,STORE_024,EMP_008,PROD_010,4,303.67,0.11,1081.07,card,CUST_4224,Premium
TXN_202407_009177,2024-07-30,REG_09,STORE_026,EMP_027,PROD_012,3,216.14,0.11,577.09,credit,CUST_8817,Regular
TXN_202407_009178,2024-07-25,REG_05,STORE_014,EMP_005,PROD_006,4,162.97,0.22,508.47,card,CUST_8224,Premium
TXN_202407_009179,2024-07-08,REG_05,STORE_013,EMP_021,PROD_047,2,332.67,0.29,472.39,mobile,CUST_8167,Premium
TXN_202407_009180,2024-07-18,REG_01,STORE_002,EMP_001,PROD_017,4,38.71,0.04,148.65,card,CUST_2723,VIP
TXN_202407_009181,2024-07-26,REG_07,STORE_019,EMP_007,PROD_050,5,270.99,0.04,1300.75,credit,CUST_6697,VIP
TXN_202407_009182,2024-07-06,REG_10,STORE_029,EMP_020,PROD_001,5,372.47,0.02,1825.1,cash,CUST_6109,Premium
TXN_202407_009183,2024-07-10,REG_08,STORE_024,EMP_008,PROD_027,1,173.11,0.01,171.38,card,CUST_3943,Premium
TXN_202407_009184,2024-07-19,REG_05,STORE_014,EMP_005,PROD_047,1,220.18,0.3,154.13,credit,CUST_7578,Regular
TXN_202407_009185,2024-07-25,REG_04,STORE_012,EMP_024,PROD_050,1,342.48,0.24,260.28,mobile,CUST_8826,VIP
TXN_202407_009186,2024-07-25,REG_03,STORE_009,EMP_014,PROD_005,1,452.54,0.05,429.91,card,CUST_5421,Regular
TXN_202407_009187,2024-07-07,REG_05,STORE_013,EMP_021,PROD_019,5,28.74,0.15,122.14,card,CUST_2745,New
TXN_202407_009188,2024-07-21,REG_06,STORE_016,EMP_006,PROD_043,5,384.12,0.18,1574.89,mobile,CUST_6204,Regular
TXN_202407_009189,2024-07-08,REG_02,STORE_004,EMP_002,PROD_028,4,101.82,0.02,399.13,card,CUST_1499,New
TXN_202407_009190,2024-07-13,REG_02,STORE_005,EMP_002,PROD_017,4,383.62,0.14,1319.65,mobile,CUST_9012,Regular
TXN_202407_009191,2024-07-03,REG_05,STORE_013,EMP_021,PROD_048,2,17.34,0.1,31.21,cash,CUST_5075,New
TXN_202407_009192,2024-07-12,REG_06,STORE_017,EMP_006,PROD_021,1,389.84,0.24,296.28,credit,CUST_9104,New
TXN_202407_009193,2024-07-05,REG_09,STORE_026,EMP_022,PROD_039,1,365.02,0.17,302.97,card,CUST_8188,Regular
TXN_202407_009194,2024-07-12,REG_09,STORE_027,EMP_027,PROD_028,4,231.45,0.09,842.48,mobile,CUST_2634,Premium
TXN_202407_009195,2024-07-23,REG_09,STORE_025,EMP_022,PROD_015,2,381.72,0.13,664.19,cash,CUST_6087,Regular
TXN_202407_009196,2024-07-06,REG_08,STORE_023,EMP_015,PROD_001,4,251.08,0.2,803.46,card,CUST_6365,VIP
TXN_202407_009197,2024-07-08,REG_08,STORE_024,EMP_023,PROD_018,1,283.03,0.06,266.05,cash,CUST_6996,Regular
TXN_202407_009198,2024-07-23,REG_09,STORE_027,EMP_027,PROD_015,3,432.88,0.14,1116.83,mobile,CUST_9628,Premium
TXN_202407_009199,2024-07-10,REG_07,STORE_021,EMP_007,PROD_046,3,315.92,0.22,739.25,card,CUST_5915,Premium
TXN_202407_009200,2024-07-09,REG_10,STORE_029,EMP_017,PROD_008,5,421.75,0.13,1834.61,mobile,CUST_1341,Premium
TXN_202407_009201,2024-07-11,REG_03,STORE_008,EMP_014,PROD_015,2,239.07,0.06,449.45,card,CUST_7888,VIP
TXN_202407_009202,2024-07-01,REG_03,STORE_009,EMP_003,PROD_006,4,402.56,0.0,1610.24,credit,CUST_2859,Regular
TXN_202407_009203,2024-07-08,REG_08,STORE_023,EMP_008,PROD_029,4,186.62,0.23,574.79,cash,CUST_8334,Premium
TXN_202407_009204,2024-07-14,REG_07,STORE_021,EMP_007,PROD_007,2,358.42,0.22,559.14,credit,CUST_1445,Regular
TXN_202407_009205,2024-07-15,REG_10,STORE_029,EMP_010,PROD_021,3,365.9,0.18,900.11,card,CUST_6089,Regular
TXN_202407_009206,2024-07-14,REG_10,STORE_029,EMP_013,PROD_041,3,368.44,0.21,873.2,credit,CUST_5885,New
TXN_202407_009207,2024-07-16,REG_05,STORE_014,EMP_021,PROD_032,4,485.51,0.17,1611.89,card,CUST_5905,Premium
TXN_202407_009208,2024-07-11,REG_07,STORE_020,EMP_007,PROD_044,2,128.22,0.05,243.62,card,CUST_3475,Premium
TXN_202407_009209,2024-07-15,REG_09,STORE_025,EMP_009,PROD_024,5,16.7,0.03,81.0,credit,CUST_4298,Premium
TXN_202407_009210,2024-07-19,REG_02,STORE_006,EMP_002,PROD_016,2,95.49,0.27,139.42,credit,CUST_9093,New
TXN_202407_009211,2024-07-08,REG_07,STORE_021,EMP_007,PROD_046,3,259.04,0.16,652.78,cash,CUST_3277,Regular
TXN_202407_009212,2024-07-15,REG_09,STORE_026,EMP_022,PROD_008,1,412.09,0.18,337.91,credit,CUST_8497,Regular
TXN_202407_009213,2024-07-11,REG_09,STORE_027,EMP_022,PROD_043,1,312.21,0.13,271.62,credit,CUST_8144,Regular
TXN_202407_009214,2024-07-19,REG_06,STORE_018,EMP_006,PROD_007,4,236.76,0.04,909.16,card,CUST_5355,Regular
TXN_202407_009215,2024-07-08,REG_01,STORE_001,EMP_018,PROD_040,4,375.7,0.07,1397.6,card,CUST_1251,New
TXN_202407_009216,2024-07-23,REG_08,STORE_022,EMP_015,PROD_036,2,289.93,0.16,487.08,mobile,CUST_7967,Premium
TXN_202407_009217,2024-07-24,REG_01,STORE_002,EMP_018,PROD_021,1,465.25,0.11,414.07,credit,CUST_5480,Premium
TXN_202407_009218,2024-07-10,REG_08,STORE_022,EMP_008,PROD_004,2,359.01,0.2,574.42,card,CUST_3227,New
TXN_202407_009219,2024-07-02,REG_07,STORE_020,EMP_007,PROD_019,1,490.0,0.16,411.6,cash,CUST_2533,New
TXN_202407_009220,2024-07-05,REG_03,STORE_008,EMP_014,PROD_017,4,263.85,0.1,949.86,mobile,CUST_3920,VIP
TXN_202407_009221,2024-07-03,REG_08,STORE_022,EMP_012,PROD_022,2,485.9,0.24,738.57,credit,CUST_1572,Premium
TXN_202407_009222,2024-07-30,REG_08,STORE_023,EMP_012,PROD_047,4,138.5,0.06,520.76,cash,CUST_8377,VIP
TXN_202407_009223,2024-07-21,REG_06,STORE_017,EMP_006,PROD_016,2,189.45,0.12,333.43,cash,CUST_2042,VIP
TXN_202407_009224,2024-07-18,REG_02,STORE_005,EMP_002,PROD_028,2,256.2,0.16,430.42,mobile,CUST_1411,Premium
TXN_202407_009225,2024-07-14,REG_03,STORE_009,EMP_014,PROD_025,2,481.42,0.16,808.79,card,CUST_2792,VIP
TXN_202407_009226,2024-07-30,REG_09,STORE_026,EMP_027,PROD_008,2,122.61,0.16,205.98,credit,CUST_8729,Regular
TXN_202407_009227,2024-07-18,REG_05,STORE_015,EMP_021,PROD_010,3,151.52,0.29,322.74,mobile,CUST_1235,VIP
TXN_202407_009228,2024-07-10,REG_06,STORE_017,EMP_006,PROD_004,2,256.68,0.14,441.49,mobile,CUST_3696,Premium
TXN_202407_009229,2024-07-26,REG_01,STORE_003,EMP_018,PROD_028,1,77.33,0.29,54.9,mobile,CUST_4001,Regular
TXN_202407_009230,2024-07-14,REG_02,STORE_006,EMP_002,PROD_023,3,322.06,0.03,937.19,mobile,CUST_8562,New
TXN_202407_009231,2024-07-01,REG_05,STORE_015,EMP_005,PROD_028,5,29.47,0.12,129.67,card,CUST_2741,VIP
TXN_202407_009232,2024-07-21,REG_07,STORE_019,EMP_007,PROD_023,2,120.6,0.07,224.32,cash,CUST_9279,New
TXN_202407_009233,2024-07-24,REG_05,STORE_014,EMP_005,PROD_012,3,62.28,0.12,164.42,card,CUST_4056,Premium
TXN_202407_009234,2024-07-15,REG_04,STORE_012,EMP_004,PROD_040,2,353.47,0.02,692.8,mobile,CUST_7578,New
TXN_202407_009235,2024-07-15,REG_06,STORE_018,EMP_006,PROD_001,2,403.55,0.17,669.89,card,CUST_6159,Premium
TXN_202407_009236,2024-07-04,REG_08,STORE_024,EMP_012,PROD_040,4,86.21,0.02,337.94,mobile,CUST_9814,VIP
TXN_202407_009237,2024-07-01,REG_01,STORE_001,EMP_001,PROD_029,1,125.3,0.03,121.54,cash,CUST_2381,Premium
TXN_202407_009238,2024-07-12,REG_09,STORE_027,EMP_022,PROD_002,4,193.96,0.27,566.36,card,CUST_3980,New
TXN_202407_009239,2024-07-21,REG_04,STORE_012,EMP_030,PROD_041,1,288.27,0.04,276.74,cash,CUST_3679,Premium
TXN_202407_009240,2024-07-07,REG_10,STORE_030,EMP_017,PROD_046,1,430.91,0.28,310.26,cash,CUST_7796,New
TXN_202407_009241,2024-07-09,REG_07,STORE_021,EMP_007,PROD_042,1,459.89,0.21,363.31,card,CUST_7487,VIP
TXN_202407_009242,2024-07-04,REG_01,STORE_002,EMP_018,PROD_004,3,60.41,0.18,148.61,credit,CUST_3366,Regular
TXN_202407_009243,2024-07-22,REG_09,STORE_027,EMP_025,PROD_005,1,53.32,0.12,46.92,cash,CUST_1450,VIP
TXN_202407_009244,2024-07-04,REG_09,STORE_027,EMP_027,PROD_025,4,450.9,0.22,1406.81,cash,CUST_6464,VIP
TXN_202407_009245,2024-07-21,REG_02,STORE_005,EMP_002,PROD_049,4,52.29,0.23,161.05,card,CUST_4392,VIP
TXN_202407_009246,2024-07-09,REG_08,STORE_023,EMP_012,PROD_037,2,445.57,0.14,766.38,credit,CUST_4627,New
TXN_202407_009247,2024-07-04,REG_02,STORE_006,EMP_002,PROD_044,2,53.83,0.26,79.67,mobile,CUST_1653,New
TXN_202407_009248,2024-07-19,REG_07,STORE_019,EMP_007,PROD_043,1,242.79,0.1,218.51,credit,CUST_1942,Premium
TXN_202407_009249,2024-07-04,REG_01,STORE_002,EMP_011,PROD_037,5,358.99,0.09,1633.4,card,CUST_9791,New
TXN_202407_009250,2024-07-10,REG_01,STORE_003,EMP_001,PROD_015,3,433.94,0.1,1171.64,mobile,CUST_2916,Regular
TXN_202407_009251,2024-07-26,REG_10,STORE_030,EMP_013,PROD_030,5,286.05,0.12,1258.62,credit,CUST_9515,Regular
TXN_202407_009252,2024-07-10,REG_07,STORE_020,EMP_007,PROD_010,5,479.46,0.07,2229.49,mobile,CUST_4608,Premium
TXN_202407_009253,2024-07-31,REG_03,STORE_007,EMP_014,PROD_046,3,99.58,0.07,277.83,cash,CUST_9393,Regular
TXN_202407_009254,2024-07-15,REG_08,STORE_022,EMP_012,PROD_027,4,71.19,0.14,244.89,mobile,CUST_8978,VIP
TXN_202407_009255,2024-07-22,REG_01,STORE_001,EMP_001,PROD_035,5,469.76,0.02,2301.82,mobile,CUST_1853,VIP
TXN_202407_009256,2024-07-20,REG_07,STORE_019,EMP_007,PROD_001,2,417.37,0.08,767.96,mobile,CUST_5433,New
TXN_202407_009257,2024-07-27,REG_02,STORE_004,EMP_002,PROD_049,4,123.39,0.17,409.65,credit,CUST_9583,VIP
TXN_202407_009258,2024-07-23,REG_04,STORE_011,EMP_004,PROD_048,3,269.21,0.2,646.1,card,CUST_8870,New
TXN_202407_009259,2024-07-04,REG_01,STORE_002,EMP_011,PROD_001,4,459.7,0.07,1710.08,mobile,CUST_2399,VIP
TXN_202407_009260,2024-07-01,REG_04,STORE_011,EMP_024,PROD_034,4,181.31,0.18,594.7,mobile,CUST_3939,VIP
TXN_202407_009261,2024-07-18,REG_01,STORE_003,EMP_001,PROD_050,2,23.27,0.08,42.82,card,CUST_4730,Premium
TXN_202407_009262,2024-07-15,REG_02,STORE_006,EMP_002,PROD_005,2,218.49,0.08,402.02,credit,CUST_8070,Regular
TXN_202407_009263,2024-07-03,REG_08,STORE_022,EMP_008,PROD_022,1,31.49,0.08,28.97,credit,CUST_8991,Regular
TXN_202407_009264,2024-07-02,REG_10,STORE_030,EMP_013,PROD_050,3,315.15,0.27,690.18,mobile,CUST_5971,New
TXN_202407_009265,2024-07-17,REG_07,STORE_019,EMP_007,PROD_001,5,220.41,0.17,914.7,cash,CUST_6183,Regular
TXN_202407_009266,2024-07-30,REG_01,STORE_003,EMP_001,PROD_004,5,136.37,0.02,668.21,card,CUST_9479,VIP
TXN_202407_009267,2024-07-12,REG_06,STORE_018,EMP_006,PROD_010,1,423.52,0.2,338.82,credit,CUST_1534,Regular
TXN_202407_009268,2024-07-31,REG_01,STORE_001,EMP_019,PROD_025,2,335.05,0.27,489.17,mobile,CUST_6876,New
TXN_202407_009269,2024-07-07,REG_07,STORE_021,EMP_007,PROD_012,3,219.36,0.23,506.72,mobile,CUST_3282,Premium
TXN_202407_009270,2024-07-17,REG_06,STORE_016,EMP_006,PROD_033,5,217.46,0.29,771.98,credit,CUST_4034,New
TXN_202407_009271,2024-07-29,REG_03,STORE_008,EMP_003,PROD_018,1,198.97,0.24,151.22,cash,CUST_9799,Premium
TXN_202407_009272,2024-07-10,REG_10,STORE_029,EMP_020,PROD_013,3,124.89,0.21,295.99,credit,CUST_1008,Regular
TXN_202407_009273,2024-07-22,REG_03,STORE_008,EMP_003,PROD_031,3,269.35,0.23,622.2,credit,CUST_1792,Premium
TXN_202407_009274,2024-07-23,REG_01,STORE_001,EMP_018,PROD_011,1,156.27,0.12,137.52,credit,CUST_4993,Premium
TXN_202407_009275,2024-07-29,REG_01,STORE_002,EMP_001,PROD_006,2,435.83,0.25,653.75,cash,CUST_9071,Regular
TXN_202407_009276,2024-07-11,REG_05,STORE_013,EMP_005,PROD_031,1,90.17,0.26,66.73,credit,CUST_3544,Regular
TXN_202407_009277,2024-07-01,REG_08,STORE_023,EMP_023,PROD_041,5,222.6,0.19,901.53,credit,CUST_3987,New
TXN_202407_009278,2024-07-17,REG_09,STORE_025,EMP_022,PROD_050,4,157.4,0.24,478.5,mobile,CUST_9913,VIP
TXN_202407_009279,2024-07-28,REG_01,STORE_001,EMP_001,PROD_036,1,76.22,0.15,64.79,credit,CUST_3245,Premium
TXN_202407_009280,2024-07-16,REG_05,STORE_013,EMP_005,PROD_003,5,266.71,0.16,1120.18,card,CUST_8214,VIP
TXN_202407_009281,2024-07-09,REG_04,STORE_010,EMP_016,PROD_008,5,35.2,0.04,168.96,mobile,CUST_2921,Premium
TXN_202407_009282,2024-07-22,REG_06,STORE_016,EMP_006,PROD_006,1,141.08,0.03,136.85,mobile,CUST_3161,VIP
TXN_202407_009283,2024-07-10,REG_02,STORE_004,EMP_002,PROD_044,3,451.97,0.2,1084.73,credit,CUST_6187,Premium
TXN_202407_009284,2024-07-24,REG_06,STORE_018,EMP_006,PROD_025,5,109.7,0.26,405.89,mobile,CUST_1539,VIP
TXN_202407_009285,2024-07-29,REG_07,STORE_020,EMP_007,PROD_007,3,154.95,0.04,446.26,mobile,CUST_9934,VIP
TXN_202407_009286,2024-07-24,REG_01,STORE_003,EMP_018,PROD_043,2,317.83,0.21,502.17,cash,CUST_6442,VIP
TXN_202407_009287,2024-07-21,REG_07,STORE_020,EMP_007,PROD_014,4,155.58,0.15,528.97,card,CUST_8661,Regular
TXN_202407_009288,2024-07-20,REG_09,STORE_026,EMP_027,PROD_049,1,178.22,0.19,144.36,credit,CUST_5211,New
TXN_202407_009289,2024-07-02,REG_02,STORE_005,EMP_002,PROD_011,1,408.59,0.08,375.9,cash,CUST_3226,New
TXN_202407_009290,2024-07-05,REG_05,STORE_013,EMP_005,PROD_019,4,366.52,0.12,1290.15,mobile,CUST_4896,VIP
TXN_202407_009291,2024-07-04,REG_10,STORE_030,EMP_013,PROD_017,1,379.7,0.21,299.96,credit,CUST_4878,Premium
TXN_202407_009292,2024-07-09,REG_05,STORE_013,EMP_005,PROD_014,1,458.23,0.02,449.07,cash,CUST_6647,New
TXN_202407_009293,2024-07-12,REG_06,STORE_017,EMP_006,PROD_039,1,241.92,0.11,215.31,cash,CUST_7917,New
TXN_202407_009294,2024-07-03,REG_09,STORE_026,EMP_009,PROD_026,4,351.75,0.03,1364.79,card,CUST_3492,New
TXN_202407_009295,2024-07-10,REG_06,STORE_016,EMP_006,PROD_043,1,237.33,0.02,232.58,mobile,CUST_8288,Premium
TXN_202407_009296,2024-07-15,REG_07,STORE_019,EMP_007,PROD_039,3,328.54,0.23,758.93,credit,CUST_9843,VIP
TXN_202407_009297,2024-07-04,REG_04,STORE_011,EMP_029,PROD_046,5,399.55,0.26,1478.34,mobile,CUST_6768,Premium
TXN_202407_009298,2024-07-16,REG_07,STORE_019,EMP_007,PROD_002,3,88.17,0.18,216.9,mobile,CUST_5484,Premium
TXN_202407_009299,2024-07-26,REG_06,STORE_016,EMP_006,PROD_014,1,24.5,0.27,17.88,mobile,CUST_7466,Regular
TXN_202407_009300,2024-07-13,REG_03,STORE_009,EMP_003,PROD_039,1,419.25,0.29,297.67,card,CUST_6511,Regular
TXN_202407_009301,2024-07-14,REG_10,STORE_030,EMP_017,PROD_042,4,463.61,0.26,1372.29,cash,CUST_6549,New
TXN_202407_009302,2024-07-07,REG_03,STORE_007,EMP_014,PROD_025,5,383.96,0.19,1555.04,card,CUST_4048,New
TXN_202407_009303,2024-07-11,REG_04,STORE_010,EMP_024,PROD_015,1,382.54,0.13,332.81,credit,CUST_8767,Premium
TXN_202407_009304,2024-07-19,REG_03,STORE_009,EMP_014,PROD_005,5,249.93,0.23,962.23,credit,CUST_1780,Regular
TXN_202407_009305,2024-07-06,REG_06,STORE_016,EMP_006,PROD_022,4,288.46,0.12,1015.38,credit,CUST_8061,Premium
TXN_202407_009306,2024-07-19,REG_09,STORE_027,EMP_009,PROD_037,5,274.67,0.08,1263.48,mobile,CUST_2140,Premium
TXN_202407_009307,2024-07-17,REG_09,STORE_025,EMP_022,PROD_035,5,157.26,0.17,652.63,cash,CUST_3981,Regular
TXN_202407_009308,2024-07-21,REG_02,STORE_006,EMP_002,PROD_038,3,334.82,0.14,863.84,cash,CUST_9343,Premium
TXN_202407_009309,2024-07-25,REG_02,STORE_004,EMP_002,PROD_034,1,244.44,0.04,234.66,card,CUST_2123,Premium
TXN_202407_009310,2024-07-30,REG_06,STORE_016,EMP_006,PROD_034,3,81.29,0.07,226.8,credit,CUST_2353,Regular
TXN_202407_009311,2024-07-14,REG_02,STORE_005,EMP_002,PROD_028,4,466.48,0.22,1455.42,cash,CUST_2061,Regular
TXN_202407_009312,2024-07-11,REG_03,STORE_009,EMP_014,PROD_009,4,221.4,0.26,655.34,cash,CUST_8861,VIP
TXN_202407_009313,2024-07-03,REG_08,STORE_024,EMP_023,PROD_040,3,216.79,0.15,552.81,card,CUST_1062,New
TXN_202407_009314,2024-07-04,REG_08,STORE_024,EMP_012,PROD_005,4,194.6,0.05,739.48,card,CUST_1872,VIP
TXN_202407_009315,2024-07-29,REG_07,STORE_021,EMP_007,PROD_046,5,310.25,0.05,1473.69,mobile,CUST_8510,VIP
TXN_202407_009316,2024-07-11,REG_03,STORE_008,EMP_014,PROD_019,5,216.15,0.23,832.18,cash,CUST_4194,Premium
TXN_202407_009317,2024-07-14,REG_01,STORE_003,EMP_001,PROD_033,3,353.11,0.02,1038.14,card,CUST_1605,New
TXN_202407_009318,2024-07-15,REG_09,STORE_025,EMP_022,PROD_044,3,54.84,0.07,153.0,card,CUST_6364,New
TXN_202407_009319,2024-07-07,REG_04,STORE_012,EMP_029,PROD_007,4,276.62,0.13,962.64,card,CUST_8868,VIP
TXN_202407_009320,2024-07-09,REG_04,STORE_012,EMP_026,PROD_018,1,32.09,0.08,29.52,mobile,CUST_8576,Regular
TXN_202407_009321,2024-07-18,REG_07,STORE_020,EMP_007,PROD_002,3,252.06,0.12,665.44,card,CUST_4219,VIP
TXN_202407_009322,2024-07-18,REG_06,STORE_016,EMP_006,PROD_022,1,136.43,0.2,109.14,mobile,CUST_3518,Regular
TXN_202407_009323,2024-07-19,REG_04,STORE_012,EMP_026,PROD_016,1,223.07,0.11,198.53,cash,CUST_8521,New
TXN_202407_009324,2024-07-01,REG_09,STORE_027,EMP_009,PROD_037,3,378.39,0.22,885.43,cash,CUST_4834,Premium
TXN_202407_009325,2024-07-10,REG_10,STORE_029,EMP_028,PROD_039,5,234.58,0.2,938.32,card,CUST_4136,New
TXN_202407_009326,2024-07-29,REG_03,STORE_008,EMP_003,PROD_022,2,433.36,0.22,676.04,mobile,CUST_3929,New
TXN_202407_009327,2024-07-08,REG_09,STORE_027,EMP_022,PROD_043,2,433.98,0.27,633.61,mobile,CUST_5109,Regular
TXN_202407_009328,2024-07-15,REG_10,STORE_030,EMP_028,PROD_003,2,492.91,0.24,749.22,mobile,CUST_4599,Regular
TXN_202407_009329,2024-07-26,REG_08,STORE_024,EMP_015,PROD_002,1,425.14,0.15,361.37,mobile,CUST_4910,VIP
TXN_202407_009330,2024-07-08,REG_03,STORE_008,EMP_003,PROD_032,1,284.77,0.2,227.82,mobile,CUST_9895,VIP
TXN_202407_009331,2024-07-09,REG_08,STORE_023,EMP_015,PROD_045,1,41.46,0.06,38.97,credit,CUST_1010,Regular
TXN_202407_009332,2024-07-27,REG_08,STORE_024,EMP_008,PROD_009,5,115.67,0.28,416.41,credit,CUST_3731,VIP
TXN_202407_009333,2024-07-22,REG_01,STORE_002,EMP_019,PROD_010,4,25.18,0.11,89.64,mobile,CUST_8696,Regular
TXN_202407_009334,2024-07-08,REG_08,STORE_024,EMP_023,PROD_036,1,344.11,0.16,289.05,mobile,CUST_2441,VIP
TXN_202407_009335,2024-07-14,REG_05,STORE_014,EMP_005,PROD_034,2,262.15,0.18,429.93,cash,CUST_1983,New
TXN_202407_009336,2024-07-20,REG_07,STORE_019,EMP_007,PROD_010,3,70.73,0.26,157.02,card,CUST_4344,New
TXN_202407_009337,2024-07-03,REG_08,STORE_023,EMP_012,PROD_009,5,325.49,0.14,1399.61,credit,CUST_2353,Regular
TXN_202407_009338,2024-07-01,REG_04,STORE_011,EMP_029,PROD_035,3,149.91,0.05,427.24,cash,CUST_9203,Premium
TXN_202407_009339,2024-07-21,REG_06,STORE_016,EMP_006,PROD_036,5,82.42,0.14,354.41,card,CUST_9602,Premium
TXN_202407_009340,2024-07-07,REG_09,STORE_025,EMP_022,PROD_003,3,374.68,0.05,1067.84,card,CUST_7203,Regular
TXN_202407_009341,2024-07-14,REG_08,STORE_022,EMP_012,PROD_044,5,460.85,0.01,2281.21,cash,CUST_8392,VIP
TXN_202407_009342,2024-07-19,REG_10,STORE_029,EMP_013,PROD_039,2,451.33,0.1,812.39,card,CUST_5354,New
TXN_202407_009343,2024-07-25,REG_06,STORE_017,EMP_006,PROD_036,1,280.03,0.1,252.03,credit,CUST_3458,New
TXN_202407_009344,2024-07-11,REG_02,STORE_004,EMP_002,PROD_009,2,420.8,0.15,715.36,credit,CUST_3207,Premium
TXN_202407_009345,2024-07-18,REG_09,STORE_025,EMP_022,PROD_001,5,100.16,0.04,480.77,mobile,CUST_5998,Regular
TXN_202407_009346,2024-07-30,REG_06,STORE_017,EMP_006,PROD_046,3,498.07,0.02,1464.33,cash,CUST_4014,New
TXN_202407_009347,2024-07-26,REG_03,STORE_008,EMP_003,PROD_034,3,127.88,0.22,299.24,mobile,CUST_7940,Premium
TXN_202407_009348,2024-07-04,REG_10,STORE_030,EMP_020,PROD_007,1,499.36,0.23,384.51,cash,CUST_7380,VIP
TXN_202407_009349,2024-07-21,REG_05,STORE_015,EMP_005,PROD_032,4,458.6,0.29,1302.42,cash,CUST_4465,VIP
TXN_202407_009350,2024-07-19,REG_03,STORE_009,EMP_003,PROD_043,3,320.15,0.12,845.2,cash,CUST_4611,New
TXN_202407_009351,2024-07-06,REG_09,STORE_025,EMP_027,PROD_034,1,163.43,0.23,125.84,credit,CUST_2782,VIP
TXN_202407_009352,2024-07-21,REG_08,STORE_022,EMP_023,PROD_001,3,402.87,0.21,954.8,card,CUST_1439,New
TXN_202407_009353,2024-07-19,REG_01,STORE_002,EMP_019,PROD_005,5,235.65,0.04,1131.12,credit,CUST_9772,Regular
TXN_202407_009354,2024-07-31,REG_05,STORE_015,EMP_005,PROD_047,1,237.41,0.01,235.04,card,CUST_9848,VIP
TXN_202407_009355,2024-07-26,REG_10,STORE_028,EMP_020,PROD_044,5,320.05,0.07,1488.23,mobile,CUST_1710,Regular
TXN_202407_009356,2024-07-24,REG_05,STORE_014,EMP_021,PROD_010,4,110.95,0.01,439.36,credit,CUST_8582,Regular
TXN_202407_009357,2024-07-28,REG_08,STORE_024,EMP_008,PROD_012,4,104.92,0.25,314.76,mobile,CUST_9218,Regular
TXN_202407_009358,2024-07-10,REG_10,STORE_029,EMP_028,PROD_022,3,85.23,0.27,186.65,mobile,CUST_9085,VIP
TXN_202407_009359,2024-07-24,REG_05,STORE_013,EMP_005,PROD_011,1,193.22,0.03,187.42,card,CUST_2997,Premium
TXN_202407_009360,2024-07-22,REG_06,STORE_017,EMP_006,PROD_050,2,310.54,0.21,490.65,mobile,CUST_9207,VIP
TXN_202407_009361,2024-07-01,REG_09,STORE_026,EMP_027,PROD_023,5,438.62,0.06,2061.51,card,CUST_9292,VIP
TXN_202407_009362,2024-07-10,REG_10,STORE_028,EMP_020,PROD_037,1,149.3,0.27,108.99,cash,CUST_5037,New
TXN_202407_009363,2024-07-30,REG_05,STORE_013,EMP_005,PROD_020,3,388.15,0.12,1024.72,mobile,CUST_1864,VIP
TXN_202407_009364,2024-07-20,REG_03,STORE_007,EMP_014,PROD_017,1,340.4,0.23,262.11,mobile,CUST_1827,VIP
TXN_202407_009365,2024-07-08,REG_05,STORE_015,EMP_005,PROD_008,4,315.43,0.2,1009.38,mobile,CUST_3121,New
TXN_202407_009366,2024-07-11,REG_09,STORE_027,EMP_009,PROD_042,5,451.49,0.01,2234.88,mobile,CUST_6404,Premium
TXN_202407_009367,2024-07-28,REG_07,STORE_021,EMP_007,PROD_022,4,484.11,0.21,1529.79,credit,CUST_9164,Premium
TXN_202407_009368,2024-07-21,REG_04,STORE_011,EMP_016,PROD_008,3,487.79,0.2,1170.7,cash,CUST_6520,VIP
TXN_202407_009369,2024-07-14,REG_01,STORE_003,EMP_001,PROD_015,4,13.3,0.11,47.35,credit,CUST_6279,Regular
TXN_202407_009370,2024-07-11,REG_04,STORE_011,EMP_029,PROD_019,5,242.14,0.14,1041.2,credit,CUST_3267,New
TXN_202407_009371,2024-07-09,REG_07,STORE_021,EMP_007,PROD_035,5,176.25,0.17,731.44,mobile,CUST_5844,New
TXN_202407_009372,2024-07-14,REG_02,STORE_006,EMP_002,PROD_023,2,291.07,0.1,523.93,credit,CUST_6348,VIP
TXN_202407_009373,2024-07-04,REG_10,STORE_030,EMP_010,PROD_016,1,489.04,0.21,386.34,cash,CUST_4014,New
TXN_202407_009374,2024-07-07,REG_07,STORE_020,EMP_007,PROD_030,4,181.91,0.09,662.15,mobile,CUST_6178,Premium
TXN_202407_009375,2024-07-30,REG_08,STORE_024,EMP_008,PROD_035,2,446.13,0.03,865.49,card,CUST_7970,New
TXN_202407_009376,2024-07-05,REG_06,STORE_018,EMP_006,PROD_031,5,461.51,0.01,2284.47,credit,CUST_5022,Regular
TXN_202407_009377,2024-07-17,REG_03,STORE_008,EMP_003,PROD_017,3,235.21,0.06,663.29,mobile,CUST_2638,Regular
TXN_202407_009378,2024-07-23,REG_07,STORE_020,EMP_007,PROD_048,2,463.84,0.22,723.59,cash,CUST_5026,New
TXN_202407_009379,2024-07-04,REG_07,STORE_019,EMP_007,PROD_020,2,432.39,0.15,735.06,credit,CUST_9119,VIP
TXN_202407_009380,2024-07-30,REG_06,STORE_017,EMP_006,PROD_017,5,425.38,0.06,1999.29,credit,CUST_6577,Premium
TXN_202407_009381,2024-07-08,REG_09,STORE_025,EMP_022,PROD_046,4,225.89,0.04,867.42,cash,CUST_3555,VIP
TXN_202407_009382,2024-07-24,REG_07,STORE_019,EMP_007,PROD_007,1,10.35,0.2,8.28,cash,CUST_3644,New
TXN_202407_009383,2024-07-06,REG_10,STORE_029,EMP_017,PROD_014,4,392.41,0.15,1334.19,card,CUST_1411,VIP
TXN_202407_009384,2024-07-23,REG_03,STORE_007,EMP_003,PROD_002,4,218.1,0.17,724.09,credit,CUST_1647,New
TXN_202407_009385,2024-07-08,REG_01,STORE_001,EMP_018,PROD_008,3,228.46,0.23,527.74,cash,CUST_8668,New
TXN_202407_009386,2024-07-29,REG_03,STORE_008,EMP_003,PROD_042,5,270.47,0.09,1230.64,cash,CUST_3633,Premium
TXN_202407_009387,2024-07-07,REG_03,STORE_009,EMP_014,PROD_037,3,468.81,0.3,984.5,card,CUST_9619,VIP
TXN_202407_009388,2024-07-22,REG_09,STORE_026,EMP_009,PROD_037,4,497.27,0.3,1392.36,mobile,CUST_7307,Premium
TXN_202407_009389,2024-07-21,REG_03,STORE_009,EMP_003,PROD_012,4,106.39,0.01,421.3,credit,CUST_4602,New
TXN_202407_009390,2024-07-16,REG_01,STORE_003,EMP_018,PROD_021,1,75.85,0.13,65.99,cash,CUST_7798,VIP
TXN_202407_009391,2024-07-01,REG_02,STORE_004,EMP_002,PROD_021,4,206.77,0.2,661.66,credit,CUST_6633,New
TXN_202407_009392,2024-07-28,REG_04,STORE_011,EMP_026,PROD_005,1,114.2,0.06,107.35,cash,CUST_5466,Premium
TXN_202407_009393,2024-07-30,REG_07,STORE_021,EMP_007,PROD_049,3,244.06,0.2,585.74,card,CUST_8242,Premium
TXN_202407_009394,2024-07-17,REG_08,STORE_022,EMP_012,PROD_028,2,445.03,0.12,783.25,mobile,CUST_5783,Regular
TXN_202407_009395,2024-07-18,REG_09,STORE_027,EMP_025,PROD_028,1,275.83,0.08,253.76,cash,CUST_3241,New
TXN_202407_009396,2024-07-22,REG_09,STORE_025,EMP_025,PROD_007,1,360.83,0.21,285.06,mobile,CUST_7322,Regular
TXN_202407_009397,2024-07-06,REG_09,STORE_025,EMP_009,PROD_015,1,351.28,0.14,302.1,mobile,CUST_8151,New
TXN_202407_009398,2024-07-19,REG_03,STORE_008,EMP_003,PROD_028,4,279.51,0.08,1028.6,card,CUST_3335,Premium
TXN_202407_009399,2024-07-11,REG_06,STORE_018,EMP_006,PROD_010,3,493.76,0.22,1155.4,card,CUST_2513,New
TXN_202407_009400,2024-07-19,REG_08,STORE_024,EMP_023,PROD_037,3,387.76,0.29,825.93,credit,CUST_2105,Premium
TXN_202407_009401,2024-07-11,REG_09,STORE_027,EMP_027,PROD_021,3,483.36,0.02,1421.08,mobile,CUST_4421,Premium
TXN_202407_009402,2024-07-28,REG_06,STORE_017,EMP_006,PROD_015,2,31.11,0.29,44.18,mobile,CUST_7291,Regular
TXN_202407_009403,2024-07-04,REG_10,STORE_030,EMP_010,PROD_011,1,342.32,0.01,338.9,credit,CUST_7960,New
TXN_202407_009404,2024-07-19,REG_07,STORE_019,EMP_007,PROD_036,1,388.71,0.29,275.98,cash,CUST_6018,Regular
TXN_202407_009405,2024-07-08,REG_10,STORE_028,EMP_028,PROD_047,1,393.12,0.06,369.53,cash,CUST_6834,VIP
TXN_202407_009406,2024-07-22,REG_06,STORE_017,EMP_006,PROD_014,2,346.7,0.22,540.85,cash,CUST_7721,Premium
TXN_202407_009407,2024-07-29,REG_09,STORE_027,EMP_009,PROD_050,2,140.6,0.21,222.15,mobile,CUST_5838,Premium
TXN_202407_009408,2024-07-24,REG_10,STORE_030,EMP_020,PROD_039,1,498.26,0.0,498.26,credit,CUST_3992,New
TXN_202407_009409,2024-07-27,REG_10,STORE_028,EMP_028,PROD_019,3,377.95,0.07,1054.48,card,CUST_2861,Premium
TXN_202407_009410,2024-07-11,REG_01,STORE_003,EMP_001,PROD_014,4,365.05,0.25,1095.15,cash,CUST_9249,New
TXN_202407_009411,2024-07-09,REG_07,STORE_021,EMP_007,PROD_031,2,391.41,0.25,587.12,credit,CUST_3416,New
TXN_202407_009412,2024-07-11,REG_01,STORE_003,EMP_019,PROD_041,5,339.36,0.13,1476.22,cash,CUST_8390,VIP
TXN_202407_009413,2024-07-08,REG_06,STORE_018,EMP_006,PROD_048,3,379.73,0.26,843.0,card,CUST_2486,New
TXN_202407_009414,2024-07-25,REG_01,STORE_003,EMP_019,PROD_039,2,155.27,0.17,257.75,mobile,CUST_4175,New
TXN_202407_009415,2024-07-27,REG_07,STORE_019,EMP_007,PROD_027,2,264.5,0.26,391.46,credit,CUST_1231,VIP
TXN_202407_009416,2024-07-02,REG_05,STORE_014,EMP_021,PROD_040,1,50.85,0.27,37.12,credit,CUST_1895,New
TXN_202407_009417,2024-07-05,REG_04,STORE_012,EMP_004,PROD_023,1,32.7,0.12,28.78,card,CUST_7090,Premium
TXN_202407_009418,2024-07-13,REG_04,STORE_012,EMP_029,PROD_042,4,387.05,0.15,1315.97,cash,CUST_9925,New
TXN_202407_009419,2024-07-28,REG_05,STORE_013,EMP_005,PROD_012,1,268.17,0.24,203.81,mobile,CUST_4977,Premium
TXN_202407_009420,2024-07-21,REG_01,STORE_001,EMP_001,PROD_050,5,312.06,0.15,1326.25,mobile,CUST_6857,VIP
TXN_202407_009421,2024-07-28,REG_01,STORE_002,EMP_018,PROD_029,3,32.92,0.14,84.93,card,CUST_8529,Premium
TXN_202407_009422,2024-07-20,REG_03,STORE_007,EMP_014,PROD_038,5,170.83,0.16,717.49,mobile,CUST_7209,Premium
TXN_202407_009423,2024-07-27,REG_10,STORE_030,EMP_017,PROD_013,3,292.43,0.27,640.42,mobile,CUST_8911,VIP
TXN_202407_009424,2024-07-04,REG_05,STORE_014,EMP_005,PROD_046,5,260.2,0.25,975.75,credit,CUST_2124,VIP
TXN_202407_009425,2024-07-17,REG_08,STORE_023,EMP_008,PROD_028,3,162.04,0.29,345.15,card,CUST_7539,New
TXN_202407_009426,2024-07-15,REG_09,STORE_025,EMP_022,PROD_035,5,173.79,0.3,608.26,mobile,CUST_2508,New
TXN_202407_009427,2024-07-07,REG_10,STORE_029,EMP_020,PROD_036,5,13.93,0.15,59.2,credit,CUST_9524,Premium
TXN_202407_009428,2024-07-25,REG_09,STORE_027,EMP_022,PROD_036,5,169.51,0.16,711.94,card,CUST_9486,New
TXN_202407_009429,2024-07-17,REG_03,STORE_007,EMP_014,PROD_018,3,280.02,0.13,730.85,cash,CUST_2927,Premium
TXN_202407_009430,2024-07-25,REG_06,STORE_016,EMP_006,PROD_036,3,106.77,0.23,246.64,card,CUST_2335,Regular
TXN_202407_009431,2024-07-03,REG_09,STORE_026,EMP_025,PROD_021,2,186.44,0.07,346.78,mobile,CUST_1732,Regular
TXN_202407_009432,2024-07-06,REG_07,STORE_019,EMP_007,PROD_020,1,259.53,0.29,184.27,card,CUST_4639,New
TXN_202407_009433,2024-07-14,REG_06,STORE_018,EMP_006,PROD_047,4,193.17,0.02,757.23,cash,CUST_9421,VIP
TXN_202407_009434,2024-07-09,REG_05,STORE_013,EMP_021,PROD_023,1,479.87,0.07,446.28,card,CUST_8220,New
TXN_202407_009435,2024-07-30,REG_05,STORE_013,EMP_021,PROD_009,3,100.52,0.01,298.54,card,CUST_8161,Premium
TXN_202407_009436,2024-07-24,REG_04,STORE_011,EMP_004,PROD_009,2,412.72,0.09,751.15,cash,CUST_7234,VIP
TXN_202407_009437,2024-07-09,REG_01,STORE_001,EMP_019,PROD_025,5,398.02,0.3,1393.07,cash,CUST_6847,Regular
TXN_202407_009438,2024-07-06,REG_06,STORE_016,EMP_006,PROD_024,3,249.19,0.25,560.68,mobile,CUST_8026,Regular
TXN_202407_009439,2024-07-13,REG_01,STORE_003,EMP_011,PROD_037,3,223.63,0.21,530.0,mobile,CUST_3682,Regular
TXN_202407_009440,2024-07-24,REG_09,STORE_025,EMP_027,PROD_036,2,373.37,0.28,537.65,card,CUST_9677,Regular
TXN_202407_009441,2024-07-10,REG_04,STORE_012,EMP_030,PROD_012,3,202.25,0.18,497.54,credit,CUST_9268,Regular
TXN_202407_009442,2024-07-01,REG_05,STORE_013,EMP_005,PROD_006,1,173.55,0.27,126.69,credit,CUST_7542,VIP
TXN_202407_009443,2024-07-10,REG_05,STORE_013,EMP_005,PROD_050,5,43.38,0.17,180.03,credit,CUST_5459,Premium
TXN_202407_009444,2024-07-26,REG_01,STORE_002,EMP_011,PROD_016,1,36.77,0.29,26.11,mobile,CUST_1045,Premium
TXN_202407_009445,2024-07-11,REG_02,STORE_006,EMP_002,PROD_014,2,291.3,0.28,419.47,mobile,CUST_5925,New
TXN_202407_009446,2024-07-23,REG_04,STORE_011,EMP_030,PROD_044,1,495.73,0.04,475.9,cash,CUST_3210,New
TXN_202407_009447,2024-07-24,REG_10,STORE_030,EMP_017,PROD_049,4,392.37,0.12,1381.14,card,CUST_6679,New
TXN_202407_009448,2024-07-25,REG_06,STORE_017,EMP_006,PROD_004,1,270.71,0.02,265.3,credit,CUST_9200,VIP
TXN_202407_009449,2024-07-24,REG_04,STORE_011,EMP_016,PROD_006,4,478.35,0.07,1779.46,card,CUST_8987,Premium
TXN_202407_009450,2024-07-14,REG_01,STORE_001,EMP_001,PROD_012,5,359.09,0.11,1597.95,credit,CUST_1783,New
TXN_202407_009451,2024-07-23,REG_04,STORE_012,EMP_016,PROD_014,5,269.67,0.06,1267.45,card,CUST_5513,Regular
TXN_202407_009452,2024-07-17,REG_03,STORE_009,EMP_014,PROD_023,1,10.46,0.22,8.16,card,CUST_7657,Regular
TXN_202407_009453,2024-07-11,REG_08,STORE_022,EMP_023,PROD_002,2,368.65,0.14,634.08,credit,CUST_4687,Premium
TXN_202407_009454,2024-07-29,REG_05,STORE_013,EMP_021,PROD_050,1,401.32,0.21,317.04,cash,CUST_2467,Premium
TXN_202407_009455,2024-07-05,REG_10,STORE_030,EMP_013,PROD_001,4,325.31,0.19,1054.0,credit,CUST_6099,Premium
TXN_202407_009456,2024-07-17,REG_03,STORE_009,EMP_014,PROD_035,4,195.12,0.13,679.02,mobile,CUST_9958,Premium
TXN_202407_009457,2024-07-11,REG_10,STORE_029,EMP_020,PROD_027,4,282.93,0.08,1041.18,credit,CUST_2992,New
TXN_202407_009458,2024-07-06,REG_05,STORE_015,EMP_005,PROD_047,4,280.81,0.17,932.29,card,CUST_7037,Regular
TXN_202407_009459,2024-07-02,REG_01,STORE_003,EMP_011,PROD_048,3,121.74,0.02,357.92,cash,CUST_2768,VIP
TXN_202407_009460,2024-07-03,REG_09,STORE_027,EMP_027,PROD_043,3,345.04,0.27,755.64,credit,CUST_6049,Regular
TXN_202407_009461,2024-07-07,REG_01,STORE_003,EMP_018,PROD_019,2,394.76,0.14,678.99,mobile,CUST_6057,Regular
TXN_202407_009462,2024-07-03,REG_01,STORE_002,EMP_001,PROD_037,1,226.6,0.13,197.14,card,CUST_9172,Premium
TXN_202407_009463,2024-07-19,REG_05,STORE_015,EMP_021,PROD_039,4,275.66,0.24,838.01,mobile,CUST_4337,Premium
TXN_202407_009464,2024-07-09,REG_10,STORE_028,EMP_017,PROD_040,2,187.61,0.15,318.94,cash,CUST_6012,Regular
TXN_202407_009465,2024-07-15,REG_08,STORE_022,EMP_023,PROD_023,2,36.97,0.02,72.46,card,CUST_3000,New
TXN_202407_009466,2024-07-30,REG_04,STORE_012,EMP_030,PROD_024,3,281.96,0.16,710.54,card,CUST_4713,VIP
TXN_202407_009467,2024-07-04,REG_02,STORE_006,EMP_002,PROD_003,2,317.34,0.07,590.25,cash,CUST_6095,New
TXN_202407_009468,2024-07-30,REG_07,STORE_019,EMP_007,PROD_030,2,44.17,0.28,63.6,card,CUST_7555,New
TXN_202407_009469,2024-07-13,REG_10,STORE_029,EMP_020,PROD_049,3,14.7,0.17,36.6,credit,CUST_4964,New
TXN_202407_009470,2024-07-15,REG_10,STORE_028,EMP_010,PROD_028,2,434.25,0.2,694.8,mobile,CUST_7823,Regular
TXN_202407_009471,2024-07-08,REG_04,STORE_011,EMP_024,PROD_028,1,18.72,0.29,13.29,credit,CUST_1578,Premium
TXN_202407_009472,2024-07-25,REG_01,STORE_002,EMP_019,PROD_008,3,337.49,0.14,870.72,cash,CUST_5280,VIP
TXN_202407_009473,2024-07-13,REG_05,STORE_013,EMP_021,PROD_033,4,252.69,0.15,859.15,mobile,CUST_4797,New
TXN_202407_009474,2024-07-13,REG_08,STORE_024,EMP_008,PROD_047,2,414.77,0.25,622.15,card,CUST_5974,New
TXN_202407_009475,2024-07-09,REG_08,STORE_024,EMP_008,PROD_007,5,380.54,0.27,1388.97,cash,CUST_3976,Regular
TXN_202407_009476,2024-07-23,REG_09,STORE_027,EMP_009,PROD_026,1,118.76,0.13,103.32,credit,CUST_6637,New
TXN_202407_009477,2024-07-06,REG_06,STORE_017,EMP_006,PROD_008,4,142.03,0.11,505.63,credit,CUST_5537,Regular
TXN_202407_009478,2024-07-25,REG_08,STORE_022,EMP_012,PROD_015,2,192.0,0.3,268.8,cash,CUST_7331,VIP
TXN_202407_009479,2024-07-22,REG_03,STORE_008,EMP_014,PROD_042,5,74.04,0.11,329.48,cash,CUST_9766,VIP
TXN_202407_009480,2024-07-02,REG_07,STORE_020,EMP_007,PROD_045,4,497.62,0.12,1751.62,mobile,CUST_3402,VIP
