transaction_id,date,region,store_id,employee_id,product_id,units,unit_price,discount,revenue,payment,customer_id,customer_segment
TXN_202401_005981,2024-01-14,REG_03,STORE_008,EMP_003,PROD_033,2,53.88,0.29,76.51,credit,CUST_1767,Regular
TXN_202401_005982,2024-01-02,REG_01,STORE_002,EMP_019,PROD_004,3,378.24,0.17,941.82,credit,CUST_7903,Premium
TXN_202401_005983,2024-01-24,REG_09,STORE_025,EMP_009,PROD_028,4,343.91,0.14,1183.05,card,CUST_9443,New
TXN_202401_005984,2024-01-17,REG_02,STORE_004,EMP_002,PROD_003,2,27.71,0.24,42.12,card,CUST_6538,New
TXN_202401_005985,2024-01-03,REG_10,STORE_029,EMP_017,PROD_039,5,184.92,0.3,647.22,cash,CUST_4694,Premium
TXN_202401_005986,2024-01-31,REG_09,STORE_027,EMP_027,PROD_024,4,189.84,0.15,645.46,card,CUST_5187,Regular
TXN_202401_005987,2024-01-08,REG_07,STORE_020,EMP_007,PROD_030,3,407.73,0.29,868.46,cash,CUST_5713,Premium
TXN_202401_005988,2024-01-15,REG_03,STORE_007,EMP_003,PROD_024,4,222.07,0.22,692.86,cash,CUST_2685,Regular
TXN_202401_005989,2024-01-16,REG_04,STORE_012,EMP_026,PROD_021,3,384.44,0.23,888.06,credit,CUST_7004,Premium
TXN_202401_005990,2024-01-17,REG_03,STORE_007,EMP_003,PROD_034,2,470.56,0.05,894.06,cash,CUST_7599,New
TXN_202401_005991,2024-01-26,REG_01,STORE_001,EMP_011,PROD_024,3,101.45,0.15,258.7,card,CUST_5501,Premium
TXN_202401_005992,2024-01-11,REG_03,STORE_008,EMP_003,PROD_038,5,38.11,0.12,167.68,card,CUST_4014,Regular
TXN_202401_005993,2024-01-04,REG_02,STORE_005,EMP_002,PROD_045,2,258.63,0.14,444.84,mobile,CUST_6011,VIP
TXN_202401_005994,2024-01-10,REG_04,STORE_010,EMP_024,PROD_010,2,284.62,0.25,426.93,card,CUST_7031,Regular
TXN_202401_005995,2024-01-30,REG_07,STORE_019,EMP_007,PROD_034,1,165.19,0.08,151.97,credit,CUST_5007,Regular
TXN_202401_005996,2024-01-06,REG_09,STORE_026,EMP_025,PROD_007,3,332.5,0.25,748.12,mobile,CUST_7778,VIP
TXN_202401_005997,2024-01-01,REG_08,STORE_024,EMP_012,PROD_001,1,220.11,0.2,176.09,card,CUST_3651,Regular
TXN_202401_005998,2024-01-04,REG_07,STORE_020,EMP_007,PROD_017,3,350.28,0.15,893.21,mobile,CUST_4171,VIP
TXN_202401_005999,2024-01-27,REG_01,STORE_002,EMP_001,PROD_017,5,441.01,0.07,2050.7,cash,CUST_4110,Regular
TXN_202401_006000,2024-01-26,REG_09,STORE_025,EMP_025,PROD_027,3,177.86,0.12,469.55,credit,CUST_6541,New
TXN_202401_006001,2024-01-13,REG_09,STORE_027,EMP_027,PROD_004,3,144.75,0.08,399.51,card,CUST_8684,Premium
TXN_202401_006002,2024-01-30,REG_04,STORE_011,EMP_024,PROD_014,5,349.83,0.26,1294.37,cash,CUST_5642,Regular
TXN_202401_006003,2024-01-23,REG_06,STORE_017,EMP_006,PROD_008,2,190.83,0.06,358.76,card,CUST_6187,Premium
TXN_202401_006004,2024-01-09,REG_03,STORE_007,EMP_003,PROD_050,4,366.69,0.06,1378.75,card,CUST_6534,Premium
TXN_202401_006005,2024-01-24,REG_03,STORE_009,EMP_003,PROD_036,5,375.22,0.16,1575.92,credit,CUST_8442,Regular
TXN_202401_006006,2024-01-05,REG_01,STORE_002,EMP_001,PROD_048,1,419.15,0.28,301.79,cash,CUST_2684,VIP
TXN_202401_006007,2024-01-01,REG_09,STORE_025,EMP_009,PROD_040,1,395.74,0.12,348.25,card,CUST_9051,VIP
TXN_202401_006008,2024-01-10,REG_01,STORE_003,EMP_019,PROD_002,2,378.19,0.09,688.31,card,CUST_2033,New
TXN_202401_006009,2024-01-28,REG_02,STORE_004,EMP_002,PROD_050,5,365.93,0.3,1280.75,credit,CUST_7207,Regular
TXN_202401_006010,2024-01-12,REG_10,STORE_030,EMP_013,PROD_017,1,158.97,0.29,112.87,cash,CUST_6639,VIP
TXN_202401_006011,2024-01-31,REG_01,STORE_001,EMP_019,PROD_031,3,438.47,0.15,1118.1,mobile,CUST_9900,Regular
TXN_202401_006012,2024-01-08,REG_10,STORE_029,EMP_017,PROD_033,1,17.96,0.22,14.01,mobile,CUST_8933,New
TXN_202401_006013,2024-01-23,REG_09,STORE_026,EMP_009,PROD_008,2,223.65,0.29,317.58,credit,CUST_7615,Premium
TXN_202401_006014,2024-01-02,REG_01,STORE_002,EMP_018,PROD_021,1,53.2,0.07,49.48,cash,CUST_2831,Regular
TXN_202401_006015,2024-01-06,REG_06,STORE_018,EMP_006,PROD_042,5,313.67,0.2,1254.68,card,CUST_4914,VIP
TXN_202401_006016,2024-01-11,REG_08,STORE_024,EMP_023,PROD_003,5,418.25,0.25,1568.44,card,CUST_9432,VIP
TXN_202401_006017,2024-01-13,REG_01,STORE_001,EMP_001,PROD_049,4,280.32,0.02,1098.85,credit,CUST_3513,New
TXN_202401_006018,2024-01-23,REG_09,STORE_026,EMP_009,PROD_037,3,66.43,0.1,179.36,credit,CUST_5321,Premium
TXN_202401_006019,2024-01-14,REG_08,STORE_023,EMP_023,PROD_040,5,468.68,0.09,2132.49,card,CUST_3636,Regular
TXN_202401_006020,2024-01-03,REG_10,STORE_030,EMP_028,PROD_003,4,64.01,0.1,230.44,card,CUST_2095,New
TXN_202401_006021,2024-01-25,REG_08,STORE_024,EMP_015,PROD_007,5,144.22,0.01,713.89,mobile,CUST_1432,Premium
TXN_202401_006022,2024-01-16,REG_02,STORE_005,EMP_002,PROD_046,1,366.66,0.3,256.66,mobile,CUST_8589,VIP
TXN_202401_006023,2024-01-07,REG_10,STORE_030,EMP_017,PROD_035,2,113.36,0.12,199.51,card,CUST_6662,New
TXN_202401_006024,2024-01-01,REG_08,STORE_022,EMP_023,PROD_013,5,54.54,0.12,239.98,mobile,CUST_5061,New
TXN_202401_006025,2024-01-23,REG_04,STORE_011,EMP_030,PROD_013,2,377.26,0.09,686.61,cash,CUST_3635,Premium
TXN_202401_006026,2024-01-11,REG_03,STORE_009,EMP_003,PROD_040,3,74.74,0.16,188.34,cash,CUST_9218,Premium
TXN_202401_006027,2024-01-08,REG_01,STORE_003,EMP_001,PROD_014,3,181.69,0.21,430.61,card,CUST_9955,Regular
TXN_202401_006028,2024-01-05,REG_09,STORE_026,EMP_027,PROD_001,3,486.4,0.3,1021.44,credit,CUST_8640,VIP
TXN_202401_006029,2024-01-24,REG_08,STORE_023,EMP_023,PROD_012,4,478.27,0.21,1511.33,mobile,CUST_1383,Regular
TXN_202401_006030,2024-01-27,REG_07,STORE_020,EMP_007,PROD_046,3,148.93,0.17,370.84,mobile,CUST_4835,Regular
TXN_202401_006031,2024-01-01,REG_10,STORE_029,EMP_010,PROD_029,1,455.59,0.03,441.92,card,CUST_9745,VIP
TXN_202401_006032,2024-01-12,REG_01,STORE_003,EMP_001,PROD_021,4,97.3,0.25,291.9,cash,CUST_1536,New
TXN_202401_006033,2024-01-06,REG_03,STORE_007,EMP_003,PROD_018,3,215.99,0.09,589.65,cash,CUST_4634,VIP
TXN_202401_006034,2024-01-25,REG_09,STORE_027,EMP_025,PROD_027,3,179.83,0.19,436.99,card,CUST_9529,VIP
TXN_202401_006035,2024-01-24,REG_10,STORE_029,EMP_010,PROD_049,1,154.34,0.1,138.91,cash,CUST_3644,New
TXN_202401_006036,2024-01-18,REG_10,STORE_029,EMP_028,PROD_045,1,383.48,0.07,356.64,mobile,CUST_4036,VIP
TXN_202401_006037,2024-01-20,REG_05,STORE_015,EMP_021,PROD_033,1,264.55,0.25,198.41,mobile,CUST_6008,Premium
TXN_202401_006038,2024-01-31,REG_08,STORE_023,EMP_012,PROD_005,5,433.53,0.08,1994.24,mobile,CUST_4555,Regular
TXN_202401_006039,2024-01-29,REG_02,STORE_004,EMP_002,PROD_003,5,85.75,0.1,385.88,mobile,CUST_9940,VIP
TXN_202401_006040,2024-01-03,REG_05,STORE_013,EMP_005,PROD_043,5,420.22,0.16,1764.92,cash,CUST_2988,Premium
TXN_202401_006041,2024-01-03,REG_01,STORE_003,EMP_011,PROD_046,3,158.87,0.13,414.65,credit,CUST_1101,VIP
TXN_202401_006042,2024-01-27,REG_03,STORE_008,EMP_014,PROD_019,2,356.32,0.13,620.0,credit,CUST_9940,New
TXN_202401_006043,2024-01-08,REG_05,STORE_013,EMP_021,PROD_048,5,143.78,0.01,711.71,mobile,CUST_2946,Premium
TXN_202401_006044,2024-01-24,REG_09,STORE_026,EMP_025,PROD_037,1,443.79,0.24,337.28,credit,CUST_4385,Premium
TXN_202401_006045,2024-01-26,REG_02,STORE_005,EMP_002,PROD_001,1,93.93,0.04,90.17,mobile,CUST_5957,New
TXN_202401_006046,2024-01-04,REG_08,STORE_024,EMP_015,PROD_019,2,35.63,0.04,68.41,card,CUST_5208,Premium
TXN_202401_006047,2024-01-05,REG_09,STORE_025,EMP_022,PROD_025,5,105.13,0.04,504.62,mobile,CUST_9229,Premium
TXN_202401_006048,2024-01-13,REG_06,STORE_018,EMP_006,PROD_010,4,111.49,0.26,330.01,mobile,CUST_9700,VIP
TXN_202401_006049,2024-01-17,REG_10,STORE_029,EMP_010,PROD_020,5,123.47,0.02,605.0,credit,CUST_1295,Premium
TXN_202401_006050,2024-01-27,REG_02,STORE_004,EMP_002,PROD_002,1,172.93,0.29,122.78,card,CUST_5961,New
TXN_202401_006051,2024-01-28,REG_07,STORE_020,EMP_007,PROD_029,2,150.2,0.21,237.32,cash,CUST_5029,New
TXN_202401_006052,2024-01-07,REG_01,STORE_002,EMP_018,PROD_032,2,438.9,0.2,702.24,mobile,CUST_3656,VIP
TXN_202401_006053,2024-01-27,REG_07,STORE_019,EMP_007,PROD_029,1,259.16,0.21,204.74,credit,CUST_5992,New
TXN_202401_006054,2024-01-17,REG_03,STORE_007,EMP_014,PROD_017,5,28.62,0.03,138.81,credit,CUST_7766,New
TXN_202401_006055,2024-01-04,REG_07,STORE_020,EMP_007,PROD_047,2,161.71,0.17,268.44,mobile,CUST_6323,Premium
TXN_202401_006056,2024-01-14,REG_03,STORE_008,EMP_014,PROD_003,4,291.98,0.12,1027.77,credit,CUST_9002,New
TXN_202401_006057,2024-01-14,REG_08,STORE_022,EMP_023,PROD_027,3,417.4,0.3,876.54,cash,CUST_1214,New
TXN_202401_006058,2024-01-24,REG_10,STORE_029,EMP_013,PROD_029,1,122.38,0.09,111.37,mobile,CUST_2966,Premium
TXN_202401_006059,2024-01-04,REG_02,STORE_004,EMP_002,PROD_020,4,272.1,0.01,1077.52,mobile,CUST_4387,Regular
TXN_202401_006060,2024-01-16,REG_01,STORE_003,EMP_018,PROD_033,4,237.21,0.02,929.86,card,CUST_7564,Regular
TXN_202401_006061,2024-01-13,REG_01,STORE_003,EMP_018,PROD_023,3,498.51,0.0,1495.53,card,CUST_9408,VIP
TXN_202401_006062,2024-01-11,REG_04,STORE_010,EMP_004,PROD_018,4,312.57,0.24,950.21,credit,CUST_9677,New
TXN_202401_006063,2024-01-08,REG_07,STORE_020,EMP_007,PROD_011,5,132.62,0.04,636.58,credit,CUST_2643,VIP
TXN_202401_006064,2024-01-30,REG_10,STORE_030,EMP_020,PROD_016,3,465.02,0.13,1213.7,credit,CUST_2947,VIP
TXN_202401_006065,2024-01-04,REG_03,STORE_009,EMP_003,PROD_006,2,127.44,0.3,178.42,mobile,CUST_7802,VIP
TXN_202401_006066,2024-01-05,REG_09,STORE_027,EMP_027,PROD_030,3,172.57,0.14,445.23,cash,CUST_4480,Regular
TXN_202401_006067,2024-01-05,REG_04,STORE_012,EMP_026,PROD_007,2,140.8,0.04,270.34,card,CUST_9703,Premium
TXN_202401_006068,2024-01-29,REG_08,STORE_023,EMP_008,PROD_010,2,52.11,0.3,72.95,mobile,CUST_5638,Premium
TXN_202401_006069,2024-01-11,REG_04,STORE_010,EMP_024,PROD_028,3,387.49,0.25,871.85,card,CUST_2137,New
TXN_202401_006070,2024-01-31,REG_10,STORE_029,EMP_020,PROD_025,1,91.1,0.23,70.15,card,CUST_8978,VIP
TXN_202401_006071,2024-01-23,REG_05,STORE_015,EMP_005,PROD_039,3,100.22,0.03,291.64,card,CUST_5893,Regular
TXN_202401_006072,2024-01-31,REG_06,STORE_017,EMP_006,PROD_021,2,135.97,0.02,266.5,mobile,CUST_4559,Premium
TXN_202401_006073,2024-01-07,REG_07,STORE_020,EMP_007,PROD_045,5,286.84,0.07,1333.81,mobile,CUST_2059,VIP
TXN_202401_006074,2024-01-20,REG_01,STORE_001,EMP_018,PROD_024,3,128.19,0.14,330.73,mobile,CUST_9786,Regular
TXN_202401_006075,2024-01-02,REG_01,STORE_002,EMP_018,PROD_016,2,258.1,0.12,454.26,card,CUST_8858,New
TXN_202401_006076,2024-01-25,REG_04,STORE_012,EMP_029,PROD_002,5,28.67,0.14,123.28,mobile,CUST_3169,VIP
TXN_202401_006077,2024-01-02,REG_03,STORE_007,EMP_003,PROD_011,5,50.62,0.16,212.6,card,CUST_6801,New
TXN_202401_006078,2024-01-15,REG_05,STORE_014,EMP_021,PROD_046,2,161.89,0.07,301.12,cash,CUST_9616,Regular
TXN_202401_006079,2024-01-17,REG_05,STORE_015,EMP_021,PROD_011,1,177.56,0.01,175.78,credit,CUST_5311,Premium
TXN_202401_006080,2024-01-03,REG_07,STORE_020,EMP_007,PROD_006,2,445.13,0.24,676.6,mobile,CUST_4381,Regular
TXN_202401_006081,2024-01-13,REG_04,STORE_010,EMP_029,PROD_006,3,102.84,0.04,296.18,cash,CUST_6482,Regular
TXN_202401_006082,2024-01-24,REG_03,STORE_008,EMP_014,PROD_012,4,57.92,0.27,169.13,cash,CUST_1062,Regular
TXN_202401_006083,2024-01-02,REG_04,STORE_012,EMP_026,PROD_035,2,195.75,0.18,321.03,credit,CUST_8082,Regular
TXN_202401_006084,2024-01-13,REG_02,STORE_006,EMP_002,PROD_012,2,323.48,0.06,608.14,credit,CUST_9198,Regular
TXN_202401_006085,2024-01-18,REG_05,STORE_014,EMP_005,PROD_042,4,450.64,0.21,1424.02,mobile,CUST_9108,Premium
TXN_202401_006086,2024-01-07,REG_01,STORE_002,EMP_011,PROD_023,3,423.49,0.15,1079.9,card,CUST_1311,New
TXN_202401_006087,2024-01-24,REG_08,STORE_024,EMP_023,PROD_006,2,464.47,0.02,910.36,credit,CUST_1692,VIP
TXN_202401_006088,2024-01-24,REG_05,STORE_013,EMP_005,PROD_010,5,82.0,0.21,323.9,cash,CUST_8572,Premium
TXN_202401_006089,2024-01-22,REG_01,STORE_003,EMP_019,PROD_005,3,367.6,0.0,1102.8,cash,CUST_1093,New
TXN_202401_006090,2024-01-03,REG_03,STORE_007,EMP_003,PROD_023,3,446.31,0.26,990.81,credit,CUST_2231,VIP
TXN_202401_006091,2024-01-10,REG_08,STORE_023,EMP_015,PROD_048,4,335.5,0.07,1248.06,credit,CUST_2109,Premium
TXN_202401_006092,2024-01-10,REG_06,STORE_018,EMP_006,PROD_014,2,75.76,0.17,125.76,credit,CUST_3332,VIP
TXN_202401_006093,2024-01-10,REG_07,STORE_020,EMP_007,PROD_021,3,354.96,0.29,756.06,card,CUST_4425,VIP
TXN_202401_006094,2024-01-01,REG_03,STORE_007,EMP_014,PROD_025,2,118.78,0.19,192.42,credit,CUST_1983,Regular
TXN_202401_006095,2024-01-05,REG_08,STORE_024,EMP_012,PROD_050,2,93.04,0.11,165.61,card,CUST_5366,New
TXN_202401_006096,2024-01-08,REG_02,STORE_006,EMP_002,PROD_001,5,256.77,0.2,1027.08,card,CUST_9131,New
TXN_202401_006097,2024-01-29,REG_07,STORE_021,EMP_007,PROD_046,5,331.86,0.09,1509.96,credit,CUST_9273,New
TXN_202401_006098,2024-01-05,REG_09,STORE_027,EMP_025,PROD_045,3,449.54,0.08,1240.73,cash,CUST_6737,Premium
TXN_202401_006099,2024-01-31,REG_01,STORE_003,EMP_019,PROD_026,1,179.54,0.21,141.84,cash,CUST_9300,New
TXN_202401_006100,2024-01-26,REG_09,STORE_027,EMP_027,PROD_040,3,331.2,0.08,914.11,credit,CUST_6021,VIP
TXN_202401_006101,2024-01-26,REG_10,STORE_028,EMP_020,PROD_019,3,247.77,0.12,654.11,card,CUST_5974,Premium
TXN_202401_006102,2024-01-22,REG_07,STORE_021,EMP_007,PROD_025,5,497.23,0.02,2436.43,credit,CUST_4386,VIP
TXN_202401_006103,2024-01-01,REG_10,STORE_030,EMP_020,PROD_038,2,242.89,0.23,374.05,mobile,CUST_4611,Regular
TXN_202401_006104,2024-01-23,REG_05,STORE_013,EMP_021,PROD_048,4,21.45,0.05,81.51,card,CUST_9528,VIP
TXN_202401_006105,2024-01-11,REG_05,STORE_014,EMP_005,PROD_009,1,161.92,0.29,114.96,card,CUST_7524,Premium
TXN_202401_006106,2024-01-03,REG_10,STORE_028,EMP_017,PROD_031,5,492.48,0.03,2388.53,mobile,CUST_8230,VIP
TXN_202401_006107,2024-01-22,REG_07,STORE_019,EMP_007,PROD_008,1,494.23,0.05,469.52,card,CUST_6965,Premium
TXN_202401_006108,2024-01-27,REG_08,STORE_024,EMP_015,PROD_034,1,178.8,0.01,177.01,credit,CUST_7832,New
TXN_202401_006109,2024-01-14,REG_01,STORE_001,EMP_018,PROD_026,5,126.79,0.11,564.22,cash,CUST_2941,VIP
TXN_202401_006110,2024-01-26,REG_02,STORE_006,EMP_002,PROD_011,4,376.34,0.18,1234.4,card,CUST_7932,Regular
TXN_202401_006111,2024-01-18,REG_03,STORE_007,EMP_014,PROD_012,2,363.21,0.16,610.19,card,CUST_2953,Premium
TXN_202401_006112,2024-01-21,REG_04,STORE_010,EMP_024,PROD_018,3,353.83,0.3,743.04,cash,CUST_8758,Regular
TXN_202401_006113,2024-01-28,REG_08,STORE_022,EMP_012,PROD_001,2,270.54,0.17,449.1,card,CUST_3758,VIP
TXN_202401_006114,2024-01-03,REG_01,STORE_001,EMP_011,PROD_025,1,233.32,0.17,193.66,credit,CUST_5978,VIP
TXN_202401_006115,2024-01-28,REG_01,STORE_001,EMP_019,PROD_033,5,186.76,0.1,840.42,credit,CUST_6869,Regular
TXN_202401_006116,2024-01-07,REG_09,STORE_026,EMP_009,PROD_049,3,368.5,0.24,840.18,credit,CUST_3361,VIP
TXN_202401_006117,2024-01-22,REG_01,STORE_002,EMP_018,PROD_039,1,255.97,0.21,202.22,mobile,CUST_7648,VIP
TXN_202401_006118,2024-01-12,REG_07,STORE_019,EMP_007,PROD_047,2,437.71,0.05,831.65,credit,CUST_5224,Premium
TXN_202401_006119,2024-01-18,REG_05,STORE_013,EMP_021,PROD_025,3,426.76,0.22,998.62,credit,CUST_7818,VIP
TXN_202401_006120,2024-01-18,REG_08,STORE_022,EMP_008,PROD_020,1,12.36,0.27,9.02,credit,CUST_1785,New
TXN_202401_006121,2024-01-19,REG_01,STORE_003,EMP_018,PROD_011,3,61.51,0.15,156.85,mobile,CUST_9731,New
TXN_202401_006122,2024-01-14,REG_02,STORE_004,EMP_002,PROD_013,4,156.21,0.03,606.09,card,CUST_1341,New
TXN_202401_006123,2024-01-11,REG_09,STORE_027,EMP_027,PROD_020,3,472.95,0.27,1035.76,credit,CUST_7818,New
TXN_202401_006124,2024-01-16,REG_07,STORE_019,EMP_007,PROD_021,4,469.0,0.27,1369.48,cash,CUST_8052,New
TXN_202401_006125,2024-01-27,REG_03,STORE_009,EMP_003,PROD_006,5,123.78,0.1,557.01,mobile,CUST_5669,Premium
TXN_202401_006126,2024-01-17,REG_06,STORE_016,EMP_006,PROD_032,4,32.32,0.16,108.6,credit,CUST_2568,New
TXN_202401_006127,2024-01-16,REG_02,STORE_004,EMP_002,PROD_002,3,492.41,0.22,1152.24,mobile,CUST_2044,VIP
TXN_202401_006128,2024-01-27,REG_09,STORE_026,EMP_009,PROD_036,5,326.25,0.05,1549.69,credit,CUST_9839,New
TXN_202401_006129,2024-01-15,REG_10,STORE_029,EMP_028,PROD_024,2,293.34,0.08,539.75,credit,CUST_9773,New
TXN_202401_006130,2024-01-24,REG_09,STORE_027,EMP_009,PROD_031,4,16.38,0.13,57.0,cash,CUST_2870,Regular
TXN_202401_006131,2024-01-09,REG_04,STORE_010,EMP_016,PROD_012,1,196.84,0.06,185.03,mobile,CUST_4133,Regular
TXN_202401_006132,2024-01-30,REG_05,STORE_013,EMP_021,PROD_028,3,229.13,0.3,481.17,credit,CUST_6210,Premium
TXN_202401_006133,2024-01-22,REG_07,STORE_019,EMP_007,PROD_050,5,498.75,0.11,2219.44,cash,CUST_1339,Premium
TXN_202401_006134,2024-01-07,REG_08,STORE_022,EMP_015,PROD_039,5,214.34,0.18,878.79,mobile,CUST_1253,New
TXN_202401_006135,2024-01-15,REG_06,STORE_018,EMP_006,PROD_029,3,87.31,0.19,212.16,cash,CUST_3472,VIP
TXN_202401_006136,2024-01-25,REG_04,STORE_011,EMP_024,PROD_010,1,110.27,0.2,88.22,credit,CUST_5677,New
TXN_202401_006137,2024-01-16,REG_09,STORE_027,EMP_009,PROD_022,1,488.5,0.02,478.73,credit,CUST_6919,New
TXN_202401_006138,2024-01-01,REG_05,STORE_015,EMP_005,PROD_018,3,457.68,0.1,1235.74,mobile,CUST_4864,VIP
TXN_202401_006139,2024-01-15,REG_07,STORE_019,EMP_007,PROD_028,2,197.04,0.11,350.73,cash,CUST_8184,New
TXN_202401_006140,2024-01-03,REG_05,STORE_013,EMP_021,PROD_004,4,171.9,0.3,481.32,credit,CUST_4990,VIP
TXN_202401_006141,2024-01-15,REG_02,STORE_006,EMP_002,PROD_005,3,372.93,0.02,1096.41,mobile,CUST_9916,VIP
TXN_202401_006142,2024-01-21,REG_08,STORE_023,EMP_023,PROD_041,2,271.87,0.26,402.37,mobile,CUST_5240,Premium
TXN_202401_006143,2024-01-04,REG_09,STORE_025,EMP_025,PROD_027,3,162.76,0.22,380.86,cash,CUST_1756,New
TXN_202401_006144,2024-01-17,REG_07,STORE_020,EMP_007,PROD_009,5,242.4,0.09,1102.92,credit,CUST_9776,New
TXN_202401_006145,2024-01-30,REG_05,STORE_015,EMP_021,PROD_025,1,377.73,0.18,309.74,mobile,CUST_2245,VIP
TXN_202401_006146,2024-01-26,REG_07,STORE_020,EMP_007,PROD_039,1,197.04,0.14,169.45,cash,CUST_7761,Premium
TXN_202401_006147,2024-01-11,REG_06,STORE_016,EMP_006,PROD_036,4,59.02,0.16,198.31,credit,CUST_1567,New
TXN_202401_006148,2024-01-04,REG_06,STORE_017,EMP_006,PROD_010,1,156.96,0.2,125.57,mobile,CUST_9952,New
TXN_202401_006149,2024-01-05,REG_06,STORE_018,EMP_006,PROD_027,3,451.8,0.3,948.78,card,CUST_6264,Premium
TXN_202401_006150,2024-01-08,REG_09,STORE_027,EMP_009,PROD_023,3,483.43,0.01,1435.79,credit,CUST_4228,Regular
TXN_202401_006151,2024-01-25,REG_07,STORE_019,EMP_007,PROD_018,1,436.63,0.2,349.3,mobile,CUST_6902,VIP
TXN_202401_006152,2024-01-21,REG_02,STORE_005,EMP_002,PROD_046,2,35.84,0.21,56.63,card,CUST_4760,VIP
TXN_202401_006153,2024-01-18,REG_09,STORE_025,EMP_027,PROD_046,3,454.14,0.28,980.94,credit,CUST_1782,New
TXN_202401_006154,2024-01-28,REG_07,STORE_021,EMP_007,PROD_002,2,287.16,0.01,568.58,credit,CUST_3273,VIP
TXN_202401_006155,2024-01-02,REG_02,STORE_006,EMP_002,PROD_041,1,110.25,0.08,101.43,card,CUST_4531,Premium
TXN_202401_006156,2024-01-04,REG_05,STORE_014,EMP_005,PROD_028,4,321.84,0.23,991.27,credit,CUST_9801,Regular
TXN_202401_006157,2024-01-13,REG_09,STORE_026,EMP_022,PROD_017,5,441.1,0.19,1786.46,mobile,CUST_3616,Regular
TXN_202401_006158,2024-01-31,REG_01,STORE_001,EMP_001,PROD_030,2,60.79,0.26,89.97,cash,CUST_4776,Premium
TXN_202401_006159,2024-01-25,REG_08,STORE_024,EMP_015,PROD_001,4,107.5,0.2,344.0,mobile,CUST_1451,New
TXN_202401_006160,2024-01-28,REG_05,STORE_014,EMP_021,PROD_033,2,31.49,0.21,49.75,cash,CUST_9025,New
TXN_202401_006161,2024-01-15,REG_01,STORE_001,EMP_001,PROD_002,3,342.02,0.1,923.45,mobile,CUST_6456,New
TXN_202401_006162,2024-01-06,REG_01,STORE_002,EMP_001,PROD_007,1,363.5,0.1,327.15,credit,CUST_9546,VIP
TXN_202401_006163,2024-01-22,REG_03,STORE_009,EMP_014,PROD_048,3,476.9,0.24,1087.33,card,CUST_1228,Premium
TXN_202401_006164,2024-01-19,REG_06,STORE_018,EMP_006,PROD_043,4,376.8,0.09,1371.55,cash,CUST_7249,Regular
TXN_202401_006165,2024-01-05,REG_04,STORE_011,EMP_016,PROD_042,3,271.9,0.23,628.09,mobile,CUST_9955,New
TXN_202401_006166,2024-01-29,REG_07,STORE_020,EMP_007,PROD_015,1,199.7,0.01,197.7,cash,CUST_9067,VIP
TXN_202401_006167,2024-01-02,REG_09,STORE_027,EMP_009,PROD_016,4,74.57,0.09,271.43,credit,CUST_2631,Premium
TXN_202401_006168,2024-01-20,REG_08,STORE_024,EMP_012,PROD_019,1,76.23,0.11,67.84,credit,CUST_8297,VIP
TXN_202401_006169,2024-01-14,REG_09,STORE_025,EMP_025,PROD_012,3,352.48,0.16,888.25,card,CUST_2991,Regular
TXN_202401_006170,2024-01-13,REG_08,STORE_024,EMP_023,PROD_014,2,378.41,0.0,756.82,credit,CUST_1859,Premium
TXN_202401_006171,2024-01-23,REG_03,STORE_007,EMP_003,PROD_017,1,472.08,0.19,382.38,cash,CUST_6578,Regular
TXN_202401_006172,2024-01-22,REG_08,STORE_022,EMP_015,PROD_016,3,286.82,0.23,662.55,cash,CUST_3435,Regular
TXN_202401_006173,2024-01-04,REG_07,STORE_021,EMP_007,PROD_014,5,244.3,0.02,1197.07,mobile,CUST_3424,Premium
TXN_202401_006174,2024-01-23,REG_03,STORE_008,EMP_014,PROD_004,4,238.39,0.26,705.63,card,CUST_4298,VIP
TXN_202401_006175,2024-01-20,REG_02,STORE_005,EMP_002,PROD_040,5,495.81,0.1,2231.15,card,CUST_7820,Premium
TXN_202401_006176,2024-01-12,REG_07,STORE_019,EMP_007,PROD_007,2,457.6,0.15,777.92,card,CUST_7043,VIP
TXN_202401_006177,2024-01-08,REG_08,STORE_022,EMP_023,PROD_017,1,418.28,0.29,296.98,cash,CUST_7272,Regular
TXN_202401_006178,2024-01-01,REG_08,STORE_024,EMP_023,PROD_014,4,476.01,0.21,1504.19,card,CUST_2741,Premium
TXN_202401_006179,2024-01-04,REG_08,STORE_023,EMP_023,PROD_050,5,90.44,0.2,361.76,cash,CUST_2051,Regular
TXN_202401_006180,2024-01-18,REG_07,STORE_020,EMP_007,PROD_007,4,374.16,0.27,1092.55,mobile,CUST_8332,New
TXN_202401_006181,2024-01-07,REG_02,STORE_005,EMP_002,PROD_015,2,115.68,0.12,203.6,cash,CUST_3728,VIP
TXN_202401_006182,2024-01-28,REG_05,STORE_015,EMP_005,PROD_040,1,147.07,0.23,113.24,mobile,CUST_5631,Premium
TXN_202401_006183,2024-01-13,REG_01,STORE_003,EMP_001,PROD_015,5,318.58,0.27,1162.82,credit,CUST_5762,Regular
TXN_202401_006184,2024-01-11,REG_03,STORE_008,EMP_003,PROD_008,5,480.64,0.25,1802.4,cash,CUST_9216,VIP
TXN_202401_006185,2024-01-31,REG_04,STORE_012,EMP_030,PROD_013,3,283.43,0.16,714.24,mobile,CUST_9345,New
TXN_202401_006186,2024-01-08,REG_02,STORE_005,EMP_002,PROD_047,2,135.16,0.13,235.18,credit,CUST_2296,Premium
TXN_202401_006187,2024-01-30,REG_04,STORE_012,EMP_030,PROD_042,5,158.95,0.21,627.85,mobile,CUST_8731,Regular
TXN_202401_006188,2024-01-29,REG_10,STORE_029,EMP_028,PROD_030,2,369.26,0.09,672.05,cash,CUST_6958,Regular
TXN_202401_006189,2024-01-16,REG_04,STORE_012,EMP_004,PROD_012,4,456.35,0.29,1296.03,card,CUST_5122,VIP
TXN_202401_006190,2024-01-25,REG_03,STORE_007,EMP_014,PROD_039,3,301.76,0.12,796.65,cash,CUST_3589,New
TXN_202401_006191,2024-01-07,REG_10,STORE_030,EMP_013,PROD_037,2,458.49,0.14,788.6,mobile,CUST_4712,VIP
TXN_202401_006192,2024-01-28,REG_05,STORE_014,EMP_021,PROD_015,1,330.27,0.08,303.85,cash,CUST_5151,New
TXN_202401_006193,2024-01-04,REG_03,STORE_007,EMP_014,PROD_023,2,447.58,0.17,742.98,mobile,CUST_9211,New
TXN_202401_006194,2024-01-23,REG_04,STORE_010,EMP_026,PROD_010,4,416.79,0.01,1650.49,card,CUST_5374,Premium
TXN_202401_006195,2024-01-21,REG_05,STORE_015,EMP_005,PROD_004,1,395.48,0.15,336.16,mobile,CUST_7184,New
TXN_202401_006196,2024-01-13,REG_03,STORE_008,EMP_014,PROD_050,4,85.96,0.01,340.4,mobile,CUST_3286,Premium
TXN_202401_006197,2024-01-09,REG_04,STORE_010,EMP_016,PROD_009,2,197.5,0.07,367.35,mobile,CUST_2941,VIP
TXN_202401_006198,2024-01-04,REG_05,STORE_014,EMP_005,PROD_038,1,45.63,0.28,32.85,mobile,CUST_1426,VIP
TXN_202401_006199,2024-01-26,REG_07,STORE_020,EMP_007,PROD_039,3,130.0,0.29,276.9,mobile,CUST_4940,New
TXN_202401_006200,2024-01-13,REG_03,STORE_007,EMP_003,PROD_050,5,157.48,0.14,677.16,card,CUST_9089,New
TXN_202401_006201,2024-01-06,REG_07,STORE_020,EMP_007,PROD_041,2,329.93,0.17,547.68,card,CUST_9143,Regular
TXN_202401_006202,2024-01-03,REG_08,STORE_024,EMP_012,PROD_036,4,417.64,0.05,1587.03,card,CUST_8425,VIP
TXN_202401_006203,2024-01-13,REG_03,STORE_007,EMP_014,PROD_027,5,441.98,0.07,2055.21,cash,CUST_2538,Regular
TXN_202401_006204,2024-01-08,REG_01,STORE_001,EMP_001,PROD_018,5,372.43,0.12,1638.69,card,CUST_1926,Regular
TXN_202401_006205,2024-01-12,REG_04,STORE_012,EMP_030,PROD_042,4,367.79,0.02,1441.74,card,CUST_9796,Premium
TXN_202401_006206,2024-01-19,REG_05,STORE_013,EMP_005,PROD_011,5,166.44,0.23,640.79,cash,CUST_3258,Premium
TXN_202401_006207,2024-01-03,REG_08,STORE_024,EMP_015,PROD_046,1,383.55,0.0,383.55,card,CUST_8559,Regular
TXN_202401_006208,2024-01-24,REG_10,STORE_030,EMP_017,PROD_011,2,103.15,0.13,179.48,mobile,CUST_6924,New
TXN_202401_006209,2024-01-10,REG_01,STORE_002,EMP_011,PROD_035,2,308.03,0.03,597.58,mobile,CUST_5686,New
TXN_202401_006210,2024-01-21,REG_06,STORE_018,EMP_006,PROD_012,5,133.61,0.06,627.97,card,CUST_3045,Regular
TXN_202401_006211,2024-01-12,REG_05,STORE_013,EMP_005,PROD_041,2,176.36,0.29,250.43,mobile,CUST_3559,VIP
TXN_202401_006212,2024-01-05,REG_02,STORE_006,EMP_002,PROD_010,4,88.21,0.15,299.91,cash,CUST_6767,VIP
TXN_202401_006213,2024-01-20,REG_04,STORE_010,EMP_004,PROD_014,2,401.51,0.15,682.57,mobile,CUST_7391,VIP
TXN_202401_006214,2024-01-11,REG_04,STORE_010,EMP_029,PROD_024,2,53.36,0.21,84.31,cash,CUST_4276,VIP
TXN_202401_006215,2024-01-15,REG_10,STORE_029,EMP_010,PROD_006,4,376.93,0.28,1085.56,card,CUST_2867,VIP
TXN_202401_006216,2024-01-10,REG_05,STORE_015,EMP_021,PROD_038,5,337.01,0.22,1314.34,credit,CUST_1906,Premium
TXN_202401_006217,2024-01-07,REG_01,STORE_001,EMP_011,PROD_023,5,289.27,0.14,1243.86,card,CUST_4050,New
TXN_202401_006218,2024-01-25,REG_01,STORE_003,EMP_001,PROD_040,3,482.68,0.24,1100.51,mobile,CUST_7827,Premium
TXN_202401_006219,2024-01-08,REG_02,STORE_005,EMP_002,PROD_049,3,385.77,0.02,1134.16,mobile,CUST_3569,Premium
TXN_202401_006220,2024-01-09,REG_02,STORE_006,EMP_002,PROD_045,5,81.38,0.21,321.45,cash,CUST_6858,New
TXN_202401_006221,2024-01-04,REG_10,STORE_029,EMP_028,PROD_021,4,221.56,0.11,788.75,card,CUST_3736,Regular
TXN_202401_006222,2024-01-04,REG_03,STORE_008,EMP_014,PROD_047,5,169.85,0.25,636.94,cash,CUST_9566,Premium
TXN_202401_006223,2024-01-15,REG_08,STORE_023,EMP_015,PROD_009,3,174.45,0.14,450.08,credit,CUST_2209,Regular
TXN_202401_006224,2024-01-10,REG_06,STORE_016,EMP_006,PROD_037,5,291.37,0.17,1209.19,cash,CUST_1363,VIP
TXN_202401_006225,2024-01-10,REG_07,STORE_020,EMP_007,PROD_028,1,428.54,0.23,329.98,card,CUST_4796,VIP
TXN_202401_006226,2024-01-31,REG_05,STORE_013,EMP_005,PROD_044,4,363.07,0.0,1452.28,card,CUST_4921,New
TXN_202401_006227,2024-01-24,REG_01,STORE_001,EMP_011,PROD_009,1,252.66,0.27,184.44,cash,CUST_6737,New
TXN_202401_006228,2024-01-01,REG_02,STORE_006,EMP_002,PROD_005,2,433.13,0.0,866.26,mobile,CUST_2819,VIP
TXN_202401_006229,2024-01-03,REG_03,STORE_007,EMP_014,PROD_032,3,42.95,0.1,115.97,mobile,CUST_3572,Regular
TXN_202401_006230,2024-01-10,REG_04,STORE_010,EMP_030,PROD_028,1,366.43,0.14,315.13,mobile,CUST_4334,New
TXN_202401_006231,2024-01-16,REG_04,STORE_010,EMP_030,PROD_019,1,205.45,0.05,195.18,credit,CUST_4176,New
TXN_202401_006232,2024-01-07,REG_10,STORE_028,EMP_013,PROD_002,5,386.27,0.16,1622.33,credit,CUST_4349,Premium
TXN_202401_006233,2024-01-04,REG_04,STORE_012,EMP_004,PROD_043,5,327.43,0.08,1506.18,cash,CUST_1422,Regular
TXN_202401_006234,2024-01-27,REG_04,STORE_012,EMP_024,PROD_034,1,307.2,0.19,248.83,credit,CUST_8144,Regular
TXN_202401_006235,2024-01-26,REG_09,STORE_027,EMP_009,PROD_028,5,449.6,0.27,1641.04,cash,CUST_6538,New
TXN_202401_006236,2024-01-04,REG_02,STORE_006,EMP_002,PROD_039,4,425.93,0.23,1311.86,card,CUST_5093,New
TXN_202401_006237,2024-01-30,REG_01,STORE_003,EMP_011,PROD_028,4,135.37,0.08,498.16,cash,CUST_7320,Regular
TXN_202401_006238,2024-01-11,REG_05,STORE_014,EMP_005,PROD_037,1,157.06,0.07,146.07,cash,CUST_1746,New
TXN_202401_006239,2024-01-02,REG_07,STORE_021,EMP_007,PROD_047,1,427.12,0.07,397.22,cash,CUST_8417,Premium
TXN_202401_006240,2024-01-08,REG_03,STORE_008,EMP_003,PROD_050,2,357.25,0.05,678.77,credit,CUST_6970,Premium
TXN_202401_006241,2024-01-16,REG_08,STORE_024,EMP_015,PROD_006,3,364.6,0.29,776.6,cash,CUST_1574,VIP
TXN_202401_006242,2024-01-07,REG_07,STORE_021,EMP_007,PROD_001,5,406.53,0.27,1483.83,mobile,CUST_1836,VIP
TXN_202401_006243,2024-01-01,REG_09,STORE_027,EMP_009,PROD_021,4,257.83,0.07,959.13,mobile,CUST_2904,VIP
TXN_202401_006244,2024-01-18,REG_01,STORE_001,EMP_011,PROD_047,5,361.76,0.09,1646.01,credit,CUST_1395,Regular
TXN_202401_006245,2024-01-01,REG_01,STORE_003,EMP_001,PROD_020,4,60.62,0.13,210.96,mobile,CUST_4336,VIP
TXN_202401_006246,2024-01-08,REG_05,STORE_013,EMP_005,PROD_049,5,368.02,0.02,1803.3,mobile,CUST_3647,Regular
TXN_202401_006247,2024-01-13,REG_03,STORE_007,EMP_014,PROD_002,4,311.1,0.15,1057.74,card,CUST_8729,VIP
TXN_202401_006248,2024-01-07,REG_07,STORE_019,EMP_007,PROD_013,5,257.44,0.14,1106.99,cash,CUST_3880,New
TXN_202401_006249,2024-01-02,REG_09,STORE_025,EMP_022,PROD_044,1,145.42,0.01,143.97,mobile,CUST_6460,Regular
TXN_202401_006250,2024-01-01,REG_03,STORE_007,EMP_014,PROD_024,1,83.64,0.06,78.62,credit,CUST_6915,Regular
TXN_202401_006251,2024-01-20,REG_07,STORE_021,EMP_007,PROD_025,5,17.87,0.29,63.44,cash,CUST_3291,Regular
TXN_202401_006252,2024-01-20,REG_03,STORE_009,EMP_014,PROD_036,5,307.31,0.29,1090.95,card,CUST_4447,Regular
TXN_202401_006253,2024-01-11,REG_04,STORE_011,EMP_004,PROD_031,2,110.96,0.1,199.73,cash,CUST_6836,New
TXN_202401_006254,2024-01-03,REG_10,STORE_030,EMP_028,PROD_039,3,373.78,0.06,1054.06,card,CUST_4130,Regular
TXN_202401_006255,2024-01-01,REG_08,STORE_023,EMP_015,PROD_029,5,481.35,0.12,2117.94,cash,CUST_8443,New
TXN_202401_006256,2024-01-24,REG_01,STORE_003,EMP_001,PROD_022,3,442.45,0.24,1008.79,card,CUST_2341,Regular
TXN_202401_006257,2024-01-25,REG_06,STORE_018,EMP_006,PROD_016,5,364.79,0.23,1404.44,card,CUST_5812,New
TXN_202401_006258,2024-01-29,REG_05,STORE_014,EMP_005,PROD_019,2,280.52,0.11,499.33,card,CUST_4655,New
TXN_202401_006259,2024-01-04,REG_08,STORE_023,EMP_012,PROD_017,4,411.99,0.02,1615.0,cash,CUST_9931,Regular
TXN_202401_006260,2024-01-01,REG_04,STORE_012,EMP_026,PROD_048,3,399.57,0.17,994.93,mobile,CUST_7765,New
TXN_202401_006261,2024-01-27,REG_08,STORE_024,EMP_015,PROD_048,1,86.08,0.25,64.56,credit,CUST_7888,VIP
TXN_202401_006262,2024-01-29,REG_04,STORE_010,EMP_004,PROD_042,1,221.44,0.17,183.8,mobile,CUST_1942,Premium
TXN_202401_006263,2024-01-27,REG_03,STORE_007,EMP_003,PROD_002,4,355.64,0.07,1322.98,card,CUST_5920,Premium
TXN_202401_006264,2024-01-25,REG_03,STORE_009,EMP_003,PROD_038,2,387.39,0.12,681.81,cash,CUST_7244,VIP
TXN_202401_006265,2024-01-16,REG_02,STORE_006,EMP_002,PROD_003,1,126.14,0.18,103.43,mobile,CUST_1100,Premium
TXN_202401_006266,2024-01-08,REG_06,STORE_017,EMP_006,PROD_034,5,202.3,0.2,809.2,credit,CUST_9020,Premium
TXN_202401_006267,2024-01-09,REG_05,STORE_014,EMP_005,PROD_001,1,493.87,0.19,400.03,credit,CUST_3291,VIP
TXN_202401_006268,2024-01-31,REG_01,STORE_001,EMP_011,PROD_005,4,476.43,0.25,1429.29,cash,CUST_8499,VIP
TXN_202401_006269,2024-01-26,REG_01,STORE_001,EMP_018,PROD_048,3,190.73,0.27,417.7,card,CUST_9818,VIP
TXN_202401_006270,2024-01-08,REG_01,STORE_001,EMP_018,PROD_033,5,364.05,0.28,1310.58,card,CUST_3351,New
TXN_202401_006271,2024-01-09,REG_04,STORE_011,EMP_016,PROD_041,4,87.42,0.01,346.18,mobile,CUST_6735,Premium
TXN_202401_006272,2024-01-29,REG_06,STORE_018,EMP_006,PROD_016,5,115.59,0.03,560.61,mobile,CUST_7632,Premium
TXN_202401_006273,2024-01-23,REG_05,STORE_015,EMP_005,PROD_002,5,394.32,0.19,1597.0,mobile,CUST_3926,Regular
TXN_202401_006274,2024-01-06,REG_05,STORE_015,EMP_021,PROD_030,2,124.86,0.01,247.22,card,CUST_4848,VIP
TXN_202401_006275,2024-01-04,REG_08,STORE_023,EMP_008,PROD_008,2,358.42,0.08,659.49,mobile,CUST_5476,New
TXN_202401_006276,2024-01-15,REG_01,STORE_001,EMP_001,PROD_015,5,35.37,0.13,153.86,mobile,CUST_8114,Regular
TXN_202401_006277,2024-01-26,REG_09,STORE_026,EMP_027,PROD_046,2,131.1,0.08,241.22,mobile,CUST_1016,Regular
TXN_202401_006278,2024-01-16,REG_08,STORE_024,EMP_023,PROD_019,5,410.73,0.13,1786.68,credit,CUST_8390,Premium
TXN_202401_006279,2024-01-10,REG_08,STORE_022,EMP_012,PROD_030,3,310.88,0.02,913.99,card,CUST_7946,New
TXN_202401_006280,2024-01-13,REG_07,STORE_021,EMP_007,PROD_023,4,266.44,0.15,905.9,mobile,CUST_5766,Regular
TXN_202401_006281,2024-01-29,REG_04,STORE_012,EMP_016,PROD_039,3,163.07,0.2,391.37,cash,CUST_7223,VIP
TXN_202401_006282,2024-01-20,REG_02,STORE_006,EMP_002,PROD_032,1,42.87,0.26,31.72,credit,CUST_1175,Premium
TXN_202401_006283,2024-01-15,REG_02,STORE_005,EMP_002,PROD_006,1,220.1,0.27,160.67,cash,CUST_6693,VIP
TXN_202401_006284,2024-01-05,REG_09,STORE_025,EMP_027,PROD_015,4,408.97,0.02,1603.16,card,CUST_2243,New
TXN_202401_006285,2024-01-31,REG_03,STORE_009,EMP_014,PROD_021,4,102.5,0.0,410.0,credit,CUST_2391,Premium
TXN_202401_006286,2024-01-25,REG_04,STORE_010,EMP_024,PROD_032,1,163.88,0.13,142.58,mobile,CUST_9257,VIP
TXN_202401_006287,2024-01-16,REG_07,STORE_021,EMP_007,PROD_027,4,441.16,0.15,1499.94,credit,CUST_1666,Regular
TXN_202401_006288,2024-01-03,REG_02,STORE_004,EMP_002,PROD_013,3,323.56,0.19,786.25,credit,CUST_3854,Premium
TXN_202401_006289,2024-01-04,REG_10,STORE_028,EMP_020,PROD_048,5,350.64,0.26,1297.37,mobile,CUST_2562,VIP
TXN_202401_006290,2024-01-14,REG_06,STORE_018,EMP_006,PROD_039,1,191.11,0.2,152.89,mobile,CUST_5848,New
TXN_202401_006291,2024-01-25,REG_01,STORE_001,EMP_019,PROD_028,5,265.06,0.2,1060.24,mobile,CUST_1598,Regular
TXN_202401_006292,2024-01-19,REG_01,STORE_001,EMP_001,PROD_020,1,399.19,0.27,291.41,cash,CUST_8033,Regular
TXN_202401_006293,2024-01-15,REG_03,STORE_009,EMP_014,PROD_040,4,358.5,0.09,1304.94,cash,CUST_6549,Regular
TXN_202401_006294,2024-01-30,REG_07,STORE_020,EMP_007,PROD_046,3,34.8,0.22,81.43,credit,CUST_7810,VIP
TXN_202401_006295,2024-01-31,REG_10,STORE_029,EMP_017,PROD_012,1,364.35,0.22,284.19,mobile,CUST_8914,VIP
TXN_202401_006296,2024-01-17,REG_07,STORE_021,EMP_007,PROD_010,2,273.08,0.26,404.16,credit,CUST_2008,New
TXN_202401_006297,2024-01-16,REG_01,STORE_002,EMP_019,PROD_022,4,436.41,0.17,1448.88,mobile,CUST_6068,New
TXN_202401_006298,2024-01-06,REG_10,STORE_028,EMP_017,PROD_029,1,173.27,0.0,173.27,mobile,CUST_2640,New
TXN_202401_006299,2024-01-23,REG_05,STORE_013,EMP_021,PROD_008,1,209.94,0.14,180.55,cash,CUST_1243,Regular
TXN_202401_006300,2024-01-06,REG_03,STORE_009,EMP_003,PROD_044,3,150.97,0.04,434.79,cash,CUST_1245,New
TXN_202401_006301,2024-01-03,REG_06,STORE_017,EMP_006,PROD_021,3,454.34,0.09,1240.35,card,CUST_6012,Regular
TXN_202401_006302,2024-01-08,REG_10,STORE_028,EMP_010,PROD_016,1,128.06,0.13,111.41,cash,CUST_9280,VIP
TXN_202401_006303,2024-01-27,REG_06,STORE_018,EMP_006,PROD_022,3,104.73,0.28,226.22,credit,CUST_9114,New
TXN_202401_006304,2024-01-12,REG_10,STORE_030,EMP_028,PROD_028,3,58.54,0.28,126.45,card,CUST_8658,VIP
TXN_202401_006305,2024-01-10,REG_03,STORE_008,EMP_014,PROD_023,2,161.97,0.08,298.02,mobile,CUST_8698,New
TXN_202401_006306,2024-01-06,REG_10,STORE_030,EMP_028,PROD_012,2,85.69,0.27,125.11,cash,CUST_1494,Regular
TXN_202401_006307,2024-01-31,REG_07,STORE_020,EMP_007,PROD_036,4,311.89,0.25,935.67,card,CUST_5950,Premium
TXN_202401_006308,2024-01-09,REG_10,STORE_029,EMP_013,PROD_035,2,405.45,0.17,673.05,mobile,CUST_9222,New
TXN_202401_006309,2024-01-01,REG_04,STORE_010,EMP_030,PROD_022,4,194.26,0.25,582.78,cash,CUST_9941,Premium
TXN_202401_006310,2024-01-22,REG_06,STORE_018,EMP_006,PROD_007,2,443.45,0.06,833.69,mobile,CUST_3659,Premium
TXN_202401_006311,2024-01-15,REG_08,STORE_023,EMP_023,PROD_038,3,474.32,0.16,1195.29,cash,CUST_5636,Premium
TXN_202401_006312,2024-01-16,REG_06,STORE_016,EMP_006,PROD_042,2,413.9,0.26,612.57,mobile,CUST_7009,VIP
TXN_202401_006313,2024-01-13,REG_04,STORE_010,EMP_030,PROD_050,5,313.7,0.17,1301.86,credit,CUST_8471,Premium
TXN_202401_006314,2024-01-16,REG_10,STORE_030,EMP_013,PROD_044,1,443.63,0.02,434.76,credit,CUST_4366,VIP
TXN_202401_006315,2024-01-16,REG_01,STORE_001,EMP_011,PROD_048,1,92.12,0.18,75.54,credit,CUST_7187,Premium
TXN_202401_006316,2024-01-26,REG_07,STORE_021,EMP_007,PROD_044,4,220.59,0.06,829.42,credit,CUST_4480,VIP
TXN_202401_006317,2024-01-18,REG_07,STORE_019,EMP_007,PROD_011,3,397.59,0.06,1121.2,mobile,CUST_9699,Premium
TXN_202401_006318,2024-01-03,REG_09,STORE_025,EMP_025,PROD_006,4,80.18,0.28,230.92,credit,CUST_8479,New
TXN_202401_006319,2024-01-26,REG_03,STORE_009,EMP_003,PROD_030,4,290.9,0.28,837.79,credit,CUST_9445,New
TXN_202401_006320,2024-01-03,REG_10,STORE_028,EMP_017,PROD_043,4,303.1,0.02,1188.15,card,CUST_6275,Regular
TXN_202401_006321,2024-01-04,REG_10,STORE_028,EMP_013,PROD_009,2,483.72,0.03,938.42,cash,CUST_2978,New
TXN_202401_006322,2024-01-03,REG_03,STORE_007,EMP_014,PROD_016,3,431.69,0.19,1049.01,credit,CUST_2618,New
TXN_202401_006323,2024-01-04,REG_10,STORE_029,EMP_010,PROD_005,4,195.19,0.2,624.61,mobile,CUST_6796,Premium
TXN_202401_006324,2024-01-26,REG_03,STORE_008,EMP_003,PROD_049,4,471.48,0.15,1603.03,cash,CUST_3007,VIP
TXN_202401_006325,2024-01-11,REG_07,STORE_021,EMP_007,PROD_021,4,437.8,0.14,1506.03,credit,CUST_8551,Premium
TXN_202401_006326,2024-01-05,REG_07,STORE_021,EMP_007,PROD_042,4,21.87,0.21,69.11,cash,CUST_3396,New
TXN_202401_006327,2024-01-30,REG_07,STORE_019,EMP_007,PROD_047,1,44.01,0.16,36.97,mobile,CUST_3736,VIP
TXN_202401_006328,2024-01-04,REG_01,STORE_002,EMP_011,PROD_019,4,311.6,0.07,1159.15,card,CUST_8178,New
TXN_202401_006329,2024-01-13,REG_10,STORE_029,EMP_020,PROD_031,1,234.19,0.04,224.82,credit,CUST_2428,VIP
TXN_202401_006330,2024-01-05,REG_06,STORE_017,EMP_006,PROD_022,3,386.23,0.12,1019.65,cash,CUST_4204,Regular
TXN_202401_006331,2024-01-25,REG_06,STORE_016,EMP_006,PROD_029,4,446.98,0.04,1716.4,mobile,CUST_9132,VIP
TXN_202401_006332,2024-01-31,REG_02,STORE_006,EMP_002,PROD_049,5,39.6,0.01,196.02,cash,CUST_2964,New
TXN_202401_006333,2024-01-22,REG_02,STORE_005,EMP_002,PROD_002,4,171.19,0.12,602.59,credit,CUST_3674,New
TXN_202401_006334,2024-01-20,REG_10,STORE_028,EMP_017,PROD_020,3,312.93,0.15,797.97,card,CUST_2993,New
TXN_202401_006335,2024-01-29,REG_05,STORE_014,EMP_005,PROD_039,3,229.95,0.17,572.58,credit,CUST_2151,Premium
TXN_202401_006336,2024-01-27,REG_03,STORE_008,EMP_003,PROD_048,2,267.42,0.05,508.1,mobile,CUST_3637,Regular
TXN_202401_006337,2024-01-18,REG_07,STORE_021,EMP_007,PROD_014,3,379.72,0.22,888.54,cash,CUST_8392,New
TXN_202401_006338,2024-01-25,REG_06,STORE_018,EMP_006,PROD_042,3,362.47,0.16,913.42,mobile,CUST_6264,Regular
TXN_202401_006339,2024-01-01,REG_04,STORE_010,EMP_004,PROD_007,1,281.53,0.03,273.08,credit,CUST_9213,VIP
TXN_202401_006340,2024-01-29,REG_06,STORE_016,EMP_006,PROD_040,5,168.17,0.13,731.54,card,CUST_2081,Regular
TXN_202401_006341,2024-01-08,REG_02,STORE_006,EMP_002,PROD_012,2,297.3,0.1,535.14,mobile,CUST_3001,New
TXN_202401_006342,2024-01-27,REG_07,STORE_019,EMP_007,PROD_026,2,490.36,0.2,784.58,credit,CUST_7193,Premium
TXN_202401_006343,2024-01-14,REG_02,STORE_004,EMP_002,PROD_008,2,119.65,0.24,181.87,cash,CUST_2837,Premium
TXN_202401_006344,2024-01-05,REG_05,STORE_015,EMP_021,PROD_028,5,246.25,0.08,1132.75,card,CUST_5651,Premium
TXN_202401_006345,2024-01-27,REG_09,STORE_025,EMP_025,PROD_038,2,361.09,0.03,700.51,mobile,CUST_2375,Regular
TXN_202401_006346,2024-01-31,REG_08,STORE_024,EMP_015,PROD_001,4,478.66,0.13,1665.74,credit,CUST_1095,New
TXN_202401_006347,2024-01-11,REG_07,STORE_021,EMP_007,PROD_023,2,427.75,0.02,838.39,cash,CUST_8159,Premium
TXN_202401_006348,2024-01-21,REG_10,STORE_028,EMP_028,PROD_020,5,199.98,0.09,909.91,mobile,CUST_1797,VIP
TXN_202401_006349,2024-01-15,REG_07,STORE_019,EMP_007,PROD_001,3,167.13,0.06,471.31,card,CUST_4735,New
TXN_202401_006350,2024-01-01,REG_04,STORE_012,EMP_024,PROD_043,1,472.89,0.08,435.06,card,CUST_9243,VIP
TXN_202401_006351,2024-01-08,REG_07,STORE_019,EMP_007,PROD_039,5,358.98,0.1,1615.41,credit,CUST_9927,Regular
TXN_202401_006352,2024-01-12,REG_02,STORE_006,EMP_002,PROD_018,3,80.69,0.19,196.08,mobile,CUST_6026,Premium
TXN_202401_006353,2024-01-08,REG_06,STORE_016,EMP_006,PROD_038,1,364.68,0.29,258.92,mobile,CUST_6780,VIP
TXN_202401_006354,2024-01-15,REG_08,STORE_022,EMP_008,PROD_012,2,111.54,0.25,167.31,card,CUST_9251,Premium
TXN_202401_006355,2024-01-10,REG_03,STORE_009,EMP_003,PROD_039,5,21.55,0.0,107.75,mobile,CUST_7804,VIP
TXN_202401_006356,2024-01-06,REG_03,STORE_008,EMP_014,PROD_021,3,189.29,0.24,431.58,credit,CUST_5800,New
TXN_202401_006357,2024-01-24,REG_04,STORE_011,EMP_024,PROD_034,5,403.6,0.11,1796.02,mobile,CUST_9931,Premium
TXN_202401_006358,2024-01-20,REG_07,STORE_019,EMP_007,PROD_044,4,141.31,0.18,463.5,mobile,CUST_1905,New
TXN_202401_006359,2024-01-14,REG_04,STORE_010,EMP_026,PROD_013,3,390.12,0.26,866.07,mobile,CUST_6181,Regular
TXN_202401_006360,2024-01-31,REG_03,STORE_008,EMP_003,PROD_035,5,143.42,0.07,666.9,card,CUST_5212,VIP
TXN_202401_006361,2024-01-07,REG_03,STORE_007,EMP_003,PROD_044,2,37.92,0.02,74.32,cash,CUST_8406,Regular
TXN_202401_006362,2024-01-13,REG_06,STORE_018,EMP_006,PROD_043,4,380.53,0.18,1248.14,cash,CUST_2259,Premium
TXN_202401_006363,2024-01-14,REG_10,STORE_028,EMP_010,PROD_045,2,351.46,0.08,646.69,card,CUST_8781,New
TXN_202401_006364,2024-01-16,REG_07,STORE_020,EMP_007,PROD_043,2,229.16,0.3,320.82,mobile,CUST_5195,Premium
TXN_202401_006365,2024-01-29,REG_09,STORE_025,EMP_027,PROD_038,3,98.24,0.01,291.77,card,CUST_4533,VIP
TXN_202401_006366,2024-01-05,REG_06,STORE_016,EMP_006,PROD_033,2,125.42,0.26,185.62,cash,CUST_3722,Premium
TXN_202401_006367,2024-01-28,REG_08,STORE_023,EMP_008,PROD_011,2,170.05,0.27,248.27,credit,CUST_4383,VIP
TXN_202401_006368,2024-01-22,REG_08,STORE_023,EMP_012,PROD_050,3,207.83,0.07,579.85,cash,CUST_8266,VIP
TXN_202401_006369,2024-01-23,REG_09,STORE_026,EMP_009,PROD_039,1,161.64,0.26,119.61,credit,CUST_6409,New
TXN_202401_006370,2024-01-02,REG_10,STORE_028,EMP_028,PROD_046,3,442.26,0.09,1207.37,cash,CUST_6697,Premium
TXN_202401_006371,2024-01-18,REG_02,STORE_005,EMP_002,PROD_028,4,75.95,0.15,258.23,card,CUST_6571,New
TXN_202401_006372,2024-01-07,REG_05,STORE_013,EMP_005,PROD_001,2,219.3,0.24,333.34,mobile,CUST_1151,New
TXN_202401_006373,2024-01-03,REG_01,STORE_001,EMP_019,PROD_008,5,342.79,0.15,1456.86,card,CUST_1210,VIP
TXN_202401_006374,2024-01-13,REG_10,STORE_029,EMP_028,PROD_008,1,207.73,0.02,203.58,mobile,CUST_1775,New
TXN_202401_006375,2024-01-02,REG_05,STORE_015,EMP_005,PROD_047,1,302.19,0.08,278.01,card,CUST_3483,VIP
TXN_202401_006376,2024-01-07,REG_04,STORE_011,EMP_026,PROD_013,4,218.02,0.21,688.94,card,CUST_8099,Regular
TXN_202401_006377,2024-01-29,REG_02,STORE_004,EMP_002,PROD_022,3,182.56,0.25,410.76,mobile,CUST_6032,VIP
TXN_202401_006378,2024-01-19,REG_10,STORE_030,EMP_020,PROD_012,1,341.94,0.04,328.26,mobile,CUST_9370,New
TXN_202401_006379,2024-01-07,REG_08,STORE_024,EMP_008,PROD_026,5,299.17,0.08,1376.18,mobile,CUST_9300,New
TXN_202401_006380,2024-01-28,REG_09,STORE_025,EMP_009,PROD_034,1,47.23,0.2,37.78,credit,CUST_9623,VIP
TXN_202401_006381,2024-01-23,REG_05,STORE_014,EMP_021,PROD_031,3,180.77,0.07,504.35,cash,CUST_7488,VIP
TXN_202401_006382,2024-01-12,REG_09,STORE_026,EMP_025,PROD_002,1,274.48,0.06,258.01,cash,CUST_7707,Regular
TXN_202401_006383,2024-01-07,REG_01,STORE_001,EMP_018,PROD_049,4,244.29,0.0,977.16,card,CUST_4924,New
TXN_202401_006384,2024-01-03,REG_05,STORE_014,EMP_005,PROD_015,5,476.71,0.23,1835.33,mobile,CUST_9375,New
TXN_202401_006385,2024-01-04,REG_02,STORE_006,EMP_002,PROD_010,5,13.85,0.15,58.86,credit,CUST_5566,Regular
TXN_202401_006386,2024-01-26,REG_09,STORE_025,EMP_022,PROD_026,2,485.0,0.04,931.2,cash,CUST_1316,New
TXN_202401_006387,2024-01-19,REG_09,STORE_027,EMP_022,PROD_035,5,242.75,0.25,910.31,mobile,CUST_5479,New
TXN_202401_006388,2024-01-19,REG_06,STORE_018,EMP_006,PROD_037,2,178.89,0.06,336.31,card,CUST_5540,VIP
TXN_202401_006389,2024-01-03,REG_04,STORE_011,EMP_026,PROD_008,4,307.69,0.2,984.61,mobile,CUST_8807,Premium
TXN_202401_006390,2024-01-10,REG_10,STORE_030,EMP_028,PROD_044,5,316.25,0.14,1359.88,cash,CUST_5356,New
TXN_202401_006391,2024-01-20,REG_09,STORE_027,EMP_025,PROD_034,5,262.93,0.13,1143.75,credit,CUST_3992,Premium
TXN_202401_006392,2024-01-11,REG_08,STORE_024,EMP_015,PROD_008,5,382.41,0.04,1835.57,credit,CUST_4241,Premium
TXN_202401_006393,2024-01-24,REG_04,STORE_011,EMP_024,PROD_033,5,139.88,0.11,622.47,mobile,CUST_6153,Premium
TXN_202401_006394,2024-01-04,REG_05,STORE_015,EMP_021,PROD_007,1,87.07,0.01,86.2,mobile,CUST_1363,New
TXN_202401_006395,2024-01-06,REG_01,STORE_003,EMP_011,PROD_027,4,395.98,0.15,1346.33,credit,CUST_2829,VIP
TXN_202401_006396,2024-01-30,REG_07,STORE_020,EMP_007,PROD_046,4,303.8,0.2,972.16,card,CUST_6380,Regular
TXN_202401_006397,2024-01-24,REG_10,STORE_028,EMP_028,PROD_015,4,129.75,0.13,451.53,card,CUST_8057,Premium
TXN_202401_006398,2024-01-19,REG_09,STORE_025,EMP_009,PROD_005,3,238.21,0.06,671.75,cash,CUST_3767,New
TXN_202401_006399,2024-01-22,REG_10,STORE_030,EMP_010,PROD_024,1,456.73,0.25,342.55,cash,CUST_4401,Regular
TXN_202401_006400,2024-01-16,REG_09,STORE_026,EMP_022,PROD_028,1,154.02,0.21,121.68,mobile,CUST_6843,Premium
TXN_202401_006401,2024-01-02,REG_05,STORE_015,EMP_021,PROD_046,5,359.29,0.17,1491.05,credit,CUST_8375,New
TXN_202401_006402,2024-01-26,REG_09,STORE_027,EMP_022,PROD_042,1,357.52,0.06,336.07,mobile,CUST_8136,Regular
TXN_202401_006403,2024-01-27,REG_04,STORE_012,EMP_030,PROD_014,1,177.58,0.09,161.6,cash,CUST_4329,Premium
TXN_202401_006404,2024-01-25,REG_01,STORE_003,EMP_019,PROD_036,4,88.34,0.04,339.23,credit,CUST_6881,New
TXN_202401_006405,2024-01-22,REG_05,STORE_013,EMP_005,PROD_050,4,490.02,0.17,1626.87,card,CUST_2235,Premium
TXN_202401_006406,2024-01-15,REG_07,STORE_019,EMP_007,PROD_037,3,349.1,0.26,775.0,card,CUST_7385,New
TXN_202401_006407,2024-01-23,REG_05,STORE_013,EMP_005,PROD_007,2,308.36,0.27,450.21,credit,CUST_6414,VIP
TXN_202401_006408,2024-01-06,REG_10,STORE_030,EMP_020,PROD_048,3,209.68,0.14,540.97,card,CUST_1991,VIP
TXN_202401_006409,2024-01-31,REG_05,STORE_013,EMP_005,PROD_035,2,110.9,0.1,199.62,cash,CUST_1429,VIP
TXN_202401_006410,2024-01-04,REG_04,STORE_010,EMP_030,PROD_034,5,364.94,0.11,1623.98,card,CUST_7429,VIP
TXN_202401_006411,2024-01-14,REG_07,STORE_019,EMP_007,PROD_040,4,421.87,0.12,1484.98,mobile,CUST_4002,New
TXN_202401_006412,2024-01-30,REG_01,STORE_001,EMP_001,PROD_002,1,104.78,0.14,90.11,card,CUST_9020,VIP
TXN_202401_006413,2024-01-14,REG_07,STORE_019,EMP_007,PROD_036,4,378.55,0.03,1468.77,mobile,CUST_4317,Premium
TXN_202401_006414,2024-01-22,REG_01,STORE_002,EMP_001,PROD_009,2,485.65,0.27,709.05,mobile,CUST_6285,Regular
TXN_202401_006415,2024-01-04,REG_01,STORE_003,EMP_018,PROD_040,4,306.37,0.28,882.35,cash,CUST_2519,New
TXN_202401_006416,2024-01-09,REG_06,STORE_018,EMP_006,PROD_017,3,98.3,0.01,291.95,cash,CUST_8587,New
TXN_202401_006417,2024-01-01,REG_02,STORE_006,EMP_002,PROD_006,5,55.2,0.03,267.72,cash,CUST_3896,Regular
TXN_202401_006418,2024-01-14,REG_08,STORE_022,EMP_023,PROD_020,1,339.18,0.1,305.26,credit,CUST_4320,Regular
TXN_202401_006419,2024-01-18,REG_05,STORE_013,EMP_005,PROD_014,1,401.29,0.26,296.95,credit,CUST_1159,New
TXN_202401_006420,2024-01-27,REG_07,STORE_019,EMP_007,PROD_033,2,457.54,0.18,750.37,mobile,CUST_5145,Regular
TXN_202401_006421,2024-01-12,REG_01,STORE_003,EMP_018,PROD_015,4,83.9,0.11,298.68,mobile,CUST_9990,Regular
TXN_202401_006422,2024-01-17,REG_04,STORE_012,EMP_024,PROD_025,5,326.07,0.1,1467.32,cash,CUST_1176,Regular
TXN_202401_006423,2024-01-02,REG_08,STORE_023,EMP_008,PROD_047,5,94.27,0.09,428.93,mobile,CUST_5116,Regular
TXN_202401_006424,2024-01-28,REG_09,STORE_027,EMP_022,PROD_037,2,11.62,0.03,22.54,cash,CUST_9984,New
TXN_202401_006425,2024-01-01,REG_07,STORE_021,EMP_007,PROD_040,3,453.42,0.21,1074.61,credit,CUST_6140,New
TXN_202401_006426,2024-01-18,REG_04,STORE_010,EMP_029,PROD_035,4,16.95,0.26,50.17,cash,CUST_6610,Premium
TXN_202401_006427,2024-01-28,REG_05,STORE_014,EMP_005,PROD_044,5,414.86,0.04,1991.33,cash,CUST_8895,New
TXN_202401_006428,2024-01-23,REG_02,STORE_006,EMP_002,PROD_026,1,333.61,0.04,320.27,mobile,CUST_5577,VIP
TXN_202401_006429,2024-01-12,REG_06,STORE_018,EMP_006,PROD_047,2,366.94,0.26,543.07,card,CUST_2515,VIP
TXN_202401_006430,2024-01-30,REG_04,STORE_010,EMP_016,PROD_040,5,397.24,0.08,1827.3,cash,CUST_3380,VIP
TXN_202401_006431,2024-01-31,REG_09,STORE_025,EMP_027,PROD_003,2,463.09,0.1,833.56,credit,CUST_9704,Premium
TXN_202401_006432,2024-01-26,REG_01,STORE_003,EMP_019,PROD_048,4,200.47,0.09,729.71,card,CUST_1134,Regular
TXN_202401_006433,2024-01-02,REG_05,STORE_013,EMP_005,PROD_011,5,43.99,0.17,182.56,credit,CUST_1501,Premium
TXN_202401_006434,2024-01-09,REG_01,STORE_003,EMP_018,PROD_008,2,48.17,0.25,72.25,card,CUST_4463,VIP
TXN_202401_006435,2024-01-17,REG_07,STORE_021,EMP_007,PROD_033,4,446.11,0.03,1730.91,card,CUST_8146,Premium
TXN_202401_006436,2024-01-16,REG_06,STORE_016,EMP_006,PROD_002,2,451.17,0.28,649.68,cash,CUST_1676,Premium
TXN_202401_006437,2024-01-08,REG_09,STORE_025,EMP_025,PROD_037,1,29.37,0.18,24.08,card,CUST_5940,VIP
TXN_202401_006438,2024-01-02,REG_05,STORE_015,EMP_021,PROD_018,5,72.47,0.18,297.13,cash,CUST_6309,VIP
TXN_202401_006439,2024-01-15,REG_03,STORE_008,EMP_003,PROD_002,4,185.79,0.05,706.0,mobile,CUST_6281,Premium
TXN_202401_006440,2024-01-23,REG_02,STORE_005,EMP_002,PROD_007,2,417.59,0.03,810.12,credit,CUST_9988,New
TXN_202401_006441,2024-01-05,REG_08,STORE_022,EMP_015,PROD_027,3,480.96,0.25,1082.16,cash,CUST_2505,Regular
TXN_202401_006442,2024-01-02,REG_01,STORE_003,EMP_018,PROD_020,5,75.59,0.1,340.16,card,CUST_3530,VIP
TXN_202401_006443,2024-01-23,REG_05,STORE_014,EMP_021,PROD_011,4,173.27,0.2,554.46,credit,CUST_3029,New
TXN_202401_006444,2024-01-26,REG_10,STORE_030,EMP_017,PROD_045,1,273.2,0.28,196.7,cash,CUST_3024,New
TXN_202401_006445,2024-01-20,REG_01,STORE_001,EMP_019,PROD_023,1,245.35,0.11,218.36,credit,CUST_3180,Regular
TXN_202401_006446,2024-01-08,REG_08,STORE_024,EMP_015,PROD_010,2,14.75,0.28,21.24,cash,CUST_7037,Premium
TXN_202401_006447,2024-01-08,REG_07,STORE_019,EMP_007,PROD_049,5,341.82,0.04,1640.74,mobile,CUST_6229,New
TXN_202401_006448,2024-01-12,REG_07,STORE_019,EMP_007,PROD_017,2,228.09,0.22,355.82,credit,CUST_8014,Regular
TXN_202401_006449,2024-01-22,REG_09,STORE_026,EMP_027,PROD_019,2,346.59,0.22,540.68,mobile,CUST_5847,Premium
TXN_202401_006450,2024-01-29,REG_07,STORE_020,EMP_007,PROD_001,4,16.38,0.26,48.48,mobile,CUST_6046,New
TXN_202401_006451,2024-01-05,REG_05,STORE_013,EMP_005,PROD_024,3,485.81,0.12,1282.54,credit,CUST_4815,Regular
TXN_202401_006452,2024-01-07,REG_02,STORE_006,EMP_002,PROD_026,1,485.41,0.04,465.99,mobile,CUST_9459,VIP
TXN_202401_006453,2024-01-07,REG_09,STORE_027,EMP_027,PROD_008,5,480.49,0.17,1994.03,cash,CUST_4654,Premium
TXN_202401_006454,2024-01-23,REG_08,STORE_023,EMP_015,PROD_014,2,391.71,0.25,587.56,mobile,CUST_3723,VIP
TXN_202401_006455,2024-01-13,REG_02,STORE_005,EMP_002,PROD_022,1,374.44,0.21,295.81,card,CUST_9097,Premium
TXN_202401_006456,2024-01-25,REG_09,STORE_027,EMP_022,PROD_023,1,468.56,0.15,398.28,mobile,CUST_6685,Regular
TXN_202401_006457,2024-01-22,REG_05,STORE_013,EMP_021,PROD_029,5,126.22,0.27,460.7,card,CUST_7649,VIP
TXN_202401_006458,2024-01-08,REG_07,STORE_019,EMP_007,PROD_030,2,441.17,0.05,838.22,credit,CUST_6664,Premium
TXN_202401_006459,2024-01-22,REG_02,STORE_004,EMP_002,PROD_028,3,248.58,0.03,723.37,card,CUST_5068,Regular
TXN_202401_006460,2024-01-17,REG_01,STORE_003,EMP_001,PROD_013,4,435.21,0.01,1723.43,mobile,CUST_4362,Regular
TXN_202401_006461,2024-01-13,REG_01,STORE_002,EMP_001,PROD_025,5,472.57,0.09,2150.19,mobile,CUST_5606,VIP
TXN_202401_006462,2024-01-19,REG_01,STORE_003,EMP_018,PROD_032,3,438.15,0.25,985.84,credit,CUST_1321,Premium
TXN_202401_006463,2024-01-28,REG_10,STORE_029,EMP_013,PROD_047,4,223.79,0.13,778.79,mobile,CUST_5886,Regular
TXN_202401_006464,2024-01-04,REG_09,STORE_027,EMP_025,PROD_011,3,399.18,0.18,981.98,mobile,CUST_5018,Premium
TXN_202401_006465,2024-01-14,REG_06,STORE_016,EMP_006,PROD_018,3,270.23,0.01,802.58,credit,CUST_4098,VIP
TXN_202401_006466,2024-01-15,REG_07,STORE_019,EMP_007,PROD_017,5,23.99,0.08,110.35,card,CUST_4192,VIP
TXN_202401_006467,2024-01-12,REG_10,STORE_030,EMP_028,PROD_028,2,39.08,0.3,54.71,credit,CUST_3279,Premium
TXN_202401_006468,2024-01-31,REG_02,STORE_004,EMP_002,PROD_037,2,481.33,0.25,722.0,credit,CUST_4987,Regular
TXN_202401_006469,2024-01-06,REG_02,STORE_005,EMP_002,PROD_047,5,275.66,0.24,1047.51,cash,CUST_9045,VIP
TXN_202401_006470,2024-01-17,REG_05,STORE_015,EMP_005,PROD_030,4,333.8,0.06,1255.09,credit,CUST_5035,Premium
TXN_202401_006471,2024-01-27,REG_07,STORE_021,EMP_007,PROD_008,5,177.95,0.08,818.57,mobile,CUST_4499,Premium
TXN_202401_006472,2024-01-02,REG_02,STORE_006,EMP_002,PROD_031,3,115.22,0.09,314.55,card,CUST_1966,Premium
TXN_202401_006473,2024-01-08,REG_03,STORE_007,EMP_014,PROD_020,5,174.45,0.14,750.13,mobile,CUST_8524,New
TXN_202401_006474,2024-01-13,REG_09,STORE_026,EMP_027,PROD_047,2,471.11,0.23,725.51,cash,CUST_5589,Premium
TXN_202401_006475,2024-01-22,REG_10,STORE_029,EMP_010,PROD_010,3,400.2,0.25,900.45,cash,CUST_6195,VIP
TXN_202401_006476,2024-01-26,REG_07,STORE_019,EMP_007,PROD_035,2,51.76,0.17,85.92,cash,CUST_6393,New
TXN_202401_006477,2024-01-14,REG_03,STORE_007,EMP_014,PROD_011,1,362.76,0.14,311.97,mobile,CUST_6305,Premium
TXN_202401_006478,2024-01-29,REG_08,STORE_022,EMP_012,PROD_008,4,16.31,0.21,51.54,cash,CUST_2413,VIP
TXN_202401_006479,2024-01-31,REG_10,STORE_030,EMP_028,PROD_029,2,124.03,0.15,210.85,card,CUST_5439,Regular
TXN_202401_006480,2024-01-16,REG_05,STORE_015,EMP_005,PROD_002,4,485.06,0.01,1920.84,card,CUST_8730,Premium
