transaction_id,date,region,store_id,employee_id,product_id,units,unit_price,discount,revenue,payment,customer_id,customer_segment
TXN_202512_017462,2025-12-05,REG_07,STORE_020,EMP_007,PROD_022,2,41.5,0.02,81.34,cash,CUST_5236,Premium
TXN_202512_017463,2025-12-26,REG_10,STORE_029,EMP_013,PROD_038,4,448.72,0.19,1453.85,card,CUST_5215,Regular
TXN_202512_017464,2025-12-28,REG_01,STORE_003,EMP_011,PROD_013,1,499.08,0.04,479.12,cash,CUST_7503,New
TXN_202512_017465,2025-12-17,REG_02,STORE_006,EMP_002,PROD_028,2,306.41,0.28,441.23,credit,CUST_7660,New
TXN_202512_017466,2025-12-21,REG_01,STORE_003,EMP_018,PROD_032,3,183.11,0.01,543.84,credit,CUST_5124,Premium
TXN_202512_017467,2025-12-03,REG_07,STORE_021,EMP_007,PROD_005,2,293.67,0.21,464.0,card,CUST_2060,New
TXN_202512_017468,2025-12-31,REG_03,STORE_007,EMP_014,PROD_047,3,355.39,0.14,916.91,card,CUST_9686,Regular
TXN_202512_017469,2025-12-19,REG_04,STORE_010,EMP_026,PROD_035,4,350.26,0.04,1345.0,cash,CUST_1567,New
TXN_202512_017470,2025-12-26,REG_10,STORE_030,EMP_020,PROD_015,2,452.07,0.05,858.93,cash,CUST_6663,Premium
TXN_202512_017471,2025-12-25,REG_04,STORE_010,EMP_004,PROD_034,3,292.32,0.09,798.03,card,CUST_6284,VIP
TXN_202512_017472,2025-12-06,REG_01,STORE_003,EMP_011,PROD_045,2,106.88,0.08,196.66,card,CUST_5104,VIP
TXN_202512_017473,2025-12-03,REG_01,STORE_001,EMP_011,PROD_049,4,371.2,0.03,1440.26,card,CUST_7173,Regular
TXN_202512_017474,2025-12-01,REG_05,STORE_013,EMP_005,PROD_044,4,26.45,0.1,95.22,credit,CUST_9802,VIP
TXN_202512_017475,2025-12-28,REG_09,STORE_027,EMP_009,PROD_041,4,141.91,0.0,567.64,mobile,CUST_6065,Premium
TXN_202512_017476,2025-12-30,REG_02,STORE_004,EMP_002,PROD_033,2,34.81,0.2,55.7,mobile,CUST_1660,New
TXN_202512_017477,2025-12-02,REG_05,STORE_014,EMP_021,PROD_007,1,430.51,0.03,417.59,card,CUST_7010,VIP
TXN_202512_017478,2025-12-03,REG_03,STORE_008,EMP_003,PROD_035,1,242.02,0.25,181.52,credit,CUST_8477,VIP
TXN_202512_017479,2025-12-04,REG_04,STORE_010,EMP_029,PROD_003,1,491.02,0.26,363.35,cash,CUST_1519,Regular
TXN_202512_017480,2025-12-17,REG_07,STORE_021,EMP_007,PROD_025,1,296.41,0.05,281.59,card,CUST_4157,New
TXN_202512_017481,2025-12-20,REG_06,STORE_016,EMP_006,PROD_043,4,298.62,0.14,1027.25,card,CUST_5353,Regular
TXN_202512_017482,2025-12-11,REG_10,STORE_029,EMP_013,PROD_033,5,60.2,0.23,231.77,credit,CUST_9744,VIP
TXN_202512_017483,2025-12-13,REG_06,STORE_017,EMP_006,PROD_041,1,483.56,0.28,348.16,cash,CUST_9056,Regular
TXN_202512_017484,2025-12-07,REG_10,STORE_030,EMP_017,PROD_015,4,230.63,0.12,811.82,mobile,CUST_9313,New
TXN_202512_017485,2025-12-07,REG_08,STORE_023,EMP_012,PROD_006,1,217.57,0.09,197.99,card,CUST_1108,New
TXN_202512_017486,2025-12-18,REG_05,STORE_013,EMP_021,PROD_033,5,465.04,0.22,1813.66,card,CUST_5285,VIP
TXN_202512_017487,2025-12-17,REG_09,STORE_025,EMP_025,PROD_012,3,171.45,0.03,498.92,cash,CUST_9803,New
TXN_202512_017488,2025-12-13,REG_08,STORE_023,EMP_008,PROD_009,3,315.27,0.09,860.69,credit,CUST_4994,New
TXN_202512_017489,2025-12-26,REG_03,STORE_008,EMP_014,PROD_016,5,335.87,0.29,1192.34,mobile,CUST_4832,New
TXN_202512_017490,2025-12-08,REG_04,STORE_010,EMP_029,PROD_040,3,420.57,0.05,1198.62,card,CUST_7688,Premium
TXN_202512_017491,2025-12-20,REG_07,STORE_021,EMP_007,PROD_018,1,422.61,0.25,316.96,credit,CUST_1069,New
TXN_202512_017492,2025-12-30,REG_05,STORE_013,EMP_021,PROD_017,4,377.53,0.01,1495.02,card,CUST_9687,New
TXN_202512_017493,2025-12-11,REG_03,STORE_009,EMP_014,PROD_005,4,207.63,0.23,639.5,mobile,CUST_9315,New
TXN_202512_017494,2025-12-26,REG_08,STORE_024,EMP_008,PROD_032,3,361.52,0.01,1073.71,cash,CUST_5711,Regular
TXN_202512_017495,2025-12-11,REG_02,STORE_006,EMP_002,PROD_037,2,404.13,0.05,767.85,credit,CUST_8499,VIP
TXN_202512_017496,2025-12-21,REG_01,STORE_003,EMP_011,PROD_022,1,273.44,0.11,243.36,cash,CUST_4867,Regular
TXN_202512_017497,2025-12-09,REG_02,STORE_006,EMP_002,PROD_010,1,77.57,0.26,57.4,mobile,CUST_6084,Premium
TXN_202512_017498,2025-12-07,REG_05,STORE_015,EMP_021,PROD_022,5,147.88,0.08,680.25,card,CUST_1649,Premium
TXN_202512_017499,2025-12-26,REG_07,STORE_021,EMP_007,PROD_041,2,443.47,0.22,691.81,cash,CUST_8776,Premium
TXN_202512_017500,2025-12-03,REG_05,STORE_014,EMP_021,PROD_042,5,23.94,0.14,102.94,mobile,CUST_7420,Premium
TXN_202512_017501,2025-12-05,REG_01,STORE_003,EMP_001,PROD_049,5,358.96,0.27,1310.2,credit,CUST_1329,New
TXN_202512_017502,2025-12-04,REG_09,STORE_027,EMP_022,PROD_033,2,202.91,0.1,365.24,credit,CUST_4334,New
TXN_202512_017503,2025-12-08,REG_02,STORE_004,EMP_002,PROD_025,1,32.46,0.17,26.94,cash,CUST_1728,Premium
TXN_202512_017504,2025-12-02,REG_08,STORE_024,EMP_012,PROD_031,5,375.64,0.24,1427.43,cash,CUST_6505,Regular
TXN_202512_017505,2025-12-20,REG_01,STORE_002,EMP_001,PROD_035,1,382.06,0.21,301.83,credit,CUST_7396,Regular
TXN_202512_017506,2025-12-26,REG_09,STORE_027,EMP_022,PROD_041,3,14.84,0.06,41.85,cash,CUST_4825,Regular
TXN_202512_017507,2025-12-29,REG_08,STORE_023,EMP_015,PROD_017,5,126.14,0.1,567.63,cash,CUST_5131,Premium
TXN_202512_017508,2025-12-01,REG_09,STORE_027,EMP_025,PROD_045,3,21.58,0.05,61.5,credit,CUST_1199,Premium
TXN_202512_017509,2025-12-29,REG_10,STORE_028,EMP_028,PROD_043,2,433.1,0.01,857.54,cash,CUST_5120,New
TXN_202512_017510,2025-12-06,REG_02,STORE_005,EMP_002,PROD_004,3,156.87,0.07,437.67,credit,CUST_7364,VIP
TXN_202512_017511,2025-12-30,REG_05,STORE_014,EMP_021,PROD_044,4,42.71,0.07,158.88,card,CUST_8250,Premium
TXN_202512_017512,2025-12-13,REG_06,STORE_018,EMP_006,PROD_012,2,247.84,0.2,396.54,credit,CUST_4098,New
TXN_202512_017513,2025-12-28,REG_06,STORE_016,EMP_006,PROD_030,4,251.67,0.05,956.35,credit,CUST_5396,VIP
TXN_202512_017514,2025-12-31,REG_02,STORE_006,EMP_002,PROD_025,2,165.62,0.03,321.3,cash,CUST_8620,Regular
TXN_202512_017515,2025-12-08,REG_05,STORE_015,EMP_005,PROD_019,4,21.79,0.17,72.34,mobile,CUST_6097,VIP
TXN_202512_017516,2025-12-13,REG_07,STORE_020,EMP_007,PROD_039,4,158.14,0.09,575.63,mobile,CUST_7135,Regular
TXN_202512_017517,2025-12-15,REG_09,STORE_025,EMP_025,PROD_016,4,113.78,0.13,395.95,card,CUST_8450,Premium
TXN_202512_017518,2025-12-11,REG_06,STORE_017,EMP_006,PROD_039,4,275.9,0.1,993.24,mobile,CUST_7371,New
TXN_202512_017519,2025-12-15,REG_10,STORE_030,EMP_017,PROD_009,1,38.97,0.12,34.29,credit,CUST_3034,Regular
TXN_202512_017520,2025-12-31,REG_06,STORE_018,EMP_006,PROD_043,3,189.37,0.23,437.44,cash,CUST_4272,New
TXN_202512_017521,2025-12-22,REG_10,STORE_029,EMP_028,PROD_031,2,150.23,0.17,249.38,cash,CUST_3549,Premium
TXN_202512_017522,2025-12-16,REG_06,STORE_016,EMP_006,PROD_003,2,143.11,0.21,226.11,credit,CUST_6681,Premium
TXN_202512_017523,2025-12-12,REG_04,STORE_010,EMP_016,PROD_028,3,163.77,0.06,461.83,card,CUST_1758,Premium
TXN_202512_017524,2025-12-20,REG_07,STORE_019,EMP_007,PROD_011,4,414.61,0.06,1558.93,card,CUST_4480,Regular
TXN_202512_017525,2025-12-15,REG_01,STORE_002,EMP_019,PROD_029,1,345.93,0.16,290.58,cash,CUST_2111,New
TXN_202512_017526,2025-12-12,REG_02,STORE_006,EMP_002,PROD_032,4,57.18,0.21,180.69,card,CUST_3499,New
TXN_202512_017527,2025-12-07,REG_06,STORE_017,EMP_006,PROD_010,4,210.82,0.26,624.03,card,CUST_8490,Premium
TXN_202512_017528,2025-12-12,REG_07,STORE_019,EMP_007,PROD_026,2,180.19,0.26,266.68,cash,CUST_5428,New
TXN_202512_017529,2025-12-27,REG_08,STORE_024,EMP_008,PROD_024,4,265.39,0.1,955.4,cash,CUST_9148,New
TXN_202512_017530,2025-12-02,REG_01,STORE_003,EMP_019,PROD_001,2,134.51,0.18,220.6,credit,CUST_3058,Premium
TXN_202512_017531,2025-12-02,REG_02,STORE_005,EMP_002,PROD_046,2,493.28,0.27,720.19,card,CUST_5953,Premium
TXN_202512_017532,2025-12-12,REG_07,STORE_019,EMP_007,PROD_038,5,220.4,0.29,782.42,mobile,CUST_7750,Premium
TXN_202512_017533,2025-12-15,REG_05,STORE_015,EMP_005,PROD_009,1,185.63,0.18,152.22,cash,CUST_9063,Regular
TXN_202512_017534,2025-12-30,REG_04,STORE_010,EMP_004,PROD_018,1,100.96,0.23,77.74,credit,CUST_7132,New
TXN_202512_017535,2025-12-20,REG_06,STORE_016,EMP_006,PROD_041,4,321.61,0.13,1119.2,card,CUST_1893,VIP
TXN_202512_017536,2025-12-30,REG_03,STORE_009,EMP_003,PROD_028,5,375.82,0.02,1841.52,cash,CUST_5612,VIP
TXN_202512_017537,2025-12-28,REG_09,STORE_026,EMP_025,PROD_003,2,78.22,0.22,122.02,card,CUST_5872,Regular
TXN_202512_017538,2025-12-07,REG_07,STORE_020,EMP_007,PROD_028,3,268.56,0.17,668.71,card,CUST_2139,New
TXN_202512_017539,2025-12-15,REG_09,STORE_026,EMP_025,PROD_028,5,189.94,0.1,854.73,credit,CUST_2621,Regular
TXN_202512_017540,2025-12-31,REG_01,STORE_001,EMP_019,PROD_031,5,461.16,0.19,1867.7,cash,CUST_3189,Regular
TXN_202512_017541,2025-12-13,REG_08,STORE_022,EMP_012,PROD_018,3,158.99,0.01,472.2,credit,CUST_1684,Premium
TXN_202512_017542,2025-12-26,REG_01,STORE_002,EMP_001,PROD_008,1,130.22,0.17,108.08,mobile,CUST_1311,Regular
TXN_202512_017543,2025-12-28,REG_01,STORE_003,EMP_001,PROD_042,4,102.83,0.13,357.85,cash,CUST_4430,VIP
TXN_202512_017544,2025-12-24,REG_07,STORE_019,EMP_007,PROD_049,2,69.78,0.07,129.79,credit,CUST_6874,New
TXN_202512_017545,2025-12-18,REG_09,STORE_027,EMP_027,PROD_037,2,211.73,0.06,398.05,card,CUST_5436,Regular
TXN_202512_017546,2025-12-07,REG_10,STORE_030,EMP_010,PROD_008,4,490.63,0.28,1413.01,mobile,CUST_5415,New
TXN_202512_017547,2025-12-06,REG_05,STORE_013,EMP_005,PROD_006,1,486.04,0.29,345.09,credit,CUST_1587,Regular
TXN_202512_017548,2025-12-02,REG_02,STORE_006,EMP_002,PROD_048,1,103.39,0.08,95.12,card,CUST_7714,VIP
TXN_202512_017549,2025-12-27,REG_04,STORE_011,EMP_024,PROD_007,1,469.2,0.19,380.05,card,CUST_5824,Regular
TXN_202512_017550,2025-12-19,REG_01,STORE_001,EMP_018,PROD_029,4,258.84,0.17,859.35,credit,CUST_5637,New
TXN_202512_017551,2025-12-14,REG_04,STORE_011,EMP_026,PROD_018,1,161.34,0.2,129.07,card,CUST_6775,Premium
TXN_202512_017552,2025-12-06,REG_01,STORE_002,EMP_019,PROD_037,4,476.35,0.18,1562.43,card,CUST_6112,Premium
TXN_202512_017553,2025-12-30,REG_05,STORE_015,EMP_005,PROD_001,5,111.88,0.07,520.24,card,CUST_7570,Premium
TXN_202512_017554,2025-12-12,REG_09,STORE_025,EMP_025,PROD_019,5,89.76,0.14,385.97,mobile,CUST_3831,VIP
TXN_202512_017555,2025-12-21,REG_06,STORE_017,EMP_006,PROD_030,2,325.26,0.06,611.49,cash,CUST_6843,Regular
TXN_202512_017556,2025-12-17,REG_08,STORE_022,EMP_012,PROD_004,4,400.38,0.15,1361.29,credit,CUST_5053,Regular
TXN_202512_017557,2025-12-15,REG_07,STORE_020,EMP_007,PROD_032,5,478.8,0.05,2274.3,cash,CUST_4735,VIP
TXN_202512_017558,2025-12-09,REG_10,STORE_029,EMP_010,PROD_029,3,156.5,0.25,352.12,card,CUST_5559,Premium
TXN_202512_017559,2025-12-02,REG_05,STORE_015,EMP_021,PROD_030,1,219.19,0.21,173.16,cash,CUST_9807,VIP
TXN_202512_017560,2025-12-24,REG_10,STORE_029,EMP_017,PROD_042,1,276.5,0.13,240.56,credit,CUST_3026,New
TXN_202512_017561,2025-12-26,REG_01,STORE_003,EMP_019,PROD_005,1,380.42,0.07,353.79,card,CUST_7843,VIP
TXN_202512_017562,2025-12-28,REG_05,STORE_015,EMP_021,PROD_029,3,355.28,0.1,959.26,card,CUST_5208,New
TXN_202512_017563,2025-12-15,REG_08,STORE_024,EMP_008,PROD_023,1,349.22,0.05,331.76,card,CUST_4526,VIP
TXN_202512_017564,2025-12-14,REG_07,STORE_020,EMP_007,PROD_018,1,178.0,0.05,169.1,cash,CUST_3527,Regular
TXN_202512_017565,2025-12-21,REG_09,STORE_027,EMP_025,PROD_043,2,89.29,0.01,176.79,credit,CUST_4512,Regular
TXN_202512_017566,2025-12-30,REG_03,STORE_007,EMP_014,PROD_041,1,367.64,0.06,345.58,mobile,CUST_4290,Regular
TXN_202512_017567,2025-12-30,REG_03,STORE_007,EMP_014,PROD_041,2,480.74,0.02,942.25,cash,CUST_7285,New
TXN_202512_017568,2025-12-30,REG_05,STORE_013,EMP_005,PROD_050,5,151.64,0.24,576.23,credit,CUST_2701,VIP
TXN_202512_017569,2025-12-20,REG_05,STORE_014,EMP_005,PROD_019,4,285.45,0.21,902.02,cash,CUST_6185,Premium
TXN_202512_017570,2025-12-12,REG_08,STORE_023,EMP_015,PROD_040,5,245.8,0.26,909.46,credit,CUST_2929,VIP
TXN_202512_017571,2025-12-04,REG_10,STORE_029,EMP_017,PROD_049,5,148.13,0.23,570.3,card,CUST_7921,Premium
TXN_202512_017572,2025-12-23,REG_09,STORE_025,EMP_009,PROD_043,5,118.7,0.06,557.89,card,CUST_7846,VIP
TXN_202512_017573,2025-12-06,REG_07,STORE_021,EMP_007,PROD_016,1,99.27,0.25,74.45,credit,CUST_4302,New
TXN_202512_017574,2025-12-23,REG_06,STORE_018,EMP_006,PROD_010,3,364.55,0.2,874.92,credit,CUST_9323,New
TXN_202512_017575,2025-12-19,REG_09,STORE_027,EMP_025,PROD_031,4,360.46,0.06,1355.33,cash,CUST_6586,New
TXN_202512_017576,2025-12-12,REG_01,STORE_001,EMP_019,PROD_003,5,354.34,0.24,1346.49,cash,CUST_2009,Premium
TXN_202512_017577,2025-12-30,REG_05,STORE_015,EMP_021,PROD_042,1,430.17,0.14,369.95,credit,CUST_4847,New
TXN_202512_017578,2025-12-19,REG_08,STORE_023,EMP_008,PROD_016,3,302.95,0.28,654.37,credit,CUST_6462,VIP
TXN_202512_017579,2025-12-09,REG_07,STORE_020,EMP_007,PROD_002,4,173.64,0.22,541.76,credit,CUST_7314,VIP
TXN_202512_017580,2025-12-01,REG_05,STORE_014,EMP_005,PROD_031,2,365.03,0.06,686.26,mobile,CUST_5748,Premium
TXN_202512_017581,2025-12-20,REG_02,STORE_006,EMP_002,PROD_002,4,162.63,0.01,644.01,cash,CUST_7709,New
TXN_202512_017582,2025-12-30,REG_05,STORE_013,EMP_021,PROD_036,2,90.48,0.18,148.39,card,CUST_2431,New
TXN_202512_017583,2025-12-01,REG_04,STORE_010,EMP_024,PROD_029,5,66.88,0.26,247.46,mobile,CUST_8370,VIP
TXN_202512_017584,2025-12-18,REG_05,STORE_015,EMP_005,PROD_018,1,298.43,0.25,223.82,credit,CUST_9558,VIP
TXN_202512_017585,2025-12-16,REG_08,STORE_022,EMP_015,PROD_035,1,128.66,0.24,97.78,cash,CUST_1978,VIP
TXN_202512_017586,2025-12-20,REG_10,STORE_030,EMP_020,PROD_013,2,44.48,0.16,74.73,credit,CUST_4809,Regular
TXN_202512_017587,2025-12-14,REG_07,STORE_021,EMP_007,PROD_041,4,43.7,0.12,153.82,card,CUST_1070,Premium
TXN_202512_017588,2025-12-15,REG_05,STORE_013,EMP_005,PROD_040,4,379.1,0.07,1410.25,mobile,CUST_4995,Regular
TXN_202512_017589,2025-12-28,REG_05,STORE_013,EMP_021,PROD_046,4,479.31,0.2,1533.79,credit,CUST_7542,Premium
TXN_202512_017590,2025-12-03,REG_08,STORE_023,EMP_008,PROD_045,3,493.06,0.04,1420.01,cash,CUST_5103,Regular
TXN_202512_017591,2025-12-15,REG_07,STORE_019,EMP_007,PROD_049,4,120.87,0.04,464.14,mobile,CUST_2527,Premium
TXN_202512_017592,2025-12-01,REG_03,STORE_008,EMP_014,PROD_002,1,257.32,0.15,218.72,cash,CUST_2957,VIP
TXN_202512_017593,2025-12-14,REG_03,STORE_008,EMP_014,PROD_031,1,59.92,0.1,53.93,card,CUST_5702,Regular
TXN_202512_017594,2025-12-17,REG_08,STORE_023,EMP_012,PROD_003,3,320.04,0.2,768.1,mobile,CUST_2106,Premium
TXN_202512_017595,2025-12-16,REG_08,STORE_022,EMP_008,PROD_042,4,279.12,0.3,781.54,card,CUST_8670,Regular
TXN_202512_017596,2025-12-29,REG_10,STORE_030,EMP_013,PROD_029,2,496.58,0.07,923.64,mobile,CUST_9947,VIP
TXN_202512_017597,2025-12-06,REG_01,STORE_001,EMP_011,PROD_017,4,471.25,0.24,1432.6,card,CUST_7512,New
TXN_202512_017598,2025-12-06,REG_03,STORE_008,EMP_014,PROD_001,4,113.1,0.23,348.35,mobile,CUST_4035,VIP
TXN_202512_017599,2025-12-04,REG_02,STORE_006,EMP_002,PROD_015,3,19.26,0.1,52.0,credit,CUST_1248,Premium
TXN_202512_017600,2025-12-01,REG_01,STORE_003,EMP_018,PROD_031,1,33.93,0.15,28.84,mobile,CUST_8511,Regular
TXN_202512_017601,2025-12-16,REG_06,STORE_016,EMP_006,PROD_041,1,484.9,0.18,397.62,mobile,CUST_9267,Premium
TXN_202512_017602,2025-12-16,REG_01,STORE_002,EMP_011,PROD_028,2,367.11,0.11,653.46,mobile,CUST_8732,Regular
TXN_202512_017603,2025-12-31,REG_02,STORE_004,EMP_002,PROD_034,5,260.05,0.04,1248.24,card,CUST_3479,VIP
TXN_202512_017604,2025-12-16,REG_08,STORE_024,EMP_012,PROD_006,2,475.03,0.1,855.05,cash,CUST_6960,VIP
TXN_202512_017605,2025-12-23,REG_05,STORE_014,EMP_005,PROD_050,2,490.92,0.07,913.11,credit,CUST_6862,Regular
TXN_202512_017606,2025-12-12,REG_07,STORE_021,EMP_007,PROD_005,1,409.13,0.09,372.31,credit,CUST_2535,Regular
TXN_202512_017607,2025-12-20,REG_07,STORE_020,EMP_007,PROD_035,5,296.16,0.04,1421.57,credit,CUST_6062,Premium
TXN_202512_017608,2025-12-21,REG_04,STORE_010,EMP_026,PROD_008,4,184.04,0.15,625.74,credit,CUST_9497,Regular
TXN_202512_017609,2025-12-11,REG_10,STORE_029,EMP_028,PROD_032,5,247.1,0.26,914.27,mobile,CUST_6486,Regular
TXN_202512_017610,2025-12-08,REG_09,STORE_027,EMP_025,PROD_026,2,41.79,0.09,76.06,cash,CUST_5144,Regular
TXN_202512_017611,2025-12-30,REG_01,STORE_003,EMP_018,PROD_018,1,360.85,0.01,357.24,credit,CUST_3494,VIP
TXN_202512_017612,2025-12-17,REG_07,STORE_019,EMP_007,PROD_011,4,57.97,0.11,206.37,mobile,CUST_4013,Premium
TXN_202512_017613,2025-12-26,REG_04,STORE_012,EMP_024,PROD_046,2,93.52,0.02,183.3,cash,CUST_2019,Regular
TXN_202512_017614,2025-12-27,REG_02,STORE_006,EMP_002,PROD_028,5,467.26,0.22,1822.31,credit,CUST_8711,Regular
TXN_202512_017615,2025-12-27,REG_10,STORE_029,EMP_020,PROD_032,3,305.43,0.21,723.87,card,CUST_6598,New
TXN_202512_017616,2025-12-13,REG_02,STORE_004,EMP_002,PROD_019,3,449.91,0.25,1012.3,cash,CUST_4746,Premium
TXN_202512_017617,2025-12-11,REG_10,STORE_028,EMP_013,PROD_043,3,187.79,0.15,478.86,mobile,CUST_2857,Premium
TXN_202512_017618,2025-12-10,REG_10,STORE_030,EMP_010,PROD_028,4,117.01,0.2,374.43,cash,CUST_2462,VIP
TXN_202512_017619,2025-12-18,REG_10,STORE_029,EMP_020,PROD_018,5,220.25,0.28,792.9,credit,CUST_9491,New
TXN_202512_017620,2025-12-13,REG_09,STORE_027,EMP_022,PROD_038,3,222.37,0.09,607.07,card,CUST_9939,New
TXN_202512_017621,2025-12-20,REG_10,STORE_029,EMP_010,PROD_012,2,463.85,0.06,872.04,cash,CUST_9193,Premium
TXN_202512_017622,2025-12-01,REG_03,STORE_008,EMP_003,PROD_037,3,185.41,0.29,394.92,mobile,CUST_4425,New
TXN_202512_017623,2025-12-04,REG_05,STORE_014,EMP_021,PROD_011,5,264.6,0.28,952.56,mobile,CUST_3371,VIP
TXN_202512_017624,2025-12-06,REG_03,STORE_008,EMP_003,PROD_018,4,499.98,0.11,1779.93,mobile,CUST_9390,New
TXN_202512_017625,2025-12-18,REG_06,STORE_018,EMP_006,PROD_028,4,342.46,0.16,1150.67,credit,CUST_6373,Regular
TXN_202512_017626,2025-12-19,REG_07,STORE_021,EMP_007,PROD_032,2,242.2,0.21,382.68,cash,CUST_6753,Premium
TXN_202512_017627,2025-12-15,REG_04,STORE_011,EMP_016,PROD_004,3,154.99,0.14,399.87,cash,CUST_3735,VIP
TXN_202512_017628,2025-12-13,REG_01,STORE_001,EMP_001,PROD_020,4,195.29,0.04,749.91,card,CUST_4180,VIP
TXN_202512_017629,2025-12-05,REG_09,STORE_025,EMP_022,PROD_038,5,307.61,0.25,1153.54,credit,CUST_2883,New
TXN_202512_017630,2025-12-26,REG_06,STORE_016,EMP_006,PROD_049,2,103.35,0.16,173.63,credit,CUST_3191,Regular
TXN_202512_017631,2025-12-23,REG_10,STORE_029,EMP_010,PROD_006,2,51.54,0.17,85.56,card,CUST_7701,New
TXN_202512_017632,2025-12-28,REG_04,STORE_010,EMP_004,PROD_035,2,161.35,0.04,309.79,credit,CUST_4302,VIP
TXN_202512_017633,2025-12-12,REG_01,STORE_003,EMP_011,PROD_033,2,81.13,0.07,150.9,card,CUST_9763,Regular
TXN_202512_017634,2025-12-01,REG_10,STORE_028,EMP_020,PROD_021,3,369.05,0.24,841.43,credit,CUST_3608,VIP
TXN_202512_017635,2025-12-31,REG_01,STORE_001,EMP_011,PROD_024,1,10.83,0.19,8.77,cash,CUST_1079,VIP
TXN_202512_017636,2025-12-11,REG_03,STORE_009,EMP_003,PROD_021,2,414.09,0.04,795.05,credit,CUST_4279,New
TXN_202512_017637,2025-12-13,REG_05,STORE_014,EMP_021,PROD_003,2,39.67,0.07,73.79,cash,CUST_2222,Regular
TXN_202512_017638,2025-12-29,REG_09,STORE_025,EMP_022,PROD_040,5,339.33,0.08,1560.92,card,CUST_6926,VIP
TXN_202512_017639,2025-12-12,REG_01,STORE_003,EMP_018,PROD_029,4,394.24,0.01,1561.19,card,CUST_9820,New
TXN_202512_017640,2025-12-07,REG_10,STORE_028,EMP_028,PROD_016,1,48.78,0.21,38.54,mobile,CUST_5430,New
TXN_202512_017641,2025-12-01,REG_05,STORE_013,EMP_021,PROD_010,2,179.99,0.2,287.98,mobile,CUST_1122,Regular
TXN_202512_017642,2025-12-21,REG_02,STORE_004,EMP_002,PROD_043,3,364.01,0.08,1004.67,credit,CUST_6161,VIP
TXN_202512_017643,2025-12-27,REG_07,STORE_020,EMP_007,PROD_002,1,218.29,0.25,163.72,credit,CUST_9681,VIP
TXN_202512_017644,2025-12-14,REG_10,STORE_030,EMP_028,PROD_007,5,470.07,0.19,1903.78,credit,CUST_6642,VIP
TXN_202512_017645,2025-12-21,REG_06,STORE_018,EMP_006,PROD_008,3,165.65,0.08,457.19,cash,CUST_9742,New
TXN_202512_017646,2025-12-30,REG_06,STORE_017,EMP_006,PROD_008,4,264.54,0.15,899.44,credit,CUST_1872,New
TXN_202512_017647,2025-12-20,REG_03,STORE_009,EMP_014,PROD_031,2,252.75,0.29,358.9,cash,CUST_2926,Regular
TXN_202512_017648,2025-12-30,REG_06,STORE_016,EMP_006,PROD_035,2,268.87,0.04,516.23,mobile,CUST_9417,Regular
TXN_202512_017649,2025-12-16,REG_05,STORE_015,EMP_021,PROD_027,3,298.95,0.28,645.73,cash,CUST_3369,Premium
TXN_202512_017650,2025-12-22,REG_09,STORE_025,EMP_022,PROD_041,2,109.78,0.05,208.58,credit,CUST_5013,New
TXN_202512_017651,2025-12-02,REG_05,STORE_015,EMP_005,PROD_030,5,210.27,0.13,914.67,mobile,CUST_7624,Premium
TXN_202512_017652,2025-12-09,REG_02,STORE_006,EMP_002,PROD_008,1,323.83,0.0,323.83,cash,CUST_4036,Regular
TXN_202512_017653,2025-12-07,REG_03,STORE_008,EMP_014,PROD_048,4,261.57,0.12,920.73,card,CUST_4575,New
TXN_202512_017654,2025-12-25,REG_03,STORE_009,EMP_003,PROD_045,4,454.53,0.23,1399.95,cash,CUST_1314,Premium
TXN_202512_017655,2025-12-18,REG_06,STORE_017,EMP_006,PROD_015,4,23.15,0.14,79.64,cash,CUST_7756,Regular
TXN_202512_017656,2025-12-10,REG_07,STORE_020,EMP_007,PROD_020,2,246.38,0.1,443.48,cash,CUST_8375,New
TXN_202512_017657,2025-12-01,REG_04,STORE_011,EMP_030,PROD_034,5,434.93,0.15,1848.45,card,CUST_6022,Premium
TXN_202512_017658,2025-12-06,REG_03,STORE_009,EMP_014,PROD_001,5,352.95,0.07,1641.22,card,CUST_7834,Premium
TXN_202512_017659,2025-12-05,REG_10,STORE_028,EMP_013,PROD_022,5,487.98,0.25,1829.93,cash,CUST_8968,Premium
TXN_202512_017660,2025-12-15,REG_10,STORE_028,EMP_013,PROD_022,4,246.81,0.26,730.56,credit,CUST_7121,VIP
TXN_202512_017661,2025-12-20,REG_03,STORE_009,EMP_014,PROD_046,5,23.22,0.2,92.88,cash,CUST_2884,VIP
TXN_202512_017662,2025-12-24,REG_04,STORE_010,EMP_026,PROD_027,2,154.34,0.03,299.42,cash,CUST_3047,Regular
TXN_202512_017663,2025-12-07,REG_07,STORE_019,EMP_007,PROD_011,1,256.62,0.01,254.05,card,CUST_5582,Premium
TXN_202512_017664,2025-12-16,REG_10,STORE_028,EMP_013,PROD_003,4,391.47,0.22,1221.39,mobile,CUST_8598,Premium
TXN_202512_017665,2025-12-30,REG_05,STORE_015,EMP_021,PROD_050,5,436.28,0.17,1810.56,mobile,CUST_1589,VIP
TXN_202512_017666,2025-12-24,REG_02,STORE_004,EMP_002,PROD_008,3,487.65,0.17,1214.25,credit,CUST_3308,VIP
TXN_202512_017667,2025-12-13,REG_06,STORE_016,EMP_006,PROD_019,1,306.92,0.06,288.5,cash,CUST_9204,New
TXN_202512_017668,2025-12-05,REG_08,STORE_022,EMP_008,PROD_050,5,361.13,0.2,1444.52,cash,CUST_8704,Regular
TXN_202512_017669,2025-12-08,REG_05,STORE_015,EMP_005,PROD_038,4,379.18,0.1,1365.05,cash,CUST_7930,Regular
TXN_202512_017670,2025-12-18,REG_02,STORE_006,EMP_002,PROD_009,4,348.45,0.06,1310.17,credit,CUST_5800,Regular
TXN_202512_017671,2025-12-12,REG_06,STORE_018,EMP_006,PROD_047,1,96.69,0.17,80.25,mobile,CUST_6793,New
TXN_202512_017672,2025-12-05,REG_04,STORE_010,EMP_029,PROD_014,3,399.85,0.26,887.67,card,CUST_9846,Premium
TXN_202512_017673,2025-12-02,REG_09,STORE_025,EMP_022,PROD_004,1,383.94,0.05,364.74,card,CUST_1266,New
TXN_202512_017674,2025-12-05,REG_03,STORE_009,EMP_003,PROD_025,4,453.83,0.24,1379.64,mobile,CUST_8505,Premium
TXN_202512_017675,2025-12-25,REG_10,STORE_030,EMP_028,PROD_021,1,330.31,0.21,260.94,cash,CUST_9975,VIP
TXN_202512_017676,2025-12-08,REG_02,STORE_004,EMP_002,PROD_006,3,496.38,0.28,1072.18,credit,CUST_3016,Regular
TXN_202512_017677,2025-12-30,REG_03,STORE_009,EMP_014,PROD_004,1,306.43,0.07,284.98,credit,CUST_8509,Regular
TXN_202512_017678,2025-12-29,REG_10,STORE_029,EMP_010,PROD_008,2,435.6,0.11,775.37,cash,CUST_6448,New
TXN_202512_017679,2025-12-13,REG_09,STORE_025,EMP_022,PROD_016,4,435.2,0.16,1462.27,card,CUST_7977,New
TXN_202512_017680,2025-12-12,REG_10,STORE_030,EMP_010,PROD_050,1,99.42,0.19,80.53,credit,CUST_1838,New
TXN_202512_017681,2025-12-08,REG_08,STORE_024,EMP_015,PROD_047,3,362.49,0.05,1033.1,card,CUST_8325,VIP
TXN_202512_017682,2025-12-07,REG_05,STORE_015,EMP_005,PROD_001,5,472.29,0.11,2101.69,mobile,CUST_1445,Regular
TXN_202512_017683,2025-12-25,REG_01,STORE_001,EMP_018,PROD_024,3,412.84,0.23,953.66,mobile,CUST_2134,New
TXN_202512_017684,2025-12-02,REG_09,STORE_025,EMP_025,PROD_008,5,454.66,0.29,1614.04,credit,CUST_7346,Premium
TXN_202512_017685,2025-12-04,REG_03,STORE_008,EMP_003,PROD_046,2,309.34,0.02,606.31,card,CUST_6318,Regular
TXN_202512_017686,2025-12-25,REG_08,STORE_022,EMP_015,PROD_022,4,19.54,0.19,63.31,card,CUST_8264,New
TXN_202512_017687,2025-12-22,REG_02,STORE_004,EMP_002,PROD_028,5,36.68,0.08,168.73,credit,CUST_4108,Regular
TXN_202512_017688,2025-12-13,REG_04,STORE_012,EMP_016,PROD_007,5,164.85,0.12,725.34,card,CUST_4195,VIP
TXN_202512_017689,2025-12-19,REG_05,STORE_013,EMP_005,PROD_025,3,358.29,0.12,945.89,card,CUST_9079,Regular
TXN_202512_017690,2025-12-18,REG_07,STORE_021,EMP_007,PROD_028,4,265.24,0.1,954.86,credit,CUST_5653,VIP
TXN_202512_017691,2025-12-28,REG_04,STORE_011,EMP_030,PROD_030,3,265.61,0.16,669.34,card,CUST_9061,Regular
TXN_202512_017692,2025-12-29,REG_02,STORE_004,EMP_002,PROD_030,5,489.95,0.26,1812.82,card,CUST_5626,New
TXN_202512_017693,2025-12-25,REG_04,STORE_011,EMP_026,PROD_009,2,35.05,0.02,68.7,card,CUST_7312,Regular
TXN_202512_017694,2025-12-01,REG_03,STORE_007,EMP_014,PROD_036,5,145.68,0.13,633.71,credit,CUST_9399,New
TXN_202512_017695,2025-12-30,REG_02,STORE_006,EMP_002,PROD_002,4,118.61,0.3,332.11,credit,CUST_4695,New
TXN_202512_017696,2025-12-01,REG_06,STORE_017,EMP_006,PROD_032,2,351.88,0.22,548.93,card,CUST_1351,VIP
TXN_202512_017697,2025-12-11,REG_08,STORE_023,EMP_023,PROD_011,1,38.37,0.22,29.93,credit,CUST_5877,New
TXN_202512_017698,2025-12-02,REG_09,STORE_027,EMP_027,PROD_041,1,398.67,0.03,386.71,mobile,CUST_5738,New
TXN_202512_017699,2025-12-18,REG_01,STORE_002,EMP_018,PROD_040,2,90.54,0.01,179.27,card,CUST_1230,New
TXN_202512_017700,2025-12-26,REG_08,STORE_022,EMP_008,PROD_036,1,233.27,0.3,163.29,cash,CUST_3433,Regular
TXN_202512_017701,2025-12-24,REG_03,STORE_009,EMP_003,PROD_048,5,239.89,0.27,875.6,mobile,CUST_1493,New
TXN_202512_017702,2025-12-23,REG_08,STORE_024,EMP_008,PROD_049,3,408.14,0.03,1187.69,credit,CUST_4110,VIP
TXN_202512_017703,2025-12-28,REG_09,STORE_027,EMP_025,PROD_023,5,157.64,0.23,606.91,card,CUST_7562,VIP
TXN_202512_017704,2025-12-04,REG_02,STORE_004,EMP_002,PROD_036,4,361.57,0.27,1055.78,cash,CUST_2352,New
TXN_202512_017705,2025-12-24,REG_03,STORE_007,EMP_014,PROD_005,1,226.89,0.11,201.93,card,CUST_5886,New
TXN_202512_017706,2025-12-24,REG_07,STORE_020,EMP_007,PROD_004,2,165.54,0.04,317.84,cash,CUST_2884,New
TXN_202512_017707,2025-12-19,REG_02,STORE_004,EMP_002,PROD_018,1,14.17,0.02,13.89,cash,CUST_1894,Regular
TXN_202512_017708,2025-12-06,REG_04,STORE_012,EMP_004,PROD_018,3,76.54,0.2,183.7,credit,CUST_8685,Regular
TXN_202512_017709,2025-12-20,REG_07,STORE_021,EMP_007,PROD_015,2,168.79,0.05,320.7,card,CUST_9604,Premium
TXN_202512_017710,2025-12-29,REG_06,STORE_017,EMP_006,PROD_029,4,98.47,0.04,378.12,credit,CUST_4660,Premium
TXN_202512_017711,2025-12-27,REG_05,STORE_015,EMP_021,PROD_035,2,92.69,0.06,174.26,cash,CUST_9855,Premium
TXN_202512_017712,2025-12-03,REG_06,STORE_016,EMP_006,PROD_050,4,186.95,0.07,695.45,credit,CUST_5044,Regular
TXN_202512_017713,2025-12-10,REG_05,STORE_015,EMP_021,PROD_032,3,417.32,0.1,1126.76,credit,CUST_4107,New
TXN_202512_017714,2025-12-22,REG_10,STORE_028,EMP_017,PROD_041,2,482.57,0.19,781.76,card,CUST_6821,VIP
TXN_202512_017715,2025-12-06,REG_04,STORE_010,EMP_029,PROD_016,4,152.12,0.25,456.36,cash,CUST_2851,Premium
TXN_202512_017716,2025-12-07,REG_04,STORE_011,EMP_016,PROD_045,4,14.53,0.15,49.4,credit,CUST_4635,New
TXN_202512_017717,2025-12-12,REG_10,STORE_029,EMP_020,PROD_034,4,246.66,0.03,957.04,card,CUST_5464,VIP
TXN_202512_017718,2025-12-29,REG_10,STORE_028,EMP_020,PROD_049,2,258.48,0.13,449.76,mobile,CUST_5844,New
TXN_202512_017719,2025-12-01,REG_06,STORE_016,EMP_006,PROD_031,5,296.75,0.09,1350.21,cash,CUST_6664,New
TXN_202512_017720,2025-12-02,REG_05,STORE_014,EMP_021,PROD_041,5,388.58,0.12,1709.75,card,CUST_1171,New
TXN_202512_017721,2025-12-06,REG_08,STORE_022,EMP_012,PROD_007,1,167.46,0.0,167.46,card,CUST_1181,VIP
TXN_202512_017722,2025-12-13,REG_09,STORE_025,EMP_027,PROD_005,3,130.09,0.03,378.56,card,CUST_8761,Premium
TXN_202512_017723,2025-12-03,REG_05,STORE_015,EMP_005,PROD_020,3,128.66,0.26,285.63,mobile,CUST_1524,VIP
TXN_202512_017724,2025-12-20,REG_10,STORE_029,EMP_017,PROD_035,1,454.19,0.14,390.6,credit,CUST_1005,Regular
TXN_202512_017725,2025-12-02,REG_07,STORE_019,EMP_007,PROD_001,1,362.15,0.16,304.21,cash,CUST_2891,VIP
TXN_202512_017726,2025-12-14,REG_09,STORE_026,EMP_025,PROD_023,1,180.45,0.09,164.21,card,CUST_3585,VIP
TXN_202512_017727,2025-12-02,REG_03,STORE_008,EMP_014,PROD_032,1,171.84,0.05,163.25,cash,CUST_7972,Premium
TXN_202512_017728,2025-12-20,REG_06,STORE_018,EMP_006,PROD_004,1,71.97,0.26,53.26,credit,CUST_5512,Regular
TXN_202512_017729,2025-12-06,REG_03,STORE_009,EMP_003,PROD_005,5,146.64,0.09,667.21,card,CUST_2464,VIP
TXN_202512_017730,2025-12-08,REG_01,STORE_001,EMP_011,PROD_027,1,115.1,0.16,96.68,card,CUST_2131,VIP
TXN_202512_017731,2025-12-21,REG_01,STORE_002,EMP_011,PROD_046,4,325.96,0.0,1303.84,card,CUST_1492,VIP
TXN_202512_017732,2025-12-16,REG_06,STORE_016,EMP_006,PROD_041,2,370.23,0.1,666.41,cash,CUST_8946,VIP
TXN_202512_017733,2025-12-24,REG_04,STORE_010,EMP_026,PROD_027,1,29.17,0.13,25.38,credit,CUST_4592,New
TXN_202512_017734,2025-12-15,REG_05,STORE_015,EMP_005,PROD_009,4,269.62,0.16,905.92,mobile,CUST_8498,New
TXN_202512_017735,2025-12-24,REG_07,STORE_021,EMP_007,PROD_007,1,455.0,0.17,377.65,credit,CUST_1361,VIP
TXN_202512_017736,2025-12-13,REG_10,STORE_030,EMP_020,PROD_044,3,178.87,0.1,482.95,cash,CUST_9978,New
TXN_202512_017737,2025-12-23,REG_08,STORE_024,EMP_012,PROD_044,4,184.53,0.23,568.35,cash,CUST_6737,VIP
TXN_202512_017738,2025-12-06,REG_08,STORE_024,EMP_012,PROD_009,4,337.37,0.19,1093.08,credit,CUST_5072,Regular
TXN_202512_017739,2025-12-27,REG_10,STORE_030,EMP_028,PROD_001,5,353.32,0.18,1448.61,card,CUST_1210,VIP
TXN_202512_017740,2025-12-11,REG_05,STORE_015,EMP_021,PROD_034,3,326.85,0.25,735.41,card,CUST_5474,Regular
TXN_202512_017741,2025-12-18,REG_10,STORE_029,EMP_028,PROD_045,5,424.59,0.03,2059.26,cash,CUST_5464,VIP
TXN_202512_017742,2025-12-25,REG_10,STORE_030,EMP_028,PROD_035,2,400.05,0.1,720.09,card,CUST_6684,VIP
TXN_202512_017743,2025-12-30,REG_10,STORE_029,EMP_010,PROD_039,3,194.58,0.08,537.04,mobile,CUST_2723,Regular
TXN_202512_017744,2025-12-08,REG_06,STORE_016,EMP_006,PROD_025,3,276.58,0.11,738.47,cash,CUST_8563,Regular
TXN_202512_017745,2025-12-31,REG_05,STORE_015,EMP_005,PROD_007,4,264.51,0.1,952.24,mobile,CUST_7181,New
TXN_202512_017746,2025-12-24,REG_07,STORE_019,EMP_007,PROD_049,5,258.77,0.29,918.63,card,CUST_2394,New
TXN_202512_017747,2025-12-18,REG_10,STORE_030,EMP_010,PROD_007,3,394.15,0.15,1005.08,card,CUST_3941,VIP
TXN_202512_017748,2025-12-15,REG_03,STORE_009,EMP_003,PROD_018,2,109.5,0.13,190.53,card,CUST_8308,New
TXN_202512_017749,2025-12-11,REG_01,STORE_001,EMP_001,PROD_050,2,221.8,0.08,408.11,card,CUST_8854,New
TXN_202512_017750,2025-12-07,REG_01,STORE_001,EMP_001,PROD_034,4,217.52,0.11,774.37,card,CUST_3804,Regular
TXN_202512_017751,2025-12-02,REG_08,STORE_023,EMP_012,PROD_012,5,443.06,0.14,1905.16,mobile,CUST_4467,VIP
TXN_202512_017752,2025-12-25,REG_10,STORE_030,EMP_013,PROD_045,2,161.18,0.23,248.22,credit,CUST_6333,New
TXN_202512_017753,2025-12-19,REG_02,STORE_004,EMP_002,PROD_003,2,234.45,0.2,375.12,credit,CUST_3592,Premium
TXN_202512_017754,2025-12-31,REG_07,STORE_019,EMP_007,PROD_026,1,466.08,0.18,382.19,cash,CUST_7855,VIP
TXN_202512_017755,2025-12-24,REG_02,STORE_005,EMP_002,PROD_028,1,425.55,0.05,404.27,mobile,CUST_8730,New
TXN_202512_017756,2025-12-14,REG_02,STORE_006,EMP_002,PROD_032,4,188.72,0.05,717.14,cash,CUST_8912,Premium
TXN_202512_017757,2025-12-16,REG_04,STORE_012,EMP_024,PROD_002,1,392.51,0.08,361.11,mobile,CUST_9278,Regular
TXN_202512_017758,2025-12-06,REG_08,STORE_023,EMP_023,PROD_004,4,318.45,0.06,1197.37,card,CUST_5503,Regular
TXN_202512_017759,2025-12-26,REG_07,STORE_020,EMP_007,PROD_023,5,133.18,0.14,572.67,card,CUST_8805,Premium
TXN_202512_017760,2025-12-27,REG_02,STORE_004,EMP_002,PROD_014,4,489.22,0.02,1917.74,credit,CUST_7011,Regular
TXN_202512_017761,2025-12-04,REG_06,STORE_018,EMP_006,PROD_014,2,466.42,0.24,708.96,mobile,CUST_6169,New
TXN_202512_017762,2025-12-30,REG_03,STORE_008,EMP_003,PROD_011,4,61.44,0.19,199.07,mobile,CUST_4954,Premium
TXN_202512_017763,2025-12-25,REG_03,STORE_008,EMP_014,PROD_045,3,48.55,0.08,134.0,mobile,CUST_5956,VIP
TXN_202512_017764,2025-12-28,REG_08,STORE_024,EMP_012,PROD_003,4,131.42,0.19,425.8,cash,CUST_9886,Premium
TXN_202512_017765,2025-12-24,REG_03,STORE_007,EMP_003,PROD_016,3,436.81,0.2,1048.34,mobile,CUST_3981,Premium
TXN_202512_017766,2025-12-29,REG_04,STORE_010,EMP_026,PROD_022,2,431.14,0.22,672.58,mobile,CUST_7494,VIP
TXN_202512_017767,2025-12-06,REG_02,STORE_006,EMP_002,PROD_014,2,50.99,0.28,73.43,cash,CUST_3623,New
TXN_202512_017768,2025-12-21,REG_02,STORE_005,EMP_002,PROD_003,4,32.51,0.29,92.33,card,CUST_5505,VIP
TXN_202512_017769,2025-12-21,REG_07,STORE_020,EMP_007,PROD_043,1,389.23,0.16,326.95,mobile,CUST_4697,VIP
TXN_202512_017770,2025-12-18,REG_09,STORE_027,EMP_022,PROD_040,2,444.3,0.17,737.54,mobile,CUST_9934,New
TXN_202512_017771,2025-12-02,REG_04,STORE_011,EMP_029,PROD_035,2,407.74,0.22,636.07,mobile,CUST_6838,New
TXN_202512_017772,2025-12-21,REG_01,STORE_003,EMP_011,PROD_015,2,386.04,0.2,617.66,card,CUST_4838,New
TXN_202512_017773,2025-12-25,REG_08,STORE_024,EMP_012,PROD_027,3,17.22,0.18,42.36,credit,CUST_1289,New
TXN_202512_017774,2025-12-11,REG_09,STORE_027,EMP_022,PROD_029,1,338.53,0.12,297.91,card,CUST_4219,VIP
TXN_202512_017775,2025-12-27,REG_09,STORE_025,EMP_027,PROD_001,4,272.54,0.0,1090.16,credit,CUST_8919,VIP
TXN_202512_017776,2025-12-27,REG_04,STORE_011,EMP_026,PROD_003,4,136.99,0.15,465.77,card,CUST_9829,Premium
TXN_202512_017777,2025-12-30,REG_04,STORE_010,EMP_004,PROD_040,1,321.82,0.2,257.46,credit,CUST_4533,New
TXN_202512_017778,2025-12-21,REG_07,STORE_019,EMP_007,PROD_003,1,227.78,0.16,191.34,cash,CUST_6845,VIP
TXN_202512_017779,2025-12-09,REG_06,STORE_018,EMP_006,PROD_047,5,104.53,0.22,407.67,cash,CUST_8782,VIP
TXN_202512_017780,2025-12-20,REG_10,STORE_028,EMP_010,PROD_045,4,337.83,0.15,1148.62,mobile,CUST_8019,Premium
TXN_202512_017781,2025-12-16,REG_10,STORE_029,EMP_010,PROD_011,2,433.06,0.24,658.25,mobile,CUST_9063,New
TXN_202512_017782,2025-12-04,REG_03,STORE_008,EMP_014,PROD_008,4,96.93,0.21,306.3,card,CUST_8037,VIP
TXN_202512_017783,2025-12-22,REG_08,STORE_024,EMP_023,PROD_012,4,151.26,0.09,550.59,card,CUST_2053,Premium
TXN_202512_017784,2025-12-20,REG_03,STORE_007,EMP_003,PROD_044,3,498.31,0.14,1285.64,card,CUST_3857,VIP
TXN_202512_017785,2025-12-02,REG_03,STORE_008,EMP_003,PROD_002,4,110.56,0.22,344.95,credit,CUST_5025,New
TXN_202512_017786,2025-12-07,REG_07,STORE_020,EMP_007,PROD_028,1,481.54,0.24,365.97,mobile,CUST_9398,Regular
TXN_202512_017787,2025-12-04,REG_06,STORE_017,EMP_006,PROD_001,1,345.12,0.28,248.49,credit,CUST_6393,Premium
TXN_202512_017788,2025-12-02,REG_06,STORE_018,EMP_006,PROD_040,5,147.49,0.18,604.71,mobile,CUST_7987,Regular
TXN_202512_017789,2025-12-20,REG_01,STORE_003,EMP_018,PROD_026,4,479.8,0.07,1784.86,cash,CUST_4501,Premium
TXN_202512_017790,2025-12-26,REG_10,STORE_030,EMP_020,PROD_029,5,250.86,0.13,1091.24,credit,CUST_8035,VIP
TXN_202512_017791,2025-12-25,REG_04,STORE_012,EMP_016,PROD_041,3,400.29,0.23,924.67,credit,CUST_9864,Premium
TXN_202512_017792,2025-12-10,REG_01,STORE_001,EMP_018,PROD_004,3,81.5,0.02,239.61,mobile,CUST_5475,New
TXN_202512_017793,2025-12-17,REG_02,STORE_005,EMP_002,PROD_033,3,461.61,0.22,1080.17,card,CUST_7038,Premium
TXN_202512_017794,2025-12-26,REG_04,STORE_010,EMP_004,PROD_003,5,168.51,0.22,657.19,mobile,CUST_3612,Regular
TXN_202512_017795,2025-12-30,REG_06,STORE_017,EMP_006,PROD_006,1,183.79,0.04,176.44,credit,CUST_5101,New
TXN_202512_017796,2025-12-23,REG_06,STORE_017,EMP_006,PROD_040,3,484.6,0.01,1439.26,cash,CUST_1168,Regular
TXN_202512_017797,2025-12-24,REG_02,STORE_006,EMP_002,PROD_006,2,323.87,0.01,641.26,mobile,CUST_4888,Regular
TXN_202512_017798,2025-12-02,REG_04,STORE_012,EMP_030,PROD_034,4,221.82,0.27,647.71,card,CUST_4933,New
TXN_202512_017799,2025-12-03,REG_04,STORE_011,EMP_030,PROD_030,4,202.27,0.27,590.63,credit,CUST_1073,Regular
TXN_202512_017800,2025-12-09,REG_03,STORE_007,EMP_003,PROD_048,2,344.73,0.11,613.62,mobile,CUST_1532,New
TXN_202512_017801,2025-12-18,REG_07,STORE_020,EMP_007,PROD_037,4,434.01,0.23,1336.75,card,CUST_3309,VIP
TXN_202512_017802,2025-12-06,REG_05,STORE_015,EMP_005,PROD_004,3,288.69,0.15,736.16,mobile,CUST_6332,VIP
TXN_202512_017803,2025-12-01,REG_06,STORE_018,EMP_006,PROD_027,1,189.85,0.17,157.58,cash,CUST_7808,Premium
TXN_202512_017804,2025-12-08,REG_06,STORE_016,EMP_006,PROD_023,1,73.34,0.05,69.67,card,CUST_7764,Regular
TXN_202512_017805,2025-12-17,REG_04,STORE_011,EMP_026,PROD_033,5,306.96,0.29,1089.71,cash,CUST_8752,VIP
TXN_202512_017806,2025-12-16,REG_09,STORE_026,EMP_022,PROD_046,2,338.57,0.14,582.34,credit,CUST_2754,Premium
TXN_202512_017807,2025-12-30,REG_09,STORE_025,EMP_027,PROD_040,4,253.92,0.24,771.92,credit,CUST_3896,Premium
TXN_202512_017808,2025-12-08,REG_01,STORE_002,EMP_018,PROD_048,2,71.08,0.29,100.93,credit,CUST_8916,Premium
TXN_202512_017809,2025-12-02,REG_07,STORE_019,EMP_007,PROD_029,2,51.44,0.09,93.62,credit,CUST_6541,New
TXN_202512_017810,2025-12-05,REG_04,STORE_012,EMP_026,PROD_036,5,472.45,0.2,1889.8,cash,CUST_5262,Regular
TXN_202512_017811,2025-12-25,REG_04,STORE_010,EMP_026,PROD_010,3,321.28,0.21,761.43,card,CUST_9254,Premium
TXN_202512_017812,2025-12-04,REG_06,STORE_017,EMP_006,PROD_022,4,111.43,0.15,378.86,cash,CUST_9749,New
TXN_202512_017813,2025-12-07,REG_07,STORE_019,EMP_007,PROD_001,5,493.08,0.09,2243.51,mobile,CUST_2263,New
TXN_202512_017814,2025-12-21,REG_01,STORE_002,EMP_019,PROD_013,4,271.07,0.01,1073.44,mobile,CUST_7810,VIP
TXN_202512_017815,2025-12-30,REG_05,STORE_015,EMP_021,PROD_041,4,69.74,0.11,248.27,credit,CUST_7672,Regular
TXN_202512_017816,2025-12-15,REG_01,STORE_002,EMP_019,PROD_047,3,198.92,0.11,531.12,credit,CUST_3738,New
TXN_202512_017817,2025-12-03,REG_08,STORE_022,EMP_023,PROD_014,5,70.59,0.12,310.6,card,CUST_1919,Regular
TXN_202512_017818,2025-12-19,REG_05,STORE_013,EMP_021,PROD_001,2,301.96,0.13,525.41,cash,CUST_9430,New
TXN_202512_017819,2025-12-22,REG_01,STORE_003,EMP_011,PROD_023,2,198.89,0.09,361.98,credit,CUST_1478,New
TXN_202512_017820,2025-12-18,REG_04,STORE_012,EMP_004,PROD_047,2,18.57,0.27,27.11,card,CUST_2817,Premium
TXN_202512_017821,2025-12-10,REG_05,STORE_014,EMP_021,PROD_004,3,341.31,0.17,849.86,mobile,CUST_3685,New
TXN_202512_017822,2025-12-23,REG_05,STORE_015,EMP_005,PROD_002,3,405.54,0.25,912.47,credit,CUST_6299,VIP
TXN_202512_017823,2025-12-27,REG_08,STORE_023,EMP_012,PROD_037,5,135.85,0.11,604.53,mobile,CUST_8529,Premium
TXN_202512_017824,2025-12-12,REG_01,STORE_001,EMP_011,PROD_002,2,417.04,0.18,683.95,mobile,CUST_1808,Premium
TXN_202512_017825,2025-12-03,REG_10,STORE_029,EMP_010,PROD_011,5,423.31,0.04,2031.89,mobile,CUST_7395,VIP
TXN_202512_017826,2025-12-07,REG_04,STORE_010,EMP_026,PROD_009,2,22.42,0.13,39.01,cash,CUST_1187,VIP
TXN_202512_017827,2025-12-23,REG_04,STORE_010,EMP_024,PROD_043,2,335.1,0.25,502.65,cash,CUST_9027,Regular
TXN_202512_017828,2025-12-07,REG_07,STORE_021,EMP_007,PROD_012,3,496.17,0.3,1041.96,cash,CUST_1696,VIP
TXN_202512_017829,2025-12-19,REG_05,STORE_013,EMP_021,PROD_003,1,369.33,0.2,295.46,card,CUST_8596,New
TXN_202512_017830,2025-12-06,REG_07,STORE_019,EMP_007,PROD_035,4,338.95,0.05,1288.01,cash,CUST_4448,Regular
TXN_202512_017831,2025-12-16,REG_10,STORE_030,EMP_020,PROD_043,3,120.97,0.07,337.51,credit,CUST_3355,VIP
TXN_202512_017832,2025-12-23,REG_06,STORE_018,EMP_006,PROD_039,3,439.1,0.27,961.63,cash,CUST_1785,VIP
TXN_202512_017833,2025-12-08,REG_04,STORE_012,EMP_029,PROD_008,5,284.81,0.08,1310.13,credit,CUST_5675,New
TXN_202512_017834,2025-12-06,REG_10,STORE_030,EMP_010,PROD_011,5,296.16,0.14,1273.49,credit,CUST_8092,Regular
TXN_202512_017835,2025-12-28,REG_07,STORE_021,EMP_007,PROD_029,3,152.67,0.26,338.93,cash,CUST_5040,VIP
TXN_202512_017836,2025-12-17,REG_08,STORE_022,EMP_012,PROD_011,4,300.66,0.11,1070.35,mobile,CUST_1389,VIP
TXN_202512_017837,2025-12-22,REG_06,STORE_018,EMP_006,PROD_017,3,16.76,0.23,38.72,card,CUST_8513,Premium
TXN_202512_017838,2025-12-29,REG_01,STORE_002,EMP_018,PROD_022,4,19.26,0.01,76.27,card,CUST_7481,New
TXN_202512_017839,2025-12-25,REG_07,STORE_020,EMP_007,PROD_028,3,197.28,0.02,580.0,cash,CUST_7313,Premium
TXN_202512_017840,2025-12-22,REG_04,STORE_010,EMP_016,PROD_042,1,244.39,0.27,178.4,mobile,CUST_4775,Premium
TXN_202512_017841,2025-12-12,REG_05,STORE_015,EMP_005,PROD_035,4,405.71,0.27,1184.67,card,CUST_1372,VIP
TXN_202512_017842,2025-12-11,REG_03,STORE_007,EMP_014,PROD_034,2,418.02,0.04,802.6,mobile,CUST_8981,Regular
TXN_202512_017843,2025-12-17,REG_10,STORE_029,EMP_017,PROD_004,5,190.88,0.16,801.7,card,CUST_6132,VIP
TXN_202512_017844,2025-12-24,REG_07,STORE_019,EMP_007,PROD_036,3,190.09,0.05,541.76,card,CUST_7874,Regular
TXN_202512_017845,2025-12-13,REG_06,STORE_016,EMP_006,PROD_009,2,449.5,0.19,728.19,cash,CUST_8432,VIP
TXN_202512_017846,2025-12-14,REG_09,STORE_025,EMP_009,PROD_037,5,321.51,0.26,1189.59,mobile,CUST_9908,Regular
TXN_202512_017847,2025-12-02,REG_10,STORE_028,EMP_017,PROD_045,2,329.85,0.12,580.54,credit,CUST_9462,VIP
TXN_202512_017848,2025-12-09,REG_08,STORE_022,EMP_023,PROD_038,2,342.06,0.15,581.5,mobile,CUST_4754,VIP
TXN_202512_017849,2025-12-18,REG_04,STORE_010,EMP_016,PROD_032,4,346.95,0.13,1207.39,cash,CUST_8365,VIP
TXN_202512_017850,2025-12-15,REG_01,STORE_001,EMP_001,PROD_001,4,70.56,0.1,254.02,cash,CUST_7534,Regular
TXN_202512_017851,2025-12-28,REG_03,STORE_007,EMP_014,PROD_046,1,248.58,0.06,233.67,cash,CUST_5511,VIP
TXN_202512_017852,2025-12-04,REG_03,STORE_008,EMP_003,PROD_022,5,384.69,0.29,1365.65,cash,CUST_6297,New
TXN_202512_017853,2025-12-04,REG_02,STORE_005,EMP_002,PROD_036,2,254.46,0.03,493.65,card,CUST_9032,Regular
TXN_202512_017854,2025-12-21,REG_05,STORE_014,EMP_021,PROD_022,5,497.72,0.21,1965.99,mobile,CUST_8606,VIP
TXN_202512_017855,2025-12-25,REG_07,STORE_020,EMP_007,PROD_031,4,362.56,0.17,1203.7,cash,CUST_9819,VIP
TXN_202512_017856,2025-12-06,REG_01,STORE_002,EMP_019,PROD_038,1,159.78,0.12,140.61,mobile,CUST_3555,VIP
TXN_202512_017857,2025-12-24,REG_08,STORE_024,EMP_015,PROD_047,2,105.48,0.16,177.21,card,CUST_1032,VIP
TXN_202512_017858,2025-12-04,REG_06,STORE_018,EMP_006,PROD_043,2,442.93,0.25,664.39,cash,CUST_3152,Regular
TXN_202512_017859,2025-12-06,REG_07,STORE_019,EMP_007,PROD_023,2,91.63,0.11,163.1,card,CUST_9952,VIP
TXN_202512_017860,2025-12-05,REG_06,STORE_018,EMP_006,PROD_009,2,450.16,0.24,684.24,mobile,CUST_3545,VIP
TXN_202512_017861,2025-12-21,REG_06,STORE_016,EMP_006,PROD_042,4,279.97,0.02,1097.48,credit,CUST_4522,Premium
TXN_202512_017862,2025-12-26,REG_05,STORE_013,EMP_005,PROD_045,5,125.16,0.15,531.93,card,CUST_9746,New
TXN_202512_017863,2025-12-01,REG_06,STORE_016,EMP_006,PROD_040,3,97.92,0.29,208.57,card,CUST_5862,New
TXN_202512_017864,2025-12-15,REG_02,STORE_006,EMP_002,PROD_032,5,42.47,0.12,186.87,card,CUST_8551,Premium
TXN_202512_017865,2025-12-13,REG_02,STORE_006,EMP_002,PROD_045,5,196.42,0.21,775.86,cash,CUST_1463,Regular
TXN_202512_017866,2025-12-09,REG_09,STORE_027,EMP_025,PROD_002,4,482.29,0.1,1736.24,mobile,CUST_8164,New
TXN_202512_017867,2025-12-01,REG_06,STORE_018,EMP_006,PROD_026,2,449.29,0.19,727.85,card,CUST_5738,VIP
TXN_202512_017868,2025-12-17,REG_05,STORE_014,EMP_005,PROD_044,4,14.24,0.01,56.39,cash,CUST_8508,Regular
TXN_202512_017869,2025-12-01,REG_09,STORE_026,EMP_025,PROD_019,3,468.94,0.18,1153.59,credit,CUST_1909,Regular
TXN_202512_017870,2025-12-28,REG_07,STORE_021,EMP_007,PROD_032,5,312.81,0.25,1173.04,card,CUST_9777,Regular
TXN_202512_017871,2025-12-21,REG_05,STORE_014,EMP_005,PROD_042,3,433.49,0.22,1014.37,mobile,CUST_7154,New
TXN_202512_017872,2025-12-15,REG_10,STORE_030,EMP_013,PROD_016,2,282.08,0.24,428.76,credit,CUST_6637,Premium
TXN_202512_017873,2025-12-13,REG_01,STORE_003,EMP_019,PROD_029,4,263.52,0.15,895.97,credit,CUST_5459,VIP
TXN_202512_017874,2025-12-03,REG_04,STORE_012,EMP_030,PROD_047,4,254.09,0.05,965.54,cash,CUST_9358,Premium
TXN_202512_017875,2025-12-14,REG_01,STORE_001,EMP_018,PROD_046,5,430.44,0.1,1936.98,card,CUST_6844,VIP
TXN_202512_017876,2025-12-03,REG_05,STORE_014,EMP_005,PROD_018,2,226.37,0.13,393.88,credit,CUST_2565,New
TXN_202512_017877,2025-12-24,REG_06,STORE_016,EMP_006,PROD_041,1,451.54,0.19,365.75,credit,CUST_4976,VIP
TXN_202512_017878,2025-12-25,REG_02,STORE_006,EMP_002,PROD_002,5,489.76,0.21,1934.55,cash,CUST_3135,Regular
TXN_202512_017879,2025-12-05,REG_09,STORE_027,EMP_022,PROD_025,4,128.33,0.26,379.86,card,CUST_9332,New
TXN_202512_017880,2025-12-30,REG_08,STORE_022,EMP_008,PROD_017,3,159.92,0.2,383.81,card,CUST_2833,Regular
TXN_202512_017881,2025-12-14,REG_08,STORE_022,EMP_015,PROD_036,1,301.67,0.28,217.2,cash,CUST_5520,VIP
TXN_202512_017882,2025-12-13,REG_02,STORE_004,EMP_002,PROD_040,1,185.97,0.01,184.11,mobile,CUST_1882,VIP
TXN_202512_017883,2025-12-03,REG_09,STORE_026,EMP_022,PROD_038,1,89.42,0.04,85.84,cash,CUST_1340,VIP
TXN_202512_017884,2025-12-09,REG_08,STORE_023,EMP_012,PROD_032,2,147.43,0.11,262.43,cash,CUST_4954,New
TXN_202512_017885,2025-12-04,REG_10,STORE_029,EMP_017,PROD_034,5,444.1,0.06,2087.27,credit,CUST_1623,Regular
TXN_202512_017886,2025-12-14,REG_03,STORE_009,EMP_003,PROD_003,3,339.72,0.05,968.2,mobile,CUST_2553,New
TXN_202512_017887,2025-12-15,REG_04,STORE_010,EMP_016,PROD_027,4,214.05,0.05,813.39,credit,CUST_8460,VIP
TXN_202512_017888,2025-12-31,REG_05,STORE_014,EMP_005,PROD_012,2,106.65,0.12,187.7,mobile,CUST_6196,Premium
TXN_202512_017889,2025-12-16,REG_02,STORE_006,EMP_002,PROD_042,5,364.27,0.26,1347.8,card,CUST_7004,VIP
TXN_202512_017890,2025-12-23,REG_09,STORE_025,EMP_009,PROD_004,5,257.89,0.04,1237.87,credit,CUST_6797,Premium
TXN_202512_017891,2025-12-03,REG_10,STORE_030,EMP_010,PROD_009,4,70.92,0.17,235.45,cash,CUST_6548,Premium
TXN_202512_017892,2025-12-20,REG_09,STORE_027,EMP_027,PROD_030,5,445.2,0.21,1758.54,cash,CUST_2859,Premium
TXN_202512_017893,2025-12-05,REG_07,STORE_020,EMP_007,PROD_012,1,323.42,0.19,261.97,credit,CUST_2714,Regular
TXN_202512_017894,2025-12-28,REG_08,STORE_022,EMP_023,PROD_014,1,429.34,0.22,334.89,cash,CUST_5321,VIP
TXN_202512_017895,2025-12-14,REG_04,STORE_011,EMP_029,PROD_043,2,294.58,0.22,459.54,credit,CUST_9258,Premium
TXN_202512_017896,2025-12-16,REG_05,STORE_015,EMP_005,PROD_010,3,295.72,0.14,762.96,credit,CUST_5251,Premium
TXN_202512_017897,2025-12-26,REG_09,STORE_026,EMP_009,PROD_024,5,408.38,0.28,1470.17,card,CUST_1796,Premium
TXN_202512_017898,2025-12-10,REG_08,STORE_024,EMP_008,PROD_020,1,329.39,0.05,312.92,credit,CUST_9482,Premium
TXN_202512_017899,2025-12-02,REG_09,STORE_026,EMP_025,PROD_036,3,85.94,0.24,195.94,mobile,CUST_1912,Premium
TXN_202512_017900,2025-12-24,REG_03,STORE_009,EMP_014,PROD_021,5,429.62,0.0,2148.1,credit,CUST_8468,VIP
TXN_202512_017901,2025-12-24,REG_05,STORE_014,EMP_005,PROD_050,3,319.35,0.26,708.96,card,CUST_4085,New
TXN_202512_017902,2025-12-19,REG_09,STORE_025,EMP_027,PROD_022,4,89.52,0.27,261.4,card,CUST_8197,Regular
TXN_202512_017903,2025-12-25,REG_03,STORE_008,EMP_014,PROD_014,1,263.64,0.21,208.28,mobile,CUST_9820,Premium
TXN_202512_017904,2025-12-16,REG_04,STORE_012,EMP_029,PROD_037,3,338.42,0.02,994.95,cash,CUST_5807,Premium
TXN_202512_017905,2025-12-05,REG_10,STORE_029,EMP_017,PROD_045,2,298.93,0.28,430.46,credit,CUST_8783,Regular
TXN_202512_017906,2025-12-12,REG_01,STORE_001,EMP_018,PROD_012,2,385.9,0.09,702.34,cash,CUST_1969,VIP
TXN_202512_017907,2025-12-23,REG_04,STORE_010,EMP_024,PROD_012,1,462.71,0.21,365.54,credit,CUST_8189,VIP
TXN_202512_017908,2025-12-12,REG_06,STORE_016,EMP_006,PROD_016,2,340.91,0.23,525.0,credit,CUST_3191,New
TXN_202512_017909,2025-12-18,REG_03,STORE_007,EMP_014,PROD_050,5,316.15,0.15,1343.64,card,CUST_5287,VIP
TXN_202512_017910,2025-12-22,REG_10,STORE_029,EMP_017,PROD_007,3,412.19,0.19,1001.62,cash,CUST_5367,Regular
TXN_202512_017911,2025-12-13,REG_07,STORE_019,EMP_007,PROD_047,1,258.35,0.17,214.43,card,CUST_9721,Regular
TXN_202512_017912,2025-12-20,REG_06,STORE_017,EMP_006,PROD_026,3,148.13,0.09,404.39,credit,CUST_1570,New
TXN_202512_017913,2025-12-10,REG_05,STORE_014,EMP_021,PROD_031,5,223.44,0.11,994.31,card,CUST_6534,New
TXN_202512_017914,2025-12-12,REG_07,STORE_021,EMP_007,PROD_050,5,13.48,0.17,55.94,mobile,CUST_9561,New
TXN_202512_017915,2025-12-31,REG_08,STORE_022,EMP_023,PROD_031,1,285.51,0.01,282.65,mobile,CUST_3652,New
TXN_202512_017916,2025-12-03,REG_06,STORE_017,EMP_006,PROD_029,1,416.16,0.07,387.03,card,CUST_2688,Premium
TXN_202512_017917,2025-12-12,REG_08,STORE_023,EMP_023,PROD_048,1,210.65,0.26,155.88,mobile,CUST_3867,VIP
TXN_202512_017918,2025-12-03,REG_10,STORE_030,EMP_010,PROD_039,3,21.84,0.07,60.93,credit,CUST_5329,Regular
TXN_202512_017919,2025-12-08,REG_08,STORE_024,EMP_012,PROD_045,4,143.89,0.25,431.67,credit,CUST_1501,Regular
TXN_202512_017920,2025-12-08,REG_08,STORE_024,EMP_023,PROD_008,4,462.78,0.2,1480.9,cash,CUST_8326,Regular
TXN_202512_017921,2025-12-17,REG_02,STORE_005,EMP_002,PROD_004,5,254.33,0.16,1068.19,mobile,CUST_6114,Premium
TXN_202512_017922,2025-12-27,REG_03,STORE_007,EMP_003,PROD_032,5,240.8,0.16,1011.36,mobile,CUST_2446,Regular
TXN_202512_017923,2025-12-24,REG_07,STORE_019,EMP_007,PROD_019,1,233.16,0.25,174.87,cash,CUST_5445,Regular
TXN_202512_017924,2025-12-31,REG_05,STORE_013,EMP_021,PROD_021,5,228.62,0.19,925.91,credit,CUST_3275,Premium
TXN_202512_017925,2025-12-05,REG_08,STORE_024,EMP_008,PROD_035,1,248.67,0.1,223.8,mobile,CUST_4478,VIP
TXN_202512_017926,2025-12-11,REG_05,STORE_015,EMP_021,PROD_031,3,278.65,0.19,677.12,credit,CUST_1138,Regular
TXN_202512_017927,2025-12-14,REG_01,STORE_003,EMP_018,PROD_043,3,444.87,0.19,1081.03,card,CUST_2936,VIP
TXN_202512_017928,2025-12-15,REG_01,STORE_001,EMP_001,PROD_008,1,172.64,0.05,164.01,credit,CUST_4631,New
TXN_202512_017929,2025-12-21,REG_06,STORE_017,EMP_006,PROD_037,4,81.04,0.14,278.78,credit,CUST_6922,VIP
TXN_202512_017930,2025-12-15,REG_07,STORE_021,EMP_007,PROD_039,1,258.38,0.27,188.62,card,CUST_4305,VIP
TXN_202512_017931,2025-12-03,REG_10,STORE_030,EMP_010,PROD_007,1,361.1,0.16,303.32,credit,CUST_1266,Regular
TXN_202512_017932,2025-12-16,REG_09,STORE_026,EMP_022,PROD_010,4,429.45,0.07,1597.55,credit,CUST_7493,Regular
TXN_202512_017933,2025-12-07,REG_05,STORE_015,EMP_005,PROD_036,5,80.17,0.26,296.63,mobile,CUST_4439,VIP
TXN_202512_017934,2025-12-12,REG_02,STORE_006,EMP_002,PROD_005,1,245.81,0.11,218.77,card,CUST_8362,New
TXN_202512_017935,2025-12-24,REG_06,STORE_018,EMP_006,PROD_025,5,71.13,0.0,355.65,mobile,CUST_2921,Regular
TXN_202512_017936,2025-12-05,REG_07,STORE_019,EMP_007,PROD_013,1,18.75,0.05,17.81,mobile,CUST_6824,Premium
TXN_202512_017937,2025-12-10,REG_02,STORE_006,EMP_002,PROD_042,1,480.17,0.28,345.72,mobile,CUST_7433,Regular
TXN_202512_017938,2025-12-22,REG_09,STORE_026,EMP_022,PROD_003,3,379.0,0.27,830.01,mobile,CUST_7649,VIP
TXN_202512_017939,2025-12-30,REG_07,STORE_020,EMP_007,PROD_044,1,405.77,0.23,312.44,card,CUST_6140,VIP
TXN_202512_017940,2025-12-07,REG_02,STORE_006,EMP_002,PROD_034,3,167.85,0.09,458.23,cash,CUST_8162,Regular
TXN_202512_017941,2025-12-08,REG_04,STORE_011,EMP_029,PROD_029,4,360.51,0.18,1182.47,cash,CUST_2649,VIP
TXN_202512_017942,2025-12-04,REG_03,STORE_007,EMP_014,PROD_007,1,409.15,0.18,335.5,credit,CUST_7252,VIP
TXN_202512_017943,2025-12-29,REG_02,STORE_006,EMP_002,PROD_036,4,96.36,0.07,358.46,cash,CUST_7456,Premium
TXN_202512_017944,2025-12-23,REG_08,STORE_023,EMP_015,PROD_050,1,302.19,0.03,293.12,mobile,CUST_5267,VIP
TXN_202512_017945,2025-12-27,REG_02,STORE_006,EMP_002,PROD_007,4,427.32,0.08,1572.54,credit,CUST_4241,Regular
TXN_202512_017946,2025-12-27,REG_10,STORE_029,EMP_020,PROD_047,2,412.43,0.23,635.14,mobile,CUST_9898,Premium
TXN_202512_017947,2025-12-22,REG_07,STORE_020,EMP_007,PROD_026,4,329.0,0.09,1197.56,mobile,CUST_5229,VIP
TXN_202512_017948,2025-12-17,REG_09,STORE_025,EMP_025,PROD_046,4,399.77,0.25,1199.31,cash,CUST_7838,Premium
TXN_202512_017949,2025-12-01,REG_01,STORE_003,EMP_011,PROD_012,1,259.37,0.17,215.28,credit,CUST_4495,Regular
TXN_202512_017950,2025-12-21,REG_07,STORE_021,EMP_007,PROD_034,2,415.4,0.29,589.87,card,CUST_6076,Premium
TXN_202512_017951,2025-12-05,REG_02,STORE_006,EMP_002,PROD_002,4,273.56,0.13,951.99,credit,CUST_8873,Premium
TXN_202512_017952,2025-12-10,REG_08,STORE_023,EMP_008,PROD_016,5,97.74,0.09,444.72,cash,CUST_3738,New
TXN_202512_017953,2025-12-13,REG_10,STORE_030,EMP_028,PROD_035,1,242.68,0.26,179.58,credit,CUST_8402,VIP
TXN_202512_017954,2025-12-22,REG_04,STORE_012,EMP_029,PROD_029,3,209.45,0.2,502.68,mobile,CUST_5812,VIP
TXN_202512_017955,2025-12-09,REG_07,STORE_019,EMP_007,PROD_038,1,471.24,0.11,419.4,cash,CUST_1474,Premium
TXN_202512_017956,2025-12-08,REG_10,STORE_030,EMP_013,PROD_042,2,84.3,0.27,123.08,cash,CUST_6630,Premium
TXN_202512_017957,2025-12-17,REG_02,STORE_004,EMP_002,PROD_039,2,324.17,0.18,531.64,cash,CUST_6800,New
TXN_202512_017958,2025-12-13,REG_01,STORE_002,EMP_001,PROD_022,2,457.67,0.25,686.5,mobile,CUST_3674,Regular
TXN_202512_017959,2025-12-31,REG_09,STORE_027,EMP_009,PROD_039,3,424.41,0.1,1145.91,credit,CUST_1122,New
TXN_202512_017960,2025-12-26,REG_08,STORE_023,EMP_023,PROD_019,2,30.88,0.21,48.79,mobile,CUST_2244,New
TXN_202512_017961,2025-12-08,REG_06,STORE_016,EMP_006,PROD_001,4,259.66,0.02,1017.87,mobile,CUST_5863,New
