transaction_id,date,region,store_id,employee_id,product_id,units,unit_price,discount,revenue,payment,customer_id,customer_segment
TXN_202504_013462,2025-04-20,REG_09,STORE_027,EMP_025,PROD_050,3,499.2,0.3,1048.32,card,CUST_7966,VIP
TXN_202504_013463,2025-04-03,REG_09,STORE_027,EMP_027,PROD_011,2,243.3,0.22,379.55,credit,CUST_3583,New
TXN_202504_013464,2025-04-20,REG_02,STORE_006,EMP_002,PROD_028,2,212.31,0.15,360.93,credit,CUST_6471,Regular
TXN_202504_013465,2025-04-28,REG_10,STORE_030,EMP_028,PROD_019,5,341.21,0.22,1330.72,credit,CUST_6804,New
TXN_202504_013466,2025-04-08,REG_09,STORE_027,EMP_009,PROD_030,5,59.43,0.15,252.58,cash,CUST_1689,VIP
TXN_202504_013467,2025-04-26,REG_08,STORE_023,EMP_023,PROD_034,4,452.34,0.17,1501.77,mobile,CUST_2553,VIP
TXN_202504_013468,2025-04-11,REG_02,STORE_004,EMP_002,PROD_005,5,34.0,0.09,154.7,credit,CUST_4275,Regular
TXN_202504_013469,2025-04-16,REG_03,STORE_009,EMP_003,PROD_032,3,244.15,0.11,651.88,cash,CUST_1414,VIP
TXN_202504_013470,2025-04-22,REG_05,STORE_013,EMP_021,PROD_019,1,116.98,0.15,99.43,cash,CUST_1454,Premium
TXN_202504_013471,2025-04-26,REG_10,STORE_030,EMP_017,PROD_047,5,403.21,0.04,1935.41,cash,CUST_9211,Premium
TXN_202504_013472,2025-04-01,REG_03,STORE_008,EMP_014,PROD_019,1,189.79,0.26,140.44,credit,CUST_1880,New
TXN_202504_013473,2025-04-22,REG_06,STORE_018,EMP_006,PROD_015,2,121.15,0.18,198.69,cash,CUST_8247,Premium
TXN_202504_013474,2025-04-15,REG_01,STORE_002,EMP_001,PROD_043,1,275.35,0.08,253.32,cash,CUST_2709,Premium
TXN_202504_013475,2025-04-07,REG_04,STORE_010,EMP_004,PROD_001,3,47.1,0.28,101.74,cash,CUST_9553,Regular
TXN_202504_013476,2025-04-19,REG_09,STORE_026,EMP_009,PROD_022,4,357.27,0.13,1243.3,card,CUST_6463,Premium
TXN_202504_013477,2025-04-19,REG_02,STORE_005,EMP_002,PROD_030,3,225.35,0.01,669.29,credit,CUST_5116,New
TXN_202504_013478,2025-04-07,REG_01,STORE_002,EMP_011,PROD_047,4,110.18,0.14,379.02,card,CUST_6171,VIP
TXN_202504_013479,2025-04-14,REG_04,STORE_012,EMP_029,PROD_050,4,376.69,0.12,1325.95,mobile,CUST_9381,New
TXN_202504_013480,2025-04-01,REG_10,STORE_029,EMP_017,PROD_032,4,279.79,0.01,1107.97,mobile,CUST_9658,Regular
TXN_202504_013481,2025-04-27,REG_02,STORE_006,EMP_002,PROD_048,3,327.22,0.09,893.31,mobile,CUST_7861,Premium
TXN_202504_013482,2025-04-06,REG_10,STORE_028,EMP_010,PROD_023,5,162.65,0.28,585.54,mobile,CUST_3811,Premium
TXN_202504_013483,2025-04-12,REG_08,STORE_023,EMP_015,PROD_026,2,372.42,0.3,521.39,credit,CUST_5464,Premium
TXN_202504_013484,2025-04-22,REG_04,STORE_012,EMP_029,PROD_019,1,186.06,0.12,163.73,credit,CUST_7663,VIP
TXN_202504_013485,2025-04-30,REG_07,STORE_021,EMP_007,PROD_028,1,122.15,0.11,108.71,credit,CUST_4034,Premium
TXN_202504_013486,2025-04-16,REG_04,STORE_011,EMP_030,PROD_027,2,257.01,0.15,436.92,mobile,CUST_8882,VIP
TXN_202504_013487,2025-04-02,REG_06,STORE_017,EMP_006,PROD_033,1,392.54,0.02,384.69,card,CUST_8728,New
TXN_202504_013488,2025-04-27,REG_06,STORE_018,EMP_006,PROD_041,1,327.56,0.26,242.39,credit,CUST_7848,Premium
TXN_202504_013489,2025-04-28,REG_09,STORE_026,EMP_009,PROD_024,2,171.25,0.29,243.17,card,CUST_7620,New
TXN_202504_013490,2025-04-12,REG_06,STORE_017,EMP_006,PROD_004,1,100.23,0.06,94.22,mobile,CUST_3968,New
TXN_202504_013491,2025-04-24,REG_08,STORE_023,EMP_015,PROD_039,4,345.76,0.2,1106.43,credit,CUST_5480,Premium
TXN_202504_013492,2025-04-21,REG_09,STORE_027,EMP_025,PROD_032,5,156.68,0.15,665.89,cash,CUST_2211,VIP
TXN_202504_013493,2025-04-06,REG_05,STORE_014,EMP_005,PROD_048,5,430.05,0.21,1698.7,mobile,CUST_2669,VIP
TXN_202504_013494,2025-04-23,REG_04,STORE_010,EMP_016,PROD_039,2,255.65,0.24,388.59,mobile,CUST_2829,Regular
TXN_202504_013495,2025-04-29,REG_03,STORE_009,EMP_014,PROD_009,5,224.96,0.28,809.86,mobile,CUST_4696,Premium
TXN_202504_013496,2025-04-28,REG_09,STORE_025,EMP_025,PROD_013,3,293.38,0.23,677.71,credit,CUST_8716,New
TXN_202504_013497,2025-04-28,REG_09,STORE_025,EMP_027,PROD_032,5,458.14,0.26,1695.12,card,CUST_6680,VIP
TXN_202504_013498,2025-04-15,REG_10,STORE_030,EMP_013,PROD_035,5,279.57,0.0,1397.85,card,CUST_4193,VIP
TXN_202504_013499,2025-04-05,REG_06,STORE_016,EMP_006,PROD_029,3,317.89,0.06,896.45,card,CUST_7577,New
TXN_202504_013500,2025-04-11,REG_07,STORE_020,EMP_007,PROD_002,1,285.3,0.29,202.56,mobile,CUST_1249,Regular
TXN_202504_013501,2025-04-07,REG_10,STORE_030,EMP_013,PROD_043,5,152.79,0.19,618.8,cash,CUST_6037,Regular
TXN_202504_013502,2025-04-12,REG_04,STORE_010,EMP_016,PROD_037,5,38.65,0.0,193.25,mobile,CUST_2746,New
TXN_202504_013503,2025-04-16,REG_09,STORE_026,EMP_027,PROD_020,4,309.05,0.18,1013.68,cash,CUST_6279,Regular
TXN_202504_013504,2025-04-10,REG_02,STORE_004,EMP_002,PROD_040,4,427.21,0.1,1537.96,cash,CUST_5293,Regular
TXN_202504_013505,2025-04-01,REG_06,STORE_017,EMP_006,PROD_037,4,144.63,0.05,549.59,card,CUST_8929,New
TXN_202504_013506,2025-04-07,REG_05,STORE_013,EMP_005,PROD_010,1,280.6,0.2,224.48,cash,CUST_1638,New
TXN_202504_013507,2025-04-27,REG_09,STORE_027,EMP_022,PROD_038,5,471.1,0.28,1695.96,cash,CUST_9879,VIP
TXN_202504_013508,2025-04-13,REG_10,STORE_030,EMP_017,PROD_002,3,354.71,0.03,1032.21,credit,CUST_1985,Premium
TXN_202504_013509,2025-04-05,REG_07,STORE_019,EMP_007,PROD_038,4,104.35,0.09,379.83,cash,CUST_1944,VIP
TXN_202504_013510,2025-04-10,REG_01,STORE_001,EMP_019,PROD_021,2,175.4,0.28,252.58,card,CUST_7618,New
TXN_202504_013511,2025-04-28,REG_10,STORE_029,EMP_013,PROD_030,1,277.69,0.27,202.71,cash,CUST_8421,VIP
TXN_202504_013512,2025-04-20,REG_06,STORE_017,EMP_006,PROD_017,2,92.38,0.23,142.27,credit,CUST_4801,Premium
TXN_202504_013513,2025-04-21,REG_07,STORE_020,EMP_007,PROD_012,3,273.8,0.01,813.19,cash,CUST_8929,Premium
TXN_202504_013514,2025-04-12,REG_09,STORE_027,EMP_027,PROD_014,3,332.39,0.2,797.74,cash,CUST_4376,VIP
TXN_202504_013515,2025-04-04,REG_04,STORE_010,EMP_016,PROD_010,4,408.06,0.24,1240.5,mobile,CUST_6797,New
TXN_202504_013516,2025-04-18,REG_06,STORE_016,EMP_006,PROD_010,3,300.21,0.09,819.57,card,CUST_8570,Premium
TXN_202504_013517,2025-04-09,REG_06,STORE_016,EMP_006,PROD_023,1,140.89,0.29,100.03,card,CUST_2963,VIP
TXN_202504_013518,2025-04-05,REG_06,STORE_018,EMP_006,PROD_008,5,278.65,0.26,1031.0,credit,CUST_9181,VIP
TXN_202504_013519,2025-04-13,REG_07,STORE_019,EMP_007,PROD_040,4,491.15,0.21,1552.03,card,CUST_4332,Premium
TXN_202504_013520,2025-04-06,REG_09,STORE_026,EMP_022,PROD_038,3,413.5,0.27,905.56,card,CUST_7012,Premium
TXN_202504_013521,2025-04-02,REG_10,STORE_030,EMP_020,PROD_020,3,277.16,0.26,615.3,credit,CUST_1308,VIP
TXN_202504_013522,2025-04-30,REG_02,STORE_004,EMP_002,PROD_021,5,191.64,0.19,776.14,mobile,CUST_1434,New
TXN_202504_013523,2025-04-25,REG_04,STORE_010,EMP_030,PROD_037,1,418.18,0.17,347.09,cash,CUST_3467,VIP
TXN_202504_013524,2025-04-12,REG_02,STORE_006,EMP_002,PROD_004,1,444.6,0.25,333.45,mobile,CUST_8983,Regular
TXN_202504_013525,2025-04-03,REG_10,STORE_030,EMP_017,PROD_001,1,306.1,0.29,217.33,cash,CUST_4928,Regular
TXN_202504_013526,2025-04-17,REG_02,STORE_005,EMP_002,PROD_007,2,138.02,0.07,256.72,card,CUST_8843,Premium
TXN_202504_013527,2025-04-04,REG_02,STORE_004,EMP_002,PROD_038,5,382.62,0.11,1702.66,card,CUST_3422,Premium
TXN_202504_013528,2025-04-15,REG_07,STORE_020,EMP_007,PROD_034,2,13.97,0.24,21.23,mobile,CUST_1085,Regular
TXN_202504_013529,2025-04-02,REG_06,STORE_016,EMP_006,PROD_034,2,310.6,0.1,559.08,credit,CUST_7806,Regular
TXN_202504_013530,2025-04-12,REG_07,STORE_020,EMP_007,PROD_018,4,414.5,0.16,1392.72,cash,CUST_3941,Premium
TXN_202504_013531,2025-04-18,REG_02,STORE_005,EMP_002,PROD_044,1,301.86,0.11,268.66,credit,CUST_2780,Regular
TXN_202504_013532,2025-04-17,REG_09,STORE_027,EMP_027,PROD_011,2,273.95,0.11,487.63,credit,CUST_6415,Premium
TXN_202504_013533,2025-04-18,REG_07,STORE_021,EMP_007,PROD_032,5,304.92,0.03,1478.86,credit,CUST_4061,Premium
TXN_202504_013534,2025-04-15,REG_07,STORE_019,EMP_007,PROD_002,4,379.87,0.12,1337.14,cash,CUST_2602,VIP
TXN_202504_013535,2025-04-25,REG_10,STORE_030,EMP_020,PROD_010,3,247.95,0.08,684.34,credit,CUST_7866,Regular
TXN_202504_013536,2025-04-01,REG_06,STORE_016,EMP_006,PROD_028,3,131.7,0.27,288.42,credit,CUST_1830,New
TXN_202504_013537,2025-04-02,REG_05,STORE_013,EMP_005,PROD_044,5,31.56,0.06,148.33,cash,CUST_9746,VIP
TXN_202504_013538,2025-04-01,REG_01,STORE_003,EMP_018,PROD_019,4,175.73,0.3,492.04,cash,CUST_3993,New
TXN_202504_013539,2025-04-14,REG_03,STORE_008,EMP_003,PROD_036,2,14.01,0.26,20.73,cash,CUST_5090,Premium
TXN_202504_013540,2025-04-16,REG_05,STORE_015,EMP_021,PROD_014,5,165.21,0.04,793.01,credit,CUST_5960,Regular
TXN_202504_013541,2025-04-26,REG_08,STORE_022,EMP_023,PROD_040,4,88.0,0.1,316.8,credit,CUST_4242,Regular
TXN_202504_013542,2025-04-04,REG_03,STORE_007,EMP_014,PROD_049,2,349.34,0.11,621.83,credit,CUST_2352,Premium
TXN_202504_013543,2025-04-04,REG_07,STORE_021,EMP_007,PROD_043,4,247.4,0.28,712.51,card,CUST_6195,New
TXN_202504_013544,2025-04-16,REG_08,STORE_022,EMP_023,PROD_047,1,222.22,0.27,162.22,cash,CUST_8958,VIP
TXN_202504_013545,2025-04-11,REG_01,STORE_002,EMP_001,PROD_002,2,394.71,0.17,655.22,card,CUST_7062,New
TXN_202504_013546,2025-04-13,REG_10,STORE_028,EMP_010,PROD_048,4,285.03,0.18,934.9,card,CUST_4449,New
TXN_202504_013547,2025-04-11,REG_10,STORE_030,EMP_013,PROD_002,3,130.28,0.07,363.48,credit,CUST_3458,Premium
TXN_202504_013548,2025-04-07,REG_04,STORE_010,EMP_030,PROD_049,2,359.44,0.14,618.24,cash,CUST_6075,Premium
TXN_202504_013549,2025-04-24,REG_10,STORE_029,EMP_013,PROD_041,4,421.56,0.16,1416.44,cash,CUST_8672,VIP
TXN_202504_013550,2025-04-06,REG_02,STORE_005,EMP_002,PROD_049,4,224.03,0.08,824.43,card,CUST_6364,New
TXN_202504_013551,2025-04-06,REG_10,STORE_029,EMP_010,PROD_030,2,94.28,0.14,162.16,card,CUST_8174,VIP
TXN_202504_013552,2025-04-27,REG_02,STORE_006,EMP_002,PROD_040,4,300.04,0.03,1164.16,credit,CUST_3452,VIP
TXN_202504_013553,2025-04-19,REG_01,STORE_002,EMP_011,PROD_021,5,46.16,0.14,198.49,credit,CUST_7432,VIP
TXN_202504_013554,2025-04-19,REG_07,STORE_019,EMP_007,PROD_016,4,471.78,0.16,1585.18,mobile,CUST_6625,Regular
TXN_202504_013555,2025-04-20,REG_05,STORE_014,EMP_021,PROD_039,1,251.86,0.02,246.82,card,CUST_5687,New
TXN_202504_013556,2025-04-23,REG_05,STORE_014,EMP_021,PROD_003,3,112.6,0.26,249.97,card,CUST_7677,Regular
TXN_202504_013557,2025-04-24,REG_05,STORE_014,EMP_021,PROD_015,5,275.08,0.22,1072.81,credit,CUST_5577,Regular
TXN_202504_013558,2025-04-13,REG_03,STORE_009,EMP_014,PROD_006,3,452.31,0.13,1180.53,credit,CUST_2812,New
TXN_202504_013559,2025-04-04,REG_01,STORE_002,EMP_018,PROD_017,2,461.25,0.16,774.9,card,CUST_6952,Premium
TXN_202504_013560,2025-04-24,REG_09,STORE_026,EMP_025,PROD_012,2,348.74,0.18,571.93,credit,CUST_7937,VIP
TXN_202504_013561,2025-04-26,REG_09,STORE_026,EMP_009,PROD_035,5,10.54,0.22,41.11,mobile,CUST_4303,New
TXN_202504_013562,2025-04-17,REG_05,STORE_013,EMP_005,PROD_034,5,242.36,0.28,872.5,cash,CUST_9923,Premium
TXN_202504_013563,2025-04-12,REG_07,STORE_021,EMP_007,PROD_021,3,193.4,0.01,574.4,card,CUST_2254,VIP
TXN_202504_013564,2025-04-24,REG_03,STORE_009,EMP_014,PROD_007,2,160.17,0.27,233.85,cash,CUST_5869,Premium
TXN_202504_013565,2025-04-28,REG_10,STORE_028,EMP_013,PROD_032,5,191.1,0.05,907.72,cash,CUST_6972,VIP
TXN_202504_013566,2025-04-11,REG_07,STORE_019,EMP_007,PROD_032,4,92.15,0.19,298.57,mobile,CUST_2853,New
TXN_202504_013567,2025-04-10,REG_06,STORE_016,EMP_006,PROD_025,4,314.97,0.24,957.51,credit,CUST_5835,Regular
TXN_202504_013568,2025-04-07,REG_09,STORE_025,EMP_022,PROD_001,2,199.79,0.07,371.61,cash,CUST_5660,New
TXN_202504_013569,2025-04-30,REG_04,STORE_010,EMP_026,PROD_033,3,356.93,0.09,974.42,cash,CUST_8376,Regular
TXN_202504_013570,2025-04-28,REG_06,STORE_017,EMP_006,PROD_015,5,323.95,0.2,1295.8,credit,CUST_1894,VIP
TXN_202504_013571,2025-04-07,REG_05,STORE_015,EMP_021,PROD_015,1,281.82,0.01,279.0,mobile,CUST_5875,Regular
TXN_202504_013572,2025-04-05,REG_02,STORE_006,EMP_002,PROD_037,4,155.19,0.08,571.1,mobile,CUST_2584,Regular
TXN_202504_013573,2025-04-14,REG_07,STORE_019,EMP_007,PROD_003,4,125.27,0.14,430.93,cash,CUST_6463,VIP
TXN_202504_013574,2025-04-30,REG_01,STORE_001,EMP_001,PROD_019,2,229.33,0.19,371.51,card,CUST_4051,Premium
TXN_202504_013575,2025-04-13,REG_10,STORE_028,EMP_017,PROD_021,5,161.97,0.28,583.09,card,CUST_4020,New
TXN_202504_013576,2025-04-08,REG_04,STORE_011,EMP_030,PROD_035,3,394.81,0.25,888.32,credit,CUST_4044,Regular
TXN_202504_013577,2025-04-21,REG_10,STORE_028,EMP_028,PROD_024,4,367.68,0.17,1220.7,credit,CUST_8498,VIP
TXN_202504_013578,2025-04-02,REG_06,STORE_016,EMP_006,PROD_009,2,214.96,0.01,425.62,mobile,CUST_5684,Regular
TXN_202504_013579,2025-04-15,REG_09,STORE_025,EMP_022,PROD_009,3,394.6,0.22,923.36,mobile,CUST_1816,Premium
TXN_202504_013580,2025-04-12,REG_02,STORE_004,EMP_002,PROD_041,3,352.09,0.03,1024.58,mobile,CUST_5834,New
TXN_202504_013581,2025-04-19,REG_02,STORE_006,EMP_002,PROD_039,5,311.35,0.19,1260.97,mobile,CUST_7144,Premium
TXN_202504_013582,2025-04-15,REG_08,STORE_024,EMP_015,PROD_045,3,165.2,0.27,361.79,mobile,CUST_9619,Premium
TXN_202504_013583,2025-04-30,REG_05,STORE_013,EMP_021,PROD_021,3,115.2,0.06,324.86,mobile,CUST_7315,Regular
TXN_202504_013584,2025-04-29,REG_05,STORE_013,EMP_005,PROD_037,4,185.83,0.19,602.09,credit,CUST_1247,Regular
TXN_202504_013585,2025-04-15,REG_02,STORE_006,EMP_002,PROD_040,2,499.49,0.0,998.98,mobile,CUST_6048,Premium
TXN_202504_013586,2025-04-23,REG_03,STORE_009,EMP_014,PROD_026,5,80.37,0.02,393.81,cash,CUST_2232,Regular
TXN_202504_013587,2025-04-24,REG_06,STORE_016,EMP_006,PROD_041,3,48.73,0.15,124.26,credit,CUST_2447,Regular
TXN_202504_013588,2025-04-25,REG_03,STORE_007,EMP_003,PROD_050,4,58.4,0.2,186.88,cash,CUST_7152,Regular
TXN_202504_013589,2025-04-08,REG_05,STORE_015,EMP_005,PROD_016,3,136.93,0.18,336.85,mobile,CUST_3994,New
TXN_202504_013590,2025-04-16,REG_03,STORE_009,EMP_014,PROD_046,3,294.87,0.28,636.92,credit,CUST_1399,Regular
TXN_202504_013591,2025-04-18,REG_07,STORE_019,EMP_007,PROD_033,4,440.28,0.24,1338.45,card,CUST_5501,Regular
TXN_202504_013592,2025-04-15,REG_01,STORE_003,EMP_001,PROD_049,4,230.72,0.29,655.24,card,CUST_1440,Premium
TXN_202504_013593,2025-04-24,REG_06,STORE_016,EMP_006,PROD_023,2,399.93,0.19,647.89,credit,CUST_3279,New
TXN_202504_013594,2025-04-25,REG_06,STORE_017,EMP_006,PROD_027,1,156.93,0.21,123.97,card,CUST_6634,VIP
TXN_202504_013595,2025-04-14,REG_05,STORE_015,EMP_021,PROD_018,5,154.97,0.12,681.87,mobile,CUST_3775,Regular
TXN_202504_013596,2025-04-11,REG_09,STORE_026,EMP_027,PROD_021,5,138.3,0.26,511.71,card,CUST_5815,New
TXN_202504_013597,2025-04-15,REG_08,STORE_023,EMP_015,PROD_039,4,286.99,0.07,1067.6,credit,CUST_6520,Regular
TXN_202504_013598,2025-04-22,REG_04,STORE_012,EMP_024,PROD_040,1,338.78,0.01,335.39,card,CUST_9340,Premium
TXN_202504_013599,2025-04-10,REG_01,STORE_003,EMP_001,PROD_033,1,408.05,0.15,346.84,credit,CUST_3027,Premium
TXN_202504_013600,2025-04-25,REG_01,STORE_001,EMP_001,PROD_014,4,391.04,0.02,1532.88,credit,CUST_2203,VIP
TXN_202504_013601,2025-04-19,REG_03,STORE_007,EMP_003,PROD_026,2,377.61,0.11,672.15,mobile,CUST_3986,New
TXN_202504_013602,2025-04-25,REG_05,STORE_015,EMP_021,PROD_026,5,265.88,0.08,1223.05,cash,CUST_6921,Premium
TXN_202504_013603,2025-04-12,REG_10,STORE_030,EMP_013,PROD_033,4,335.94,0.17,1115.32,card,CUST_6031,Regular
TXN_202504_013604,2025-04-21,REG_07,STORE_019,EMP_007,PROD_031,5,426.36,0.12,1875.98,cash,CUST_4311,VIP
TXN_202504_013605,2025-04-25,REG_04,STORE_012,EMP_029,PROD_015,1,159.68,0.08,146.91,cash,CUST_4845,Regular
TXN_202504_013606,2025-04-29,REG_04,STORE_011,EMP_016,PROD_049,4,51.56,0.26,152.62,credit,CUST_6517,VIP
TXN_202504_013607,2025-04-11,REG_05,STORE_015,EMP_021,PROD_035,4,155.19,0.06,583.51,card,CUST_6532,New
TXN_202504_013608,2025-04-19,REG_09,STORE_026,EMP_009,PROD_042,1,235.77,0.12,207.48,card,CUST_9462,VIP
TXN_202504_013609,2025-04-07,REG_02,STORE_004,EMP_002,PROD_038,2,465.68,0.06,875.48,card,CUST_3224,Regular
TXN_202504_013610,2025-04-13,REG_04,STORE_010,EMP_029,PROD_040,2,23.85,0.11,42.45,cash,CUST_8259,VIP
TXN_202504_013611,2025-04-18,REG_06,STORE_018,EMP_006,PROD_018,2,174.31,0.01,345.13,mobile,CUST_1470,VIP
TXN_202504_013612,2025-04-07,REG_01,STORE_003,EMP_019,PROD_015,5,381.94,0.25,1432.28,mobile,CUST_4628,Regular
TXN_202504_013613,2025-04-16,REG_08,STORE_023,EMP_012,PROD_021,5,327.8,0.22,1278.42,card,CUST_4001,New
TXN_202504_013614,2025-04-07,REG_09,STORE_026,EMP_009,PROD_036,5,79.09,0.07,367.77,card,CUST_9162,VIP
TXN_202504_013615,2025-04-14,REG_03,STORE_008,EMP_003,PROD_006,1,172.23,0.15,146.4,card,CUST_6454,VIP
TXN_202504_013616,2025-04-23,REG_10,STORE_029,EMP_028,PROD_024,1,116.21,0.11,103.43,credit,CUST_6259,New
TXN_202504_013617,2025-04-20,REG_08,STORE_024,EMP_023,PROD_019,5,475.76,0.24,1807.89,card,CUST_5060,VIP
TXN_202504_013618,2025-04-07,REG_10,STORE_029,EMP_017,PROD_011,5,170.57,0.0,852.85,card,CUST_3010,Premium
TXN_202504_013619,2025-04-23,REG_02,STORE_005,EMP_002,PROD_020,3,135.89,0.03,395.44,card,CUST_9078,VIP
TXN_202504_013620,2025-04-07,REG_03,STORE_008,EMP_014,PROD_025,3,38.68,0.24,88.19,credit,CUST_8880,Regular
TXN_202504_013621,2025-04-04,REG_04,STORE_012,EMP_004,PROD_039,1,419.74,0.2,335.79,credit,CUST_2930,Premium
TXN_202504_013622,2025-04-23,REG_02,STORE_005,EMP_002,PROD_034,1,311.96,0.15,265.17,mobile,CUST_4457,Regular
TXN_202504_013623,2025-04-30,REG_08,STORE_024,EMP_023,PROD_004,1,374.94,0.16,314.95,mobile,CUST_9289,VIP
TXN_202504_013624,2025-04-11,REG_07,STORE_019,EMP_007,PROD_017,5,240.03,0.11,1068.13,credit,CUST_7409,New
TXN_202504_013625,2025-04-06,REG_01,STORE_003,EMP_001,PROD_028,4,386.17,0.12,1359.32,credit,CUST_9100,VIP
TXN_202504_013626,2025-04-21,REG_05,STORE_014,EMP_021,PROD_034,2,277.71,0.26,411.01,mobile,CUST_8865,New
TXN_202504_013627,2025-04-25,REG_09,STORE_025,EMP_022,PROD_045,3,45.18,0.29,96.23,credit,CUST_8255,VIP
TXN_202504_013628,2025-04-05,REG_01,STORE_001,EMP_019,PROD_046,2,125.14,0.24,190.21,mobile,CUST_5327,Premium
TXN_202504_013629,2025-04-16,REG_01,STORE_002,EMP_011,PROD_006,4,240.55,0.28,692.78,mobile,CUST_4365,Regular
TXN_202504_013630,2025-04-21,REG_02,STORE_005,EMP_002,PROD_046,3,164.12,0.05,467.74,card,CUST_9963,New
TXN_202504_013631,2025-04-01,REG_05,STORE_013,EMP_005,PROD_042,1,270.47,0.15,229.9,credit,CUST_6586,Premium
TXN_202504_013632,2025-04-06,REG_03,STORE_008,EMP_003,PROD_048,3,456.2,0.05,1300.17,card,CUST_2491,Premium
TXN_202504_013633,2025-04-17,REG_09,STORE_026,EMP_022,PROD_012,2,318.61,0.06,598.99,card,CUST_6136,Premium
TXN_202504_013634,2025-04-14,REG_03,STORE_007,EMP_014,PROD_042,5,407.52,0.15,1731.96,card,CUST_6306,VIP
TXN_202504_013635,2025-04-06,REG_10,STORE_030,EMP_020,PROD_003,5,288.36,0.27,1052.51,card,CUST_5303,New
TXN_202504_013636,2025-04-26,REG_10,STORE_030,EMP_010,PROD_049,4,134.55,0.28,387.5,mobile,CUST_8623,VIP
TXN_202504_013637,2025-04-24,REG_07,STORE_020,EMP_007,PROD_044,1,157.7,0.22,123.01,credit,CUST_2517,Premium
TXN_202504_013638,2025-04-08,REG_07,STORE_020,EMP_007,PROD_038,2,283.1,0.3,396.34,card,CUST_3973,VIP
TXN_202504_013639,2025-04-14,REG_04,STORE_010,EMP_016,PROD_046,4,171.32,0.3,479.7,credit,CUST_9167,Premium
TXN_202504_013640,2025-04-13,REG_05,STORE_013,EMP_021,PROD_002,2,286.84,0.01,567.94,card,CUST_7347,Regular
TXN_202504_013641,2025-04-26,REG_08,STORE_023,EMP_015,PROD_011,5,105.49,0.16,443.06,cash,CUST_8190,Regular
TXN_202504_013642,2025-04-07,REG_10,STORE_028,EMP_020,PROD_023,3,330.32,0.1,891.86,mobile,CUST_9441,Regular
TXN_202504_013643,2025-04-20,REG_07,STORE_019,EMP_007,PROD_016,3,121.6,0.05,346.56,card,CUST_4494,New
TXN_202504_013644,2025-04-15,REG_03,STORE_008,EMP_014,PROD_007,1,23.59,0.28,16.98,cash,CUST_9584,VIP
TXN_202504_013645,2025-04-20,REG_05,STORE_013,EMP_005,PROD_009,2,99.33,0.13,172.83,mobile,CUST_8238,Regular
TXN_202504_013646,2025-04-20,REG_10,STORE_028,EMP_017,PROD_040,2,207.13,0.29,294.12,cash,CUST_5996,VIP
TXN_202504_013647,2025-04-14,REG_02,STORE_006,EMP_002,PROD_007,3,17.35,0.27,38.0,credit,CUST_2998,New
TXN_202504_013648,2025-04-10,REG_08,STORE_024,EMP_012,PROD_044,2,116.29,0.07,216.3,card,CUST_6667,Premium
TXN_202504_013649,2025-04-06,REG_04,STORE_010,EMP_026,PROD_016,4,474.3,0.13,1650.56,mobile,CUST_1266,VIP
TXN_202504_013650,2025-04-20,REG_01,STORE_003,EMP_018,PROD_041,5,184.74,0.19,748.2,card,CUST_3840,Premium
TXN_202504_013651,2025-04-14,REG_10,STORE_030,EMP_010,PROD_014,1,205.03,0.27,149.67,card,CUST_2053,Premium
TXN_202504_013652,2025-04-22,REG_01,STORE_002,EMP_001,PROD_011,4,220.14,0.13,766.09,mobile,CUST_6377,Premium
TXN_202504_013653,2025-04-21,REG_10,STORE_030,EMP_017,PROD_014,5,366.01,0.11,1628.74,mobile,CUST_5527,Premium
TXN_202504_013654,2025-04-04,REG_02,STORE_006,EMP_002,PROD_004,4,431.98,0.25,1295.94,card,CUST_6221,Premium
TXN_202504_013655,2025-04-22,REG_01,STORE_002,EMP_001,PROD_042,1,487.12,0.14,418.92,cash,CUST_4304,Premium
TXN_202504_013656,2025-04-04,REG_07,STORE_020,EMP_007,PROD_035,1,308.05,0.15,261.84,cash,CUST_2819,Regular
TXN_202504_013657,2025-04-17,REG_06,STORE_018,EMP_006,PROD_005,3,25.79,0.2,61.9,credit,CUST_1413,New
TXN_202504_013658,2025-04-13,REG_01,STORE_003,EMP_001,PROD_024,4,306.58,0.29,870.69,mobile,CUST_6410,New
TXN_202504_013659,2025-04-14,REG_03,STORE_009,EMP_003,PROD_015,4,41.72,0.15,141.85,credit,CUST_1485,Premium
TXN_202504_013660,2025-04-22,REG_02,STORE_005,EMP_002,PROD_030,5,461.76,0.16,1939.39,mobile,CUST_4291,VIP
TXN_202504_013661,2025-04-25,REG_09,STORE_025,EMP_025,PROD_048,1,145.9,0.07,135.69,card,CUST_2236,Premium
TXN_202504_013662,2025-04-17,REG_10,STORE_030,EMP_013,PROD_004,3,76.73,0.28,165.74,credit,CUST_8844,New
TXN_202504_013663,2025-04-16,REG_01,STORE_001,EMP_011,PROD_031,4,322.68,0.2,1032.58,card,CUST_5132,New
TXN_202504_013664,2025-04-25,REG_06,STORE_016,EMP_006,PROD_048,3,356.13,0.11,950.87,mobile,CUST_9389,Premium
TXN_202504_013665,2025-04-12,REG_10,STORE_029,EMP_010,PROD_011,2,160.21,0.06,301.19,mobile,CUST_6630,Regular
TXN_202504_013666,2025-04-02,REG_01,STORE_001,EMP_011,PROD_046,3,64.31,0.21,152.41,mobile,CUST_2199,Regular
TXN_202504_013667,2025-04-29,REG_06,STORE_016,EMP_006,PROD_020,5,112.41,0.11,500.22,card,CUST_4529,VIP
TXN_202504_013668,2025-04-25,REG_06,STORE_017,EMP_006,PROD_042,4,391.35,0.19,1267.97,card,CUST_6431,New
TXN_202504_013669,2025-04-06,REG_03,STORE_008,EMP_003,PROD_026,1,124.29,0.04,119.32,credit,CUST_1341,Premium
TXN_202504_013670,2025-04-13,REG_09,STORE_026,EMP_022,PROD_040,1,236.65,0.09,215.35,cash,CUST_3682,VIP
TXN_202504_013671,2025-04-26,REG_04,STORE_012,EMP_024,PROD_013,5,286.48,0.02,1403.75,credit,CUST_2533,New
TXN_202504_013672,2025-04-01,REG_01,STORE_001,EMP_018,PROD_040,2,256.48,0.0,512.96,credit,CUST_1330,VIP
TXN_202504_013673,2025-04-23,REG_06,STORE_018,EMP_006,PROD_049,5,121.6,0.23,468.16,credit,CUST_2294,Premium
TXN_202504_013674,2025-04-15,REG_06,STORE_016,EMP_006,PROD_026,5,443.63,0.15,1885.43,card,CUST_7203,VIP
TXN_202504_013675,2025-04-06,REG_10,STORE_029,EMP_017,PROD_030,5,464.3,0.26,1717.91,card,CUST_2360,New
TXN_202504_013676,2025-04-01,REG_05,STORE_015,EMP_005,PROD_021,2,62.18,0.11,110.68,card,CUST_6266,Regular
TXN_202504_013677,2025-04-21,REG_01,STORE_002,EMP_019,PROD_005,3,298.68,0.25,672.03,mobile,CUST_5095,Regular
TXN_202504_013678,2025-04-10,REG_02,STORE_005,EMP_002,PROD_012,5,117.93,0.17,489.41,card,CUST_1332,New
TXN_202504_013679,2025-04-29,REG_08,STORE_022,EMP_023,PROD_026,1,240.44,0.01,238.04,credit,CUST_5096,New
TXN_202504_013680,2025-04-27,REG_06,STORE_017,EMP_006,PROD_003,2,230.24,0.17,382.2,credit,CUST_9159,New
TXN_202504_013681,2025-04-21,REG_06,STORE_017,EMP_006,PROD_019,5,350.37,0.28,1261.33,card,CUST_4201,VIP
TXN_202504_013682,2025-04-21,REG_09,STORE_027,EMP_022,PROD_042,3,416.78,0.21,987.77,card,CUST_1027,New
TXN_202504_013683,2025-04-12,REG_06,STORE_018,EMP_006,PROD_004,1,132.42,0.27,96.67,card,CUST_8600,New
TXN_202504_013684,2025-04-27,REG_05,STORE_014,EMP_005,PROD_021,5,417.04,0.04,2001.79,mobile,CUST_7622,VIP
TXN_202504_013685,2025-04-17,REG_04,STORE_010,EMP_026,PROD_008,2,129.87,0.29,184.42,cash,CUST_2476,Premium
TXN_202504_013686,2025-04-09,REG_05,STORE_014,EMP_021,PROD_039,5,362.02,0.03,1755.8,credit,CUST_5017,VIP
TXN_202504_013687,2025-04-16,REG_07,STORE_021,EMP_007,PROD_029,4,48.37,0.27,141.24,credit,CUST_3550,Regular
TXN_202504_013688,2025-04-08,REG_03,STORE_007,EMP_014,PROD_028,3,192.56,0.19,467.92,mobile,CUST_8685,Regular
TXN_202504_013689,2025-04-09,REG_02,STORE_005,EMP_002,PROD_027,1,299.49,0.1,269.54,credit,CUST_3204,Regular
TXN_202504_013690,2025-04-01,REG_01,STORE_001,EMP_019,PROD_042,4,262.56,0.27,766.68,card,CUST_4159,Regular
TXN_202504_013691,2025-04-27,REG_06,STORE_017,EMP_006,PROD_032,2,354.69,0.09,645.54,cash,CUST_3466,Regular
TXN_202504_013692,2025-04-09,REG_04,STORE_012,EMP_024,PROD_038,4,17.06,0.18,55.96,mobile,CUST_8211,Regular
TXN_202504_013693,2025-04-15,REG_08,STORE_024,EMP_012,PROD_039,2,169.3,0.28,243.79,credit,CUST_7989,New
TXN_202504_013694,2025-04-20,REG_03,STORE_008,EMP_003,PROD_038,4,185.32,0.15,630.09,mobile,CUST_9574,Regular
TXN_202504_013695,2025-04-20,REG_02,STORE_004,EMP_002,PROD_033,5,23.0,0.29,81.65,credit,CUST_3181,New
TXN_202504_013696,2025-04-02,REG_09,STORE_026,EMP_027,PROD_008,3,157.02,0.23,362.72,cash,CUST_2349,New
TXN_202504_013697,2025-04-20,REG_01,STORE_002,EMP_001,PROD_028,1,419.51,0.24,318.83,mobile,CUST_8176,New
TXN_202504_013698,2025-04-29,REG_02,STORE_005,EMP_002,PROD_027,3,128.33,0.06,361.89,mobile,CUST_1653,Regular
TXN_202504_013699,2025-04-26,REG_02,STORE_006,EMP_002,PROD_041,4,265.51,0.23,817.77,credit,CUST_5514,Regular
TXN_202504_013700,2025-04-20,REG_07,STORE_019,EMP_007,PROD_002,3,26.66,0.21,63.18,card,CUST_3668,VIP
TXN_202504_013701,2025-04-15,REG_10,STORE_028,EMP_028,PROD_029,4,32.47,0.26,96.11,credit,CUST_4218,VIP
TXN_202504_013702,2025-04-15,REG_05,STORE_013,EMP_005,PROD_046,4,254.36,0.17,844.48,mobile,CUST_3172,Premium
TXN_202504_013703,2025-04-26,REG_07,STORE_019,EMP_007,PROD_037,2,459.57,0.24,698.55,card,CUST_1997,Regular
TXN_202504_013704,2025-04-15,REG_01,STORE_001,EMP_001,PROD_022,1,333.96,0.19,270.51,credit,CUST_1589,Regular
TXN_202504_013705,2025-04-17,REG_04,STORE_010,EMP_030,PROD_039,2,48.05,0.08,88.41,credit,CUST_2557,New
TXN_202504_013706,2025-04-15,REG_09,STORE_025,EMP_022,PROD_031,1,463.22,0.01,458.59,card,CUST_9622,Premium
TXN_202504_013707,2025-04-20,REG_06,STORE_016,EMP_006,PROD_011,2,467.84,0.01,926.32,mobile,CUST_7631,Premium
TXN_202504_013708,2025-04-14,REG_04,STORE_011,EMP_004,PROD_026,4,48.58,0.29,137.97,credit,CUST_8298,VIP
TXN_202504_013709,2025-04-09,REG_05,STORE_013,EMP_005,PROD_030,4,66.97,0.23,206.27,credit,CUST_5172,Regular
TXN_202504_013710,2025-04-16,REG_08,STORE_023,EMP_015,PROD_016,4,457.3,0.07,1701.16,mobile,CUST_1793,New
TXN_202504_013711,2025-04-09,REG_10,STORE_030,EMP_017,PROD_038,5,71.95,0.19,291.4,mobile,CUST_6147,VIP
TXN_202504_013712,2025-04-21,REG_05,STORE_015,EMP_021,PROD_005,2,281.86,0.16,473.52,mobile,CUST_3044,VIP
TXN_202504_013713,2025-04-08,REG_10,STORE_030,EMP_020,PROD_042,1,172.81,0.22,134.79,mobile,CUST_7244,New
TXN_202504_013714,2025-04-12,REG_09,STORE_025,EMP_025,PROD_046,4,77.48,0.07,288.23,mobile,CUST_2925,New
TXN_202504_013715,2025-04-24,REG_04,STORE_012,EMP_029,PROD_010,4,432.75,0.25,1298.25,card,CUST_2031,VIP
TXN_202504_013716,2025-04-22,REG_05,STORE_014,EMP_021,PROD_001,5,226.05,0.16,949.41,card,CUST_8258,Regular
TXN_202504_013717,2025-04-07,REG_01,STORE_003,EMP_011,PROD_033,2,271.81,0.24,413.15,credit,CUST_2335,VIP
TXN_202504_013718,2025-04-18,REG_06,STORE_018,EMP_006,PROD_009,2,277.24,0.02,543.39,card,CUST_1177,VIP
TXN_202504_013719,2025-04-06,REG_06,STORE_017,EMP_006,PROD_034,3,270.9,0.04,780.19,credit,CUST_1799,VIP
TXN_202504_013720,2025-04-27,REG_06,STORE_018,EMP_006,PROD_005,2,156.79,0.1,282.22,mobile,CUST_6458,VIP
TXN_202504_013721,2025-04-10,REG_07,STORE_020,EMP_007,PROD_022,1,262.37,0.1,236.13,credit,CUST_6765,VIP
TXN_202504_013722,2025-04-18,REG_01,STORE_003,EMP_019,PROD_028,3,327.84,0.14,845.83,card,CUST_8772,Regular
TXN_202504_013723,2025-04-17,REG_03,STORE_007,EMP_014,PROD_050,2,249.12,0.3,348.77,mobile,CUST_3213,Premium
TXN_202504_013724,2025-04-17,REG_06,STORE_016,EMP_006,PROD_014,4,63.58,0.24,193.28,cash,CUST_2373,Premium
TXN_202504_013725,2025-04-13,REG_08,STORE_022,EMP_012,PROD_021,5,32.67,0.04,156.82,card,CUST_9827,VIP
TXN_202504_013726,2025-04-18,REG_06,STORE_016,EMP_006,PROD_035,3,392.31,0.22,918.01,cash,CUST_3880,Premium
TXN_202504_013727,2025-04-08,REG_07,STORE_021,EMP_007,PROD_036,4,323.84,0.16,1088.1,mobile,CUST_4658,Regular
TXN_202504_013728,2025-04-29,REG_09,STORE_026,EMP_025,PROD_034,1,349.06,0.07,324.63,card,CUST_2028,Premium
TXN_202504_013729,2025-04-18,REG_03,STORE_007,EMP_003,PROD_038,3,183.44,0.17,456.77,cash,CUST_7058,VIP
TXN_202504_013730,2025-04-23,REG_06,STORE_017,EMP_006,PROD_022,2,34.34,0.16,57.69,credit,CUST_4730,VIP
TXN_202504_013731,2025-04-16,REG_02,STORE_005,EMP_002,PROD_020,4,418.54,0.2,1339.33,credit,CUST_7980,New
TXN_202504_013732,2025-04-26,REG_09,STORE_025,EMP_009,PROD_018,3,475.1,0.19,1154.49,mobile,CUST_5065,VIP
TXN_202504_013733,2025-04-19,REG_08,STORE_024,EMP_012,PROD_014,3,370.72,0.3,778.51,card,CUST_3174,Regular
TXN_202504_013734,2025-04-18,REG_08,STORE_024,EMP_015,PROD_007,5,150.58,0.26,557.15,mobile,CUST_7915,VIP
TXN_202504_013735,2025-04-26,REG_01,STORE_001,EMP_018,PROD_049,1,490.26,0.17,406.92,credit,CUST_2162,Premium
TXN_202504_013736,2025-04-07,REG_09,STORE_026,EMP_009,PROD_043,4,156.89,0.03,608.73,card,CUST_8282,VIP
TXN_202504_013737,2025-04-26,REG_04,STORE_010,EMP_026,PROD_021,5,415.91,0.18,1705.23,credit,CUST_2559,VIP
TXN_202504_013738,2025-04-25,REG_10,STORE_029,EMP_013,PROD_023,3,63.74,0.05,181.66,cash,CUST_9833,VIP
TXN_202504_013739,2025-04-04,REG_05,STORE_014,EMP_005,PROD_017,2,433.34,0.02,849.35,cash,CUST_7457,Premium
TXN_202504_013740,2025-04-02,REG_07,STORE_019,EMP_007,PROD_007,3,263.26,0.3,552.85,card,CUST_3326,Regular
TXN_202504_013741,2025-04-12,REG_06,STORE_017,EMP_006,PROD_028,1,316.54,0.08,291.22,credit,CUST_9368,VIP
TXN_202504_013742,2025-04-16,REG_03,STORE_009,EMP_003,PROD_026,5,46.87,0.21,185.14,cash,CUST_1294,New
TXN_202504_013743,2025-04-13,REG_01,STORE_003,EMP_001,PROD_022,5,446.61,0.3,1563.13,mobile,CUST_6628,New
TXN_202504_013744,2025-04-25,REG_02,STORE_005,EMP_002,PROD_045,1,170.22,0.12,149.79,credit,CUST_7930,Regular
TXN_202504_013745,2025-04-22,REG_08,STORE_023,EMP_023,PROD_010,3,220.87,0.12,583.1,card,CUST_3137,New
TXN_202504_013746,2025-04-11,REG_01,STORE_003,EMP_001,PROD_027,1,391.28,0.23,301.29,mobile,CUST_8792,New
TXN_202504_013747,2025-04-28,REG_10,STORE_029,EMP_013,PROD_027,1,140.46,0.24,106.75,mobile,CUST_8576,Regular
TXN_202504_013748,2025-04-02,REG_08,STORE_024,EMP_023,PROD_046,4,119.52,0.29,339.44,cash,CUST_6759,Regular
TXN_202504_013749,2025-04-09,REG_03,STORE_009,EMP_003,PROD_030,3,52.59,0.25,118.33,mobile,CUST_1634,Regular
TXN_202504_013750,2025-04-17,REG_10,STORE_029,EMP_010,PROD_008,3,323.11,0.14,833.62,cash,CUST_7304,VIP
TXN_202504_013751,2025-04-19,REG_10,STORE_030,EMP_010,PROD_027,5,314.26,0.08,1445.6,credit,CUST_1690,Premium
TXN_202504_013752,2025-04-19,REG_01,STORE_003,EMP_018,PROD_029,2,179.59,0.16,301.71,mobile,CUST_1350,Regular
TXN_202504_013753,2025-04-18,REG_09,STORE_027,EMP_025,PROD_048,3,442.61,0.17,1102.1,cash,CUST_5190,Regular
TXN_202504_013754,2025-04-09,REG_08,STORE_023,EMP_015,PROD_006,3,18.5,0.03,53.84,cash,CUST_9011,Regular
TXN_202504_013755,2025-04-30,REG_08,STORE_024,EMP_023,PROD_043,1,73.67,0.05,69.99,mobile,CUST_3165,New
TXN_202504_013756,2025-04-07,REG_05,STORE_014,EMP_005,PROD_031,5,78.16,0.29,277.47,credit,CUST_4579,Premium
TXN_202504_013757,2025-04-01,REG_01,STORE_002,EMP_019,PROD_022,3,416.61,0.19,1012.36,cash,CUST_1920,Regular
TXN_202504_013758,2025-04-05,REG_10,STORE_028,EMP_013,PROD_032,5,412.11,0.12,1813.28,credit,CUST_5331,Premium
TXN_202504_013759,2025-04-04,REG_06,STORE_018,EMP_006,PROD_029,3,81.83,0.13,213.58,card,CUST_4012,New
TXN_202504_013760,2025-04-24,REG_09,STORE_027,EMP_009,PROD_045,3,395.92,0.02,1164.0,cash,CUST_3642,New
TXN_202504_013761,2025-04-22,REG_09,STORE_027,EMP_022,PROD_039,1,316.72,0.02,310.39,mobile,CUST_7448,New
TXN_202504_013762,2025-04-09,REG_02,STORE_004,EMP_002,PROD_014,3,436.7,0.09,1192.19,credit,CUST_2798,Regular
TXN_202504_013763,2025-04-03,REG_09,STORE_027,EMP_025,PROD_044,5,153.7,0.04,737.76,cash,CUST_1926,Premium
TXN_202504_013764,2025-04-03,REG_04,STORE_012,EMP_004,PROD_019,2,90.83,0.05,172.58,mobile,CUST_3310,VIP
TXN_202504_013765,2025-04-16,REG_04,STORE_011,EMP_029,PROD_028,1,348.2,0.06,327.31,card,CUST_5207,VIP
TXN_202504_013766,2025-04-22,REG_04,STORE_011,EMP_004,PROD_042,4,77.35,0.01,306.31,cash,CUST_8953,Regular
TXN_202504_013767,2025-04-27,REG_05,STORE_015,EMP_021,PROD_014,5,432.39,0.15,1837.66,mobile,CUST_4437,Premium
TXN_202504_013768,2025-04-27,REG_08,STORE_022,EMP_012,PROD_026,5,166.57,0.21,657.95,mobile,CUST_7139,VIP
TXN_202504_013769,2025-04-25,REG_08,STORE_024,EMP_012,PROD_023,1,404.43,0.23,311.41,credit,CUST_5824,Premium
TXN_202504_013770,2025-04-11,REG_07,STORE_020,EMP_007,PROD_005,5,476.22,0.12,2095.37,cash,CUST_2887,Premium
TXN_202504_013771,2025-04-29,REG_02,STORE_006,EMP_002,PROD_007,1,345.59,0.18,283.38,credit,CUST_6221,New
TXN_202504_013772,2025-04-06,REG_06,STORE_017,EMP_006,PROD_027,1,262.4,0.04,251.9,card,CUST_2548,VIP
TXN_202504_013773,2025-04-15,REG_05,STORE_015,EMP_005,PROD_007,4,418.76,0.12,1474.04,cash,CUST_5846,Premium
TXN_202504_013774,2025-04-12,REG_01,STORE_001,EMP_011,PROD_011,1,340.33,0.25,255.25,mobile,CUST_1286,Regular
TXN_202504_013775,2025-04-12,REG_02,STORE_006,EMP_002,PROD_040,4,16.17,0.06,60.8,card,CUST_4738,Regular
TXN_202504_013776,2025-04-20,REG_04,STORE_011,EMP_026,PROD_013,2,102.38,0.09,186.33,card,CUST_6928,Regular
TXN_202504_013777,2025-04-24,REG_07,STORE_021,EMP_007,PROD_038,3,110.58,0.26,245.49,card,CUST_9318,Regular
TXN_202504_013778,2025-04-23,REG_06,STORE_018,EMP_006,PROD_038,5,432.55,0.17,1795.08,mobile,CUST_8285,Premium
TXN_202504_013779,2025-04-16,REG_01,STORE_001,EMP_018,PROD_012,2,485.4,0.03,941.68,cash,CUST_7861,Regular
TXN_202504_013780,2025-04-15,REG_02,STORE_006,EMP_002,PROD_002,5,219.53,0.27,801.28,cash,CUST_1020,Regular
TXN_202504_013781,2025-04-11,REG_01,STORE_002,EMP_018,PROD_047,3,22.62,0.3,47.5,cash,CUST_1575,VIP
TXN_202504_013782,2025-04-06,REG_09,STORE_025,EMP_027,PROD_038,1,388.3,0.29,275.69,cash,CUST_6870,Regular
TXN_202504_013783,2025-04-25,REG_06,STORE_018,EMP_006,PROD_048,3,327.31,0.03,952.47,credit,CUST_1222,Regular
TXN_202504_013784,2025-04-05,REG_08,STORE_023,EMP_012,PROD_027,1,191.72,0.22,149.54,credit,CUST_1670,Premium
TXN_202504_013785,2025-04-19,REG_04,STORE_010,EMP_024,PROD_022,2,243.01,0.07,452.0,card,CUST_9801,VIP
TXN_202504_013786,2025-04-20,REG_05,STORE_013,EMP_005,PROD_014,1,17.29,0.27,12.62,mobile,CUST_2054,VIP
TXN_202504_013787,2025-04-04,REG_01,STORE_002,EMP_018,PROD_019,5,263.22,0.1,1184.49,cash,CUST_9682,Premium
TXN_202504_013788,2025-04-22,REG_02,STORE_005,EMP_002,PROD_002,3,374.61,0.05,1067.64,cash,CUST_8028,New
TXN_202504_013789,2025-04-28,REG_06,STORE_017,EMP_006,PROD_050,3,61.22,0.1,165.29,credit,CUST_1781,Regular
TXN_202504_013790,2025-04-26,REG_08,STORE_023,EMP_012,PROD_006,5,393.89,0.08,1811.89,card,CUST_1692,New
TXN_202504_013791,2025-04-27,REG_07,STORE_019,EMP_007,PROD_041,2,264.51,0.04,507.86,cash,CUST_4225,Premium
TXN_202504_013792,2025-04-17,REG_07,STORE_019,EMP_007,PROD_003,1,173.81,0.12,152.95,mobile,CUST_6819,Premium
TXN_202504_013793,2025-04-06,REG_03,STORE_009,EMP_014,PROD_011,2,24.66,0.0,49.32,credit,CUST_1057,New
TXN_202504_013794,2025-04-18,REG_09,STORE_026,EMP_009,PROD_050,4,118.39,0.28,340.96,credit,CUST_7994,Premium
TXN_202504_013795,2025-04-22,REG_08,STORE_023,EMP_012,PROD_031,1,44.11,0.25,33.08,card,CUST_7184,Regular
TXN_202504_013796,2025-04-26,REG_03,STORE_008,EMP_003,PROD_008,1,105.73,0.02,103.62,mobile,CUST_6039,Regular
TXN_202504_013797,2025-04-01,REG_03,STORE_009,EMP_003,PROD_050,4,451.79,0.0,1807.16,mobile,CUST_5866,Regular
TXN_202504_013798,2025-04-29,REG_08,STORE_023,EMP_012,PROD_022,3,362.79,0.05,1033.95,cash,CUST_5908,New
TXN_202504_013799,2025-04-20,REG_05,STORE_015,EMP_021,PROD_031,2,157.16,0.18,257.74,mobile,CUST_9101,Premium
TXN_202504_013800,2025-04-01,REG_09,STORE_026,EMP_022,PROD_013,2,448.38,0.18,735.34,card,CUST_5176,Premium
TXN_202504_013801,2025-04-28,REG_04,STORE_010,EMP_024,PROD_036,3,383.18,0.04,1103.56,cash,CUST_6570,Premium
TXN_202504_013802,2025-04-21,REG_10,STORE_030,EMP_020,PROD_028,5,450.96,0.18,1848.94,card,CUST_4656,Regular
TXN_202504_013803,2025-04-28,REG_02,STORE_006,EMP_002,PROD_046,3,33.83,0.18,83.22,mobile,CUST_4490,Regular
TXN_202504_013804,2025-04-11,REG_07,STORE_020,EMP_007,PROD_041,3,423.03,0.15,1078.73,card,CUST_1377,New
TXN_202504_013805,2025-04-22,REG_06,STORE_017,EMP_006,PROD_026,4,75.11,0.28,216.32,cash,CUST_9463,New
TXN_202504_013806,2025-04-28,REG_10,STORE_028,EMP_013,PROD_037,1,182.88,0.23,140.82,card,CUST_6990,VIP
TXN_202504_013807,2025-04-04,REG_04,STORE_011,EMP_029,PROD_004,1,295.35,0.19,239.23,card,CUST_2918,Premium
TXN_202504_013808,2025-04-11,REG_03,STORE_009,EMP_014,PROD_003,5,20.83,0.09,94.78,mobile,CUST_1486,Regular
TXN_202504_013809,2025-04-15,REG_06,STORE_016,EMP_006,PROD_014,4,50.61,0.08,186.24,mobile,CUST_4590,Regular
TXN_202504_013810,2025-04-21,REG_08,STORE_023,EMP_008,PROD_016,4,422.15,0.18,1384.65,card,CUST_4490,New
TXN_202504_013811,2025-04-03,REG_04,STORE_011,EMP_029,PROD_013,5,272.74,0.24,1036.41,cash,CUST_7110,VIP
TXN_202504_013812,2025-04-17,REG_04,STORE_010,EMP_016,PROD_032,1,345.86,0.28,249.02,cash,CUST_3226,Premium
TXN_202504_013813,2025-04-21,REG_04,STORE_010,EMP_030,PROD_049,4,326.52,0.21,1031.8,cash,CUST_4729,Regular
TXN_202504_013814,2025-04-16,REG_07,STORE_020,EMP_007,PROD_046,2,393.12,0.23,605.4,credit,CUST_7798,Regular
TXN_202504_013815,2025-04-04,REG_09,STORE_025,EMP_022,PROD_001,1,419.91,0.0,419.91,credit,CUST_2137,New
TXN_202504_013816,2025-04-30,REG_06,STORE_016,EMP_006,PROD_023,3,285.0,0.15,726.75,credit,CUST_3366,Premium
TXN_202504_013817,2025-04-03,REG_08,STORE_024,EMP_023,PROD_002,3,27.84,0.13,72.66,card,CUST_7842,Premium
TXN_202504_013818,2025-04-10,REG_07,STORE_020,EMP_007,PROD_015,3,320.71,0.03,933.27,card,CUST_3327,Premium
TXN_202504_013819,2025-04-27,REG_07,STORE_020,EMP_007,PROD_007,4,154.9,0.14,532.86,card,CUST_4828,Regular
TXN_202504_013820,2025-04-28,REG_08,STORE_024,EMP_012,PROD_023,4,488.45,0.03,1895.19,credit,CUST_3444,New
TXN_202504_013821,2025-04-07,REG_03,STORE_007,EMP_014,PROD_011,4,280.38,0.2,897.22,cash,CUST_4364,New
TXN_202504_013822,2025-04-16,REG_02,STORE_006,EMP_002,PROD_032,5,247.8,0.19,1003.59,card,CUST_9556,Regular
TXN_202504_013823,2025-04-23,REG_07,STORE_019,EMP_007,PROD_044,5,99.81,0.08,459.13,card,CUST_2796,Regular
TXN_202504_013824,2025-04-04,REG_07,STORE_019,EMP_007,PROD_023,1,30.86,0.15,26.23,card,CUST_5488,New
TXN_202504_013825,2025-04-21,REG_03,STORE_009,EMP_003,PROD_045,3,53.77,0.2,129.05,credit,CUST_3736,New
TXN_202504_013826,2025-04-12,REG_02,STORE_004,EMP_002,PROD_011,2,252.71,0.16,424.55,card,CUST_2207,Regular
TXN_202504_013827,2025-04-29,REG_05,STORE_013,EMP_021,PROD_042,2,181.2,0.3,253.68,card,CUST_3683,VIP
TXN_202504_013828,2025-04-17,REG_08,STORE_024,EMP_023,PROD_042,3,253.44,0.08,699.49,mobile,CUST_6466,New
TXN_202504_013829,2025-04-17,REG_01,STORE_003,EMP_018,PROD_004,4,63.33,0.18,207.72,cash,CUST_3527,VIP
TXN_202504_013830,2025-04-09,REG_01,STORE_002,EMP_001,PROD_032,3,153.72,0.02,451.94,credit,CUST_4048,VIP
TXN_202504_013831,2025-04-28,REG_03,STORE_009,EMP_014,PROD_027,3,27.27,0.27,59.72,card,CUST_7144,Regular
TXN_202504_013832,2025-04-04,REG_04,STORE_012,EMP_026,PROD_029,1,147.79,0.22,115.28,mobile,CUST_9453,New
TXN_202504_013833,2025-04-28,REG_10,STORE_029,EMP_010,PROD_049,1,71.98,0.14,61.9,mobile,CUST_3948,VIP
TXN_202504_013834,2025-04-05,REG_06,STORE_017,EMP_006,PROD_011,5,191.53,0.08,881.04,mobile,CUST_6200,New
TXN_202504_013835,2025-04-18,REG_03,STORE_008,EMP_014,PROD_032,4,291.06,0.2,931.39,cash,CUST_8456,New
TXN_202504_013836,2025-04-18,REG_09,STORE_025,EMP_022,PROD_041,2,211.59,0.15,359.7,card,CUST_1284,Premium
TXN_202504_013837,2025-04-05,REG_09,STORE_025,EMP_027,PROD_002,3,470.47,0.05,1340.84,mobile,CUST_5826,Regular
TXN_202504_013838,2025-04-24,REG_01,STORE_002,EMP_011,PROD_038,4,388.36,0.13,1351.49,cash,CUST_5851,Regular
TXN_202504_013839,2025-04-25,REG_09,STORE_027,EMP_027,PROD_044,2,53.11,0.26,78.6,mobile,CUST_3662,New
TXN_202504_013840,2025-04-22,REG_01,STORE_003,EMP_018,PROD_038,5,114.71,0.12,504.72,cash,CUST_3086,VIP
TXN_202504_013841,2025-04-16,REG_01,STORE_001,EMP_018,PROD_025,1,317.63,0.15,269.99,mobile,CUST_6562,VIP
TXN_202504_013842,2025-04-26,REG_02,STORE_004,EMP_002,PROD_026,2,373.5,0.11,664.83,cash,CUST_9438,New
TXN_202504_013843,2025-04-08,REG_01,STORE_003,EMP_011,PROD_037,5,30.61,0.14,131.62,cash,CUST_4717,Premium
TXN_202504_013844,2025-04-26,REG_01,STORE_002,EMP_011,PROD_013,3,174.15,0.05,496.33,cash,CUST_7273,VIP
TXN_202504_013845,2025-04-27,REG_01,STORE_002,EMP_011,PROD_036,4,165.19,0.25,495.57,cash,CUST_7567,New
TXN_202504_013846,2025-04-20,REG_01,STORE_002,EMP_001,PROD_037,4,366.92,0.01,1453.0,mobile,CUST_8964,Premium
TXN_202504_013847,2025-04-17,REG_01,STORE_001,EMP_018,PROD_010,3,204.39,0.06,576.38,credit,CUST_3828,New
TXN_202504_013848,2025-04-11,REG_04,STORE_012,EMP_016,PROD_049,3,308.72,0.2,740.93,mobile,CUST_5215,New
TXN_202504_013849,2025-04-14,REG_03,STORE_009,EMP_003,PROD_016,5,244.72,0.04,1174.66,card,CUST_7696,New
TXN_202504_013850,2025-04-16,REG_09,STORE_025,EMP_025,PROD_024,5,472.48,0.05,2244.28,mobile,CUST_4193,VIP
TXN_202504_013851,2025-04-23,REG_01,STORE_003,EMP_011,PROD_040,4,200.43,0.24,609.31,credit,CUST_7381,Regular
TXN_202504_013852,2025-04-15,REG_09,STORE_026,EMP_027,PROD_017,3,15.8,0.13,41.24,card,CUST_3110,VIP
TXN_202504_013853,2025-04-25,REG_08,STORE_022,EMP_023,PROD_047,1,402.77,0.25,302.08,cash,CUST_9983,VIP
TXN_202504_013854,2025-04-07,REG_07,STORE_019,EMP_007,PROD_024,4,317.84,0.26,940.81,credit,CUST_6992,Premium
TXN_202504_013855,2025-04-01,REG_04,STORE_010,EMP_024,PROD_020,2,422.27,0.12,743.2,cash,CUST_8618,New
TXN_202504_013856,2025-04-18,REG_05,STORE_015,EMP_021,PROD_006,4,32.68,0.15,111.11,card,CUST_5394,New
TXN_202504_013857,2025-04-14,REG_02,STORE_006,EMP_002,PROD_016,4,456.47,0.16,1533.74,credit,CUST_6927,VIP
TXN_202504_013858,2025-04-13,REG_07,STORE_019,EMP_007,PROD_009,3,453.1,0.14,1169.0,cash,CUST_5822,Premium
TXN_202504_013859,2025-04-12,REG_09,STORE_025,EMP_022,PROD_033,5,265.04,0.1,1192.68,mobile,CUST_4863,VIP
TXN_202504_013860,2025-04-23,REG_07,STORE_020,EMP_007,PROD_032,4,253.87,0.13,883.47,mobile,CUST_3018,Premium
TXN_202504_013861,2025-04-20,REG_04,STORE_010,EMP_016,PROD_016,4,313.94,0.15,1067.4,credit,CUST_3202,New
TXN_202504_013862,2025-04-03,REG_08,STORE_022,EMP_012,PROD_016,3,418.4,0.29,891.19,mobile,CUST_7859,New
TXN_202504_013863,2025-04-21,REG_09,STORE_027,EMP_022,PROD_026,1,84.09,0.26,62.23,mobile,CUST_3362,VIP
TXN_202504_013864,2025-04-09,REG_07,STORE_019,EMP_007,PROD_050,3,411.0,0.01,1220.67,credit,CUST_1608,VIP
TXN_202504_013865,2025-04-07,REG_07,STORE_019,EMP_007,PROD_012,3,183.01,0.05,521.58,mobile,CUST_8135,VIP
TXN_202504_013866,2025-04-08,REG_03,STORE_007,EMP_014,PROD_019,1,113.5,0.22,88.53,cash,CUST_8515,New
TXN_202504_013867,2025-04-06,REG_01,STORE_002,EMP_018,PROD_032,4,21.7,0.12,76.38,mobile,CUST_9144,Premium
TXN_202504_013868,2025-04-13,REG_07,STORE_019,EMP_007,PROD_040,3,216.84,0.0,650.52,card,CUST_4636,VIP
TXN_202504_013869,2025-04-10,REG_07,STORE_021,EMP_007,PROD_017,4,328.39,0.03,1274.15,credit,CUST_1956,VIP
TXN_202504_013870,2025-04-30,REG_08,STORE_022,EMP_012,PROD_039,5,254.34,0.07,1182.68,mobile,CUST_8459,New
TXN_202504_013871,2025-04-04,REG_10,STORE_030,EMP_013,PROD_010,2,133.94,0.23,206.27,cash,CUST_4785,New
TXN_202504_013872,2025-04-03,REG_06,STORE_017,EMP_006,PROD_010,2,470.66,0.26,696.58,credit,CUST_2979,Regular
TXN_202504_013873,2025-04-09,REG_03,STORE_007,EMP_003,PROD_022,1,232.6,0.22,181.43,cash,CUST_1413,Regular
TXN_202504_013874,2025-04-17,REG_09,STORE_026,EMP_022,PROD_011,1,459.83,0.1,413.85,card,CUST_5706,Regular
TXN_202504_013875,2025-04-26,REG_08,STORE_022,EMP_015,PROD_040,1,396.19,0.2,316.95,card,CUST_5351,Regular
TXN_202504_013876,2025-04-09,REG_01,STORE_002,EMP_001,PROD_007,4,217.49,0.17,722.07,cash,CUST_1114,Regular
TXN_202504_013877,2025-04-02,REG_09,STORE_026,EMP_009,PROD_032,2,42.23,0.13,73.48,cash,CUST_2414,Premium
TXN_202504_013878,2025-04-27,REG_06,STORE_017,EMP_006,PROD_047,5,37.89,0.08,174.29,mobile,CUST_9638,Premium
TXN_202504_013879,2025-04-19,REG_05,STORE_014,EMP_005,PROD_020,5,317.95,0.08,1462.57,card,CUST_2431,New
TXN_202504_013880,2025-04-23,REG_10,STORE_030,EMP_017,PROD_041,4,440.37,0.17,1462.03,cash,CUST_2899,Premium
TXN_202504_013881,2025-04-19,REG_10,STORE_029,EMP_013,PROD_010,1,377.68,0.08,347.47,credit,CUST_9501,Premium
TXN_202504_013882,2025-04-17,REG_05,STORE_015,EMP_021,PROD_015,3,176.64,0.24,402.74,cash,CUST_3340,New
TXN_202504_013883,2025-04-06,REG_02,STORE_004,EMP_002,PROD_005,4,467.99,0.13,1628.61,card,CUST_6324,New
TXN_202504_013884,2025-04-07,REG_06,STORE_016,EMP_006,PROD_009,2,351.35,0.11,625.4,card,CUST_1828,Premium
TXN_202504_013885,2025-04-22,REG_08,STORE_022,EMP_012,PROD_050,1,369.95,0.1,332.95,card,CUST_8342,Premium
TXN_202504_013886,2025-04-08,REG_08,STORE_022,EMP_008,PROD_029,1,172.95,0.26,127.98,cash,CUST_5327,Regular
TXN_202504_013887,2025-04-28,REG_01,STORE_001,EMP_018,PROD_026,5,261.3,0.21,1032.13,cash,CUST_9909,New
TXN_202504_013888,2025-04-26,REG_06,STORE_018,EMP_006,PROD_044,1,413.21,0.29,293.38,mobile,CUST_9329,Regular
TXN_202504_013889,2025-04-22,REG_05,STORE_013,EMP_005,PROD_012,4,22.79,0.05,86.6,mobile,CUST_7934,Premium
TXN_202504_013890,2025-04-27,REG_10,STORE_028,EMP_017,PROD_037,5,323.28,0.27,1179.97,cash,CUST_2365,VIP
TXN_202504_013891,2025-04-23,REG_09,STORE_025,EMP_027,PROD_034,5,397.65,0.19,1610.48,credit,CUST_4135,VIP
TXN_202504_013892,2025-04-24,REG_07,STORE_019,EMP_007,PROD_003,2,194.48,0.27,283.94,card,CUST_7718,VIP
TXN_202504_013893,2025-04-24,REG_04,STORE_012,EMP_016,PROD_014,4,460.57,0.14,1584.36,credit,CUST_3265,Regular
TXN_202504_013894,2025-04-17,REG_10,STORE_028,EMP_013,PROD_039,3,480.57,0.19,1167.79,card,CUST_5827,New
TXN_202504_013895,2025-04-06,REG_10,STORE_030,EMP_013,PROD_008,1,258.16,0.07,240.09,card,CUST_2047,Regular
TXN_202504_013896,2025-04-11,REG_06,STORE_016,EMP_006,PROD_035,5,309.68,0.29,1099.36,card,CUST_5474,Premium
TXN_202504_013897,2025-04-23,REG_04,STORE_010,EMP_024,PROD_003,2,30.23,0.2,48.37,credit,CUST_3034,Premium
TXN_202504_013898,2025-04-16,REG_06,STORE_017,EMP_006,PROD_039,3,279.67,0.17,696.38,credit,CUST_8476,New
TXN_202504_013899,2025-04-27,REG_01,STORE_003,EMP_011,PROD_047,1,371.86,0.0,371.86,cash,CUST_5433,Regular
TXN_202504_013900,2025-04-06,REG_03,STORE_008,EMP_014,PROD_049,2,450.29,0.22,702.45,cash,CUST_5024,New
TXN_202504_013901,2025-04-28,REG_09,STORE_025,EMP_027,PROD_026,5,314.76,0.06,1479.37,card,CUST_7685,VIP
TXN_202504_013902,2025-04-03,REG_03,STORE_007,EMP_003,PROD_005,2,484.53,0.08,891.54,credit,CUST_9935,New
TXN_202504_013903,2025-04-03,REG_05,STORE_015,EMP_021,PROD_001,5,16.45,0.05,78.14,mobile,CUST_6893,Premium
TXN_202504_013904,2025-04-05,REG_01,STORE_001,EMP_018,PROD_048,5,287.55,0.03,1394.62,mobile,CUST_5664,Premium
TXN_202504_013905,2025-04-19,REG_08,STORE_022,EMP_008,PROD_009,2,171.47,0.28,246.92,cash,CUST_5683,Regular
TXN_202504_013906,2025-04-15,REG_07,STORE_020,EMP_007,PROD_047,3,380.41,0.01,1129.82,mobile,CUST_2096,VIP
TXN_202504_013907,2025-04-01,REG_02,STORE_004,EMP_002,PROD_012,5,237.02,0.22,924.38,card,CUST_8523,VIP
TXN_202504_013908,2025-04-21,REG_09,STORE_026,EMP_022,PROD_034,3,340.17,0.18,836.82,mobile,CUST_8463,VIP
TXN_202504_013909,2025-04-04,REG_07,STORE_021,EMP_007,PROD_007,3,22.96,0.06,64.75,cash,CUST_2329,Regular
TXN_202504_013910,2025-04-29,REG_09,STORE_025,EMP_025,PROD_005,5,290.41,0.1,1306.85,cash,CUST_6340,New
TXN_202504_013911,2025-04-18,REG_03,STORE_007,EMP_003,PROD_005,3,167.11,0.29,355.94,credit,CUST_9210,New
TXN_202504_013912,2025-04-30,REG_04,STORE_010,EMP_026,PROD_014,4,311.27,0.12,1095.67,card,CUST_6710,Regular
TXN_202504_013913,2025-04-04,REG_03,STORE_007,EMP_014,PROD_038,2,116.97,0.25,175.45,cash,CUST_8630,VIP
TXN_202504_013914,2025-04-26,REG_03,STORE_007,EMP_003,PROD_032,2,426.08,0.16,715.81,mobile,CUST_2589,New
TXN_202504_013915,2025-04-14,REG_01,STORE_002,EMP_018,PROD_006,1,125.02,0.15,106.27,card,CUST_9933,Premium
TXN_202504_013916,2025-04-17,REG_01,STORE_002,EMP_018,PROD_042,2,276.49,0.2,442.38,cash,CUST_1689,New
TXN_202504_013917,2025-04-22,REG_07,STORE_020,EMP_007,PROD_020,2,220.74,0.05,419.41,mobile,CUST_5046,Regular
TXN_202504_013918,2025-04-17,REG_08,STORE_023,EMP_008,PROD_019,2,447.83,0.25,671.75,card,CUST_4765,Premium
TXN_202504_013919,2025-04-09,REG_03,STORE_007,EMP_014,PROD_026,3,340.16,0.24,775.56,mobile,CUST_1489,New
TXN_202504_013920,2025-04-09,REG_09,STORE_027,EMP_009,PROD_004,3,278.43,0.27,609.76,credit,CUST_8860,Regular
TXN_202504_013921,2025-04-12,REG_04,STORE_012,EMP_016,PROD_039,3,372.82,0.07,1040.17,credit,CUST_6347,VIP
TXN_202504_013922,2025-04-25,REG_03,STORE_009,EMP_014,PROD_021,3,129.53,0.11,345.85,cash,CUST_7016,New
TXN_202504_013923,2025-04-28,REG_05,STORE_014,EMP_021,PROD_006,5,315.82,0.08,1452.77,credit,CUST_4589,Premium
TXN_202504_013924,2025-04-07,REG_06,STORE_017,EMP_006,PROD_045,3,298.02,0.0,894.06,mobile,CUST_4639,New
TXN_202504_013925,2025-04-14,REG_01,STORE_001,EMP_019,PROD_047,1,423.26,0.02,414.79,cash,CUST_3542,VIP
TXN_202504_013926,2025-04-06,REG_08,STORE_023,EMP_012,PROD_025,4,231.45,0.07,860.99,mobile,CUST_4024,Premium
TXN_202504_013927,2025-04-24,REG_06,STORE_016,EMP_006,PROD_010,1,134.25,0.15,114.11,credit,CUST_5787,Regular
TXN_202504_013928,2025-04-24,REG_07,STORE_021,EMP_007,PROD_030,5,92.17,0.23,354.85,card,CUST_9219,VIP
TXN_202504_013929,2025-04-19,REG_04,STORE_012,EMP_029,PROD_040,1,190.84,0.06,179.39,credit,CUST_7634,Premium
TXN_202504_013930,2025-04-23,REG_03,STORE_009,EMP_003,PROD_032,2,390.31,0.16,655.72,mobile,CUST_1640,Regular
TXN_202504_013931,2025-04-11,REG_09,STORE_027,EMP_022,PROD_047,2,199.52,0.12,351.16,credit,CUST_2953,New
TXN_202504_013932,2025-04-02,REG_07,STORE_019,EMP_007,PROD_017,4,436.67,0.06,1641.88,cash,CUST_8921,New
TXN_202504_013933,2025-04-08,REG_09,STORE_027,EMP_022,PROD_017,1,290.63,0.2,232.5,cash,CUST_1418,Regular
TXN_202504_013934,2025-04-29,REG_04,STORE_010,EMP_024,PROD_033,1,421.29,0.0,421.29,mobile,CUST_5887,VIP
TXN_202504_013935,2025-04-03,REG_05,STORE_015,EMP_021,PROD_018,3,49.52,0.22,115.88,card,CUST_7538,Premium
TXN_202504_013936,2025-04-19,REG_06,STORE_017,EMP_006,PROD_031,1,46.35,0.04,44.5,cash,CUST_6673,Premium
TXN_202504_013937,2025-04-19,REG_08,STORE_024,EMP_008,PROD_029,3,280.62,0.1,757.67,mobile,CUST_4469,Premium
TXN_202504_013938,2025-04-18,REG_08,STORE_024,EMP_023,PROD_021,1,182.72,0.03,177.24,mobile,CUST_9732,New
TXN_202504_013939,2025-04-16,REG_06,STORE_017,EMP_006,PROD_040,5,111.19,0.29,394.72,card,CUST_9157,Premium
TXN_202504_013940,2025-04-25,REG_06,STORE_018,EMP_006,PROD_027,1,42.87,0.29,30.44,mobile,CUST_9454,Regular
TXN_202504_013941,2025-04-09,REG_01,STORE_003,EMP_018,PROD_033,3,189.39,0.13,494.31,mobile,CUST_1043,Premium
TXN_202504_013942,2025-04-07,REG_07,STORE_021,EMP_007,PROD_014,5,443.94,0.11,1975.53,credit,CUST_4817,VIP
TXN_202504_013943,2025-04-03,REG_05,STORE_013,EMP_005,PROD_042,3,124.87,0.18,307.18,mobile,CUST_9819,VIP
TXN_202504_013944,2025-04-08,REG_09,STORE_025,EMP_009,PROD_027,4,129.3,0.25,387.9,credit,CUST_7759,New
TXN_202504_013945,2025-04-20,REG_05,STORE_013,EMP_005,PROD_021,1,414.57,0.19,335.8,cash,CUST_5000,Regular
TXN_202504_013946,2025-04-12,REG_10,STORE_028,EMP_010,PROD_002,2,106.41,0.05,202.18,cash,CUST_5799,VIP
TXN_202504_013947,2025-04-25,REG_01,STORE_003,EMP_018,PROD_030,5,245.73,0.17,1019.78,credit,CUST_6486,Regular
TXN_202504_013948,2025-04-18,REG_05,STORE_015,EMP_021,PROD_028,5,223.02,0.12,981.29,cash,CUST_2109,Regular
TXN_202504_013949,2025-04-18,REG_08,STORE_024,EMP_023,PROD_035,1,489.07,0.15,415.71,mobile,CUST_1679,New
TXN_202504_013950,2025-04-11,REG_02,STORE_006,EMP_002,PROD_001,4,35.96,0.19,116.51,mobile,CUST_9145,Premium
TXN_202504_013951,2025-04-28,REG_02,STORE_004,EMP_002,PROD_029,5,122.29,0.03,593.11,card,CUST_8719,VIP
TXN_202504_013952,2025-04-23,REG_10,STORE_030,EMP_013,PROD_024,2,247.55,0.06,465.39,credit,CUST_9258,New
TXN_202504_013953,2025-04-30,REG_06,STORE_016,EMP_006,PROD_035,3,143.42,0.1,387.23,credit,CUST_1868,New
TXN_202504_013954,2025-04-14,REG_05,STORE_013,EMP_021,PROD_014,2,417.49,0.01,826.63,mobile,CUST_8549,VIP
TXN_202504_013955,2025-04-17,REG_05,STORE_015,EMP_005,PROD_011,1,306.5,0.1,275.85,cash,CUST_9531,VIP
TXN_202504_013956,2025-04-10,REG_04,STORE_012,EMP_004,PROD_015,1,468.67,0.01,463.98,card,CUST_2126,Regular
TXN_202504_013957,2025-04-05,REG_02,STORE_004,EMP_002,PROD_044,2,176.6,0.01,349.67,card,CUST_8785,Premium
TXN_202504_013958,2025-04-04,REG_09,STORE_025,EMP_009,PROD_014,1,61.35,0.07,57.06,card,CUST_6291,Regular
TXN_202504_013959,2025-04-05,REG_04,STORE_012,EMP_016,PROD_044,1,30.45,0.13,26.49,mobile,CUST_7563,New
TXN_202504_013960,2025-04-22,REG_04,STORE_012,EMP_029,PROD_038,4,307.78,0.04,1181.88,cash,CUST_6212,Regular
TXN_202504_013961,2025-04-29,REG_03,STORE_008,EMP_014,PROD_050,2,378.92,0.18,621.43,card,CUST_2697,Premium
