transaction_id,date,region,store_id,employee_id,product_id,units,unit_price,discount,revenue,payment,customer_id,customer_segment
TXN_202505_013962,2025-05-22,REG_05,STORE_013,EMP_021,PROD_050,4,279.16,0.21,882.15,card,CUST_4683,Regular
TXN_202505_013963,2025-05-10,REG_03,STORE_007,EMP_003,PROD_006,2,227.05,0.11,404.15,credit,CUST_7963,Regular
TXN_202505_013964,2025-05-01,REG_10,STORE_030,EMP_028,PROD_017,3,328.83,0.3,690.54,card,CUST_6600,Premium
TXN_202505_013965,2025-05-30,REG_02,STORE_005,EMP_002,PROD_014,1,214.45,0.05,203.73,cash,CUST_1242,VIP
TXN_202505_013966,2025-05-10,REG_04,STORE_012,EMP_029,PROD_035,2,398.2,0.16,668.98,cash,CUST_4893,VIP
TXN_202505_013967,2025-05-05,REG_09,STORE_027,EMP_022,PROD_011,1,56.46,0.15,47.99,credit,CUST_3040,Regular
TXN_202505_013968,2025-05-18,REG_09,STORE_025,EMP_027,PROD_010,4,366.11,0.18,1200.84,mobile,CUST_3914,New
TXN_202505_013969,2025-05-08,REG_06,STORE_016,EMP_006,PROD_003,1,84.34,0.27,61.57,mobile,CUST_1733,New
TXN_202505_013970,2025-05-27,REG_10,STORE_028,EMP_013,PROD_019,2,214.37,0.19,347.28,credit,CUST_5757,VIP
TXN_202505_013971,2025-05-27,REG_09,STORE_026,EMP_027,PROD_020,5,364.85,0.03,1769.52,mobile,CUST_3857,Regular
TXN_202505_013972,2025-05-30,REG_05,STORE_014,EMP_005,PROD_002,1,34.9,0.07,32.46,mobile,CUST_3055,Premium
TXN_202505_013973,2025-05-06,REG_02,STORE_005,EMP_002,PROD_026,5,263.19,0.3,921.16,cash,CUST_1238,VIP
TXN_202505_013974,2025-05-13,REG_10,STORE_028,EMP_020,PROD_046,4,56.88,0.01,225.24,credit,CUST_8546,Premium
TXN_202505_013975,2025-05-03,REG_03,STORE_008,EMP_003,PROD_004,5,354.8,0.24,1348.24,mobile,CUST_6697,Regular
TXN_202505_013976,2025-05-12,REG_02,STORE_004,EMP_002,PROD_031,1,463.24,0.28,333.53,card,CUST_1131,New
TXN_202505_013977,2025-05-31,REG_09,STORE_025,EMP_027,PROD_032,2,397.85,0.11,708.17,credit,CUST_3484,Regular
TXN_202505_013978,2025-05-30,REG_04,STORE_010,EMP_016,PROD_016,5,388.4,0.16,1631.28,credit,CUST_9123,Regular
TXN_202505_013979,2025-05-11,REG_02,STORE_006,EMP_002,PROD_021,3,12.5,0.15,31.88,mobile,CUST_9843,New
TXN_202505_013980,2025-05-09,REG_08,STORE_022,EMP_015,PROD_012,1,110.24,0.27,80.48,cash,CUST_6994,New
TXN_202505_013981,2025-05-15,REG_02,STORE_006,EMP_002,PROD_038,1,77.46,0.09,70.49,credit,CUST_9551,New
TXN_202505_013982,2025-05-21,REG_06,STORE_018,EMP_006,PROD_019,1,271.46,0.1,244.31,mobile,CUST_1933,Regular
TXN_202505_013983,2025-05-07,REG_10,STORE_029,EMP_013,PROD_003,5,140.4,0.26,519.48,cash,CUST_1357,Premium
TXN_202505_013984,2025-05-22,REG_03,STORE_008,EMP_003,PROD_041,4,34.62,0.23,106.63,credit,CUST_8203,New
TXN_202505_013985,2025-05-07,REG_08,STORE_023,EMP_008,PROD_033,4,402.31,0.16,1351.76,card,CUST_5309,New
TXN_202505_013986,2025-05-19,REG_08,STORE_024,EMP_023,PROD_002,4,467.73,0.21,1478.03,card,CUST_3831,New
TXN_202505_013987,2025-05-14,REG_06,STORE_018,EMP_006,PROD_002,2,486.25,0.13,846.08,mobile,CUST_4279,Regular
TXN_202505_013988,2025-05-16,REG_04,STORE_011,EMP_029,PROD_038,3,89.12,0.24,203.19,cash,CUST_9283,VIP
TXN_202505_013989,2025-05-14,REG_05,STORE_014,EMP_021,PROD_026,4,240.51,0.15,817.73,card,CUST_6869,Regular
TXN_202505_013990,2025-05-17,REG_10,STORE_028,EMP_010,PROD_005,5,363.02,0.04,1742.5,mobile,CUST_4922,New
TXN_202505_013991,2025-05-08,REG_09,STORE_027,EMP_027,PROD_031,3,430.37,0.04,1239.47,cash,CUST_4926,New
TXN_202505_013992,2025-05-03,REG_04,STORE_010,EMP_026,PROD_021,5,414.39,0.23,1595.4,mobile,CUST_5372,Regular
TXN_202505_013993,2025-05-22,REG_07,STORE_020,EMP_007,PROD_049,1,386.64,0.23,297.71,credit,CUST_2388,Premium
TXN_202505_013994,2025-05-12,REG_03,STORE_008,EMP_003,PROD_050,2,434.58,0.3,608.41,cash,CUST_2621,New
TXN_202505_013995,2025-05-20,REG_06,STORE_018,EMP_006,PROD_015,4,97.73,0.09,355.74,mobile,CUST_7203,New
TXN_202505_013996,2025-05-05,REG_07,STORE_020,EMP_007,PROD_001,3,331.84,0.12,876.06,mobile,CUST_2672,VIP
TXN_202505_013997,2025-05-22,REG_05,STORE_015,EMP_005,PROD_044,5,192.93,0.26,713.84,mobile,CUST_6595,New
TXN_202505_013998,2025-05-03,REG_06,STORE_017,EMP_006,PROD_034,5,366.9,0.08,1687.74,credit,CUST_4295,Regular
TXN_202505_013999,2025-05-21,REG_07,STORE_020,EMP_007,PROD_007,3,217.91,0.26,483.76,credit,CUST_6413,VIP
TXN_202505_014000,2025-05-29,REG_10,STORE_028,EMP_010,PROD_036,5,419.7,0.21,1657.82,mobile,CUST_5638,Regular
TXN_202505_014001,2025-05-21,REG_04,STORE_010,EMP_026,PROD_003,5,440.12,0.27,1606.44,credit,CUST_7231,Regular
TXN_202505_014002,2025-05-16,REG_10,STORE_028,EMP_013,PROD_002,5,375.41,0.0,1877.05,cash,CUST_9935,Premium
TXN_202505_014003,2025-05-17,REG_04,STORE_011,EMP_030,PROD_007,3,31.31,0.21,74.2,cash,CUST_9353,Premium
TXN_202505_014004,2025-05-15,REG_02,STORE_006,EMP_002,PROD_039,2,38.67,0.13,67.29,mobile,CUST_6741,Regular
TXN_202505_014005,2025-05-15,REG_05,STORE_015,EMP_021,PROD_037,1,235.55,0.26,174.31,cash,CUST_9282,Premium
TXN_202505_014006,2025-05-03,REG_06,STORE_016,EMP_006,PROD_049,1,22.54,0.08,20.74,card,CUST_1742,Premium
TXN_202505_014007,2025-05-18,REG_07,STORE_021,EMP_007,PROD_040,2,249.78,0.21,394.65,mobile,CUST_1073,VIP
TXN_202505_014008,2025-05-11,REG_05,STORE_013,EMP_005,PROD_013,1,253.63,0.3,177.54,card,CUST_7156,VIP
TXN_202505_014009,2025-05-29,REG_09,STORE_026,EMP_025,PROD_046,1,118.13,0.12,103.95,mobile,CUST_5911,Regular
TXN_202505_014010,2025-05-26,REG_03,STORE_009,EMP_014,PROD_028,1,113.45,0.13,98.7,mobile,CUST_8730,Regular
TXN_202505_014011,2025-05-30,REG_03,STORE_007,EMP_003,PROD_029,5,88.46,0.29,314.03,card,CUST_1368,VIP
TXN_202505_014012,2025-05-18,REG_03,STORE_009,EMP_003,PROD_023,1,139.61,0.08,128.44,credit,CUST_2478,VIP
TXN_202505_014013,2025-05-31,REG_01,STORE_002,EMP_011,PROD_049,3,487.61,0.17,1214.15,credit,CUST_6284,Premium
TXN_202505_014014,2025-05-12,REG_02,STORE_006,EMP_002,PROD_014,1,350.73,0.27,256.03,cash,CUST_1839,VIP
TXN_202505_014015,2025-05-12,REG_02,STORE_005,EMP_002,PROD_007,5,366.04,0.09,1665.48,card,CUST_3811,New
TXN_202505_014016,2025-05-14,REG_06,STORE_018,EMP_006,PROD_015,4,158.44,0.23,488.0,mobile,CUST_2966,Premium
TXN_202505_014017,2025-05-13,REG_08,STORE_023,EMP_023,PROD_016,3,467.37,0.27,1023.54,card,CUST_4888,New
TXN_202505_014018,2025-05-31,REG_05,STORE_013,EMP_005,PROD_012,4,253.91,0.22,792.2,card,CUST_7237,New
TXN_202505_014019,2025-05-31,REG_04,STORE_010,EMP_024,PROD_046,4,312.2,0.22,974.06,mobile,CUST_1961,New
TXN_202505_014020,2025-05-24,REG_05,STORE_013,EMP_021,PROD_028,3,390.17,0.2,936.41,mobile,CUST_8305,Regular
TXN_202505_014021,2025-05-22,REG_07,STORE_020,EMP_007,PROD_015,3,150.9,0.19,366.69,card,CUST_7355,Regular
TXN_202505_014022,2025-05-07,REG_08,STORE_024,EMP_012,PROD_026,1,447.15,0.11,397.96,mobile,CUST_6917,Regular
TXN_202505_014023,2025-05-17,REG_05,STORE_013,EMP_021,PROD_018,2,478.6,0.06,899.77,cash,CUST_6465,Premium
TXN_202505_014024,2025-05-22,REG_01,STORE_003,EMP_018,PROD_049,5,444.13,0.22,1732.11,cash,CUST_2911,VIP
TXN_202505_014025,2025-05-04,REG_04,STORE_011,EMP_004,PROD_049,2,341.68,0.18,560.36,mobile,CUST_9962,New
TXN_202505_014026,2025-05-01,REG_05,STORE_015,EMP_005,PROD_025,4,204.84,0.14,704.65,card,CUST_8489,Premium
TXN_202505_014027,2025-05-24,REG_05,STORE_015,EMP_021,PROD_050,2,126.58,0.19,205.06,cash,CUST_4414,VIP
TXN_202505_014028,2025-05-02,REG_03,STORE_007,EMP_003,PROD_042,1,271.56,0.2,217.25,mobile,CUST_8705,Regular
TXN_202505_014029,2025-05-29,REG_06,STORE_017,EMP_006,PROD_046,4,456.32,0.3,1277.7,credit,CUST_1622,Premium
TXN_202505_014030,2025-05-21,REG_01,STORE_002,EMP_011,PROD_009,4,306.88,0.02,1202.97,mobile,CUST_6009,Premium
TXN_202505_014031,2025-05-20,REG_09,STORE_025,EMP_027,PROD_013,2,308.25,0.13,536.36,card,CUST_6220,Premium
TXN_202505_014032,2025-05-07,REG_08,STORE_024,EMP_023,PROD_042,4,257.99,0.02,1011.32,card,CUST_7771,Premium
TXN_202505_014033,2025-05-03,REG_05,STORE_014,EMP_005,PROD_009,2,191.48,0.23,294.88,credit,CUST_6624,New
TXN_202505_014034,2025-05-25,REG_08,STORE_024,EMP_023,PROD_013,2,141.86,0.04,272.37,cash,CUST_1199,New
TXN_202505_014035,2025-05-20,REG_01,STORE_001,EMP_019,PROD_010,2,397.81,0.12,700.15,card,CUST_4220,New
TXN_202505_014036,2025-05-07,REG_02,STORE_004,EMP_002,PROD_044,2,487.68,0.26,721.77,cash,CUST_6762,Premium
TXN_202505_014037,2025-05-28,REG_03,STORE_007,EMP_014,PROD_044,2,13.93,0.03,27.02,card,CUST_6287,Regular
TXN_202505_014038,2025-05-03,REG_01,STORE_002,EMP_019,PROD_028,3,174.57,0.15,445.15,mobile,CUST_1552,Premium
TXN_202505_014039,2025-05-02,REG_08,STORE_024,EMP_023,PROD_043,3,88.1,0.28,190.3,card,CUST_3338,Premium
TXN_202505_014040,2025-05-09,REG_04,STORE_010,EMP_016,PROD_023,4,288.58,0.15,981.17,card,CUST_8679,New
TXN_202505_014041,2025-05-16,REG_03,STORE_008,EMP_014,PROD_024,2,439.07,0.06,825.45,credit,CUST_1460,VIP
TXN_202505_014042,2025-05-30,REG_08,STORE_022,EMP_015,PROD_008,4,483.63,0.02,1895.83,credit,CUST_2551,VIP
TXN_202505_014043,2025-05-08,REG_02,STORE_004,EMP_002,PROD_023,4,34.87,0.18,114.37,credit,CUST_8828,VIP
TXN_202505_014044,2025-05-08,REG_01,STORE_003,EMP_018,PROD_024,5,115.16,0.03,558.53,card,CUST_1172,Regular
TXN_202505_014045,2025-05-21,REG_09,STORE_027,EMP_009,PROD_001,5,388.13,0.22,1513.71,card,CUST_3395,Premium
TXN_202505_014046,2025-05-28,REG_06,STORE_017,EMP_006,PROD_036,3,270.66,0.12,714.54,mobile,CUST_5489,New
TXN_202505_014047,2025-05-11,REG_10,STORE_029,EMP_020,PROD_049,2,69.08,0.29,98.09,mobile,CUST_4526,Regular
TXN_202505_014048,2025-05-07,REG_06,STORE_018,EMP_006,PROD_012,5,270.69,0.29,960.95,cash,CUST_4520,Regular
TXN_202505_014049,2025-05-31,REG_06,STORE_017,EMP_006,PROD_025,4,486.27,0.06,1828.38,card,CUST_7268,Regular
TXN_202505_014050,2025-05-15,REG_07,STORE_020,EMP_007,PROD_024,4,230.29,0.19,746.14,cash,CUST_8822,Regular
TXN_202505_014051,2025-05-04,REG_02,STORE_005,EMP_002,PROD_045,3,302.14,0.07,842.97,mobile,CUST_8077,Premium
TXN_202505_014052,2025-05-06,REG_05,STORE_013,EMP_005,PROD_028,5,448.49,0.06,2107.9,credit,CUST_8123,VIP
TXN_202505_014053,2025-05-19,REG_05,STORE_015,EMP_005,PROD_010,1,462.37,0.13,402.26,credit,CUST_8648,Regular
TXN_202505_014054,2025-05-13,REG_10,STORE_029,EMP_013,PROD_049,5,66.13,0.25,247.99,mobile,CUST_1536,New
TXN_202505_014055,2025-05-30,REG_05,STORE_015,EMP_005,PROD_032,3,70.81,0.29,150.83,card,CUST_6098,Premium
TXN_202505_014056,2025-05-15,REG_05,STORE_013,EMP_021,PROD_044,2,149.06,0.2,238.5,cash,CUST_4630,Premium
TXN_202505_014057,2025-05-19,REG_02,STORE_006,EMP_002,PROD_002,4,243.01,0.01,962.32,credit,CUST_2985,Premium
TXN_202505_014058,2025-05-15,REG_09,STORE_025,EMP_022,PROD_046,5,47.01,0.27,171.59,card,CUST_1638,Regular
TXN_202505_014059,2025-05-27,REG_03,STORE_008,EMP_003,PROD_002,1,118.18,0.18,96.91,credit,CUST_3498,Premium
TXN_202505_014060,2025-05-04,REG_04,STORE_012,EMP_029,PROD_012,2,465.61,0.14,800.85,mobile,CUST_5947,New
TXN_202505_014061,2025-05-01,REG_03,STORE_009,EMP_003,PROD_017,1,111.46,0.28,80.25,mobile,CUST_4530,Regular
TXN_202505_014062,2025-05-05,REG_07,STORE_019,EMP_007,PROD_036,1,256.97,0.18,210.72,cash,CUST_5331,Regular
TXN_202505_014063,2025-05-26,REG_03,STORE_009,EMP_003,PROD_001,4,416.94,0.23,1284.18,mobile,CUST_5697,Regular
TXN_202505_014064,2025-05-03,REG_02,STORE_004,EMP_002,PROD_025,3,114.59,0.21,271.58,cash,CUST_4458,VIP
TXN_202505_014065,2025-05-11,REG_06,STORE_018,EMP_006,PROD_049,3,33.37,0.27,73.08,cash,CUST_6701,Premium
TXN_202505_014066,2025-05-02,REG_09,STORE_027,EMP_022,PROD_012,4,402.98,0.16,1354.01,mobile,CUST_5213,VIP
TXN_202505_014067,2025-05-21,REG_05,STORE_013,EMP_021,PROD_026,3,422.25,0.3,886.72,mobile,CUST_9869,Regular
TXN_202505_014068,2025-05-11,REG_02,STORE_006,EMP_002,PROD_023,2,106.76,0.09,194.3,cash,CUST_1766,VIP
TXN_202505_014069,2025-05-17,REG_07,STORE_019,EMP_007,PROD_038,1,404.41,0.07,376.1,cash,CUST_4139,VIP
TXN_202505_014070,2025-05-09,REG_05,STORE_013,EMP_021,PROD_012,3,190.72,0.01,566.44,card,CUST_4361,Regular
TXN_202505_014071,2025-05-17,REG_09,STORE_025,EMP_025,PROD_050,1,270.69,0.13,235.5,cash,CUST_6555,VIP
TXN_202505_014072,2025-05-17,REG_07,STORE_019,EMP_007,PROD_011,2,122.6,0.14,210.87,card,CUST_4123,New
TXN_202505_014073,2025-05-08,REG_08,STORE_022,EMP_023,PROD_024,2,432.05,0.14,743.13,cash,CUST_3848,Premium
TXN_202505_014074,2025-05-29,REG_05,STORE_014,EMP_005,PROD_024,4,250.32,0.07,931.19,mobile,CUST_8738,New
TXN_202505_014075,2025-05-30,REG_04,STORE_010,EMP_024,PROD_010,5,63.87,0.12,281.03,card,CUST_4369,VIP
TXN_202505_014076,2025-05-04,REG_05,STORE_015,EMP_021,PROD_014,3,469.26,0.27,1027.68,credit,CUST_5258,New
TXN_202505_014077,2025-05-29,REG_03,STORE_009,EMP_014,PROD_032,2,377.24,0.0,754.48,mobile,CUST_5102,New
TXN_202505_014078,2025-05-25,REG_03,STORE_009,EMP_003,PROD_043,1,349.34,0.22,272.49,cash,CUST_3875,Premium
TXN_202505_014079,2025-05-01,REG_10,STORE_030,EMP_013,PROD_042,1,58.13,0.06,54.64,card,CUST_9339,Regular
TXN_202505_014080,2025-05-14,REG_01,STORE_003,EMP_011,PROD_049,3,300.72,0.09,820.97,card,CUST_9998,New
TXN_202505_014081,2025-05-11,REG_04,STORE_011,EMP_024,PROD_040,1,322.5,0.11,287.02,credit,CUST_2995,New
TXN_202505_014082,2025-05-26,REG_02,STORE_004,EMP_002,PROD_042,5,355.45,0.2,1421.8,card,CUST_6717,VIP
TXN_202505_014083,2025-05-31,REG_05,STORE_013,EMP_021,PROD_009,5,78.1,0.07,363.16,cash,CUST_9766,VIP
TXN_202505_014084,2025-05-19,REG_04,STORE_011,EMP_016,PROD_002,5,175.39,0.24,666.48,mobile,CUST_3544,VIP
TXN_202505_014085,2025-05-30,REG_07,STORE_020,EMP_007,PROD_025,3,170.17,0.24,387.99,credit,CUST_8136,Premium
TXN_202505_014086,2025-05-17,REG_06,STORE_016,EMP_006,PROD_024,4,205.97,0.04,790.92,card,CUST_1255,VIP
TXN_202505_014087,2025-05-29,REG_01,STORE_002,EMP_019,PROD_012,1,356.63,0.15,303.14,card,CUST_7401,Premium
TXN_202505_014088,2025-05-23,REG_05,STORE_013,EMP_021,PROD_016,2,103.59,0.01,205.11,credit,CUST_4757,New
TXN_202505_014089,2025-05-11,REG_03,STORE_009,EMP_014,PROD_030,5,442.13,0.06,2078.01,card,CUST_1511,VIP
TXN_202505_014090,2025-05-05,REG_05,STORE_014,EMP_021,PROD_032,5,363.89,0.1,1637.5,cash,CUST_6980,Premium
TXN_202505_014091,2025-05-28,REG_06,STORE_018,EMP_006,PROD_017,4,293.56,0.11,1045.07,credit,CUST_1346,VIP
TXN_202505_014092,2025-05-05,REG_06,STORE_018,EMP_006,PROD_036,3,480.56,0.15,1225.43,card,CUST_1379,Regular
TXN_202505_014093,2025-05-07,REG_01,STORE_002,EMP_018,PROD_030,2,81.1,0.15,137.87,card,CUST_1359,Regular
TXN_202505_014094,2025-05-30,REG_03,STORE_009,EMP_014,PROD_033,5,437.96,0.15,1861.33,mobile,CUST_7322,Regular
TXN_202505_014095,2025-05-20,REG_07,STORE_019,EMP_007,PROD_031,1,358.72,0.22,279.8,cash,CUST_5863,VIP
TXN_202505_014096,2025-05-01,REG_04,STORE_011,EMP_024,PROD_008,2,76.13,0.17,126.38,mobile,CUST_7605,Premium
TXN_202505_014097,2025-05-02,REG_01,STORE_002,EMP_001,PROD_001,2,251.27,0.11,447.26,cash,CUST_2066,Premium
TXN_202505_014098,2025-05-04,REG_10,STORE_029,EMP_020,PROD_010,3,479.36,0.17,1193.61,card,CUST_8235,VIP
TXN_202505_014099,2025-05-16,REG_01,STORE_002,EMP_001,PROD_048,2,464.82,0.17,771.6,credit,CUST_9698,New
TXN_202505_014100,2025-05-24,REG_07,STORE_021,EMP_007,PROD_047,2,393.04,0.11,699.61,credit,CUST_6640,New
TXN_202505_014101,2025-05-03,REG_01,STORE_003,EMP_019,PROD_046,1,226.66,0.15,192.66,card,CUST_5720,Regular
TXN_202505_014102,2025-05-25,REG_08,STORE_023,EMP_015,PROD_013,3,497.69,0.25,1119.8,credit,CUST_1099,Premium
TXN_202505_014103,2025-05-22,REG_02,STORE_005,EMP_002,PROD_031,1,216.42,0.04,207.76,card,CUST_2150,VIP
TXN_202505_014104,2025-05-09,REG_08,STORE_023,EMP_015,PROD_035,2,174.02,0.12,306.28,card,CUST_8941,New
TXN_202505_014105,2025-05-25,REG_09,STORE_025,EMP_022,PROD_040,5,314.8,0.16,1322.16,cash,CUST_3173,New
TXN_202505_014106,2025-05-05,REG_04,STORE_010,EMP_024,PROD_047,4,46.92,0.18,153.9,credit,CUST_3028,VIP
TXN_202505_014107,2025-05-02,REG_07,STORE_020,EMP_007,PROD_001,3,249.71,0.13,651.74,cash,CUST_8963,Regular
TXN_202505_014108,2025-05-27,REG_02,STORE_005,EMP_002,PROD_044,4,459.64,0.07,1709.86,card,CUST_8563,New
TXN_202505_014109,2025-05-30,REG_03,STORE_008,EMP_014,PROD_024,3,390.37,0.07,1089.13,credit,CUST_8886,New
TXN_202505_014110,2025-05-01,REG_05,STORE_015,EMP_021,PROD_042,3,369.55,0.23,853.66,card,CUST_5660,New
TXN_202505_014111,2025-05-23,REG_08,STORE_023,EMP_023,PROD_046,3,29.17,0.19,70.88,mobile,CUST_5297,Premium
TXN_202505_014112,2025-05-05,REG_02,STORE_005,EMP_002,PROD_044,1,497.94,0.04,478.02,cash,CUST_8678,New
TXN_202505_014113,2025-05-28,REG_09,STORE_026,EMP_009,PROD_038,4,456.51,0.15,1552.13,card,CUST_2164,Premium
TXN_202505_014114,2025-05-01,REG_04,STORE_012,EMP_030,PROD_032,5,479.93,0.16,2015.71,cash,CUST_8679,Regular
TXN_202505_014115,2025-05-21,REG_06,STORE_016,EMP_006,PROD_005,5,294.65,0.3,1031.27,mobile,CUST_8659,New
TXN_202505_014116,2025-05-05,REG_02,STORE_004,EMP_002,PROD_023,1,63.42,0.15,53.91,mobile,CUST_5632,VIP
TXN_202505_014117,2025-05-20,REG_05,STORE_013,EMP_005,PROD_004,3,193.39,0.27,423.52,credit,CUST_7175,VIP
TXN_202505_014118,2025-05-18,REG_07,STORE_020,EMP_007,PROD_043,1,404.08,0.19,327.3,cash,CUST_5966,Premium
TXN_202505_014119,2025-05-16,REG_07,STORE_021,EMP_007,PROD_002,4,369.64,0.06,1389.85,card,CUST_6990,Premium
TXN_202505_014120,2025-05-15,REG_09,STORE_026,EMP_025,PROD_032,1,111.04,0.17,92.16,mobile,CUST_6280,New
TXN_202505_014121,2025-05-22,REG_04,STORE_012,EMP_004,PROD_025,1,69.24,0.3,48.47,mobile,CUST_4532,Premium
TXN_202505_014122,2025-05-07,REG_07,STORE_021,EMP_007,PROD_049,5,248.23,0.09,1129.45,card,CUST_5250,VIP
TXN_202505_014123,2025-05-28,REG_05,STORE_013,EMP_005,PROD_003,3,329.51,0.22,771.05,card,CUST_4587,Premium
TXN_202505_014124,2025-05-26,REG_03,STORE_008,EMP_014,PROD_044,3,159.27,0.25,358.36,credit,CUST_5984,Regular
TXN_202505_014125,2025-05-18,REG_05,STORE_014,EMP_021,PROD_044,5,273.21,0.24,1038.2,card,CUST_6464,Regular
TXN_202505_014126,2025-05-26,REG_08,STORE_022,EMP_023,PROD_015,3,123.59,0.2,296.62,card,CUST_9253,New
TXN_202505_014127,2025-05-18,REG_02,STORE_006,EMP_002,PROD_021,1,265.1,0.06,249.19,cash,CUST_1854,VIP
TXN_202505_014128,2025-05-27,REG_08,STORE_024,EMP_015,PROD_048,5,117.24,0.28,422.06,credit,CUST_1996,VIP
TXN_202505_014129,2025-05-30,REG_01,STORE_002,EMP_018,PROD_012,1,343.1,0.23,264.19,cash,CUST_7543,VIP
TXN_202505_014130,2025-05-12,REG_03,STORE_007,EMP_003,PROD_004,1,19.7,0.15,16.74,credit,CUST_9923,VIP
TXN_202505_014131,2025-05-08,REG_10,STORE_029,EMP_028,PROD_038,3,155.01,0.11,413.88,cash,CUST_4623,New
TXN_202505_014132,2025-05-10,REG_08,STORE_024,EMP_023,PROD_009,1,127.52,0.02,124.97,card,CUST_2981,Premium
TXN_202505_014133,2025-05-11,REG_05,STORE_013,EMP_021,PROD_046,4,449.44,0.23,1384.28,card,CUST_7798,VIP
TXN_202505_014134,2025-05-24,REG_02,STORE_004,EMP_002,PROD_017,5,482.13,0.08,2217.8,card,CUST_9228,New
TXN_202505_014135,2025-05-07,REG_05,STORE_013,EMP_005,PROD_012,2,466.5,0.19,755.73,card,CUST_7718,New
TXN_202505_014136,2025-05-29,REG_04,STORE_012,EMP_026,PROD_042,3,215.44,0.17,536.45,card,CUST_7151,VIP
TXN_202505_014137,2025-05-04,REG_03,STORE_008,EMP_003,PROD_041,4,250.02,0.13,870.07,cash,CUST_3112,Regular
TXN_202505_014138,2025-05-25,REG_09,STORE_026,EMP_027,PROD_032,3,212.21,0.14,547.5,credit,CUST_1667,VIP
TXN_202505_014139,2025-05-10,REG_07,STORE_021,EMP_007,PROD_014,1,457.51,0.2,366.01,credit,CUST_1743,Regular
TXN_202505_014140,2025-05-12,REG_05,STORE_014,EMP_021,PROD_029,3,164.7,0.28,355.75,mobile,CUST_5168,VIP
TXN_202505_014141,2025-05-08,REG_01,STORE_003,EMP_018,PROD_046,2,389.44,0.11,693.2,credit,CUST_4146,Premium
TXN_202505_014142,2025-05-16,REG_07,STORE_019,EMP_007,PROD_043,5,270.77,0.19,1096.62,cash,CUST_2261,Regular
TXN_202505_014143,2025-05-17,REG_05,STORE_014,EMP_005,PROD_027,1,465.12,0.12,409.31,cash,CUST_4656,Premium
TXN_202505_014144,2025-05-06,REG_06,STORE_016,EMP_006,PROD_005,4,24.2,0.02,94.86,card,CUST_3747,Regular
TXN_202505_014145,2025-05-01,REG_10,STORE_028,EMP_013,PROD_006,2,222.68,0.14,383.01,card,CUST_6726,New
TXN_202505_014146,2025-05-06,REG_04,STORE_010,EMP_016,PROD_023,2,32.85,0.14,56.5,credit,CUST_2294,Premium
TXN_202505_014147,2025-05-07,REG_01,STORE_003,EMP_019,PROD_006,4,82.39,0.27,240.58,credit,CUST_4862,Regular
TXN_202505_014148,2025-05-19,REG_02,STORE_006,EMP_002,PROD_042,3,438.44,0.17,1091.72,card,CUST_4083,Premium
TXN_202505_014149,2025-05-24,REG_02,STORE_006,EMP_002,PROD_008,2,277.95,0.3,389.13,card,CUST_7042,Regular
TXN_202505_014150,2025-05-26,REG_03,STORE_008,EMP_003,PROD_015,5,264.67,0.1,1191.02,card,CUST_1383,New
TXN_202505_014151,2025-05-12,REG_08,STORE_022,EMP_015,PROD_045,4,39.38,0.21,124.44,cash,CUST_4773,New
TXN_202505_014152,2025-05-27,REG_08,STORE_022,EMP_012,PROD_002,4,497.22,0.04,1909.32,cash,CUST_9866,New
TXN_202505_014153,2025-05-06,REG_09,STORE_025,EMP_027,PROD_003,5,469.24,0.17,1947.35,credit,CUST_9946,Regular
TXN_202505_014154,2025-05-17,REG_01,STORE_003,EMP_018,PROD_044,1,167.85,0.01,166.17,mobile,CUST_1990,Regular
TXN_202505_014155,2025-05-14,REG_09,STORE_027,EMP_025,PROD_039,3,382.85,0.05,1091.12,mobile,CUST_9995,VIP
TXN_202505_014156,2025-05-30,REG_01,STORE_001,EMP_019,PROD_007,2,196.01,0.12,344.98,mobile,CUST_6795,VIP
TXN_202505_014157,2025-05-09,REG_09,STORE_026,EMP_025,PROD_024,1,73.29,0.25,54.97,credit,CUST_5263,Premium
TXN_202505_014158,2025-05-24,REG_06,STORE_017,EMP_006,PROD_005,3,33.09,0.25,74.45,mobile,CUST_7407,Premium
TXN_202505_014159,2025-05-01,REG_06,STORE_017,EMP_006,PROD_011,1,309.68,0.15,263.23,mobile,CUST_7651,Regular
TXN_202505_014160,2025-05-09,REG_10,STORE_030,EMP_017,PROD_008,3,356.64,0.27,781.04,mobile,CUST_4638,New
TXN_202505_014161,2025-05-26,REG_05,STORE_013,EMP_005,PROD_024,3,459.25,0.01,1363.97,card,CUST_8378,Regular
TXN_202505_014162,2025-05-09,REG_05,STORE_015,EMP_005,PROD_004,5,241.24,0.05,1145.89,credit,CUST_1712,Regular
TXN_202505_014163,2025-05-21,REG_08,STORE_024,EMP_023,PROD_046,1,260.03,0.19,210.62,cash,CUST_7466,New
TXN_202505_014164,2025-05-13,REG_08,STORE_023,EMP_023,PROD_045,5,354.72,0.14,1525.3,mobile,CUST_5489,VIP
TXN_202505_014165,2025-05-23,REG_04,STORE_011,EMP_029,PROD_006,5,190.55,0.27,695.51,mobile,CUST_9701,VIP
TXN_202505_014166,2025-05-15,REG_05,STORE_015,EMP_021,PROD_043,1,411.11,0.21,324.78,cash,CUST_5278,VIP
TXN_202505_014167,2025-05-05,REG_03,STORE_007,EMP_014,PROD_050,3,154.46,0.0,463.38,mobile,CUST_8493,Regular
TXN_202505_014168,2025-05-18,REG_06,STORE_017,EMP_006,PROD_001,2,379.67,0.29,539.13,credit,CUST_4976,New
TXN_202505_014169,2025-05-07,REG_01,STORE_002,EMP_019,PROD_037,1,308.67,0.12,271.63,card,CUST_6475,Premium
TXN_202505_014170,2025-05-30,REG_02,STORE_005,EMP_002,PROD_025,5,416.45,0.14,1790.73,mobile,CUST_2626,Regular
TXN_202505_014171,2025-05-29,REG_10,STORE_029,EMP_020,PROD_044,5,231.5,0.1,1041.75,credit,CUST_5176,Premium
TXN_202505_014172,2025-05-02,REG_09,STORE_025,EMP_022,PROD_046,2,57.47,0.04,110.34,cash,CUST_9740,Regular
TXN_202505_014173,2025-05-02,REG_07,STORE_021,EMP_007,PROD_046,4,402.32,0.04,1544.91,mobile,CUST_3142,Regular
TXN_202505_014174,2025-05-11,REG_10,STORE_030,EMP_010,PROD_013,1,90.66,0.0,90.66,card,CUST_4508,New
TXN_202505_014175,2025-05-21,REG_03,STORE_007,EMP_003,PROD_004,5,89.57,0.22,349.32,credit,CUST_6793,VIP
TXN_202505_014176,2025-05-14,REG_10,STORE_030,EMP_013,PROD_006,2,466.39,0.28,671.6,credit,CUST_8548,Premium
TXN_202505_014177,2025-05-22,REG_08,STORE_023,EMP_023,PROD_046,5,410.89,0.27,1499.75,credit,CUST_8671,VIP
TXN_202505_014178,2025-05-03,REG_03,STORE_008,EMP_014,PROD_026,2,278.66,0.22,434.71,credit,CUST_5029,VIP
TXN_202505_014179,2025-05-19,REG_01,STORE_003,EMP_019,PROD_045,5,156.73,0.19,634.76,cash,CUST_9735,Regular
TXN_202505_014180,2025-05-13,REG_06,STORE_016,EMP_006,PROD_001,2,222.73,0.18,365.28,cash,CUST_2738,Premium
TXN_202505_014181,2025-05-23,REG_02,STORE_004,EMP_002,PROD_034,5,439.69,0.29,1560.9,card,CUST_6081,Premium
TXN_202505_014182,2025-05-13,REG_09,STORE_026,EMP_009,PROD_007,1,213.33,0.08,196.26,credit,CUST_2938,VIP
TXN_202505_014183,2025-05-05,REG_06,STORE_018,EMP_006,PROD_042,2,246.17,0.04,472.65,credit,CUST_5410,VIP
TXN_202505_014184,2025-05-17,REG_02,STORE_004,EMP_002,PROD_017,4,188.66,0.21,596.17,cash,CUST_8581,New
TXN_202505_014185,2025-05-15,REG_03,STORE_009,EMP_014,PROD_049,1,354.11,0.28,254.96,card,CUST_9546,Regular
TXN_202505_014186,2025-05-19,REG_10,STORE_030,EMP_010,PROD_042,3,427.63,0.1,1154.6,card,CUST_1389,New
TXN_202505_014187,2025-05-10,REG_03,STORE_007,EMP_003,PROD_035,3,324.31,0.09,885.37,credit,CUST_6369,Regular
TXN_202505_014188,2025-05-22,REG_10,STORE_030,EMP_028,PROD_002,1,392.47,0.02,384.62,mobile,CUST_3927,Premium
TXN_202505_014189,2025-05-14,REG_04,STORE_011,EMP_026,PROD_038,3,371.76,0.19,903.38,card,CUST_1077,VIP
TXN_202505_014190,2025-05-25,REG_07,STORE_019,EMP_007,PROD_011,5,145.16,0.06,682.25,card,CUST_5475,Regular
TXN_202505_014191,2025-05-22,REG_02,STORE_005,EMP_002,PROD_042,2,44.8,0.0,89.6,cash,CUST_9464,Regular
TXN_202505_014192,2025-05-16,REG_09,STORE_027,EMP_009,PROD_024,5,406.91,0.0,2034.55,cash,CUST_6383,Regular
TXN_202505_014193,2025-05-22,REG_01,STORE_001,EMP_018,PROD_043,5,258.24,0.26,955.49,mobile,CUST_3049,VIP
TXN_202505_014194,2025-05-04,REG_09,STORE_025,EMP_027,PROD_007,4,74.53,0.05,283.21,credit,CUST_6269,Premium
TXN_202505_014195,2025-05-17,REG_07,STORE_019,EMP_007,PROD_015,2,14.16,0.12,24.92,card,CUST_4481,New
TXN_202505_014196,2025-05-29,REG_07,STORE_021,EMP_007,PROD_008,5,491.56,0.07,2285.75,credit,CUST_5201,New
TXN_202505_014197,2025-05-23,REG_04,STORE_011,EMP_016,PROD_044,4,436.21,0.11,1552.91,cash,CUST_4834,VIP
TXN_202505_014198,2025-05-31,REG_02,STORE_006,EMP_002,PROD_009,2,292.22,0.25,438.33,card,CUST_3002,VIP
TXN_202505_014199,2025-05-12,REG_01,STORE_001,EMP_011,PROD_010,2,121.41,0.08,223.39,card,CUST_8380,VIP
TXN_202505_014200,2025-05-15,REG_06,STORE_018,EMP_006,PROD_003,4,285.82,0.04,1097.55,cash,CUST_7926,VIP
TXN_202505_014201,2025-05-05,REG_06,STORE_016,EMP_006,PROD_010,3,435.04,0.02,1279.02,cash,CUST_5330,VIP
TXN_202505_014202,2025-05-28,REG_04,STORE_011,EMP_030,PROD_006,5,355.49,0.03,1724.13,mobile,CUST_5152,Regular
TXN_202505_014203,2025-05-29,REG_04,STORE_012,EMP_029,PROD_013,2,464.1,0.04,891.07,card,CUST_1221,Premium
TXN_202505_014204,2025-05-22,REG_06,STORE_018,EMP_006,PROD_028,2,185.76,0.11,330.65,cash,CUST_9644,New
TXN_202505_014205,2025-05-04,REG_08,STORE_022,EMP_015,PROD_030,2,227.92,0.09,414.81,card,CUST_2682,VIP
TXN_202505_014206,2025-05-07,REG_04,STORE_010,EMP_026,PROD_048,2,146.94,0.26,217.47,credit,CUST_3919,Regular
TXN_202505_014207,2025-05-14,REG_03,STORE_009,EMP_003,PROD_002,5,378.78,0.08,1742.39,cash,CUST_4079,Regular
TXN_202505_014208,2025-05-24,REG_05,STORE_013,EMP_021,PROD_033,5,469.61,0.28,1690.6,card,CUST_3584,New
TXN_202505_014209,2025-05-02,REG_09,STORE_027,EMP_022,PROD_037,5,49.0,0.13,213.15,mobile,CUST_9609,Premium
TXN_202505_014210,2025-05-06,REG_03,STORE_009,EMP_003,PROD_015,5,444.29,0.28,1599.44,cash,CUST_2028,Regular
TXN_202505_014211,2025-05-27,REG_05,STORE_014,EMP_021,PROD_036,2,134.47,0.22,209.77,mobile,CUST_3207,VIP
TXN_202505_014212,2025-05-03,REG_02,STORE_006,EMP_002,PROD_045,5,450.85,0.02,2209.16,mobile,CUST_8379,Premium
TXN_202505_014213,2025-05-11,REG_02,STORE_006,EMP_002,PROD_011,5,106.62,0.22,415.82,cash,CUST_8266,Premium
TXN_202505_014214,2025-05-21,REG_01,STORE_002,EMP_001,PROD_022,4,142.98,0.29,406.06,credit,CUST_8310,Premium
TXN_202505_014215,2025-05-08,REG_07,STORE_020,EMP_007,PROD_012,2,485.51,0.16,815.66,card,CUST_9003,Regular
TXN_202505_014216,2025-05-29,REG_08,STORE_024,EMP_008,PROD_005,1,122.04,0.0,122.04,mobile,CUST_8664,VIP
TXN_202505_014217,2025-05-10,REG_05,STORE_014,EMP_021,PROD_048,2,231.42,0.1,416.56,card,CUST_1421,New
TXN_202505_014218,2025-05-10,REG_09,STORE_027,EMP_022,PROD_012,1,422.83,0.22,329.81,credit,CUST_1038,Regular
TXN_202505_014219,2025-05-29,REG_01,STORE_001,EMP_001,PROD_029,3,154.97,0.3,325.44,mobile,CUST_1629,VIP
TXN_202505_014220,2025-05-11,REG_04,STORE_010,EMP_029,PROD_026,2,12.97,0.28,18.68,credit,CUST_4984,Premium
TXN_202505_014221,2025-05-27,REG_06,STORE_017,EMP_006,PROD_005,4,247.92,0.03,961.93,credit,CUST_4958,Premium
TXN_202505_014222,2025-05-13,REG_03,STORE_008,EMP_003,PROD_002,1,76.55,0.06,71.96,credit,CUST_7855,New
TXN_202505_014223,2025-05-14,REG_05,STORE_013,EMP_005,PROD_032,5,469.68,0.13,2043.11,mobile,CUST_3156,VIP
TXN_202505_014224,2025-05-05,REG_06,STORE_018,EMP_006,PROD_025,1,133.06,0.26,98.46,card,CUST_2294,Regular
TXN_202505_014225,2025-05-25,REG_01,STORE_003,EMP_001,PROD_047,5,484.0,0.2,1936.0,credit,CUST_2317,Premium
TXN_202505_014226,2025-05-29,REG_08,STORE_023,EMP_023,PROD_027,1,208.92,0.16,175.49,mobile,CUST_6650,VIP
TXN_202505_014227,2025-05-11,REG_07,STORE_020,EMP_007,PROD_038,3,259.28,0.04,746.73,cash,CUST_1987,Premium
TXN_202505_014228,2025-05-04,REG_04,STORE_012,EMP_024,PROD_042,1,158.3,0.17,131.39,mobile,CUST_9196,New
TXN_202505_014229,2025-05-04,REG_03,STORE_007,EMP_014,PROD_049,4,69.96,0.24,212.68,cash,CUST_6769,New
TXN_202505_014230,2025-05-26,REG_05,STORE_015,EMP_021,PROD_017,2,498.99,0.28,718.55,card,CUST_9856,VIP
TXN_202505_014231,2025-05-31,REG_08,STORE_024,EMP_012,PROD_042,5,75.63,0.28,272.27,cash,CUST_4817,New
TXN_202505_014232,2025-05-31,REG_01,STORE_002,EMP_001,PROD_045,5,173.64,0.16,729.29,mobile,CUST_1826,Regular
TXN_202505_014233,2025-05-19,REG_08,STORE_022,EMP_015,PROD_017,5,70.33,0.22,274.29,card,CUST_4995,Regular
TXN_202505_014234,2025-05-04,REG_01,STORE_001,EMP_018,PROD_036,2,471.82,0.21,745.48,credit,CUST_5526,New
TXN_202505_014235,2025-05-30,REG_08,STORE_024,EMP_015,PROD_047,2,100.14,0.25,150.21,credit,CUST_4143,New
TXN_202505_014236,2025-05-07,REG_09,STORE_025,EMP_022,PROD_015,5,401.23,0.3,1404.31,credit,CUST_8152,Premium
TXN_202505_014237,2025-05-12,REG_09,STORE_027,EMP_027,PROD_031,2,273.53,0.09,497.82,mobile,CUST_7021,Regular
TXN_202505_014238,2025-05-16,REG_06,STORE_017,EMP_006,PROD_026,4,330.18,0.17,1096.2,cash,CUST_2223,Premium
TXN_202505_014239,2025-05-24,REG_04,STORE_010,EMP_030,PROD_026,2,480.74,0.04,923.02,card,CUST_3914,Regular
TXN_202505_014240,2025-05-05,REG_08,STORE_022,EMP_008,PROD_037,5,34.61,0.05,164.4,card,CUST_4615,Regular
TXN_202505_014241,2025-05-11,REG_05,STORE_014,EMP_005,PROD_032,3,290.58,0.06,819.44,cash,CUST_8409,VIP
TXN_202505_014242,2025-05-31,REG_02,STORE_004,EMP_002,PROD_036,4,458.64,0.09,1669.45,cash,CUST_7155,VIP
TXN_202505_014243,2025-05-05,REG_09,STORE_027,EMP_025,PROD_005,4,22.91,0.02,89.81,credit,CUST_5310,Regular
TXN_202505_014244,2025-05-15,REG_10,STORE_028,EMP_017,PROD_041,1,157.12,0.28,113.13,mobile,CUST_6875,Regular
TXN_202505_014245,2025-05-12,REG_01,STORE_003,EMP_001,PROD_047,5,347.57,0.29,1233.87,credit,CUST_1686,VIP
TXN_202505_014246,2025-05-18,REG_09,STORE_026,EMP_027,PROD_039,1,223.75,0.01,221.51,card,CUST_9634,New
TXN_202505_014247,2025-05-06,REG_04,STORE_010,EMP_029,PROD_011,1,152.69,0.05,145.06,cash,CUST_3243,Premium
TXN_202505_014248,2025-05-10,REG_04,STORE_010,EMP_030,PROD_026,3,338.1,0.05,963.59,cash,CUST_8110,Premium
TXN_202505_014249,2025-05-29,REG_03,STORE_007,EMP_014,PROD_011,2,51.57,0.13,89.73,cash,CUST_9467,VIP
TXN_202505_014250,2025-05-19,REG_01,STORE_002,EMP_018,PROD_042,3,247.73,0.02,728.33,cash,CUST_8094,Regular
TXN_202505_014251,2025-05-13,REG_06,STORE_017,EMP_006,PROD_028,2,399.09,0.02,782.22,cash,CUST_5819,New
TXN_202505_014252,2025-05-14,REG_09,STORE_025,EMP_025,PROD_035,5,475.34,0.22,1853.83,credit,CUST_1384,New
TXN_202505_014253,2025-05-20,REG_05,STORE_015,EMP_021,PROD_016,2,106.15,0.09,193.19,mobile,CUST_8328,VIP
TXN_202505_014254,2025-05-06,REG_02,STORE_004,EMP_002,PROD_009,4,399.87,0.26,1183.62,cash,CUST_5952,Regular
TXN_202505_014255,2025-05-21,REG_08,STORE_023,EMP_023,PROD_002,4,376.29,0.23,1158.97,mobile,CUST_3553,New
TXN_202505_014256,2025-05-30,REG_08,STORE_024,EMP_008,PROD_017,5,49.52,0.01,245.12,cash,CUST_2230,New
TXN_202505_014257,2025-05-29,REG_09,STORE_027,EMP_025,PROD_037,2,125.4,0.14,215.69,credit,CUST_8311,Regular
TXN_202505_014258,2025-05-02,REG_04,STORE_011,EMP_024,PROD_014,5,221.65,0.16,930.93,mobile,CUST_3865,Premium
TXN_202505_014259,2025-05-23,REG_03,STORE_009,EMP_014,PROD_025,5,383.56,0.24,1457.53,cash,CUST_3463,New
TXN_202505_014260,2025-05-10,REG_04,STORE_012,EMP_004,PROD_018,2,430.01,0.21,679.42,cash,CUST_8523,New
TXN_202505_014261,2025-05-31,REG_07,STORE_020,EMP_007,PROD_046,2,416.68,0.19,675.02,cash,CUST_4420,Regular
TXN_202505_014262,2025-05-24,REG_08,STORE_022,EMP_023,PROD_011,3,26.72,0.27,58.52,mobile,CUST_5365,Regular
TXN_202505_014263,2025-05-11,REG_04,STORE_012,EMP_024,PROD_026,3,221.95,0.0,665.85,cash,CUST_8557,VIP
TXN_202505_014264,2025-05-15,REG_09,STORE_025,EMP_027,PROD_031,3,241.28,0.11,644.22,credit,CUST_4298,Regular
TXN_202505_014265,2025-05-16,REG_04,STORE_011,EMP_004,PROD_003,2,353.07,0.25,529.61,card,CUST_7750,Premium
TXN_202505_014266,2025-05-25,REG_10,STORE_030,EMP_028,PROD_049,2,423.61,0.1,762.5,card,CUST_6209,Premium
TXN_202505_014267,2025-05-13,REG_10,STORE_030,EMP_013,PROD_029,1,83.56,0.08,76.88,mobile,CUST_6556,Premium
TXN_202505_014268,2025-05-11,REG_04,STORE_012,EMP_029,PROD_049,4,143.64,0.05,545.83,cash,CUST_9020,VIP
TXN_202505_014269,2025-05-13,REG_09,STORE_025,EMP_009,PROD_029,3,473.08,0.13,1234.74,card,CUST_1461,New
TXN_202505_014270,2025-05-13,REG_03,STORE_008,EMP_003,PROD_023,2,264.1,0.04,507.07,mobile,CUST_2740,Premium
TXN_202505_014271,2025-05-12,REG_04,STORE_010,EMP_026,PROD_023,2,238.89,0.18,391.78,cash,CUST_9176,Regular
TXN_202505_014272,2025-05-25,REG_10,STORE_028,EMP_028,PROD_025,5,484.38,0.23,1864.86,cash,CUST_8242,Regular
TXN_202505_014273,2025-05-27,REG_10,STORE_029,EMP_028,PROD_005,4,236.53,0.2,756.9,cash,CUST_8226,VIP
TXN_202505_014274,2025-05-13,REG_10,STORE_030,EMP_028,PROD_013,2,106.35,0.08,195.68,mobile,CUST_7713,New
TXN_202505_014275,2025-05-18,REG_09,STORE_026,EMP_022,PROD_009,1,414.14,0.08,381.01,card,CUST_8487,Regular
TXN_202505_014276,2025-05-01,REG_01,STORE_001,EMP_011,PROD_004,4,173.98,0.22,542.82,card,CUST_3826,Premium
TXN_202505_014277,2025-05-21,REG_03,STORE_008,EMP_003,PROD_016,2,178.53,0.12,314.21,cash,CUST_8136,Premium
TXN_202505_014278,2025-05-07,REG_08,STORE_023,EMP_012,PROD_005,3,247.2,0.12,652.61,card,CUST_6006,Regular
TXN_202505_014279,2025-05-19,REG_06,STORE_018,EMP_006,PROD_006,1,300.12,0.27,219.09,mobile,CUST_1418,VIP
TXN_202505_014280,2025-05-16,REG_03,STORE_008,EMP_003,PROD_019,1,349.52,0.16,293.6,credit,CUST_5995,Regular
TXN_202505_014281,2025-05-07,REG_10,STORE_029,EMP_013,PROD_004,4,404.27,0.25,1212.81,mobile,CUST_7537,VIP
TXN_202505_014282,2025-05-27,REG_05,STORE_013,EMP_005,PROD_001,3,52.93,0.22,123.86,cash,CUST_3120,Regular
TXN_202505_014283,2025-05-03,REG_04,STORE_011,EMP_016,PROD_007,3,285.62,0.21,676.92,mobile,CUST_2738,New
TXN_202505_014284,2025-05-22,REG_03,STORE_008,EMP_003,PROD_009,5,461.01,0.15,1959.29,card,CUST_7004,New
TXN_202505_014285,2025-05-27,REG_10,STORE_030,EMP_020,PROD_039,1,122.87,0.07,114.27,mobile,CUST_8052,Regular
TXN_202505_014286,2025-05-08,REG_01,STORE_003,EMP_011,PROD_013,2,326.48,0.12,574.6,mobile,CUST_4956,Premium
TXN_202505_014287,2025-05-17,REG_10,STORE_028,EMP_017,PROD_022,3,393.22,0.17,979.12,cash,CUST_9693,VIP
TXN_202505_014288,2025-05-28,REG_01,STORE_003,EMP_001,PROD_035,4,291.14,0.26,861.77,card,CUST_3141,Regular
TXN_202505_014289,2025-05-14,REG_01,STORE_001,EMP_019,PROD_030,2,237.37,0.25,356.06,card,CUST_1064,New
TXN_202505_014290,2025-05-08,REG_07,STORE_019,EMP_007,PROD_004,1,426.25,0.08,392.15,mobile,CUST_3298,VIP
TXN_202505_014291,2025-05-25,REG_06,STORE_016,EMP_006,PROD_032,3,291.93,0.11,779.45,card,CUST_2338,Regular
TXN_202505_014292,2025-05-08,REG_06,STORE_016,EMP_006,PROD_014,4,395.98,0.04,1520.56,cash,CUST_3935,VIP
TXN_202505_014293,2025-05-25,REG_03,STORE_009,EMP_014,PROD_006,1,448.06,0.06,421.18,cash,CUST_1062,New
TXN_202505_014294,2025-05-23,REG_07,STORE_020,EMP_007,PROD_025,2,453.26,0.02,888.39,credit,CUST_6318,Premium
TXN_202505_014295,2025-05-15,REG_05,STORE_013,EMP_005,PROD_013,4,488.35,0.15,1660.39,credit,CUST_8028,Regular
TXN_202505_014296,2025-05-02,REG_02,STORE_004,EMP_002,PROD_005,1,92.14,0.26,68.18,mobile,CUST_1087,Regular
TXN_202505_014297,2025-05-15,REG_02,STORE_004,EMP_002,PROD_033,2,280.17,0.13,487.5,card,CUST_8083,VIP
TXN_202505_014298,2025-05-29,REG_01,STORE_003,EMP_019,PROD_008,2,349.91,0.24,531.86,credit,CUST_3009,Premium
TXN_202505_014299,2025-05-17,REG_10,STORE_029,EMP_010,PROD_045,3,39.64,0.2,95.14,cash,CUST_7426,VIP
TXN_202505_014300,2025-05-22,REG_08,STORE_024,EMP_008,PROD_024,3,207.69,0.29,442.38,card,CUST_9401,New
TXN_202505_014301,2025-05-26,REG_03,STORE_008,EMP_003,PROD_009,4,314.0,0.11,1117.84,mobile,CUST_4096,New
TXN_202505_014302,2025-05-02,REG_07,STORE_020,EMP_007,PROD_040,3,336.26,0.2,807.02,card,CUST_7605,New
TXN_202505_014303,2025-05-26,REG_03,STORE_008,EMP_014,PROD_020,4,39.66,0.18,130.08,cash,CUST_8880,VIP
TXN_202505_014304,2025-05-17,REG_10,STORE_029,EMP_017,PROD_040,3,372.32,0.14,960.59,card,CUST_5982,VIP
TXN_202505_014305,2025-05-28,REG_03,STORE_009,EMP_003,PROD_028,1,358.86,0.05,340.92,cash,CUST_7565,New
TXN_202505_014306,2025-05-31,REG_06,STORE_016,EMP_006,PROD_027,5,140.65,0.17,583.7,credit,CUST_6910,Regular
TXN_202505_014307,2025-05-28,REG_03,STORE_009,EMP_014,PROD_030,1,153.17,0.2,122.54,mobile,CUST_9732,New
TXN_202505_014308,2025-05-26,REG_03,STORE_007,EMP_003,PROD_049,2,282.19,0.13,491.01,credit,CUST_7078,VIP
TXN_202505_014309,2025-05-24,REG_01,STORE_001,EMP_018,PROD_026,2,270.53,0.28,389.56,cash,CUST_1653,VIP
TXN_202505_014310,2025-05-21,REG_09,STORE_026,EMP_022,PROD_024,2,236.3,0.28,340.27,cash,CUST_3424,Premium
TXN_202505_014311,2025-05-04,REG_01,STORE_002,EMP_011,PROD_046,2,453.89,0.06,853.31,card,CUST_7107,Premium
TXN_202505_014312,2025-05-31,REG_02,STORE_005,EMP_002,PROD_031,5,151.96,0.18,623.04,credit,CUST_3824,Premium
TXN_202505_014313,2025-05-16,REG_05,STORE_014,EMP_005,PROD_045,5,183.34,0.19,742.53,mobile,CUST_4716,Regular
TXN_202505_014314,2025-05-24,REG_04,STORE_012,EMP_004,PROD_026,3,343.84,0.06,969.63,cash,CUST_8156,VIP
TXN_202505_014315,2025-05-20,REG_03,STORE_008,EMP_014,PROD_009,5,355.43,0.19,1439.49,mobile,CUST_3599,VIP
TXN_202505_014316,2025-05-23,REG_07,STORE_020,EMP_007,PROD_007,4,382.29,0.25,1146.87,credit,CUST_4032,Premium
TXN_202505_014317,2025-05-27,REG_01,STORE_002,EMP_001,PROD_020,1,486.91,0.09,443.09,card,CUST_9726,New
TXN_202505_014318,2025-05-20,REG_05,STORE_013,EMP_005,PROD_013,5,153.76,0.14,661.17,cash,CUST_2356,VIP
TXN_202505_014319,2025-05-27,REG_10,STORE_030,EMP_013,PROD_032,1,261.75,0.19,212.02,mobile,CUST_8097,Premium
TXN_202505_014320,2025-05-20,REG_05,STORE_014,EMP_005,PROD_029,3,166.77,0.02,490.3,cash,CUST_9857,Premium
TXN_202505_014321,2025-05-17,REG_10,STORE_030,EMP_017,PROD_022,2,341.44,0.28,491.67,card,CUST_4629,New
TXN_202505_014322,2025-05-01,REG_06,STORE_018,EMP_006,PROD_025,1,318.26,0.28,229.15,cash,CUST_1161,VIP
TXN_202505_014323,2025-05-28,REG_09,STORE_026,EMP_025,PROD_047,4,313.75,0.17,1041.65,credit,CUST_7938,VIP
TXN_202505_014324,2025-05-24,REG_05,STORE_014,EMP_005,PROD_050,3,374.03,0.07,1043.54,mobile,CUST_1386,New
TXN_202505_014325,2025-05-26,REG_08,STORE_022,EMP_023,PROD_008,5,349.55,0.27,1275.86,credit,CUST_1275,New
TXN_202505_014326,2025-05-20,REG_01,STORE_002,EMP_018,PROD_021,4,129.23,0.23,398.03,mobile,CUST_4082,VIP
TXN_202505_014327,2025-05-06,REG_04,STORE_011,EMP_026,PROD_006,5,477.88,0.05,2269.93,credit,CUST_2564,Regular
TXN_202505_014328,2025-05-08,REG_08,STORE_022,EMP_023,PROD_010,1,176.28,0.26,130.45,mobile,CUST_8268,Regular
TXN_202505_014329,2025-05-21,REG_02,STORE_006,EMP_002,PROD_012,4,266.45,0.16,895.27,mobile,CUST_2539,Premium
TXN_202505_014330,2025-05-16,REG_01,STORE_002,EMP_019,PROD_013,4,490.52,0.02,1922.84,cash,CUST_3494,Premium
TXN_202505_014331,2025-05-13,REG_03,STORE_007,EMP_014,PROD_034,1,480.74,0.04,461.51,card,CUST_7806,New
TXN_202505_014332,2025-05-15,REG_09,STORE_027,EMP_027,PROD_025,3,413.84,0.27,906.31,mobile,CUST_1776,VIP
TXN_202505_014333,2025-05-13,REG_02,STORE_006,EMP_002,PROD_014,5,269.57,0.17,1118.72,credit,CUST_5706,VIP
TXN_202505_014334,2025-05-19,REG_03,STORE_007,EMP_014,PROD_046,2,135.55,0.23,208.75,cash,CUST_3175,Premium
TXN_202505_014335,2025-05-20,REG_05,STORE_013,EMP_005,PROD_015,3,141.8,0.18,348.83,cash,CUST_6353,New
TXN_202505_014336,2025-05-20,REG_02,STORE_004,EMP_002,PROD_041,5,438.84,0.28,1579.82,card,CUST_9233,VIP
TXN_202505_014337,2025-05-17,REG_06,STORE_017,EMP_006,PROD_001,3,375.75,0.12,991.98,cash,CUST_5443,Regular
TXN_202505_014338,2025-05-14,REG_07,STORE_021,EMP_007,PROD_006,2,57.24,0.01,113.34,cash,CUST_1858,Premium
TXN_202505_014339,2025-05-25,REG_10,STORE_030,EMP_013,PROD_036,3,247.84,0.11,661.73,card,CUST_6865,New
TXN_202505_014340,2025-05-25,REG_08,STORE_023,EMP_015,PROD_038,1,216.23,0.18,177.31,mobile,CUST_6587,VIP
TXN_202505_014341,2025-05-26,REG_08,STORE_022,EMP_008,PROD_017,4,302.43,0.17,1004.07,cash,CUST_8838,VIP
TXN_202505_014342,2025-05-10,REG_07,STORE_021,EMP_007,PROD_011,4,128.61,0.28,370.4,mobile,CUST_6153,VIP
TXN_202505_014343,2025-05-09,REG_06,STORE_018,EMP_006,PROD_009,1,72.71,0.26,53.81,cash,CUST_3198,Premium
TXN_202505_014344,2025-05-16,REG_04,STORE_010,EMP_030,PROD_046,4,340.86,0.29,968.04,mobile,CUST_2237,New
TXN_202505_014345,2025-05-12,REG_01,STORE_003,EMP_011,PROD_050,4,168.55,0.26,498.91,credit,CUST_9326,Regular
TXN_202505_014346,2025-05-02,REG_04,STORE_012,EMP_024,PROD_021,4,496.52,0.07,1847.05,cash,CUST_9482,VIP
TXN_202505_014347,2025-05-08,REG_02,STORE_005,EMP_002,PROD_032,4,95.55,0.07,355.45,credit,CUST_3276,New
TXN_202505_014348,2025-05-07,REG_06,STORE_016,EMP_006,PROD_016,5,466.75,0.08,2147.05,credit,CUST_9139,New
TXN_202505_014349,2025-05-09,REG_01,STORE_003,EMP_018,PROD_045,1,152.69,0.3,106.88,cash,CUST_5590,Premium
TXN_202505_014350,2025-05-04,REG_10,STORE_030,EMP_010,PROD_020,4,129.49,0.23,398.83,mobile,CUST_8875,Premium
TXN_202505_014351,2025-05-09,REG_03,STORE_007,EMP_014,PROD_049,4,201.25,0.06,756.7,cash,CUST_7796,VIP
TXN_202505_014352,2025-05-24,REG_05,STORE_014,EMP_021,PROD_008,3,385.51,0.16,971.49,mobile,CUST_5215,New
TXN_202505_014353,2025-05-19,REG_05,STORE_013,EMP_005,PROD_003,5,469.12,0.03,2275.23,mobile,CUST_7198,Premium
TXN_202505_014354,2025-05-05,REG_03,STORE_009,EMP_014,PROD_021,2,246.91,0.11,439.5,mobile,CUST_7957,New
TXN_202505_014355,2025-05-27,REG_10,STORE_029,EMP_013,PROD_039,2,397.08,0.28,571.8,credit,CUST_2039,Regular
TXN_202505_014356,2025-05-11,REG_05,STORE_015,EMP_005,PROD_026,2,24.93,0.06,46.87,card,CUST_8384,Regular
TXN_202505_014357,2025-05-06,REG_06,STORE_016,EMP_006,PROD_015,3,285.34,0.03,830.34,credit,CUST_4127,VIP
TXN_202505_014358,2025-05-03,REG_01,STORE_003,EMP_019,PROD_002,4,71.33,0.18,233.96,card,CUST_1700,New
TXN_202505_014359,2025-05-04,REG_01,STORE_001,EMP_011,PROD_023,3,164.88,0.24,375.93,credit,CUST_8567,New
TXN_202505_014360,2025-05-16,REG_10,STORE_028,EMP_028,PROD_026,3,484.93,0.07,1352.95,credit,CUST_6145,Premium
TXN_202505_014361,2025-05-06,REG_03,STORE_008,EMP_003,PROD_028,3,444.2,0.09,1212.67,card,CUST_3769,Premium
TXN_202505_014362,2025-05-04,REG_07,STORE_019,EMP_007,PROD_003,5,165.88,0.17,688.4,mobile,CUST_8757,New
TXN_202505_014363,2025-05-28,REG_04,STORE_011,EMP_029,PROD_042,1,290.6,0.08,267.35,credit,CUST_6752,Premium
TXN_202505_014364,2025-05-05,REG_02,STORE_005,EMP_002,PROD_002,3,170.15,0.13,444.09,card,CUST_8775,Premium
TXN_202505_014365,2025-05-09,REG_07,STORE_019,EMP_007,PROD_047,4,230.23,0.01,911.71,card,CUST_8075,Premium
TXN_202505_014366,2025-05-23,REG_07,STORE_021,EMP_007,PROD_044,5,117.91,0.14,507.01,mobile,CUST_2885,VIP
TXN_202505_014367,2025-05-10,REG_10,STORE_030,EMP_017,PROD_022,2,175.38,0.12,308.67,mobile,CUST_6838,VIP
TXN_202505_014368,2025-05-20,REG_10,STORE_029,EMP_028,PROD_010,3,168.32,0.13,439.32,credit,CUST_7424,Premium
TXN_202505_014369,2025-05-18,REG_08,STORE_022,EMP_015,PROD_043,2,255.11,0.01,505.12,card,CUST_5831,New
TXN_202505_014370,2025-05-14,REG_03,STORE_007,EMP_014,PROD_035,2,480.39,0.15,816.66,card,CUST_3371,VIP
TXN_202505_014371,2025-05-17,REG_05,STORE_014,EMP_021,PROD_030,1,440.17,0.18,360.94,mobile,CUST_6682,New
TXN_202505_014372,2025-05-28,REG_03,STORE_009,EMP_003,PROD_025,3,192.88,0.05,549.71,card,CUST_5724,VIP
TXN_202505_014373,2025-05-01,REG_04,STORE_011,EMP_024,PROD_048,1,224.22,0.13,195.07,card,CUST_6062,New
TXN_202505_014374,2025-05-09,REG_03,STORE_008,EMP_014,PROD_003,4,32.18,0.06,121.0,card,CUST_4520,Premium
TXN_202505_014375,2025-05-14,REG_07,STORE_019,EMP_007,PROD_006,2,379.35,0.08,698.0,mobile,CUST_7461,New
TXN_202505_014376,2025-05-11,REG_10,STORE_028,EMP_020,PROD_013,5,313.82,0.19,1270.97,cash,CUST_7730,Regular
TXN_202505_014377,2025-05-10,REG_01,STORE_002,EMP_018,PROD_027,1,274.48,0.27,200.37,mobile,CUST_3178,Regular
TXN_202505_014378,2025-05-14,REG_09,STORE_026,EMP_022,PROD_027,2,92.55,0.24,140.68,card,CUST_4896,VIP
TXN_202505_014379,2025-05-13,REG_01,STORE_002,EMP_018,PROD_005,3,389.17,0.11,1039.08,mobile,CUST_2505,New
TXN_202505_014380,2025-05-13,REG_06,STORE_016,EMP_006,PROD_031,4,287.1,0.12,1010.59,card,CUST_8750,Premium
TXN_202505_014381,2025-05-20,REG_04,STORE_010,EMP_004,PROD_032,2,136.27,0.23,209.86,card,CUST_6110,New
TXN_202505_014382,2025-05-15,REG_07,STORE_020,EMP_007,PROD_012,3,298.57,0.07,833.01,cash,CUST_6966,New
TXN_202505_014383,2025-05-22,REG_05,STORE_015,EMP_021,PROD_001,5,235.06,0.27,857.97,credit,CUST_4706,Premium
TXN_202505_014384,2025-05-25,REG_09,STORE_025,EMP_027,PROD_046,5,117.12,0.29,415.78,mobile,CUST_3730,Premium
TXN_202505_014385,2025-05-28,REG_07,STORE_020,EMP_007,PROD_008,1,348.57,0.16,292.8,card,CUST_3122,VIP
TXN_202505_014386,2025-05-10,REG_02,STORE_004,EMP_002,PROD_015,2,317.8,0.03,616.53,credit,CUST_2757,Premium
TXN_202505_014387,2025-05-18,REG_02,STORE_004,EMP_002,PROD_027,4,406.2,0.13,1413.58,credit,CUST_8619,Regular
TXN_202505_014388,2025-05-15,REG_08,STORE_024,EMP_012,PROD_049,2,173.73,0.26,257.12,credit,CUST_9521,Premium
TXN_202505_014389,2025-05-18,REG_03,STORE_007,EMP_014,PROD_010,5,82.44,0.22,321.52,cash,CUST_5002,VIP
TXN_202505_014390,2025-05-28,REG_01,STORE_002,EMP_011,PROD_027,1,76.06,0.29,54.0,credit,CUST_5314,Regular
TXN_202505_014391,2025-05-13,REG_07,STORE_020,EMP_007,PROD_014,5,273.09,0.06,1283.52,cash,CUST_8026,Premium
TXN_202505_014392,2025-05-02,REG_03,STORE_008,EMP_014,PROD_021,3,457.82,0.14,1181.18,cash,CUST_2646,Regular
TXN_202505_014393,2025-05-11,REG_10,STORE_029,EMP_028,PROD_027,5,203.4,0.07,945.81,card,CUST_5118,Premium
TXN_202505_014394,2025-05-18,REG_10,STORE_028,EMP_017,PROD_008,4,355.1,0.01,1406.2,cash,CUST_6670,Premium
TXN_202505_014395,2025-05-20,REG_06,STORE_016,EMP_006,PROD_027,4,177.06,0.16,594.92,mobile,CUST_2496,VIP
TXN_202505_014396,2025-05-31,REG_05,STORE_013,EMP_005,PROD_012,1,485.07,0.06,455.97,card,CUST_2426,Premium
TXN_202505_014397,2025-05-21,REG_04,STORE_011,EMP_029,PROD_013,3,438.88,0.29,934.81,credit,CUST_6628,VIP
TXN_202505_014398,2025-05-10,REG_08,STORE_022,EMP_023,PROD_012,1,383.44,0.1,345.1,cash,CUST_5237,Premium
TXN_202505_014399,2025-05-18,REG_01,STORE_003,EMP_019,PROD_014,4,180.83,0.21,571.42,mobile,CUST_8717,VIP
TXN_202505_014400,2025-05-02,REG_03,STORE_008,EMP_014,PROD_048,5,362.7,0.27,1323.86,mobile,CUST_5696,Regular
TXN_202505_014401,2025-05-23,REG_06,STORE_018,EMP_006,PROD_013,1,39.88,0.11,35.49,mobile,CUST_7991,New
TXN_202505_014402,2025-05-12,REG_10,STORE_028,EMP_020,PROD_007,5,260.5,0.01,1289.47,credit,CUST_5210,New
TXN_202505_014403,2025-05-27,REG_01,STORE_001,EMP_019,PROD_048,3,137.71,0.07,384.21,card,CUST_9202,New
TXN_202505_014404,2025-05-09,REG_10,STORE_028,EMP_013,PROD_041,2,329.4,0.05,625.86,card,CUST_6012,New
TXN_202505_014405,2025-05-31,REG_02,STORE_006,EMP_002,PROD_021,3,320.83,0.26,712.24,cash,CUST_9362,VIP
TXN_202505_014406,2025-05-07,REG_04,STORE_010,EMP_029,PROD_003,5,78.99,0.29,280.41,credit,CUST_9631,New
TXN_202505_014407,2025-05-10,REG_02,STORE_004,EMP_002,PROD_029,4,108.34,0.12,381.36,cash,CUST_2258,Regular
TXN_202505_014408,2025-05-13,REG_09,STORE_027,EMP_027,PROD_015,1,88.6,0.25,66.45,credit,CUST_5491,New
TXN_202505_014409,2025-05-30,REG_03,STORE_008,EMP_014,PROD_006,2,47.55,0.01,94.15,card,CUST_6354,Regular
TXN_202505_014410,2025-05-01,REG_09,STORE_026,EMP_025,PROD_005,5,183.15,0.12,805.86,mobile,CUST_1675,Premium
TXN_202505_014411,2025-05-19,REG_02,STORE_004,EMP_002,PROD_004,4,76.08,0.22,237.37,mobile,CUST_2524,Premium
TXN_202505_014412,2025-05-28,REG_04,STORE_012,EMP_016,PROD_045,5,95.98,0.19,388.72,cash,CUST_3352,New
TXN_202505_014413,2025-05-26,REG_05,STORE_014,EMP_021,PROD_014,3,375.61,0.22,878.93,cash,CUST_1117,New
TXN_202505_014414,2025-05-10,REG_08,STORE_024,EMP_015,PROD_013,3,20.57,0.17,51.22,mobile,CUST_7312,Regular
TXN_202505_014415,2025-05-23,REG_02,STORE_004,EMP_002,PROD_019,1,365.91,0.19,296.39,credit,CUST_8351,VIP
TXN_202505_014416,2025-05-28,REG_09,STORE_027,EMP_009,PROD_024,2,42.77,0.0,85.54,mobile,CUST_8501,Regular
TXN_202505_014417,2025-05-15,REG_07,STORE_021,EMP_007,PROD_036,1,225.92,0.18,185.25,mobile,CUST_8256,New
TXN_202505_014418,2025-05-24,REG_01,STORE_002,EMP_018,PROD_044,5,170.0,0.23,654.5,card,CUST_5447,Regular
TXN_202505_014419,2025-05-07,REG_09,STORE_025,EMP_025,PROD_042,3,119.68,0.14,308.77,cash,CUST_8454,Regular
TXN_202505_014420,2025-05-07,REG_03,STORE_008,EMP_014,PROD_033,1,499.97,0.07,464.97,card,CUST_3915,New
TXN_202505_014421,2025-05-23,REG_09,STORE_026,EMP_022,PROD_025,3,253.42,0.13,661.43,cash,CUST_3134,VIP
TXN_202505_014422,2025-05-28,REG_06,STORE_016,EMP_006,PROD_045,2,451.26,0.03,875.44,cash,CUST_1505,VIP
TXN_202505_014423,2025-05-22,REG_05,STORE_014,EMP_021,PROD_008,3,358.39,0.17,892.39,cash,CUST_1716,Regular
TXN_202505_014424,2025-05-14,REG_09,STORE_027,EMP_027,PROD_012,4,199.55,0.07,742.33,credit,CUST_1563,New
TXN_202505_014425,2025-05-31,REG_06,STORE_016,EMP_006,PROD_038,4,36.7,0.17,121.84,credit,CUST_9577,Regular
TXN_202505_014426,2025-05-13,REG_10,STORE_028,EMP_013,PROD_020,2,109.38,0.23,168.45,card,CUST_8577,Regular
TXN_202505_014427,2025-05-06,REG_04,STORE_011,EMP_029,PROD_035,5,377.09,0.09,1715.76,credit,CUST_1744,VIP
TXN_202505_014428,2025-05-29,REG_04,STORE_010,EMP_026,PROD_048,5,198.16,0.21,782.73,card,CUST_8807,VIP
TXN_202505_014429,2025-05-26,REG_09,STORE_027,EMP_022,PROD_045,2,113.82,0.25,170.73,credit,CUST_6655,Premium
TXN_202505_014430,2025-05-11,REG_04,STORE_011,EMP_004,PROD_003,5,273.17,0.09,1242.92,credit,CUST_3855,New
TXN_202505_014431,2025-05-11,REG_09,STORE_026,EMP_009,PROD_013,2,137.92,0.06,259.29,cash,CUST_8528,VIP
TXN_202505_014432,2025-05-16,REG_08,STORE_024,EMP_015,PROD_007,5,41.17,0.07,191.44,mobile,CUST_7828,New
TXN_202505_014433,2025-05-10,REG_07,STORE_019,EMP_007,PROD_036,4,486.29,0.14,1672.84,cash,CUST_5878,Premium
TXN_202505_014434,2025-05-17,REG_06,STORE_016,EMP_006,PROD_019,4,383.76,0.17,1274.08,credit,CUST_1337,New
TXN_202505_014435,2025-05-31,REG_05,STORE_015,EMP_005,PROD_014,1,304.06,0.19,246.29,card,CUST_1427,Premium
TXN_202505_014436,2025-05-24,REG_10,STORE_029,EMP_020,PROD_013,2,62.1,0.03,120.47,card,CUST_2139,VIP
TXN_202505_014437,2025-05-29,REG_08,STORE_023,EMP_023,PROD_049,5,70.77,0.2,283.08,credit,CUST_1688,Premium
TXN_202505_014438,2025-05-01,REG_10,STORE_028,EMP_020,PROD_015,3,97.35,0.22,227.8,mobile,CUST_8503,VIP
TXN_202505_014439,2025-05-09,REG_07,STORE_019,EMP_007,PROD_013,3,98.55,0.02,289.74,card,CUST_2367,Premium
TXN_202505_014440,2025-05-02,REG_07,STORE_021,EMP_007,PROD_017,4,130.84,0.14,450.09,cash,CUST_7369,New
TXN_202505_014441,2025-05-21,REG_01,STORE_003,EMP_001,PROD_013,5,232.82,0.14,1001.13,cash,CUST_1157,New
TXN_202505_014442,2025-05-03,REG_03,STORE_007,EMP_014,PROD_016,5,50.67,0.22,197.61,card,CUST_5665,Regular
TXN_202505_014443,2025-05-31,REG_03,STORE_008,EMP_014,PROD_026,5,174.04,0.25,652.65,cash,CUST_4528,Regular
TXN_202505_014444,2025-05-04,REG_05,STORE_014,EMP_005,PROD_013,4,252.38,0.27,736.95,card,CUST_3313,VIP
TXN_202505_014445,2025-05-28,REG_04,STORE_010,EMP_030,PROD_027,3,398.4,0.1,1075.68,credit,CUST_7988,Premium
TXN_202505_014446,2025-05-01,REG_01,STORE_002,EMP_019,PROD_021,5,177.47,0.22,692.13,cash,CUST_2375,Premium
TXN_202505_014447,2025-05-04,REG_01,STORE_001,EMP_019,PROD_004,3,482.87,0.24,1100.94,mobile,CUST_8534,Regular
TXN_202505_014448,2025-05-18,REG_04,STORE_010,EMP_029,PROD_027,4,194.48,0.04,746.8,credit,CUST_3906,Premium
TXN_202505_014449,2025-05-15,REG_02,STORE_005,EMP_002,PROD_034,1,432.83,0.16,363.58,mobile,CUST_5768,New
TXN_202505_014450,2025-05-13,REG_10,STORE_028,EMP_020,PROD_001,5,80.57,0.03,390.76,cash,CUST_8720,Regular
TXN_202505_014451,2025-05-17,REG_04,STORE_011,EMP_026,PROD_026,1,90.57,0.12,79.7,cash,CUST_9210,Regular
TXN_202505_014452,2025-05-13,REG_04,STORE_012,EMP_004,PROD_006,3,377.04,0.01,1119.81,card,CUST_5259,Regular
TXN_202505_014453,2025-05-08,REG_03,STORE_007,EMP_003,PROD_009,4,188.87,0.13,657.27,mobile,CUST_4688,Premium
TXN_202505_014454,2025-05-13,REG_03,STORE_007,EMP_014,PROD_024,5,466.12,0.03,2260.68,cash,CUST_2268,New
TXN_202505_014455,2025-05-01,REG_03,STORE_008,EMP_003,PROD_025,5,363.01,0.16,1524.64,credit,CUST_9445,Regular
TXN_202505_014456,2025-05-17,REG_10,STORE_028,EMP_020,PROD_041,4,190.25,0.3,532.7,card,CUST_6706,Premium
TXN_202505_014457,2025-05-21,REG_06,STORE_018,EMP_006,PROD_040,3,150.31,0.14,387.8,credit,CUST_8831,Premium
TXN_202505_014458,2025-05-28,REG_06,STORE_016,EMP_006,PROD_040,1,199.55,0.06,187.58,card,CUST_9338,Premium
TXN_202505_014459,2025-05-08,REG_05,STORE_015,EMP_005,PROD_015,3,384.42,0.0,1153.26,credit,CUST_6943,Premium
TXN_202505_014460,2025-05-22,REG_10,STORE_029,EMP_013,PROD_012,1,292.49,0.29,207.67,cash,CUST_1580,Regular
TXN_202505_014461,2025-05-12,REG_08,STORE_022,EMP_008,PROD_013,2,419.37,0.15,712.93,cash,CUST_8661,VIP
