transaction_id,date,region,store_id,employee_id,product_id,units,unit_price,discount,revenue,payment,customer_id,customer_segment
TXN_202503_012962,2025-03-05,REG_06,STORE_017,EMP_006,PROD_032,5,482.56,0.08,2219.78,card,CUST_5677,Premium
TXN_202503_012963,2025-03-21,REG_01,STORE_003,EMP_011,PROD_017,4,433.02,0.09,1576.19,cash,CUST_4477,New
TXN_202503_012964,2025-03-02,REG_10,STORE_029,EMP_013,PROD_018,1,231.91,0.02,227.27,credit,CUST_2741,VIP
TXN_202503_012965,2025-03-03,REG_05,STORE_015,EMP_021,PROD_002,2,429.04,0.21,677.88,cash,CUST_7533,Premium
TXN_202503_012966,2025-03-31,REG_02,STORE_006,EMP_002,PROD_048,3,434.09,0.27,950.66,card,CUST_4246,Premium
TXN_202503_012967,2025-03-19,REG_03,STORE_008,EMP_003,PROD_010,3,145.83,0.06,411.24,card,CUST_1610,Regular
TXN_202503_012968,2025-03-30,REG_04,STORE_010,EMP_016,PROD_040,3,390.3,0.23,901.59,mobile,CUST_3722,VIP
TXN_202503_012969,2025-03-28,REG_10,STORE_028,EMP_017,PROD_048,1,430.9,0.15,366.26,credit,CUST_1653,Regular
TXN_202503_012970,2025-03-02,REG_08,STORE_024,EMP_023,PROD_034,2,302.36,0.3,423.3,card,CUST_5080,VIP
TXN_202503_012971,2025-03-10,REG_10,STORE_029,EMP_013,PROD_012,4,419.14,0.24,1274.19,mobile,CUST_4188,New
TXN_202503_012972,2025-03-06,REG_03,STORE_008,EMP_014,PROD_029,4,318.29,0.24,967.6,cash,CUST_9628,Premium
TXN_202503_012973,2025-03-05,REG_07,STORE_020,EMP_007,PROD_011,4,43.63,0.07,162.3,credit,CUST_6657,Premium
TXN_202503_012974,2025-03-28,REG_03,STORE_009,EMP_003,PROD_029,3,339.61,0.24,774.31,mobile,CUST_8844,VIP
TXN_202503_012975,2025-03-26,REG_03,STORE_007,EMP_014,PROD_006,5,293.12,0.16,1231.1,credit,CUST_5949,Premium
TXN_202503_012976,2025-03-27,REG_04,STORE_011,EMP_004,PROD_027,4,195.11,0.04,749.22,card,CUST_6342,Regular
TXN_202503_012977,2025-03-19,REG_03,STORE_007,EMP_003,PROD_002,1,254.78,0.28,183.44,cash,CUST_8517,Premium
TXN_202503_012978,2025-03-09,REG_04,STORE_012,EMP_030,PROD_002,2,416.83,0.14,716.95,mobile,CUST_8974,New
TXN_202503_012979,2025-03-17,REG_03,STORE_007,EMP_003,PROD_018,2,204.0,0.03,395.76,card,CUST_7672,VIP
TXN_202503_012980,2025-03-16,REG_10,STORE_028,EMP_028,PROD_006,2,440.8,0.01,872.78,mobile,CUST_9107,New
TXN_202503_012981,2025-03-08,REG_09,STORE_025,EMP_009,PROD_043,4,461.36,0.02,1808.53,credit,CUST_2743,Premium
TXN_202503_012982,2025-03-08,REG_10,STORE_030,EMP_013,PROD_018,5,482.53,0.23,1857.74,credit,CUST_8416,New
TXN_202503_012983,2025-03-05,REG_05,STORE_013,EMP_005,PROD_005,4,245.56,0.09,893.84,cash,CUST_1472,VIP
TXN_202503_012984,2025-03-06,REG_03,STORE_007,EMP_014,PROD_019,1,186.89,0.23,143.91,credit,CUST_9726,New
TXN_202503_012985,2025-03-07,REG_02,STORE_006,EMP_002,PROD_025,3,74.2,0.03,215.92,card,CUST_2075,VIP
TXN_202503_012986,2025-03-17,REG_06,STORE_016,EMP_006,PROD_017,2,157.67,0.01,312.19,cash,CUST_3782,Premium
TXN_202503_012987,2025-03-27,REG_03,STORE_008,EMP_003,PROD_033,4,44.49,0.23,137.03,credit,CUST_1056,VIP
TXN_202503_012988,2025-03-10,REG_04,STORE_012,EMP_030,PROD_037,4,125.0,0.24,380.0,cash,CUST_1320,Premium
TXN_202503_012989,2025-03-23,REG_08,STORE_023,EMP_012,PROD_032,4,484.05,0.05,1839.39,cash,CUST_7735,Regular
TXN_202503_012990,2025-03-10,REG_02,STORE_006,EMP_002,PROD_017,5,231.98,0.26,858.33,mobile,CUST_2700,VIP
TXN_202503_012991,2025-03-17,REG_05,STORE_015,EMP_005,PROD_022,2,69.01,0.27,100.75,card,CUST_3855,Regular
TXN_202503_012992,2025-03-11,REG_07,STORE_019,EMP_007,PROD_022,3,495.0,0.15,1262.25,cash,CUST_2773,New
TXN_202503_012993,2025-03-16,REG_01,STORE_002,EMP_001,PROD_015,2,203.71,0.23,313.71,cash,CUST_8407,New
TXN_202503_012994,2025-03-21,REG_08,STORE_022,EMP_012,PROD_047,3,152.57,0.18,375.32,mobile,CUST_1206,New
TXN_202503_012995,2025-03-28,REG_02,STORE_005,EMP_002,PROD_040,1,28.93,0.29,20.54,credit,CUST_8887,Premium
TXN_202503_012996,2025-03-19,REG_07,STORE_021,EMP_007,PROD_024,2,220.72,0.13,384.05,card,CUST_8493,New
TXN_202503_012997,2025-03-08,REG_09,STORE_025,EMP_027,PROD_038,2,420.12,0.08,773.02,card,CUST_9603,New
TXN_202503_012998,2025-03-26,REG_07,STORE_019,EMP_007,PROD_009,1,174.13,0.1,156.72,mobile,CUST_6041,Premium
TXN_202503_012999,2025-03-26,REG_03,STORE_009,EMP_014,PROD_009,2,44.95,0.26,66.53,cash,CUST_7511,New
TXN_202503_013000,2025-03-16,REG_10,STORE_029,EMP_020,PROD_029,5,44.22,0.11,196.78,cash,CUST_7604,Premium
TXN_202503_013001,2025-03-05,REG_06,STORE_018,EMP_006,PROD_019,4,89.37,0.19,289.56,mobile,CUST_7273,Regular
TXN_202503_013002,2025-03-03,REG_10,STORE_029,EMP_010,PROD_015,5,273.42,0.14,1175.71,mobile,CUST_6302,Regular
TXN_202503_013003,2025-03-08,REG_10,STORE_028,EMP_017,PROD_029,3,177.44,0.28,383.27,credit,CUST_3301,New
TXN_202503_013004,2025-03-21,REG_09,STORE_026,EMP_025,PROD_041,1,212.89,0.23,163.93,cash,CUST_9141,VIP
TXN_202503_013005,2025-03-29,REG_02,STORE_004,EMP_002,PROD_045,1,482.9,0.16,405.64,cash,CUST_7567,New
TXN_202503_013006,2025-03-04,REG_03,STORE_009,EMP_014,PROD_003,4,437.19,0.29,1241.62,card,CUST_9914,Premium
TXN_202503_013007,2025-03-06,REG_10,STORE_029,EMP_010,PROD_035,3,26.25,0.24,59.85,cash,CUST_8219,New
TXN_202503_013008,2025-03-14,REG_06,STORE_018,EMP_006,PROD_026,2,293.96,0.21,464.46,mobile,CUST_9349,VIP
TXN_202503_013009,2025-03-08,REG_05,STORE_015,EMP_005,PROD_037,3,103.29,0.24,235.5,cash,CUST_5442,VIP
TXN_202503_013010,2025-03-22,REG_07,STORE_019,EMP_007,PROD_003,2,262.77,0.15,446.71,credit,CUST_2466,Premium
TXN_202503_013011,2025-03-23,REG_04,STORE_011,EMP_029,PROD_007,3,149.39,0.21,354.05,card,CUST_9948,Premium
TXN_202503_013012,2025-03-07,REG_09,STORE_027,EMP_025,PROD_023,3,122.3,0.14,315.53,credit,CUST_3780,Regular
TXN_202503_013013,2025-03-05,REG_07,STORE_021,EMP_007,PROD_019,5,334.9,0.17,1389.84,card,CUST_8039,Premium
TXN_202503_013014,2025-03-06,REG_07,STORE_021,EMP_007,PROD_015,5,470.4,0.14,2022.72,card,CUST_4440,Regular
TXN_202503_013015,2025-03-10,REG_05,STORE_014,EMP_021,PROD_036,1,31.09,0.01,30.78,cash,CUST_9251,Premium
TXN_202503_013016,2025-03-22,REG_03,STORE_009,EMP_003,PROD_027,2,488.64,0.05,928.42,credit,CUST_8638,Regular
TXN_202503_013017,2025-03-31,REG_04,STORE_011,EMP_026,PROD_045,2,371.51,0.28,534.97,cash,CUST_5813,New
TXN_202503_013018,2025-03-05,REG_05,STORE_013,EMP_021,PROD_019,1,217.45,0.28,156.56,cash,CUST_6336,New
TXN_202503_013019,2025-03-03,REG_06,STORE_016,EMP_006,PROD_047,4,229.31,0.05,871.38,cash,CUST_7074,New
TXN_202503_013020,2025-03-23,REG_06,STORE_018,EMP_006,PROD_018,4,421.68,0.14,1450.58,mobile,CUST_4048,Premium
TXN_202503_013021,2025-03-06,REG_05,STORE_015,EMP_021,PROD_045,5,311.44,0.13,1354.76,credit,CUST_5811,New
TXN_202503_013022,2025-03-10,REG_03,STORE_007,EMP_014,PROD_027,3,420.24,0.29,895.11,mobile,CUST_8132,VIP
TXN_202503_013023,2025-03-20,REG_04,STORE_012,EMP_004,PROD_029,1,36.25,0.02,35.52,card,CUST_4045,Premium
TXN_202503_013024,2025-03-25,REG_02,STORE_005,EMP_002,PROD_040,2,58.33,0.22,90.99,credit,CUST_3575,New
TXN_202503_013025,2025-03-19,REG_08,STORE_023,EMP_008,PROD_027,1,110.63,0.02,108.42,card,CUST_1279,Premium
TXN_202503_013026,2025-03-30,REG_08,STORE_022,EMP_012,PROD_028,3,449.68,0.11,1200.65,mobile,CUST_3729,Regular
TXN_202503_013027,2025-03-31,REG_03,STORE_009,EMP_014,PROD_037,2,299.94,0.26,443.91,cash,CUST_5385,New
TXN_202503_013028,2025-03-10,REG_07,STORE_021,EMP_007,PROD_018,4,326.52,0.21,1031.8,cash,CUST_6846,Regular
TXN_202503_013029,2025-03-11,REG_04,STORE_012,EMP_029,PROD_045,2,220.6,0.17,366.2,card,CUST_1115,New
TXN_202503_013030,2025-03-18,REG_07,STORE_021,EMP_007,PROD_025,2,393.52,0.17,653.24,mobile,CUST_5331,Premium
TXN_202503_013031,2025-03-27,REG_09,STORE_026,EMP_009,PROD_024,4,393.21,0.24,1195.36,mobile,CUST_2451,Regular
TXN_202503_013032,2025-03-27,REG_03,STORE_008,EMP_014,PROD_032,1,76.55,0.13,66.6,credit,CUST_3405,Regular
TXN_202503_013033,2025-03-01,REG_04,STORE_012,EMP_030,PROD_017,2,443.06,0.04,850.68,card,CUST_6493,VIP
TXN_202503_013034,2025-03-08,REG_08,STORE_023,EMP_015,PROD_011,1,123.86,0.13,107.76,mobile,CUST_2443,Regular
TXN_202503_013035,2025-03-09,REG_01,STORE_003,EMP_001,PROD_026,5,108.51,0.18,444.89,card,CUST_6459,New
TXN_202503_013036,2025-03-18,REG_09,STORE_027,EMP_025,PROD_011,4,64.33,0.24,195.56,mobile,CUST_5027,VIP
TXN_202503_013037,2025-03-31,REG_08,STORE_023,EMP_012,PROD_031,3,434.05,0.17,1080.78,mobile,CUST_8868,Premium
TXN_202503_013038,2025-03-25,REG_04,STORE_012,EMP_029,PROD_018,5,290.82,0.27,1061.49,cash,CUST_1577,Regular
TXN_202503_013039,2025-03-24,REG_01,STORE_003,EMP_011,PROD_034,5,22.14,0.14,95.2,credit,CUST_6049,New
TXN_202503_013040,2025-03-19,REG_03,STORE_007,EMP_014,PROD_023,5,136.21,0.15,578.89,card,CUST_3416,Regular
TXN_202503_013041,2025-03-14,REG_07,STORE_021,EMP_007,PROD_049,3,470.38,0.14,1213.58,credit,CUST_6570,Regular
TXN_202503_013042,2025-03-24,REG_06,STORE_017,EMP_006,PROD_018,1,390.74,0.22,304.78,mobile,CUST_9191,Regular
TXN_202503_013043,2025-03-09,REG_01,STORE_002,EMP_019,PROD_037,4,366.05,0.26,1083.51,cash,CUST_8460,Premium
TXN_202503_013044,2025-03-30,REG_01,STORE_001,EMP_018,PROD_001,3,329.15,0.17,819.58,cash,CUST_2142,Premium
TXN_202503_013045,2025-03-25,REG_06,STORE_016,EMP_006,PROD_012,3,131.26,0.23,303.21,cash,CUST_2237,Regular
TXN_202503_013046,2025-03-31,REG_07,STORE_021,EMP_007,PROD_018,3,101.21,0.07,282.38,cash,CUST_1425,Regular
TXN_202503_013047,2025-03-11,REG_02,STORE_004,EMP_002,PROD_016,2,164.25,0.17,272.65,credit,CUST_4541,Premium
TXN_202503_013048,2025-03-26,REG_02,STORE_005,EMP_002,PROD_016,3,405.92,0.26,901.14,card,CUST_4202,Regular
TXN_202503_013049,2025-03-11,REG_10,STORE_029,EMP_013,PROD_040,2,341.41,0.11,607.71,credit,CUST_8607,New
TXN_202503_013050,2025-03-24,REG_01,STORE_003,EMP_019,PROD_028,5,141.21,0.22,550.72,card,CUST_8893,VIP
TXN_202503_013051,2025-03-15,REG_07,STORE_019,EMP_007,PROD_009,5,293.1,0.15,1245.67,card,CUST_9713,Premium
TXN_202503_013052,2025-03-29,REG_04,STORE_010,EMP_029,PROD_015,5,250.65,0.24,952.47,mobile,CUST_2239,VIP
TXN_202503_013053,2025-03-19,REG_04,STORE_012,EMP_026,PROD_042,5,419.24,0.15,1781.77,cash,CUST_9416,Regular
TXN_202503_013054,2025-03-17,REG_02,STORE_004,EMP_002,PROD_027,5,145.28,0.01,719.14,cash,CUST_1799,Regular
TXN_202503_013055,2025-03-16,REG_09,STORE_025,EMP_009,PROD_019,4,56.39,0.28,162.4,mobile,CUST_5593,VIP
TXN_202503_013056,2025-03-25,REG_03,STORE_008,EMP_014,PROD_017,1,281.94,0.28,203.0,mobile,CUST_6744,Regular
TXN_202503_013057,2025-03-29,REG_08,STORE_023,EMP_015,PROD_020,5,120.35,0.24,457.33,credit,CUST_6654,Regular
TXN_202503_013058,2025-03-27,REG_03,STORE_009,EMP_014,PROD_049,3,192.08,0.14,495.57,mobile,CUST_6644,New
TXN_202503_013059,2025-03-27,REG_10,STORE_030,EMP_010,PROD_007,1,488.67,0.22,381.16,credit,CUST_5414,VIP
TXN_202503_013060,2025-03-09,REG_01,STORE_002,EMP_011,PROD_024,3,55.42,0.0,166.26,card,CUST_8666,Regular
TXN_202503_013061,2025-03-09,REG_01,STORE_001,EMP_019,PROD_012,4,452.08,0.12,1591.32,card,CUST_7258,VIP
TXN_202503_013062,2025-03-29,REG_04,STORE_011,EMP_024,PROD_036,3,122.11,0.28,263.76,cash,CUST_4500,VIP
TXN_202503_013063,2025-03-04,REG_07,STORE_020,EMP_007,PROD_022,2,468.36,0.15,796.21,credit,CUST_5129,VIP
TXN_202503_013064,2025-03-11,REG_01,STORE_001,EMP_019,PROD_019,5,59.38,0.22,231.58,credit,CUST_8162,Regular
TXN_202503_013065,2025-03-04,REG_01,STORE_002,EMP_018,PROD_035,5,153.65,0.25,576.19,cash,CUST_5639,Premium
TXN_202503_013066,2025-03-30,REG_07,STORE_021,EMP_007,PROD_037,3,163.29,0.01,484.97,card,CUST_3086,Regular
TXN_202503_013067,2025-03-04,REG_01,STORE_003,EMP_001,PROD_020,4,349.96,0.29,993.89,card,CUST_4333,New
TXN_202503_013068,2025-03-17,REG_10,STORE_030,EMP_013,PROD_033,3,170.86,0.23,394.69,mobile,CUST_2925,New
TXN_202503_013069,2025-03-22,REG_10,STORE_030,EMP_017,PROD_040,3,477.08,0.16,1202.24,mobile,CUST_1534,VIP
TXN_202503_013070,2025-03-12,REG_09,STORE_027,EMP_022,PROD_040,4,469.57,0.27,1371.14,cash,CUST_7729,Regular
TXN_202503_013071,2025-03-18,REG_10,STORE_029,EMP_020,PROD_027,2,307.23,0.21,485.42,cash,CUST_8045,Premium
TXN_202503_013072,2025-03-16,REG_09,STORE_027,EMP_009,PROD_021,1,188.61,0.05,179.18,card,CUST_2855,Regular
TXN_202503_013073,2025-03-13,REG_05,STORE_014,EMP_005,PROD_031,5,496.52,0.02,2432.95,card,CUST_3593,Regular
TXN_202503_013074,2025-03-25,REG_09,STORE_025,EMP_027,PROD_012,5,297.51,0.04,1428.05,mobile,CUST_7186,VIP
TXN_202503_013075,2025-03-24,REG_06,STORE_018,EMP_006,PROD_021,3,401.63,0.21,951.86,card,CUST_2748,Regular
TXN_202503_013076,2025-03-18,REG_07,STORE_019,EMP_007,PROD_013,3,61.63,0.05,175.65,credit,CUST_4330,Premium
TXN_202503_013077,2025-03-30,REG_06,STORE_018,EMP_006,PROD_023,4,254.81,0.07,947.89,card,CUST_7503,VIP
TXN_202503_013078,2025-03-26,REG_06,STORE_018,EMP_006,PROD_006,1,425.1,0.04,408.1,credit,CUST_2442,Regular
TXN_202503_013079,2025-03-10,REG_01,STORE_003,EMP_018,PROD_046,2,499.9,0.1,899.82,mobile,CUST_6298,VIP
TXN_202503_013080,2025-03-23,REG_07,STORE_021,EMP_007,PROD_042,1,113.03,0.0,113.03,mobile,CUST_6951,Regular
TXN_202503_013081,2025-03-02,REG_02,STORE_006,EMP_002,PROD_010,1,208.87,0.22,162.92,credit,CUST_9768,Regular
TXN_202503_013082,2025-03-09,REG_09,STORE_026,EMP_009,PROD_040,1,155.98,0.04,149.74,mobile,CUST_8735,Premium
TXN_202503_013083,2025-03-20,REG_02,STORE_005,EMP_002,PROD_025,5,205.06,0.26,758.72,cash,CUST_7025,VIP
TXN_202503_013084,2025-03-03,REG_01,STORE_001,EMP_011,PROD_042,5,219.92,0.06,1033.62,credit,CUST_2049,New
TXN_202503_013085,2025-03-22,REG_05,STORE_015,EMP_021,PROD_010,3,30.19,0.23,69.74,mobile,CUST_1021,Premium
TXN_202503_013086,2025-03-11,REG_02,STORE_005,EMP_002,PROD_007,5,321.27,0.14,1381.46,card,CUST_5140,Premium
TXN_202503_013087,2025-03-30,REG_02,STORE_004,EMP_002,PROD_029,5,312.53,0.17,1297.0,cash,CUST_2858,Premium
TXN_202503_013088,2025-03-11,REG_05,STORE_015,EMP_005,PROD_028,1,277.37,0.11,246.86,mobile,CUST_6215,New
TXN_202503_013089,2025-03-18,REG_05,STORE_013,EMP_021,PROD_009,4,434.88,0.03,1687.33,card,CUST_7621,New
TXN_202503_013090,2025-03-18,REG_01,STORE_001,EMP_001,PROD_016,1,108.68,0.08,99.99,card,CUST_2250,New
TXN_202503_013091,2025-03-30,REG_08,STORE_022,EMP_023,PROD_003,3,201.94,0.06,569.47,credit,CUST_6354,Regular
TXN_202503_013092,2025-03-14,REG_02,STORE_005,EMP_002,PROD_029,2,133.75,0.22,208.65,cash,CUST_6147,Regular
TXN_202503_013093,2025-03-17,REG_09,STORE_025,EMP_025,PROD_016,1,242.56,0.06,228.01,credit,CUST_9099,Premium
TXN_202503_013094,2025-03-17,REG_05,STORE_014,EMP_021,PROD_029,2,75.37,0.22,117.58,mobile,CUST_4425,Regular
TXN_202503_013095,2025-03-24,REG_06,STORE_017,EMP_006,PROD_007,4,230.96,0.28,665.16,cash,CUST_4047,Regular
TXN_202503_013096,2025-03-11,REG_10,STORE_028,EMP_017,PROD_044,5,470.53,0.22,1835.07,credit,CUST_5987,New
TXN_202503_013097,2025-03-24,REG_01,STORE_003,EMP_011,PROD_020,1,135.56,0.15,115.23,credit,CUST_2602,VIP
TXN_202503_013098,2025-03-02,REG_04,STORE_010,EMP_004,PROD_042,1,95.84,0.13,83.38,card,CUST_3694,New
TXN_202503_013099,2025-03-02,REG_03,STORE_007,EMP_003,PROD_017,4,418.6,0.15,1423.24,credit,CUST_8874,VIP
TXN_202503_013100,2025-03-29,REG_03,STORE_008,EMP_003,PROD_005,3,451.76,0.18,1111.33,credit,CUST_2125,Premium
TXN_202503_013101,2025-03-14,REG_08,STORE_024,EMP_008,PROD_014,4,379.83,0.1,1367.39,mobile,CUST_5468,VIP
TXN_202503_013102,2025-03-24,REG_04,STORE_012,EMP_026,PROD_028,3,391.97,0.09,1070.08,cash,CUST_2015,VIP
TXN_202503_013103,2025-03-30,REG_07,STORE_021,EMP_007,PROD_039,4,429.87,0.29,1220.83,credit,CUST_2340,VIP
TXN_202503_013104,2025-03-28,REG_06,STORE_016,EMP_006,PROD_048,4,229.7,0.12,808.54,cash,CUST_4410,Regular
TXN_202503_013105,2025-03-02,REG_01,STORE_003,EMP_018,PROD_041,3,421.17,0.08,1162.43,cash,CUST_1646,VIP
TXN_202503_013106,2025-03-11,REG_04,STORE_011,EMP_024,PROD_018,5,437.62,0.11,1947.41,cash,CUST_6637,Premium
TXN_202503_013107,2025-03-23,REG_07,STORE_019,EMP_007,PROD_020,1,369.33,0.19,299.16,mobile,CUST_1582,Premium
TXN_202503_013108,2025-03-11,REG_01,STORE_001,EMP_001,PROD_041,5,105.4,0.11,469.03,credit,CUST_7872,Premium
TXN_202503_013109,2025-03-14,REG_05,STORE_014,EMP_021,PROD_042,2,14.71,0.24,22.36,mobile,CUST_8741,Premium
TXN_202503_013110,2025-03-17,REG_03,STORE_009,EMP_003,PROD_039,5,227.44,0.09,1034.85,credit,CUST_7074,New
TXN_202503_013111,2025-03-25,REG_05,STORE_014,EMP_021,PROD_041,1,393.76,0.24,299.26,card,CUST_1783,New
TXN_202503_013112,2025-03-05,REG_04,STORE_012,EMP_016,PROD_028,2,277.64,0.07,516.41,card,CUST_3780,New
TXN_202503_013113,2025-03-13,REG_01,STORE_002,EMP_011,PROD_038,2,476.75,0.28,686.52,credit,CUST_4219,Premium
TXN_202503_013114,2025-03-06,REG_02,STORE_006,EMP_002,PROD_040,1,326.53,0.1,293.88,credit,CUST_3056,VIP
TXN_202503_013115,2025-03-21,REG_06,STORE_018,EMP_006,PROD_030,1,198.2,0.22,154.6,cash,CUST_6019,Regular
TXN_202503_013116,2025-03-18,REG_03,STORE_009,EMP_003,PROD_035,5,479.17,0.16,2012.51,mobile,CUST_3068,Regular
TXN_202503_013117,2025-03-30,REG_03,STORE_008,EMP_014,PROD_009,2,299.43,0.14,515.02,card,CUST_4361,Premium
TXN_202503_013118,2025-03-13,REG_02,STORE_004,EMP_002,PROD_012,5,302.28,0.29,1073.09,card,CUST_2452,Regular
TXN_202503_013119,2025-03-11,REG_04,STORE_012,EMP_016,PROD_022,4,240.23,0.12,845.61,credit,CUST_6884,Premium
TXN_202503_013120,2025-03-04,REG_04,STORE_010,EMP_026,PROD_023,4,13.56,0.16,45.56,mobile,CUST_1351,New
TXN_202503_013121,2025-03-11,REG_03,STORE_008,EMP_003,PROD_005,5,328.13,0.27,1197.67,cash,CUST_3982,VIP
TXN_202503_013122,2025-03-27,REG_08,STORE_022,EMP_008,PROD_037,1,411.09,0.15,349.43,cash,CUST_9428,New
TXN_202503_013123,2025-03-26,REG_08,STORE_022,EMP_023,PROD_003,5,60.72,0.11,270.2,credit,CUST_7258,New
TXN_202503_013124,2025-03-07,REG_08,STORE_024,EMP_012,PROD_022,5,370.47,0.01,1833.83,card,CUST_9091,Regular
TXN_202503_013125,2025-03-15,REG_08,STORE_023,EMP_008,PROD_028,4,350.61,0.12,1234.15,cash,CUST_5768,New
TXN_202503_013126,2025-03-20,REG_06,STORE_017,EMP_006,PROD_001,3,111.78,0.04,321.93,card,CUST_4186,Regular
TXN_202503_013127,2025-03-28,REG_06,STORE_016,EMP_006,PROD_014,5,56.27,0.22,219.45,cash,CUST_4005,Premium
TXN_202503_013128,2025-03-18,REG_01,STORE_003,EMP_018,PROD_030,3,252.34,0.22,590.48,mobile,CUST_8304,Premium
TXN_202503_013129,2025-03-22,REG_04,STORE_011,EMP_030,PROD_030,4,39.95,0.18,131.04,credit,CUST_3823,VIP
TXN_202503_013130,2025-03-16,REG_06,STORE_017,EMP_006,PROD_047,3,431.59,0.25,971.08,cash,CUST_6209,Premium
TXN_202503_013131,2025-03-18,REG_03,STORE_008,EMP_014,PROD_010,4,212.75,0.19,689.31,card,CUST_7560,VIP
TXN_202503_013132,2025-03-04,REG_05,STORE_014,EMP_005,PROD_005,5,266.94,0.25,1001.03,credit,CUST_7566,New
TXN_202503_013133,2025-03-14,REG_07,STORE_021,EMP_007,PROD_039,5,311.97,0.07,1450.66,mobile,CUST_8275,Premium
TXN_202503_013134,2025-03-31,REG_10,STORE_029,EMP_020,PROD_031,1,448.06,0.25,336.05,card,CUST_3871,New
TXN_202503_013135,2025-03-02,REG_06,STORE_017,EMP_006,PROD_043,3,258.3,0.12,681.91,cash,CUST_2894,New
TXN_202503_013136,2025-03-15,REG_09,STORE_025,EMP_027,PROD_017,4,412.71,0.24,1254.64,cash,CUST_4079,Regular
TXN_202503_013137,2025-03-14,REG_05,STORE_013,EMP_005,PROD_045,1,186.06,0.02,182.34,mobile,CUST_1294,Regular
TXN_202503_013138,2025-03-23,REG_07,STORE_021,EMP_007,PROD_039,2,276.19,0.14,475.05,mobile,CUST_9628,Regular
TXN_202503_013139,2025-03-01,REG_02,STORE_005,EMP_002,PROD_049,4,316.78,0.19,1026.37,credit,CUST_7420,Premium
TXN_202503_013140,2025-03-01,REG_01,STORE_002,EMP_011,PROD_037,5,251.94,0.22,982.57,card,CUST_9146,New
TXN_202503_013141,2025-03-22,REG_04,STORE_011,EMP_024,PROD_004,5,279.96,0.17,1161.83,card,CUST_9972,Regular
TXN_202503_013142,2025-03-03,REG_08,STORE_023,EMP_023,PROD_044,1,435.98,0.13,379.3,mobile,CUST_4758,New
TXN_202503_013143,2025-03-25,REG_01,STORE_003,EMP_019,PROD_005,1,468.68,0.29,332.76,card,CUST_3309,VIP
TXN_202503_013144,2025-03-12,REG_04,STORE_012,EMP_026,PROD_017,3,433.83,0.11,1158.33,cash,CUST_8074,Premium
TXN_202503_013145,2025-03-11,REG_08,STORE_022,EMP_008,PROD_043,5,254.24,0.3,889.84,credit,CUST_2490,VIP
TXN_202503_013146,2025-03-09,REG_06,STORE_016,EMP_006,PROD_017,2,149.86,0.21,236.78,credit,CUST_7618,Premium
TXN_202503_013147,2025-03-28,REG_10,STORE_030,EMP_017,PROD_034,5,255.96,0.28,921.46,credit,CUST_2788,Premium
TXN_202503_013148,2025-03-07,REG_05,STORE_015,EMP_005,PROD_020,3,105.21,0.05,299.85,card,CUST_9576,Regular
TXN_202503_013149,2025-03-05,REG_06,STORE_017,EMP_006,PROD_026,4,25.61,0.24,77.85,credit,CUST_8324,Premium
TXN_202503_013150,2025-03-03,REG_03,STORE_009,EMP_014,PROD_036,1,275.95,0.23,212.48,card,CUST_6955,Regular
TXN_202503_013151,2025-03-31,REG_07,STORE_019,EMP_007,PROD_050,2,356.99,0.17,592.6,credit,CUST_1996,Premium
TXN_202503_013152,2025-03-26,REG_02,STORE_005,EMP_002,PROD_003,3,97.82,0.29,208.36,mobile,CUST_2796,VIP
TXN_202503_013153,2025-03-19,REG_10,STORE_029,EMP_020,PROD_041,5,366.53,0.09,1667.71,cash,CUST_3276,VIP
TXN_202503_013154,2025-03-28,REG_04,STORE_010,EMP_004,PROD_034,3,326.56,0.22,764.15,card,CUST_7378,VIP
TXN_202503_013155,2025-03-29,REG_05,STORE_013,EMP_021,PROD_003,4,22.06,0.11,78.53,card,CUST_8892,Regular
TXN_202503_013156,2025-03-09,REG_03,STORE_008,EMP_014,PROD_020,4,141.68,0.21,447.71,credit,CUST_6987,Premium
TXN_202503_013157,2025-03-17,REG_02,STORE_006,EMP_002,PROD_028,1,339.66,0.19,275.12,cash,CUST_8737,Regular
TXN_202503_013158,2025-03-24,REG_09,STORE_025,EMP_022,PROD_022,2,213.05,0.19,345.14,credit,CUST_4258,Premium
TXN_202503_013159,2025-03-21,REG_05,STORE_013,EMP_021,PROD_039,3,427.52,0.29,910.62,mobile,CUST_9271,VIP
TXN_202503_013160,2025-03-08,REG_06,STORE_018,EMP_006,PROD_036,4,340.1,0.25,1020.3,cash,CUST_6608,Premium
TXN_202503_013161,2025-03-22,REG_10,STORE_029,EMP_017,PROD_009,3,106.95,0.1,288.77,cash,CUST_9863,Premium
TXN_202503_013162,2025-03-13,REG_06,STORE_017,EMP_006,PROD_025,4,417.55,0.21,1319.46,cash,CUST_7789,VIP
TXN_202503_013163,2025-03-20,REG_07,STORE_020,EMP_007,PROD_024,3,457.13,0.09,1247.96,mobile,CUST_2652,Premium
TXN_202503_013164,2025-03-30,REG_10,STORE_028,EMP_010,PROD_047,2,179.22,0.09,326.18,cash,CUST_9344,Premium
TXN_202503_013165,2025-03-18,REG_01,STORE_003,EMP_019,PROD_024,1,264.19,0.3,184.93,credit,CUST_7488,VIP
TXN_202503_013166,2025-03-24,REG_02,STORE_004,EMP_002,PROD_043,3,136.93,0.3,287.55,credit,CUST_5699,Regular
TXN_202503_013167,2025-03-09,REG_04,STORE_011,EMP_029,PROD_012,1,356.76,0.06,335.35,mobile,CUST_1452,New
TXN_202503_013168,2025-03-01,REG_07,STORE_019,EMP_007,PROD_047,3,259.62,0.03,755.49,cash,CUST_8937,Premium
TXN_202503_013169,2025-03-14,REG_08,STORE_022,EMP_012,PROD_010,5,390.68,0.1,1758.06,card,CUST_1072,New
TXN_202503_013170,2025-03-06,REG_04,STORE_010,EMP_026,PROD_045,2,443.45,0.22,691.78,credit,CUST_1850,New
TXN_202503_013171,2025-03-03,REG_01,STORE_001,EMP_001,PROD_043,4,314.46,0.12,1106.9,cash,CUST_5085,Premium
TXN_202503_013172,2025-03-27,REG_03,STORE_009,EMP_014,PROD_034,2,30.04,0.05,57.08,mobile,CUST_4028,New
TXN_202503_013173,2025-03-20,REG_09,STORE_027,EMP_009,PROD_045,2,253.9,0.25,380.85,card,CUST_9739,VIP
TXN_202503_013174,2025-03-06,REG_10,STORE_028,EMP_010,PROD_014,1,22.96,0.02,22.5,cash,CUST_4640,New
TXN_202503_013175,2025-03-02,REG_05,STORE_013,EMP_021,PROD_030,4,490.99,0.22,1531.89,mobile,CUST_3588,VIP
TXN_202503_013176,2025-03-17,REG_09,STORE_027,EMP_025,PROD_029,1,230.3,0.08,211.88,cash,CUST_7377,VIP
TXN_202503_013177,2025-03-17,REG_03,STORE_008,EMP_003,PROD_006,3,362.47,0.01,1076.54,cash,CUST_4832,New
TXN_202503_013178,2025-03-11,REG_01,STORE_001,EMP_001,PROD_042,3,249.54,0.05,711.19,credit,CUST_2858,VIP
TXN_202503_013179,2025-03-23,REG_10,STORE_030,EMP_028,PROD_040,3,162.51,0.18,399.77,credit,CUST_4283,VIP
TXN_202503_013180,2025-03-13,REG_04,STORE_012,EMP_004,PROD_003,2,372.0,0.04,714.24,credit,CUST_8837,Premium
TXN_202503_013181,2025-03-02,REG_10,STORE_028,EMP_013,PROD_038,5,315.49,0.19,1277.73,card,CUST_7103,Premium
TXN_202503_013182,2025-03-31,REG_08,STORE_024,EMP_008,PROD_027,4,255.84,0.07,951.72,mobile,CUST_8865,Regular
TXN_202503_013183,2025-03-20,REG_09,STORE_026,EMP_009,PROD_042,5,227.99,0.06,1071.55,mobile,CUST_4683,New
TXN_202503_013184,2025-03-01,REG_01,STORE_002,EMP_001,PROD_007,3,66.66,0.29,141.99,cash,CUST_5047,VIP
TXN_202503_013185,2025-03-04,REG_07,STORE_020,EMP_007,PROD_050,2,360.41,0.01,713.61,cash,CUST_4282,New
TXN_202503_013186,2025-03-17,REG_01,STORE_001,EMP_001,PROD_048,2,145.81,0.17,242.04,cash,CUST_4913,Regular
TXN_202503_013187,2025-03-17,REG_06,STORE_016,EMP_006,PROD_040,3,174.71,0.1,471.72,cash,CUST_8053,New
TXN_202503_013188,2025-03-25,REG_06,STORE_017,EMP_006,PROD_023,2,346.09,0.1,622.96,cash,CUST_3899,Regular
TXN_202503_013189,2025-03-29,REG_02,STORE_006,EMP_002,PROD_046,4,308.46,0.24,937.72,card,CUST_9288,New
TXN_202503_013190,2025-03-19,REG_05,STORE_015,EMP_005,PROD_008,1,267.48,0.24,203.28,card,CUST_4740,New
TXN_202503_013191,2025-03-01,REG_05,STORE_013,EMP_021,PROD_001,5,290.2,0.0,1451.0,credit,CUST_9981,Premium
TXN_202503_013192,2025-03-13,REG_02,STORE_006,EMP_002,PROD_020,1,330.59,0.08,304.14,credit,CUST_2416,VIP
TXN_202503_013193,2025-03-20,REG_05,STORE_013,EMP_021,PROD_043,3,59.55,0.08,164.36,cash,CUST_8484,Premium
TXN_202503_013194,2025-03-04,REG_09,STORE_026,EMP_022,PROD_033,5,479.83,0.07,2231.21,mobile,CUST_9965,New
TXN_202503_013195,2025-03-07,REG_10,STORE_029,EMP_020,PROD_012,1,154.23,0.1,138.81,cash,CUST_8784,VIP
TXN_202503_013196,2025-03-08,REG_03,STORE_009,EMP_014,PROD_012,1,405.46,0.27,295.99,mobile,CUST_7098,Regular
TXN_202503_013197,2025-03-27,REG_08,STORE_022,EMP_008,PROD_011,1,355.04,0.29,252.08,card,CUST_1970,New
TXN_202503_013198,2025-03-03,REG_06,STORE_018,EMP_006,PROD_044,3,419.96,0.05,1196.89,cash,CUST_4506,New
TXN_202503_013199,2025-03-07,REG_09,STORE_025,EMP_025,PROD_015,3,470.33,0.19,1142.9,cash,CUST_2267,New
TXN_202503_013200,2025-03-02,REG_09,STORE_025,EMP_009,PROD_042,2,49.11,0.28,70.72,credit,CUST_5638,VIP
TXN_202503_013201,2025-03-21,REG_10,STORE_029,EMP_020,PROD_006,1,498.33,0.25,373.75,card,CUST_9042,Regular
TXN_202503_013202,2025-03-28,REG_10,STORE_030,EMP_020,PROD_030,5,220.62,0.16,926.6,card,CUST_2740,Regular
TXN_202503_013203,2025-03-15,REG_02,STORE_006,EMP_002,PROD_033,3,199.37,0.09,544.28,credit,CUST_8702,Regular
TXN_202503_013204,2025-03-28,REG_01,STORE_003,EMP_001,PROD_034,1,17.25,0.08,15.87,mobile,CUST_9858,Regular
TXN_202503_013205,2025-03-27,REG_06,STORE_018,EMP_006,PROD_002,5,274.76,0.21,1085.3,credit,CUST_3738,VIP
TXN_202503_013206,2025-03-02,REG_05,STORE_013,EMP_021,PROD_001,3,323.06,0.06,911.03,mobile,CUST_1809,Regular
TXN_202503_013207,2025-03-31,REG_03,STORE_008,EMP_003,PROD_032,4,348.15,0.11,1239.41,mobile,CUST_1845,Premium
TXN_202503_013208,2025-03-07,REG_04,STORE_011,EMP_030,PROD_009,4,140.26,0.12,493.72,cash,CUST_8269,Regular
TXN_202503_013209,2025-03-02,REG_02,STORE_004,EMP_002,PROD_005,4,26.73,0.17,88.74,card,CUST_1239,New
TXN_202503_013210,2025-03-19,REG_10,STORE_030,EMP_020,PROD_013,3,375.23,0.22,878.04,credit,CUST_4744,VIP
TXN_202503_013211,2025-03-07,REG_10,STORE_029,EMP_013,PROD_003,3,415.31,0.17,1034.12,card,CUST_1601,Regular
TXN_202503_013212,2025-03-26,REG_10,STORE_030,EMP_013,PROD_014,4,231.37,0.05,879.21,card,CUST_5630,New
TXN_202503_013213,2025-03-12,REG_06,STORE_017,EMP_006,PROD_034,1,377.79,0.16,317.34,cash,CUST_1536,Regular
TXN_202503_013214,2025-03-07,REG_01,STORE_003,EMP_018,PROD_041,4,288.3,0.1,1037.88,cash,CUST_2826,Regular
TXN_202503_013215,2025-03-18,REG_03,STORE_009,EMP_014,PROD_012,2,159.08,0.25,238.62,mobile,CUST_4522,Premium
TXN_202503_013216,2025-03-29,REG_05,STORE_015,EMP_021,PROD_040,3,50.63,0.12,133.66,card,CUST_4548,VIP
TXN_202503_013217,2025-03-13,REG_06,STORE_016,EMP_006,PROD_043,4,13.71,0.05,52.1,mobile,CUST_6545,New
TXN_202503_013218,2025-03-15,REG_09,STORE_026,EMP_025,PROD_002,2,433.02,0.27,632.21,credit,CUST_2717,Premium
TXN_202503_013219,2025-03-30,REG_06,STORE_017,EMP_006,PROD_028,3,139.78,0.19,339.67,card,CUST_1533,VIP
TXN_202503_013220,2025-03-07,REG_03,STORE_007,EMP_003,PROD_017,3,76.55,0.01,227.35,credit,CUST_7889,New
TXN_202503_013221,2025-03-02,REG_01,STORE_001,EMP_011,PROD_032,4,137.29,0.06,516.21,card,CUST_7991,VIP
TXN_202503_013222,2025-03-31,REG_04,STORE_012,EMP_004,PROD_030,5,147.84,0.2,591.36,card,CUST_2667,Regular
TXN_202503_013223,2025-03-14,REG_04,STORE_010,EMP_024,PROD_025,1,222.12,0.06,208.79,card,CUST_1568,Premium
TXN_202503_013224,2025-03-25,REG_07,STORE_019,EMP_007,PROD_042,2,444.95,0.03,863.2,mobile,CUST_7866,Premium
TXN_202503_013225,2025-03-24,REG_05,STORE_014,EMP_021,PROD_012,1,234.03,0.05,222.33,cash,CUST_9670,VIP
TXN_202503_013226,2025-03-23,REG_10,STORE_028,EMP_010,PROD_013,1,140.68,0.15,119.58,cash,CUST_5215,VIP
TXN_202503_013227,2025-03-09,REG_02,STORE_005,EMP_002,PROD_050,1,269.51,0.12,237.17,mobile,CUST_2125,Premium
TXN_202503_013228,2025-03-24,REG_05,STORE_015,EMP_005,PROD_041,1,64.74,0.21,51.14,credit,CUST_6545,Premium
TXN_202503_013229,2025-03-29,REG_02,STORE_006,EMP_002,PROD_041,5,282.14,0.27,1029.81,credit,CUST_5998,Premium
TXN_202503_013230,2025-03-08,REG_10,STORE_029,EMP_028,PROD_038,2,235.81,0.22,367.86,credit,CUST_6248,Regular
TXN_202503_013231,2025-03-20,REG_06,STORE_016,EMP_006,PROD_037,1,284.73,0.11,253.41,mobile,CUST_6037,VIP
TXN_202503_013232,2025-03-05,REG_02,STORE_004,EMP_002,PROD_037,3,41.95,0.28,90.61,credit,CUST_2711,Regular
TXN_202503_013233,2025-03-09,REG_10,STORE_029,EMP_017,PROD_028,3,321.05,0.03,934.26,card,CUST_5932,Premium
TXN_202503_013234,2025-03-15,REG_03,STORE_009,EMP_003,PROD_007,4,99.02,0.29,281.22,cash,CUST_6034,New
TXN_202503_013235,2025-03-27,REG_02,STORE_006,EMP_002,PROD_037,5,271.67,0.15,1154.6,mobile,CUST_4917,VIP
TXN_202503_013236,2025-03-25,REG_10,STORE_030,EMP_010,PROD_015,2,222.15,0.18,364.33,cash,CUST_5521,Regular
TXN_202503_013237,2025-03-29,REG_08,STORE_022,EMP_008,PROD_021,1,16.76,0.19,13.58,mobile,CUST_4246,Regular
TXN_202503_013238,2025-03-31,REG_07,STORE_019,EMP_007,PROD_017,4,399.29,0.11,1421.47,mobile,CUST_6131,New
TXN_202503_013239,2025-03-01,REG_01,STORE_003,EMP_011,PROD_005,1,159.28,0.24,121.05,cash,CUST_2974,Premium
TXN_202503_013240,2025-03-17,REG_05,STORE_015,EMP_021,PROD_022,4,58.91,0.18,193.22,credit,CUST_9242,Regular
TXN_202503_013241,2025-03-10,REG_06,STORE_018,EMP_006,PROD_046,3,150.38,0.21,356.4,card,CUST_2824,New
TXN_202503_013242,2025-03-17,REG_03,STORE_008,EMP_014,PROD_001,2,433.91,0.28,624.83,card,CUST_3983,VIP
TXN_202503_013243,2025-03-05,REG_09,STORE_026,EMP_009,PROD_034,3,414.68,0.24,945.47,credit,CUST_6315,VIP
TXN_202503_013244,2025-03-04,REG_07,STORE_020,EMP_007,PROD_038,4,399.8,0.01,1583.21,cash,CUST_6199,VIP
TXN_202503_013245,2025-03-02,REG_03,STORE_008,EMP_003,PROD_050,2,357.23,0.24,542.99,credit,CUST_4870,Regular
TXN_202503_013246,2025-03-08,REG_04,STORE_010,EMP_016,PROD_046,3,15.47,0.08,42.7,mobile,CUST_1246,VIP
TXN_202503_013247,2025-03-02,REG_08,STORE_024,EMP_012,PROD_018,3,174.64,0.17,434.85,cash,CUST_3274,Premium
TXN_202503_013248,2025-03-17,REG_01,STORE_003,EMP_019,PROD_034,5,352.71,0.08,1622.47,cash,CUST_8030,Regular
TXN_202503_013249,2025-03-29,REG_04,STORE_010,EMP_016,PROD_005,2,360.27,0.28,518.79,card,CUST_7472,VIP
TXN_202503_013250,2025-03-19,REG_10,STORE_029,EMP_020,PROD_029,1,225.04,0.21,177.78,card,CUST_6844,New
TXN_202503_013251,2025-03-10,REG_04,STORE_010,EMP_004,PROD_011,5,186.0,0.05,883.5,credit,CUST_8712,Regular
TXN_202503_013252,2025-03-16,REG_09,STORE_025,EMP_009,PROD_011,2,447.28,0.06,840.89,cash,CUST_9670,VIP
TXN_202503_013253,2025-03-07,REG_06,STORE_018,EMP_006,PROD_021,5,432.89,0.05,2056.23,card,CUST_4670,Regular
TXN_202503_013254,2025-03-09,REG_02,STORE_005,EMP_002,PROD_042,1,461.66,0.21,364.71,mobile,CUST_6959,Premium
TXN_202503_013255,2025-03-31,REG_05,STORE_014,EMP_005,PROD_027,3,401.06,0.26,890.35,card,CUST_3916,Regular
TXN_202503_013256,2025-03-19,REG_05,STORE_015,EMP_021,PROD_010,4,194.53,0.15,661.4,credit,CUST_4014,VIP
TXN_202503_013257,2025-03-31,REG_03,STORE_009,EMP_014,PROD_049,3,396.69,0.14,1023.46,card,CUST_2586,Premium
TXN_202503_013258,2025-03-31,REG_06,STORE_016,EMP_006,PROD_007,4,172.62,0.05,655.96,cash,CUST_8070,Premium
TXN_202503_013259,2025-03-17,REG_01,STORE_002,EMP_011,PROD_017,5,484.26,0.27,1767.55,card,CUST_1928,New
TXN_202503_013260,2025-03-24,REG_02,STORE_006,EMP_002,PROD_012,2,375.13,0.29,532.68,mobile,CUST_7084,New
TXN_202503_013261,2025-03-27,REG_05,STORE_013,EMP_005,PROD_023,5,389.45,0.1,1752.53,credit,CUST_2282,VIP
TXN_202503_013262,2025-03-26,REG_01,STORE_001,EMP_011,PROD_043,4,373.7,0.19,1210.79,card,CUST_7864,Premium
TXN_202503_013263,2025-03-17,REG_08,STORE_023,EMP_023,PROD_018,4,400.06,0.05,1520.23,card,CUST_4301,Premium
TXN_202503_013264,2025-03-12,REG_10,STORE_030,EMP_028,PROD_020,2,421.67,0.19,683.11,mobile,CUST_1993,VIP
TXN_202503_013265,2025-03-23,REG_03,STORE_008,EMP_014,PROD_016,3,196.65,0.28,424.76,card,CUST_5025,New
TXN_202503_013266,2025-03-30,REG_08,STORE_022,EMP_023,PROD_031,3,101.82,0.05,290.19,credit,CUST_6297,VIP
TXN_202503_013267,2025-03-23,REG_05,STORE_014,EMP_005,PROD_028,5,260.86,0.2,1043.44,card,CUST_4923,New
TXN_202503_013268,2025-03-21,REG_06,STORE_018,EMP_006,PROD_035,2,402.08,0.07,747.87,card,CUST_8767,New
TXN_202503_013269,2025-03-09,REG_06,STORE_018,EMP_006,PROD_023,5,374.78,0.2,1499.12,cash,CUST_4824,Premium
TXN_202503_013270,2025-03-26,REG_05,STORE_014,EMP_021,PROD_008,5,50.46,0.12,222.02,cash,CUST_4253,Premium
TXN_202503_013271,2025-03-01,REG_01,STORE_002,EMP_018,PROD_005,2,87.82,0.04,168.61,credit,CUST_5726,Premium
TXN_202503_013272,2025-03-13,REG_07,STORE_019,EMP_007,PROD_049,5,361.76,0.03,1754.54,mobile,CUST_8310,Regular
TXN_202503_013273,2025-03-26,REG_07,STORE_019,EMP_007,PROD_010,5,205.0,0.27,748.25,mobile,CUST_5714,Premium
TXN_202503_013274,2025-03-08,REG_09,STORE_025,EMP_025,PROD_039,1,161.03,0.29,114.33,cash,CUST_6140,New
TXN_202503_013275,2025-03-14,REG_06,STORE_016,EMP_006,PROD_019,5,346.87,0.16,1456.85,mobile,CUST_9524,Premium
TXN_202503_013276,2025-03-05,REG_05,STORE_015,EMP_005,PROD_019,5,149.33,0.15,634.65,cash,CUST_5235,New
TXN_202503_013277,2025-03-02,REG_06,STORE_017,EMP_006,PROD_021,2,90.12,0.03,174.83,cash,CUST_7720,Regular
TXN_202503_013278,2025-03-27,REG_01,STORE_001,EMP_018,PROD_002,2,356.0,0.2,569.6,mobile,CUST_5504,New
TXN_202503_013279,2025-03-08,REG_03,STORE_009,EMP_003,PROD_042,3,381.35,0.12,1006.76,mobile,CUST_2905,New
TXN_202503_013280,2025-03-09,REG_02,STORE_004,EMP_002,PROD_049,5,413.73,0.19,1675.61,credit,CUST_1151,Regular
TXN_202503_013281,2025-03-23,REG_10,STORE_030,EMP_010,PROD_043,5,371.17,0.1,1670.27,credit,CUST_2154,Premium
TXN_202503_013282,2025-03-18,REG_05,STORE_015,EMP_005,PROD_002,3,422.2,0.01,1253.93,credit,CUST_5702,VIP
TXN_202503_013283,2025-03-18,REG_05,STORE_013,EMP_005,PROD_020,5,22.72,0.2,90.88,mobile,CUST_1681,New
TXN_202503_013284,2025-03-19,REG_04,STORE_012,EMP_029,PROD_044,1,247.67,0.25,185.75,credit,CUST_9063,VIP
TXN_202503_013285,2025-03-05,REG_01,STORE_001,EMP_011,PROD_002,1,315.07,0.03,305.62,card,CUST_9314,Premium
TXN_202503_013286,2025-03-17,REG_07,STORE_021,EMP_007,PROD_013,5,164.24,0.18,673.38,mobile,CUST_9755,Regular
TXN_202503_013287,2025-03-20,REG_02,STORE_004,EMP_002,PROD_042,1,179.27,0.21,141.62,cash,CUST_3415,VIP
TXN_202503_013288,2025-03-23,REG_06,STORE_016,EMP_006,PROD_004,4,348.52,0.19,1129.2,card,CUST_9782,VIP
TXN_202503_013289,2025-03-14,REG_06,STORE_018,EMP_006,PROD_028,2,466.85,0.14,802.98,credit,CUST_9679,Premium
TXN_202503_013290,2025-03-22,REG_01,STORE_002,EMP_011,PROD_019,2,157.66,0.08,290.09,card,CUST_6147,New
TXN_202503_013291,2025-03-01,REG_07,STORE_021,EMP_007,PROD_011,1,108.83,0.05,103.39,credit,CUST_3385,Regular
TXN_202503_013292,2025-03-16,REG_04,STORE_010,EMP_024,PROD_031,3,269.41,0.16,678.91,cash,CUST_2351,VIP
TXN_202503_013293,2025-03-18,REG_06,STORE_016,EMP_006,PROD_045,3,152.16,0.08,419.96,cash,CUST_8737,Premium
TXN_202503_013294,2025-03-25,REG_04,STORE_010,EMP_026,PROD_002,5,298.6,0.17,1239.19,cash,CUST_7502,New
TXN_202503_013295,2025-03-22,REG_07,STORE_020,EMP_007,PROD_043,3,295.49,0.21,700.31,cash,CUST_7575,New
TXN_202503_013296,2025-03-14,REG_02,STORE_005,EMP_002,PROD_028,5,171.52,0.21,677.5,cash,CUST_9044,VIP
TXN_202503_013297,2025-03-28,REG_09,STORE_026,EMP_009,PROD_019,5,421.17,0.21,1663.62,credit,CUST_2120,New
TXN_202503_013298,2025-03-06,REG_09,STORE_025,EMP_009,PROD_011,3,15.23,0.0,45.69,card,CUST_7232,VIP
TXN_202503_013299,2025-03-11,REG_10,STORE_028,EMP_010,PROD_008,3,206.57,0.0,619.71,credit,CUST_6440,Premium
TXN_202503_013300,2025-03-09,REG_07,STORE_020,EMP_007,PROD_031,5,311.66,0.25,1168.73,credit,CUST_7599,Premium
TXN_202503_013301,2025-03-19,REG_08,STORE_022,EMP_023,PROD_016,1,274.8,0.1,247.32,card,CUST_2684,VIP
TXN_202503_013302,2025-03-31,REG_09,STORE_027,EMP_027,PROD_035,3,387.8,0.26,860.92,cash,CUST_3706,Regular
TXN_202503_013303,2025-03-10,REG_06,STORE_017,EMP_006,PROD_003,3,348.11,0.22,814.58,cash,CUST_1986,Premium
TXN_202503_013304,2025-03-06,REG_06,STORE_017,EMP_006,PROD_042,2,34.01,0.28,48.97,cash,CUST_7982,Premium
TXN_202503_013305,2025-03-24,REG_04,STORE_010,EMP_029,PROD_027,3,446.46,0.12,1178.65,cash,CUST_9090,Premium
TXN_202503_013306,2025-03-09,REG_09,STORE_027,EMP_025,PROD_049,5,110.85,0.13,482.2,credit,CUST_9758,New
TXN_202503_013307,2025-03-17,REG_06,STORE_018,EMP_006,PROD_018,3,401.56,0.09,1096.26,card,CUST_8760,VIP
TXN_202503_013308,2025-03-17,REG_07,STORE_019,EMP_007,PROD_009,1,65.55,0.18,53.75,card,CUST_8513,VIP
TXN_202503_013309,2025-03-09,REG_08,STORE_023,EMP_015,PROD_004,2,399.94,0.07,743.89,cash,CUST_6722,New
TXN_202503_013310,2025-03-12,REG_06,STORE_017,EMP_006,PROD_044,2,353.26,0.06,664.13,mobile,CUST_7889,VIP
TXN_202503_013311,2025-03-16,REG_03,STORE_007,EMP_014,PROD_046,1,474.12,0.17,393.52,mobile,CUST_7775,Regular
TXN_202503_013312,2025-03-27,REG_06,STORE_016,EMP_006,PROD_001,3,275.69,0.09,752.63,mobile,CUST_5128,VIP
TXN_202503_013313,2025-03-05,REG_04,STORE_012,EMP_016,PROD_030,4,406.28,0.02,1592.62,credit,CUST_3863,Regular
TXN_202503_013314,2025-03-31,REG_08,STORE_022,EMP_012,PROD_022,1,394.78,0.02,386.88,cash,CUST_4674,VIP
TXN_202503_013315,2025-03-09,REG_02,STORE_004,EMP_002,PROD_042,5,80.34,0.15,341.45,card,CUST_8820,New
TXN_202503_013316,2025-03-10,REG_05,STORE_015,EMP_005,PROD_023,4,44.31,0.08,163.06,cash,CUST_9504,New
TXN_202503_013317,2025-03-29,REG_02,STORE_004,EMP_002,PROD_041,4,436.07,0.02,1709.39,card,CUST_5735,VIP
TXN_202503_013318,2025-03-20,REG_06,STORE_017,EMP_006,PROD_042,2,450.92,0.01,892.82,credit,CUST_2956,Premium
TXN_202503_013319,2025-03-21,REG_06,STORE_016,EMP_006,PROD_013,3,13.14,0.15,33.51,card,CUST_9201,Premium
TXN_202503_013320,2025-03-06,REG_07,STORE_021,EMP_007,PROD_006,5,320.58,0.23,1234.23,cash,CUST_7688,New
TXN_202503_013321,2025-03-27,REG_04,STORE_010,EMP_024,PROD_007,3,96.35,0.29,205.23,mobile,CUST_5433,VIP
TXN_202503_013322,2025-03-13,REG_01,STORE_002,EMP_011,PROD_044,3,309.66,0.08,854.66,mobile,CUST_6177,New
TXN_202503_013323,2025-03-13,REG_09,STORE_027,EMP_027,PROD_020,3,299.37,0.15,763.39,cash,CUST_8233,VIP
TXN_202503_013324,2025-03-25,REG_05,STORE_015,EMP_021,PROD_009,5,51.93,0.18,212.91,mobile,CUST_3600,Regular
TXN_202503_013325,2025-03-21,REG_04,STORE_012,EMP_026,PROD_002,3,76.78,0.17,191.18,card,CUST_7424,Regular
TXN_202503_013326,2025-03-02,REG_07,STORE_020,EMP_007,PROD_041,3,87.92,0.12,232.11,credit,CUST_1163,Premium
TXN_202503_013327,2025-03-16,REG_01,STORE_001,EMP_019,PROD_021,5,498.12,0.17,2067.2,card,CUST_1429,New
TXN_202503_013328,2025-03-15,REG_05,STORE_013,EMP_021,PROD_036,5,261.63,0.16,1098.85,credit,CUST_2789,Premium
TXN_202503_013329,2025-03-29,REG_08,STORE_024,EMP_023,PROD_037,4,292.5,0.04,1123.2,mobile,CUST_8510,Regular
TXN_202503_013330,2025-03-26,REG_04,STORE_011,EMP_004,PROD_027,5,433.27,0.02,2123.02,card,CUST_1032,New
TXN_202503_013331,2025-03-27,REG_05,STORE_014,EMP_005,PROD_025,4,72.02,0.22,224.7,cash,CUST_4365,Regular
TXN_202503_013332,2025-03-25,REG_04,STORE_010,EMP_004,PROD_021,4,390.7,0.1,1406.52,cash,CUST_5967,Premium
TXN_202503_013333,2025-03-26,REG_05,STORE_013,EMP_005,PROD_023,4,188.37,0.25,565.11,card,CUST_8205,Regular
TXN_202503_013334,2025-03-25,REG_04,STORE_010,EMP_029,PROD_011,2,414.37,0.0,828.74,mobile,CUST_8597,New
TXN_202503_013335,2025-03-28,REG_07,STORE_019,EMP_007,PROD_034,2,34.97,0.09,63.65,cash,CUST_6301,VIP
TXN_202503_013336,2025-03-15,REG_04,STORE_011,EMP_016,PROD_045,2,259.56,0.07,482.78,credit,CUST_6153,Premium
TXN_202503_013337,2025-03-11,REG_05,STORE_014,EMP_021,PROD_023,4,297.56,0.16,999.8,card,CUST_5154,New
TXN_202503_013338,2025-03-15,REG_05,STORE_014,EMP_005,PROD_049,5,414.46,0.27,1512.78,mobile,CUST_8531,New
TXN_202503_013339,2025-03-04,REG_07,STORE_020,EMP_007,PROD_029,3,143.28,0.13,373.96,cash,CUST_3952,Premium
TXN_202503_013340,2025-03-28,REG_03,STORE_008,EMP_014,PROD_041,4,45.21,0.09,164.56,mobile,CUST_8410,Premium
TXN_202503_013341,2025-03-19,REG_02,STORE_006,EMP_002,PROD_003,3,451.8,0.18,1111.43,credit,CUST_7568,VIP
TXN_202503_013342,2025-03-10,REG_08,STORE_024,EMP_015,PROD_046,1,491.34,0.12,432.38,mobile,CUST_2767,New
TXN_202503_013343,2025-03-16,REG_05,STORE_014,EMP_021,PROD_019,2,257.93,0.06,484.91,mobile,CUST_1023,Regular
TXN_202503_013344,2025-03-23,REG_09,STORE_025,EMP_025,PROD_025,4,145.37,0.22,453.55,credit,CUST_5276,VIP
TXN_202503_013345,2025-03-23,REG_05,STORE_013,EMP_005,PROD_014,5,403.59,0.26,1493.28,credit,CUST_3286,Premium
TXN_202503_013346,2025-03-19,REG_07,STORE_019,EMP_007,PROD_007,3,452.02,0.21,1071.29,credit,CUST_4539,VIP
TXN_202503_013347,2025-03-26,REG_05,STORE_013,EMP_021,PROD_019,4,252.86,0.15,859.72,mobile,CUST_4050,VIP
TXN_202503_013348,2025-03-04,REG_10,STORE_029,EMP_028,PROD_044,4,496.81,0.12,1748.77,cash,CUST_4047,New
TXN_202503_013349,2025-03-28,REG_07,STORE_019,EMP_007,PROD_016,2,317.29,0.19,514.01,cash,CUST_3767,VIP
TXN_202503_013350,2025-03-16,REG_09,STORE_026,EMP_022,PROD_050,2,15.39,0.0,30.78,card,CUST_8031,VIP
TXN_202503_013351,2025-03-19,REG_06,STORE_016,EMP_006,PROD_038,2,106.21,0.03,206.05,card,CUST_4381,VIP
TXN_202503_013352,2025-03-31,REG_04,STORE_010,EMP_029,PROD_012,1,303.22,0.28,218.32,mobile,CUST_5338,VIP
TXN_202503_013353,2025-03-12,REG_06,STORE_017,EMP_006,PROD_020,5,107.79,0.1,485.06,card,CUST_7823,VIP
TXN_202503_013354,2025-03-31,REG_01,STORE_002,EMP_001,PROD_023,3,290.78,0.2,697.87,card,CUST_9358,Regular
TXN_202503_013355,2025-03-29,REG_08,STORE_022,EMP_015,PROD_021,3,227.32,0.16,572.85,cash,CUST_6209,VIP
TXN_202503_013356,2025-03-15,REG_06,STORE_017,EMP_006,PROD_004,4,206.85,0.01,819.13,cash,CUST_6866,New
TXN_202503_013357,2025-03-26,REG_10,STORE_030,EMP_013,PROD_047,2,87.53,0.01,173.31,mobile,CUST_7056,Premium
TXN_202503_013358,2025-03-24,REG_06,STORE_017,EMP_006,PROD_049,2,102.36,0.05,194.48,cash,CUST_6534,VIP
TXN_202503_013359,2025-03-20,REG_10,STORE_029,EMP_017,PROD_015,2,225.39,0.22,351.61,cash,CUST_4787,VIP
TXN_202503_013360,2025-03-28,REG_09,STORE_026,EMP_025,PROD_027,3,362.67,0.2,870.41,card,CUST_6770,Regular
TXN_202503_013361,2025-03-24,REG_06,STORE_016,EMP_006,PROD_023,2,23.61,0.18,38.72,mobile,CUST_6625,Premium
TXN_202503_013362,2025-03-13,REG_01,STORE_003,EMP_019,PROD_003,1,291.49,0.04,279.83,cash,CUST_5026,VIP
TXN_202503_013363,2025-03-02,REG_03,STORE_008,EMP_014,PROD_044,5,435.99,0.25,1634.96,mobile,CUST_1956,VIP
TXN_202503_013364,2025-03-23,REG_10,STORE_030,EMP_028,PROD_012,2,159.45,0.02,312.52,cash,CUST_4180,New
TXN_202503_013365,2025-03-20,REG_09,STORE_025,EMP_022,PROD_038,5,173.22,0.02,848.78,credit,CUST_5016,VIP
TXN_202503_013366,2025-03-24,REG_05,STORE_013,EMP_021,PROD_027,1,242.11,0.1,217.9,mobile,CUST_6308,New
TXN_202503_013367,2025-03-27,REG_06,STORE_018,EMP_006,PROD_009,3,314.75,0.07,878.15,cash,CUST_9435,New
TXN_202503_013368,2025-03-28,REG_08,STORE_024,EMP_008,PROD_015,5,400.77,0.14,1723.31,cash,CUST_5903,Regular
TXN_202503_013369,2025-03-22,REG_01,STORE_003,EMP_001,PROD_024,1,494.53,0.26,365.95,mobile,CUST_2059,Regular
TXN_202503_013370,2025-03-02,REG_03,STORE_009,EMP_003,PROD_019,2,267.06,0.18,437.98,credit,CUST_4326,Regular
TXN_202503_013371,2025-03-10,REG_06,STORE_017,EMP_006,PROD_038,5,450.94,0.17,1871.4,credit,CUST_2281,VIP
TXN_202503_013372,2025-03-26,REG_01,STORE_002,EMP_018,PROD_041,2,265.37,0.2,424.59,credit,CUST_6716,Regular
TXN_202503_013373,2025-03-09,REG_06,STORE_017,EMP_006,PROD_011,3,93.82,0.28,202.65,mobile,CUST_9273,Regular
TXN_202503_013374,2025-03-19,REG_02,STORE_004,EMP_002,PROD_017,3,395.29,0.16,996.13,card,CUST_6329,Regular
TXN_202503_013375,2025-03-27,REG_06,STORE_016,EMP_006,PROD_008,1,495.06,0.22,386.15,card,CUST_6783,Premium
TXN_202503_013376,2025-03-23,REG_06,STORE_017,EMP_006,PROD_023,4,149.56,0.03,580.29,card,CUST_4248,New
TXN_202503_013377,2025-03-18,REG_04,STORE_012,EMP_024,PROD_004,4,462.2,0.04,1774.85,card,CUST_3753,New
TXN_202503_013378,2025-03-25,REG_09,STORE_025,EMP_022,PROD_035,3,250.89,0.07,699.98,cash,CUST_4487,Premium
TXN_202503_013379,2025-03-17,REG_09,STORE_026,EMP_025,PROD_033,3,235.94,0.09,644.12,mobile,CUST_3738,VIP
TXN_202503_013380,2025-03-20,REG_05,STORE_013,EMP_005,PROD_004,5,259.11,0.26,958.71,credit,CUST_5851,New
TXN_202503_013381,2025-03-05,REG_06,STORE_016,EMP_006,PROD_043,3,137.12,0.12,362.0,mobile,CUST_4536,VIP
TXN_202503_013382,2025-03-05,REG_02,STORE_004,EMP_002,PROD_029,5,206.74,0.11,919.99,credit,CUST_3745,VIP
TXN_202503_013383,2025-03-12,REG_03,STORE_007,EMP_014,PROD_031,1,468.68,0.13,407.75,credit,CUST_8268,Premium
TXN_202503_013384,2025-03-13,REG_07,STORE_019,EMP_007,PROD_005,3,446.1,0.2,1070.64,card,CUST_9183,New
TXN_202503_013385,2025-03-25,REG_06,STORE_017,EMP_006,PROD_026,3,111.87,0.07,312.12,cash,CUST_2568,VIP
TXN_202503_013386,2025-03-09,REG_03,STORE_008,EMP_014,PROD_001,5,244.77,0.18,1003.56,card,CUST_3549,New
TXN_202503_013387,2025-03-30,REG_06,STORE_018,EMP_006,PROD_030,4,18.54,0.18,60.81,credit,CUST_5735,Regular
TXN_202503_013388,2025-03-11,REG_05,STORE_014,EMP_005,PROD_026,4,244.76,0.19,793.02,credit,CUST_9612,New
TXN_202503_013389,2025-03-15,REG_07,STORE_020,EMP_007,PROD_014,2,42.97,0.11,76.49,cash,CUST_2207,Regular
TXN_202503_013390,2025-03-04,REG_03,STORE_007,EMP_014,PROD_034,2,377.85,0.09,687.69,credit,CUST_8144,VIP
TXN_202503_013391,2025-03-10,REG_08,STORE_022,EMP_012,PROD_001,5,496.56,0.08,2284.18,mobile,CUST_9179,VIP
TXN_202503_013392,2025-03-28,REG_10,STORE_030,EMP_017,PROD_026,3,444.7,0.09,1214.03,credit,CUST_4482,New
TXN_202503_013393,2025-03-12,REG_05,STORE_013,EMP_005,PROD_039,3,304.6,0.0,913.8,mobile,CUST_8436,Regular
TXN_202503_013394,2025-03-23,REG_10,STORE_030,EMP_028,PROD_048,4,309.84,0.26,917.13,credit,CUST_4915,Regular
TXN_202503_013395,2025-03-04,REG_06,STORE_018,EMP_006,PROD_018,4,210.57,0.13,732.78,cash,CUST_2303,New
TXN_202503_013396,2025-03-23,REG_01,STORE_002,EMP_018,PROD_032,3,443.48,0.19,1077.66,cash,CUST_7350,Regular
TXN_202503_013397,2025-03-15,REG_03,STORE_009,EMP_003,PROD_011,5,49.28,0.21,194.66,card,CUST_2057,VIP
TXN_202503_013398,2025-03-21,REG_01,STORE_002,EMP_018,PROD_030,5,479.93,0.17,1991.71,card,CUST_7559,Regular
TXN_202503_013399,2025-03-02,REG_03,STORE_008,EMP_003,PROD_006,1,466.42,0.11,415.11,credit,CUST_9859,Premium
TXN_202503_013400,2025-03-11,REG_08,STORE_022,EMP_023,PROD_019,4,454.69,0.05,1727.82,credit,CUST_2933,VIP
TXN_202503_013401,2025-03-06,REG_09,STORE_025,EMP_009,PROD_034,1,234.98,0.08,216.18,mobile,CUST_4174,VIP
TXN_202503_013402,2025-03-10,REG_07,STORE_019,EMP_007,PROD_003,4,36.2,0.0,144.8,mobile,CUST_4500,Regular
TXN_202503_013403,2025-03-18,REG_09,STORE_026,EMP_027,PROD_002,5,480.99,0.25,1803.71,cash,CUST_8069,Premium
TXN_202503_013404,2025-03-12,REG_08,STORE_024,EMP_008,PROD_033,5,393.78,0.12,1732.63,cash,CUST_3109,VIP
TXN_202503_013405,2025-03-19,REG_05,STORE_014,EMP_021,PROD_009,1,193.56,0.1,174.2,mobile,CUST_8580,New
TXN_202503_013406,2025-03-11,REG_06,STORE_017,EMP_006,PROD_008,1,423.27,0.3,296.29,mobile,CUST_3004,Regular
TXN_202503_013407,2025-03-11,REG_10,STORE_029,EMP_017,PROD_001,1,495.58,0.06,465.85,mobile,CUST_8364,New
TXN_202503_013408,2025-03-09,REG_07,STORE_019,EMP_007,PROD_007,1,387.19,0.28,278.78,credit,CUST_7941,VIP
TXN_202503_013409,2025-03-30,REG_05,STORE_013,EMP_005,PROD_007,3,431.33,0.07,1203.41,card,CUST_1591,Premium
TXN_202503_013410,2025-03-29,REG_10,STORE_028,EMP_028,PROD_021,4,240.36,0.29,682.62,cash,CUST_3325,Premium
TXN_202503_013411,2025-03-27,REG_02,STORE_005,EMP_002,PROD_010,2,186.93,0.18,306.57,card,CUST_5642,VIP
TXN_202503_013412,2025-03-30,REG_05,STORE_013,EMP_021,PROD_049,3,25.81,0.26,57.3,cash,CUST_5772,VIP
TXN_202503_013413,2025-03-29,REG_05,STORE_013,EMP_021,PROD_041,5,258.25,0.08,1187.95,credit,CUST_7086,New
TXN_202503_013414,2025-03-18,REG_01,STORE_003,EMP_011,PROD_013,1,436.2,0.1,392.58,card,CUST_8091,Premium
TXN_202503_013415,2025-03-01,REG_06,STORE_016,EMP_006,PROD_029,2,173.84,0.08,319.87,cash,CUST_3937,VIP
TXN_202503_013416,2025-03-14,REG_02,STORE_004,EMP_002,PROD_026,3,115.07,0.27,252.0,mobile,CUST_3860,Premium
TXN_202503_013417,2025-03-01,REG_05,STORE_014,EMP_005,PROD_037,4,59.24,0.07,220.37,credit,CUST_1874,Regular
TXN_202503_013418,2025-03-27,REG_09,STORE_026,EMP_027,PROD_036,5,328.17,0.21,1296.27,credit,CUST_7921,Premium
TXN_202503_013419,2025-03-31,REG_01,STORE_003,EMP_011,PROD_035,3,154.51,0.24,352.28,cash,CUST_4502,Regular
TXN_202503_013420,2025-03-04,REG_08,STORE_024,EMP_012,PROD_022,2,408.51,0.21,645.45,cash,CUST_2422,Regular
TXN_202503_013421,2025-03-06,REG_04,STORE_010,EMP_029,PROD_030,2,194.78,0.06,366.19,mobile,CUST_4030,Regular
TXN_202503_013422,2025-03-06,REG_05,STORE_015,EMP_021,PROD_005,4,493.08,0.19,1597.58,mobile,CUST_6646,Regular
TXN_202503_013423,2025-03-21,REG_02,STORE_006,EMP_002,PROD_026,5,143.37,0.11,638.0,card,CUST_1940,VIP
TXN_202503_013424,2025-03-27,REG_09,STORE_025,EMP_009,PROD_013,5,300.48,0.3,1051.68,cash,CUST_6791,VIP
TXN_202503_013425,2025-03-02,REG_03,STORE_007,EMP_014,PROD_006,3,231.91,0.29,493.97,card,CUST_4776,New
TXN_202503_013426,2025-03-08,REG_04,STORE_011,EMP_026,PROD_032,2,23.76,0.26,35.16,cash,CUST_1513,Premium
TXN_202503_013427,2025-03-15,REG_10,STORE_028,EMP_017,PROD_016,5,199.38,0.12,877.27,cash,CUST_1274,New
TXN_202503_013428,2025-03-15,REG_02,STORE_005,EMP_002,PROD_048,2,221.11,0.07,411.26,credit,CUST_9978,New
TXN_202503_013429,2025-03-12,REG_01,STORE_002,EMP_001,PROD_020,4,29.27,0.29,83.13,card,CUST_4729,Regular
TXN_202503_013430,2025-03-20,REG_05,STORE_013,EMP_005,PROD_030,4,237.6,0.21,750.82,cash,CUST_7329,VIP
TXN_202503_013431,2025-03-24,REG_06,STORE_017,EMP_006,PROD_035,1,429.78,0.09,391.1,credit,CUST_3989,Premium
TXN_202503_013432,2025-03-06,REG_06,STORE_017,EMP_006,PROD_002,4,388.13,0.11,1381.74,credit,CUST_1696,Premium
TXN_202503_013433,2025-03-26,REG_02,STORE_006,EMP_002,PROD_007,5,377.95,0.16,1587.39,credit,CUST_3850,Regular
TXN_202503_013434,2025-03-07,REG_10,STORE_028,EMP_017,PROD_029,5,459.62,0.15,1953.38,mobile,CUST_8561,New
TXN_202503_013435,2025-03-18,REG_03,STORE_008,EMP_014,PROD_048,3,403.6,0.19,980.75,mobile,CUST_8315,Premium
TXN_202503_013436,2025-03-06,REG_10,STORE_028,EMP_028,PROD_020,3,167.89,0.06,473.45,mobile,CUST_9074,Regular
TXN_202503_013437,2025-03-02,REG_04,STORE_012,EMP_029,PROD_041,3,201.37,0.02,592.03,cash,CUST_8498,New
TXN_202503_013438,2025-03-23,REG_03,STORE_009,EMP_014,PROD_004,4,495.92,0.09,1805.15,cash,CUST_8999,Premium
TXN_202503_013439,2025-03-01,REG_09,STORE_026,EMP_022,PROD_024,3,104.3,0.1,281.61,credit,CUST_3170,New
TXN_202503_013440,2025-03-05,REG_07,STORE_019,EMP_007,PROD_044,3,485.65,0.03,1413.24,cash,CUST_8833,Regular
TXN_202503_013441,2025-03-27,REG_01,STORE_003,EMP_019,PROD_035,4,387.52,0.13,1348.57,mobile,CUST_1824,Regular
TXN_202503_013442,2025-03-11,REG_05,STORE_014,EMP_021,PROD_007,5,471.0,0.19,1907.55,cash,CUST_7985,Regular
TXN_202503_013443,2025-03-16,REG_05,STORE_013,EMP_005,PROD_001,5,169.63,0.14,729.41,card,CUST_6804,New
TXN_202503_013444,2025-03-17,REG_09,STORE_027,EMP_009,PROD_048,5,324.83,0.28,1169.39,credit,CUST_8783,VIP
TXN_202503_013445,2025-03-27,REG_06,STORE_018,EMP_006,PROD_018,1,231.85,0.13,201.71,credit,CUST_1863,New
TXN_202503_013446,2025-03-03,REG_07,STORE_021,EMP_007,PROD_030,4,456.08,0.17,1514.19,card,CUST_1373,Premium
TXN_202503_013447,2025-03-16,REG_03,STORE_007,EMP_003,PROD_040,3,211.17,0.02,620.84,card,CUST_6834,Premium
TXN_202503_013448,2025-03-27,REG_01,STORE_002,EMP_018,PROD_034,1,216.8,0.07,201.62,mobile,CUST_2910,New
TXN_202503_013449,2025-03-07,REG_03,STORE_009,EMP_014,PROD_032,5,67.68,0.04,324.86,mobile,CUST_1097,VIP
TXN_202503_013450,2025-03-19,REG_10,STORE_030,EMP_028,PROD_037,5,158.66,0.06,745.7,credit,CUST_7001,VIP
TXN_202503_013451,2025-03-29,REG_02,STORE_005,EMP_002,PROD_017,1,388.04,0.13,337.59,mobile,CUST_8720,VIP
TXN_202503_013452,2025-03-04,REG_06,STORE_016,EMP_006,PROD_048,4,405.15,0.07,1507.16,mobile,CUST_5279,New
TXN_202503_013453,2025-03-31,REG_08,STORE_024,EMP_023,PROD_005,4,63.31,0.1,227.92,credit,CUST_5703,New
TXN_202503_013454,2025-03-09,REG_09,STORE_025,EMP_027,PROD_048,3,206.47,0.02,607.02,credit,CUST_6434,Regular
TXN_202503_013455,2025-03-14,REG_06,STORE_016,EMP_006,PROD_027,1,27.11,0.22,21.15,card,CUST_5702,Premium
TXN_202503_013456,2025-03-18,REG_04,STORE_012,EMP_030,PROD_017,1,427.94,0.08,393.7,cash,CUST_7123,Regular
TXN_202503_013457,2025-03-27,REG_05,STORE_013,EMP_005,PROD_047,1,62.03,0.15,52.73,cash,CUST_5249,New
TXN_202503_013458,2025-03-28,REG_09,STORE_027,EMP_022,PROD_034,2,190.64,0.24,289.77,cash,CUST_5279,Premium
TXN_202503_013459,2025-03-27,REG_08,STORE_024,EMP_015,PROD_047,4,13.55,0.02,53.12,cash,CUST_8193,New
TXN_202503_013460,2025-03-24,REG_05,STORE_014,EMP_021,PROD_023,5,289.39,0.23,1114.15,mobile,CUST_9830,Regular
TXN_202503_013461,2025-03-18,REG_09,STORE_025,EMP_009,PROD_028,2,247.57,0.16,415.92,credit,CUST_9679,Premium
