transaction_id,date,region,store_id,employee_id,product_id,units,unit_price,discount,revenue,payment,customer_id,customer_segment
TXN_202410_010481,2024-10-18,REG_05,STORE_013,EMP_021,PROD_037,2,167.56,0.05,318.36,mobile,CUST_4980,Regular
TXN_202410_010482,2024-10-11,REG_04,STORE_011,EMP_024,PROD_029,4,307.54,0.19,996.43,mobile,CUST_7781,Premium
TXN_202410_010483,2024-10-21,REG_09,STORE_027,EMP_022,PROD_017,3,425.94,0.21,1009.48,cash,CUST_7211,Premium
TXN_202410_010484,2024-10-08,REG_06,STORE_016,EMP_006,PROD_044,4,18.2,0.27,53.14,credit,CUST_5258,Regular
TXN_202410_010485,2024-10-17,REG_10,STORE_030,EMP_017,PROD_001,1,374.51,0.17,310.84,credit,CUST_6514,VIP
TXN_202410_010486,2024-10-09,REG_10,STORE_029,EMP_020,PROD_039,2,328.08,0.2,524.93,cash,CUST_3425,VIP
TXN_202410_010487,2024-10-01,REG_07,STORE_019,EMP_007,PROD_025,4,177.47,0.01,702.78,cash,CUST_8052,VIP
TXN_202410_010488,2024-10-27,REG_06,STORE_017,EMP_006,PROD_039,4,374.08,0.3,1047.42,credit,CUST_4460,New
TXN_202410_010489,2024-10-10,REG_07,STORE_019,EMP_007,PROD_019,4,205.05,0.24,623.35,credit,CUST_2291,Premium
TXN_202410_010490,2024-10-07,REG_08,STORE_024,EMP_015,PROD_033,3,148.56,0.27,325.35,card,CUST_7631,New
TXN_202410_010491,2024-10-30,REG_08,STORE_023,EMP_015,PROD_007,2,37.7,0.15,64.09,credit,CUST_7565,Regular
TXN_202410_010492,2024-10-14,REG_02,STORE_006,EMP_002,PROD_018,2,187.82,0.17,311.78,credit,CUST_2244,New
TXN_202410_010493,2024-10-28,REG_08,STORE_022,EMP_015,PROD_025,1,158.74,0.04,152.39,credit,CUST_4608,Regular
TXN_202410_010494,2024-10-05,REG_10,STORE_030,EMP_013,PROD_025,2,201.54,0.12,354.71,mobile,CUST_9637,New
TXN_202410_010495,2024-10-05,REG_07,STORE_019,EMP_007,PROD_014,5,458.63,0.25,1719.86,card,CUST_4392,Premium
TXN_202410_010496,2024-10-14,REG_09,STORE_025,EMP_009,PROD_022,4,151.84,0.01,601.29,credit,CUST_6739,VIP
TXN_202410_010497,2024-10-28,REG_01,STORE_001,EMP_019,PROD_035,3,202.18,0.22,473.1,cash,CUST_6026,Regular
TXN_202410_010498,2024-10-10,REG_09,STORE_025,EMP_009,PROD_043,5,364.74,0.17,1513.67,cash,CUST_8300,VIP
TXN_202410_010499,2024-10-15,REG_09,STORE_026,EMP_022,PROD_016,3,286.19,0.05,815.64,cash,CUST_4396,Regular
TXN_202410_010500,2024-10-31,REG_01,STORE_001,EMP_018,PROD_005,4,282.42,0.03,1095.79,cash,CUST_5086,VIP
TXN_202410_010501,2024-10-21,REG_01,STORE_001,EMP_011,PROD_043,1,46.1,0.15,39.19,card,CUST_3288,New
TXN_202410_010502,2024-10-05,REG_03,STORE_008,EMP_003,PROD_010,4,87.48,0.01,346.42,card,CUST_4271,New
TXN_202410_010503,2024-10-06,REG_02,STORE_005,EMP_002,PROD_008,1,105.78,0.27,77.22,credit,CUST_1782,Premium
TXN_202410_010504,2024-10-01,REG_02,STORE_005,EMP_002,PROD_039,5,297.4,0.14,1278.82,cash,CUST_2713,VIP
TXN_202410_010505,2024-10-15,REG_01,STORE_001,EMP_018,PROD_024,5,59.38,0.03,287.99,mobile,CUST_4682,VIP
TXN_202410_010506,2024-10-22,REG_10,STORE_029,EMP_028,PROD_027,5,310.21,0.07,1442.48,card,CUST_1102,Regular
TXN_202410_010507,2024-10-27,REG_10,STORE_030,EMP_028,PROD_033,3,167.2,0.15,426.36,card,CUST_5965,VIP
TXN_202410_010508,2024-10-29,REG_04,STORE_012,EMP_004,PROD_018,2,245.05,0.22,382.28,cash,CUST_1521,VIP
TXN_202410_010509,2024-10-28,REG_02,STORE_006,EMP_002,PROD_020,2,197.54,0.09,359.52,mobile,CUST_3963,New
TXN_202410_010510,2024-10-31,REG_08,STORE_024,EMP_012,PROD_042,4,355.94,0.05,1352.57,card,CUST_5647,Regular
TXN_202410_010511,2024-10-12,REG_10,STORE_030,EMP_017,PROD_029,2,258.35,0.23,397.86,credit,CUST_1010,Premium
TXN_202410_010512,2024-10-07,REG_04,STORE_012,EMP_016,PROD_049,4,226.17,0.2,723.74,credit,CUST_2020,Premium
TXN_202410_010513,2024-10-20,REG_08,STORE_022,EMP_023,PROD_007,3,173.28,0.27,379.48,card,CUST_5574,New
TXN_202410_010514,2024-10-29,REG_01,STORE_001,EMP_011,PROD_028,3,349.85,0.02,1028.56,mobile,CUST_9172,New
TXN_202410_010515,2024-10-31,REG_04,STORE_011,EMP_004,PROD_046,1,80.25,0.02,78.64,credit,CUST_3176,Premium
TXN_202410_010516,2024-10-18,REG_05,STORE_013,EMP_021,PROD_049,5,333.92,0.13,1452.55,cash,CUST_8595,VIP
TXN_202410_010517,2024-10-26,REG_02,STORE_004,EMP_002,PROD_024,4,50.48,0.1,181.73,mobile,CUST_6206,Regular
TXN_202410_010518,2024-10-31,REG_10,STORE_030,EMP_013,PROD_029,3,172.45,0.13,450.09,credit,CUST_8823,New
TXN_202410_010519,2024-10-13,REG_09,STORE_025,EMP_025,PROD_042,2,261.87,0.28,377.09,card,CUST_9356,Regular
TXN_202410_010520,2024-10-25,REG_08,STORE_022,EMP_012,PROD_039,5,239.25,0.06,1124.47,credit,CUST_2621,New
TXN_202410_010521,2024-10-01,REG_05,STORE_015,EMP_021,PROD_024,3,314.47,0.17,783.03,mobile,CUST_3101,Premium
TXN_202410_010522,2024-10-30,REG_01,STORE_003,EMP_001,PROD_020,1,150.29,0.1,135.26,card,CUST_3182,Regular
TXN_202410_010523,2024-10-31,REG_10,STORE_030,EMP_020,PROD_035,5,314.48,0.14,1352.26,credit,CUST_1519,Regular
TXN_202410_010524,2024-10-22,REG_04,STORE_010,EMP_016,PROD_043,1,262.21,0.22,204.52,cash,CUST_8665,Regular
TXN_202410_010525,2024-10-18,REG_06,STORE_016,EMP_006,PROD_002,4,241.68,0.24,734.71,credit,CUST_6617,New
TXN_202410_010526,2024-10-15,REG_01,STORE_003,EMP_001,PROD_027,5,75.55,0.15,321.09,mobile,CUST_1656,New
TXN_202410_010527,2024-10-15,REG_10,STORE_030,EMP_028,PROD_007,4,182.52,0.22,569.46,card,CUST_9329,Regular
TXN_202410_010528,2024-10-05,REG_02,STORE_004,EMP_002,PROD_033,3,200.0,0.03,582.0,credit,CUST_9362,VIP
TXN_202410_010529,2024-10-17,REG_10,STORE_028,EMP_010,PROD_034,2,333.84,0.12,587.56,cash,CUST_4446,VIP
TXN_202410_010530,2024-10-27,REG_04,STORE_010,EMP_004,PROD_019,3,231.89,0.12,612.19,card,CUST_7558,Regular
TXN_202410_010531,2024-10-17,REG_01,STORE_001,EMP_001,PROD_002,3,119.05,0.02,350.01,credit,CUST_6864,Regular
TXN_202410_010532,2024-10-25,REG_03,STORE_008,EMP_003,PROD_017,1,142.37,0.12,125.29,credit,CUST_1133,VIP
TXN_202410_010533,2024-10-18,REG_07,STORE_019,EMP_007,PROD_023,4,89.99,0.25,269.97,cash,CUST_9235,Premium
TXN_202410_010534,2024-10-20,REG_10,STORE_029,EMP_013,PROD_041,3,286.2,0.05,815.67,credit,CUST_5503,New
TXN_202410_010535,2024-10-07,REG_08,STORE_024,EMP_008,PROD_013,3,269.32,0.29,573.65,mobile,CUST_3290,Regular
TXN_202410_010536,2024-10-19,REG_08,STORE_022,EMP_008,PROD_002,3,137.71,0.01,409.0,cash,CUST_6781,Premium
TXN_202410_010537,2024-10-12,REG_03,STORE_007,EMP_003,PROD_025,4,313.21,0.06,1177.67,card,CUST_8197,New
TXN_202410_010538,2024-10-07,REG_06,STORE_018,EMP_006,PROD_048,4,97.06,0.14,333.89,card,CUST_8489,Premium
TXN_202410_010539,2024-10-31,REG_06,STORE_018,EMP_006,PROD_030,3,302.94,0.13,790.67,cash,CUST_2331,VIP
TXN_202410_010540,2024-10-08,REG_08,STORE_022,EMP_012,PROD_020,5,328.33,0.14,1411.82,cash,CUST_1045,Premium
TXN_202410_010541,2024-10-14,REG_04,STORE_010,EMP_026,PROD_027,4,121.53,0.02,476.4,cash,CUST_2510,Premium
TXN_202410_010542,2024-10-05,REG_04,STORE_012,EMP_016,PROD_034,5,309.9,0.19,1255.1,cash,CUST_9901,Regular
TXN_202410_010543,2024-10-16,REG_08,STORE_023,EMP_008,PROD_050,1,34.22,0.22,26.69,credit,CUST_7922,Regular
TXN_202410_010544,2024-10-28,REG_07,STORE_019,EMP_007,PROD_001,4,370.03,0.22,1154.49,card,CUST_8947,New
TXN_202410_010545,2024-10-05,REG_04,STORE_010,EMP_024,PROD_007,5,217.11,0.17,901.01,credit,CUST_7915,New
TXN_202410_010546,2024-10-17,REG_10,STORE_030,EMP_013,PROD_009,4,95.7,0.1,344.52,card,CUST_8006,VIP
TXN_202410_010547,2024-10-07,REG_07,STORE_019,EMP_007,PROD_038,3,100.55,0.07,280.53,cash,CUST_4748,Premium
TXN_202410_010548,2024-10-03,REG_08,STORE_024,EMP_008,PROD_044,5,279.8,0.3,979.3,card,CUST_8751,Regular
TXN_202410_010549,2024-10-14,REG_01,STORE_002,EMP_011,PROD_018,4,110.52,0.03,428.82,credit,CUST_6714,Regular
TXN_202410_010550,2024-10-09,REG_05,STORE_015,EMP_005,PROD_008,1,367.09,0.19,297.34,credit,CUST_3601,Premium
TXN_202410_010551,2024-10-06,REG_07,STORE_021,EMP_007,PROD_040,5,236.2,0.22,921.18,card,CUST_1532,New
TXN_202410_010552,2024-10-14,REG_01,STORE_003,EMP_011,PROD_046,3,77.12,0.09,210.54,card,CUST_5886,Premium
TXN_202410_010553,2024-10-26,REG_01,STORE_002,EMP_001,PROD_040,4,48.92,0.04,187.85,mobile,CUST_6612,Premium
TXN_202410_010554,2024-10-26,REG_08,STORE_022,EMP_015,PROD_022,2,291.88,0.21,461.17,card,CUST_9679,Premium
TXN_202410_010555,2024-10-29,REG_09,STORE_025,EMP_025,PROD_048,5,299.45,0.26,1107.96,credit,CUST_8538,Premium
TXN_202410_010556,2024-10-26,REG_01,STORE_003,EMP_011,PROD_010,4,323.4,0.12,1138.37,mobile,CUST_1122,New
TXN_202410_010557,2024-10-01,REG_09,STORE_026,EMP_022,PROD_016,5,443.2,0.29,1573.36,credit,CUST_3358,VIP
TXN_202410_010558,2024-10-08,REG_03,STORE_007,EMP_003,PROD_023,5,449.26,0.19,1819.5,card,CUST_1269,VIP
TXN_202410_010559,2024-10-20,REG_02,STORE_006,EMP_002,PROD_009,3,454.13,0.03,1321.52,cash,CUST_5785,Regular
TXN_202410_010560,2024-10-06,REG_07,STORE_021,EMP_007,PROD_015,4,441.16,0.26,1305.83,cash,CUST_3284,Premium
TXN_202410_010561,2024-10-21,REG_10,STORE_029,EMP_028,PROD_034,5,468.22,0.12,2060.17,credit,CUST_7746,Regular
TXN_202410_010562,2024-10-17,REG_04,STORE_012,EMP_024,PROD_037,4,290.83,0.27,849.22,cash,CUST_3811,Regular
TXN_202410_010563,2024-10-02,REG_07,STORE_019,EMP_007,PROD_011,4,464.4,0.1,1671.84,credit,CUST_7259,Premium
TXN_202410_010564,2024-10-08,REG_06,STORE_018,EMP_006,PROD_028,3,469.91,0.18,1155.98,mobile,CUST_9899,Regular
TXN_202410_010565,2024-10-10,REG_08,STORE_023,EMP_008,PROD_042,1,185.11,0.02,181.41,mobile,CUST_6181,VIP
TXN_202410_010566,2024-10-20,REG_06,STORE_018,EMP_006,PROD_018,4,307.0,0.25,921.0,mobile,CUST_7757,VIP
TXN_202410_010567,2024-10-07,REG_09,STORE_025,EMP_027,PROD_005,4,265.03,0.15,901.1,credit,CUST_3396,VIP
TXN_202410_010568,2024-10-21,REG_02,STORE_004,EMP_002,PROD_043,4,287.21,0.29,815.68,mobile,CUST_1509,New
TXN_202410_010569,2024-10-01,REG_03,STORE_007,EMP_003,PROD_027,5,318.48,0.13,1385.39,cash,CUST_2967,New
TXN_202410_010570,2024-10-17,REG_07,STORE_021,EMP_007,PROD_038,2,283.12,0.22,441.67,credit,CUST_1542,VIP
TXN_202410_010571,2024-10-04,REG_03,STORE_007,EMP_003,PROD_044,2,406.08,0.17,674.09,card,CUST_8594,VIP
TXN_202410_010572,2024-10-13,REG_10,STORE_029,EMP_010,PROD_018,4,336.66,0.21,1063.85,cash,CUST_4876,Regular
TXN_202410_010573,2024-10-02,REG_06,STORE_017,EMP_006,PROD_033,1,460.79,0.01,456.18,cash,CUST_4761,Regular
TXN_202410_010574,2024-10-29,REG_08,STORE_023,EMP_012,PROD_004,4,338.96,0.16,1138.91,cash,CUST_6748,New
TXN_202410_010575,2024-10-04,REG_03,STORE_009,EMP_014,PROD_037,2,262.47,0.04,503.94,card,CUST_8320,Premium
TXN_202410_010576,2024-10-04,REG_02,STORE_005,EMP_002,PROD_005,3,184.45,0.1,498.01,credit,CUST_1553,New
TXN_202410_010577,2024-10-29,REG_05,STORE_015,EMP_021,PROD_017,2,212.97,0.05,404.64,card,CUST_5828,New
TXN_202410_010578,2024-10-05,REG_04,STORE_012,EMP_016,PROD_022,1,423.45,0.27,309.12,mobile,CUST_2026,Regular
TXN_202410_010579,2024-10-19,REG_02,STORE_004,EMP_002,PROD_032,1,403.69,0.09,367.36,card,CUST_5392,VIP
TXN_202410_010580,2024-10-14,REG_08,STORE_023,EMP_015,PROD_008,2,97.32,0.18,159.6,mobile,CUST_3665,New
TXN_202410_010581,2024-10-19,REG_09,STORE_027,EMP_022,PROD_010,5,484.02,0.1,2178.09,cash,CUST_1683,New
TXN_202410_010582,2024-10-17,REG_03,STORE_008,EMP_003,PROD_004,4,151.87,0.14,522.43,credit,CUST_7727,Regular
TXN_202410_010583,2024-10-11,REG_01,STORE_001,EMP_001,PROD_036,1,75.44,0.02,73.93,card,CUST_7615,VIP
TXN_202410_010584,2024-10-14,REG_04,STORE_011,EMP_004,PROD_036,4,30.68,0.3,85.9,cash,CUST_9954,New
TXN_202410_010585,2024-10-08,REG_01,STORE_002,EMP_001,PROD_022,4,362.83,0.25,1088.49,credit,CUST_5566,Premium
TXN_202410_010586,2024-10-30,REG_07,STORE_019,EMP_007,PROD_010,3,57.04,0.2,136.9,card,CUST_6486,Premium
TXN_202410_010587,2024-10-26,REG_07,STORE_020,EMP_007,PROD_028,5,342.9,0.07,1594.48,credit,CUST_3804,Premium
TXN_202410_010588,2024-10-18,REG_09,STORE_027,EMP_009,PROD_042,4,140.51,0.19,455.25,mobile,CUST_1197,Regular
TXN_202410_010589,2024-10-09,REG_05,STORE_014,EMP_021,PROD_046,1,277.64,0.0,277.64,cash,CUST_8307,Regular
TXN_202410_010590,2024-10-01,REG_04,STORE_010,EMP_026,PROD_037,3,121.87,0.09,332.71,credit,CUST_7664,New
TXN_202410_010591,2024-10-02,REG_03,STORE_007,EMP_003,PROD_012,5,81.91,0.11,364.5,mobile,CUST_9010,VIP
TXN_202410_010592,2024-10-04,REG_01,STORE_002,EMP_018,PROD_033,4,157.43,0.14,541.56,mobile,CUST_5432,Premium
TXN_202410_010593,2024-10-30,REG_05,STORE_015,EMP_005,PROD_020,3,85.91,0.17,213.92,mobile,CUST_3517,Premium
TXN_202410_010594,2024-10-15,REG_04,STORE_011,EMP_030,PROD_031,5,222.79,0.05,1058.25,credit,CUST_2657,Premium
TXN_202410_010595,2024-10-13,REG_04,STORE_011,EMP_026,PROD_048,1,242.61,0.25,181.96,mobile,CUST_6543,New
TXN_202410_010596,2024-10-11,REG_09,STORE_027,EMP_025,PROD_037,1,134.8,0.22,105.14,mobile,CUST_4119,VIP
TXN_202410_010597,2024-10-09,REG_03,STORE_009,EMP_014,PROD_027,1,119.21,0.26,88.22,cash,CUST_9824,VIP
TXN_202410_010598,2024-10-03,REG_07,STORE_021,EMP_007,PROD_004,2,428.45,0.28,616.97,cash,CUST_4231,New
TXN_202410_010599,2024-10-15,REG_05,STORE_013,EMP_021,PROD_002,4,81.48,0.24,247.7,mobile,CUST_2708,Premium
TXN_202410_010600,2024-10-01,REG_03,STORE_007,EMP_014,PROD_013,2,41.98,0.26,62.13,mobile,CUST_6664,Regular
TXN_202410_010601,2024-10-14,REG_03,STORE_008,EMP_014,PROD_017,4,211.91,0.3,593.35,card,CUST_6669,New
TXN_202410_010602,2024-10-08,REG_05,STORE_015,EMP_005,PROD_041,4,361.78,0.16,1215.58,card,CUST_4332,VIP
TXN_202410_010603,2024-10-08,REG_02,STORE_006,EMP_002,PROD_036,2,74.16,0.16,124.59,card,CUST_3400,Premium
TXN_202410_010604,2024-10-13,REG_08,STORE_022,EMP_015,PROD_002,2,455.72,0.01,902.33,card,CUST_7467,VIP
TXN_202410_010605,2024-10-30,REG_07,STORE_021,EMP_007,PROD_047,4,290.36,0.21,917.54,cash,CUST_3236,New
TXN_202410_010606,2024-10-31,REG_10,STORE_028,EMP_010,PROD_008,1,99.48,0.03,96.5,credit,CUST_6064,Regular
TXN_202410_010607,2024-10-29,REG_01,STORE_003,EMP_001,PROD_026,3,295.21,0.02,867.92,cash,CUST_4782,Premium
TXN_202410_010608,2024-10-04,REG_10,STORE_028,EMP_013,PROD_004,2,379.55,0.19,614.87,credit,CUST_7519,Regular
TXN_202410_010609,2024-10-29,REG_04,STORE_011,EMP_029,PROD_036,2,169.62,0.01,335.85,credit,CUST_9315,New
TXN_202410_010610,2024-10-28,REG_02,STORE_004,EMP_002,PROD_010,4,94.83,0.06,356.56,card,CUST_1692,Regular
TXN_202410_010611,2024-10-07,REG_06,STORE_017,EMP_006,PROD_002,2,353.61,0.06,664.79,credit,CUST_3643,Premium
TXN_202410_010612,2024-10-06,REG_09,STORE_026,EMP_025,PROD_009,2,438.16,0.09,797.45,cash,CUST_6980,New
TXN_202410_010613,2024-10-03,REG_02,STORE_006,EMP_002,PROD_014,3,92.55,0.15,236.0,credit,CUST_8557,Premium
TXN_202410_010614,2024-10-06,REG_07,STORE_019,EMP_007,PROD_007,5,423.21,0.13,1840.96,card,CUST_1862,Regular
TXN_202410_010615,2024-10-04,REG_05,STORE_013,EMP_021,PROD_025,2,308.11,0.25,462.17,mobile,CUST_8599,VIP
TXN_202410_010616,2024-10-18,REG_06,STORE_016,EMP_006,PROD_047,5,310.1,0.13,1348.93,card,CUST_8361,Premium
TXN_202410_010617,2024-10-16,REG_05,STORE_014,EMP_021,PROD_030,5,340.83,0.1,1533.73,cash,CUST_3607,New
TXN_202410_010618,2024-10-04,REG_04,STORE_012,EMP_029,PROD_027,1,64.02,0.01,63.38,card,CUST_4882,Premium
TXN_202410_010619,2024-10-27,REG_10,STORE_029,EMP_010,PROD_028,3,57.49,0.02,169.02,credit,CUST_8595,VIP
TXN_202410_010620,2024-10-11,REG_04,STORE_011,EMP_029,PROD_043,4,403.55,0.27,1178.37,credit,CUST_3995,VIP
TXN_202410_010621,2024-10-11,REG_06,STORE_016,EMP_006,PROD_038,3,264.49,0.25,595.1,mobile,CUST_9820,Regular
TXN_202410_010622,2024-10-30,REG_04,STORE_010,EMP_016,PROD_038,1,69.33,0.18,56.85,card,CUST_6899,Regular
TXN_202410_010623,2024-10-18,REG_02,STORE_004,EMP_002,PROD_028,4,61.96,0.08,228.01,mobile,CUST_4646,New
TXN_202410_010624,2024-10-21,REG_02,STORE_005,EMP_002,PROD_022,1,450.86,0.15,383.23,card,CUST_3639,Regular
TXN_202410_010625,2024-10-26,REG_05,STORE_015,EMP_005,PROD_036,5,91.81,0.21,362.65,credit,CUST_9175,New
TXN_202410_010626,2024-10-07,REG_02,STORE_005,EMP_002,PROD_011,2,36.75,0.12,64.68,credit,CUST_4484,Regular
TXN_202410_010627,2024-10-06,REG_05,STORE_015,EMP_021,PROD_030,2,20.15,0.24,30.63,mobile,CUST_7979,VIP
TXN_202410_010628,2024-10-02,REG_02,STORE_005,EMP_002,PROD_004,3,28.42,0.0,85.26,credit,CUST_6035,VIP
TXN_202410_010629,2024-10-29,REG_04,STORE_010,EMP_024,PROD_004,1,439.87,0.17,365.09,card,CUST_2478,Regular
TXN_202410_010630,2024-10-13,REG_10,STORE_029,EMP_028,PROD_004,1,57.29,0.22,44.69,credit,CUST_3887,New
TXN_202410_010631,2024-10-13,REG_10,STORE_028,EMP_028,PROD_010,2,320.14,0.08,589.06,mobile,CUST_9976,VIP
TXN_202410_010632,2024-10-20,REG_09,STORE_026,EMP_022,PROD_025,4,12.4,0.0,49.6,card,CUST_2888,Premium
TXN_202410_010633,2024-10-18,REG_06,STORE_017,EMP_006,PROD_005,2,365.89,0.27,534.2,credit,CUST_7191,Regular
TXN_202410_010634,2024-10-13,REG_08,STORE_022,EMP_015,PROD_024,3,241.34,0.16,608.18,credit,CUST_8449,Regular
TXN_202410_010635,2024-10-14,REG_07,STORE_021,EMP_007,PROD_022,3,139.95,0.18,344.28,card,CUST_5075,New
TXN_202410_010636,2024-10-13,REG_08,STORE_024,EMP_015,PROD_035,5,278.37,0.1,1252.66,card,CUST_4313,Premium
TXN_202410_010637,2024-10-19,REG_04,STORE_011,EMP_029,PROD_041,2,375.69,0.17,623.65,credit,CUST_5196,New
TXN_202410_010638,2024-10-21,REG_06,STORE_018,EMP_006,PROD_017,1,260.57,0.28,187.61,credit,CUST_4336,Premium
TXN_202410_010639,2024-10-24,REG_09,STORE_025,EMP_022,PROD_015,5,27.58,0.03,133.76,cash,CUST_2138,Regular
TXN_202410_010640,2024-10-16,REG_04,STORE_012,EMP_029,PROD_040,4,424.0,0.29,1204.16,card,CUST_4718,Premium
TXN_202410_010641,2024-10-28,REG_08,STORE_023,EMP_012,PROD_017,4,59.37,0.08,218.48,cash,CUST_5033,VIP
TXN_202410_010642,2024-10-03,REG_09,STORE_025,EMP_027,PROD_046,1,389.62,0.18,319.49,mobile,CUST_6687,New
TXN_202410_010643,2024-10-29,REG_09,STORE_026,EMP_025,PROD_004,1,207.41,0.01,205.34,cash,CUST_2864,Premium
TXN_202410_010644,2024-10-23,REG_09,STORE_025,EMP_027,PROD_040,4,485.8,0.02,1904.34,mobile,CUST_9040,Regular
TXN_202410_010645,2024-10-23,REG_03,STORE_007,EMP_003,PROD_023,4,167.97,0.06,631.57,mobile,CUST_5531,Premium
TXN_202410_010646,2024-10-21,REG_08,STORE_022,EMP_015,PROD_009,1,196.24,0.05,186.43,card,CUST_9733,Premium
TXN_202410_010647,2024-10-06,REG_09,STORE_026,EMP_025,PROD_023,4,117.76,0.29,334.44,credit,CUST_5210,VIP
TXN_202410_010648,2024-10-20,REG_02,STORE_006,EMP_002,PROD_012,3,460.86,0.06,1299.63,credit,CUST_8770,Regular
TXN_202410_010649,2024-10-16,REG_09,STORE_026,EMP_009,PROD_018,3,427.34,0.01,1269.2,card,CUST_6802,VIP
TXN_202410_010650,2024-10-09,REG_02,STORE_005,EMP_002,PROD_039,2,68.28,0.27,99.69,mobile,CUST_6914,Premium
TXN_202410_010651,2024-10-24,REG_07,STORE_021,EMP_007,PROD_009,2,219.48,0.29,311.66,credit,CUST_3437,New
TXN_202410_010652,2024-10-14,REG_02,STORE_004,EMP_002,PROD_034,2,453.41,0.11,807.07,mobile,CUST_5678,Premium
TXN_202410_010653,2024-10-11,REG_10,STORE_030,EMP_017,PROD_041,5,472.98,0.22,1844.62,card,CUST_9665,VIP
TXN_202410_010654,2024-10-03,REG_04,STORE_012,EMP_030,PROD_038,5,395.13,0.18,1620.03,card,CUST_5706,Regular
TXN_202410_010655,2024-10-06,REG_04,STORE_011,EMP_024,PROD_022,3,358.5,0.3,752.85,credit,CUST_8070,New
TXN_202410_010656,2024-10-31,REG_01,STORE_001,EMP_018,PROD_050,3,87.43,0.1,236.06,card,CUST_2238,New
TXN_202410_010657,2024-10-10,REG_04,STORE_011,EMP_030,PROD_019,3,340.51,0.11,909.16,card,CUST_9243,Regular
TXN_202410_010658,2024-10-26,REG_07,STORE_020,EMP_007,PROD_043,3,167.66,0.18,412.44,card,CUST_2173,VIP
TXN_202410_010659,2024-10-22,REG_10,STORE_029,EMP_020,PROD_049,4,37.12,0.25,111.36,credit,CUST_8442,VIP
TXN_202410_010660,2024-10-11,REG_09,STORE_025,EMP_025,PROD_041,1,189.88,0.26,140.51,mobile,CUST_6130,Regular
TXN_202410_010661,2024-10-11,REG_10,STORE_030,EMP_013,PROD_031,5,443.57,0.09,2018.24,credit,CUST_2600,Premium
TXN_202410_010662,2024-10-09,REG_06,STORE_017,EMP_006,PROD_005,4,262.1,0.24,796.78,cash,CUST_1989,Premium
TXN_202410_010663,2024-10-04,REG_09,STORE_027,EMP_022,PROD_020,5,267.21,0.28,961.96,mobile,CUST_8577,New
TXN_202410_010664,2024-10-11,REG_08,STORE_024,EMP_012,PROD_040,2,210.11,0.12,369.79,cash,CUST_1469,VIP
TXN_202410_010665,2024-10-24,REG_06,STORE_016,EMP_006,PROD_037,2,53.71,0.25,80.56,cash,CUST_7345,Regular
TXN_202410_010666,2024-10-08,REG_06,STORE_018,EMP_006,PROD_021,5,373.96,0.28,1346.26,card,CUST_3958,New
TXN_202410_010667,2024-10-27,REG_10,STORE_030,EMP_010,PROD_050,3,128.29,0.19,311.74,credit,CUST_6747,New
TXN_202410_010668,2024-10-23,REG_08,STORE_024,EMP_012,PROD_005,3,83.39,0.25,187.63,credit,CUST_1430,Premium
TXN_202410_010669,2024-10-28,REG_02,STORE_006,EMP_002,PROD_025,5,34.46,0.19,139.56,card,CUST_1145,Premium
TXN_202410_010670,2024-10-09,REG_08,STORE_023,EMP_008,PROD_012,3,415.09,0.14,1070.93,card,CUST_3605,VIP
TXN_202410_010671,2024-10-07,REG_10,STORE_028,EMP_013,PROD_038,3,16.46,0.08,45.43,cash,CUST_9376,New
TXN_202410_010672,2024-10-21,REG_01,STORE_003,EMP_018,PROD_034,5,433.82,0.03,2104.03,cash,CUST_4376,Premium
TXN_202410_010673,2024-10-23,REG_07,STORE_019,EMP_007,PROD_029,3,230.27,0.16,580.28,cash,CUST_5663,Regular
TXN_202410_010674,2024-10-08,REG_03,STORE_007,EMP_003,PROD_003,5,353.37,0.15,1501.82,credit,CUST_3811,Regular
TXN_202410_010675,2024-10-17,REG_07,STORE_021,EMP_007,PROD_001,1,208.88,0.13,181.73,mobile,CUST_1236,VIP
TXN_202410_010676,2024-10-05,REG_07,STORE_019,EMP_007,PROD_020,5,362.87,0.18,1487.77,cash,CUST_6979,VIP
TXN_202410_010677,2024-10-01,REG_01,STORE_003,EMP_019,PROD_007,3,421.35,0.3,884.84,mobile,CUST_6257,VIP
TXN_202410_010678,2024-10-19,REG_06,STORE_018,EMP_006,PROD_013,5,35.24,0.18,144.48,card,CUST_2731,Regular
TXN_202410_010679,2024-10-29,REG_01,STORE_002,EMP_019,PROD_043,2,413.21,0.14,710.72,credit,CUST_2051,Premium
TXN_202410_010680,2024-10-04,REG_03,STORE_009,EMP_014,PROD_031,2,12.55,0.14,21.59,credit,CUST_9349,Premium
TXN_202410_010681,2024-10-05,REG_01,STORE_002,EMP_019,PROD_035,3,341.65,0.04,983.95,credit,CUST_4907,VIP
TXN_202410_010682,2024-10-25,REG_01,STORE_001,EMP_011,PROD_037,3,475.64,0.16,1198.61,mobile,CUST_3393,VIP
TXN_202410_010683,2024-10-29,REG_01,STORE_001,EMP_019,PROD_033,4,440.33,0.11,1567.57,mobile,CUST_6897,New
TXN_202410_010684,2024-10-26,REG_05,STORE_013,EMP_005,PROD_002,3,492.47,0.03,1433.09,card,CUST_8415,Regular
TXN_202410_010685,2024-10-08,REG_08,STORE_024,EMP_008,PROD_045,1,231.45,0.27,168.96,cash,CUST_2935,Premium
TXN_202410_010686,2024-10-21,REG_03,STORE_007,EMP_003,PROD_003,2,338.39,0.02,663.24,cash,CUST_6073,New
TXN_202410_010687,2024-10-26,REG_01,STORE_002,EMP_018,PROD_017,5,329.58,0.24,1252.4,mobile,CUST_6014,VIP
TXN_202410_010688,2024-10-29,REG_04,STORE_010,EMP_016,PROD_017,2,25.19,0.19,40.81,cash,CUST_1632,Premium
TXN_202410_010689,2024-10-01,REG_10,STORE_028,EMP_010,PROD_003,4,462.34,0.02,1812.37,cash,CUST_3071,New
TXN_202410_010690,2024-10-02,REG_02,STORE_005,EMP_002,PROD_043,5,59.48,0.04,285.5,credit,CUST_5670,New
TXN_202410_010691,2024-10-22,REG_10,STORE_028,EMP_028,PROD_037,4,225.14,0.07,837.52,card,CUST_6575,Regular
TXN_202410_010692,2024-10-05,REG_03,STORE_009,EMP_003,PROD_025,1,448.92,0.28,323.22,mobile,CUST_4326,VIP
TXN_202410_010693,2024-10-23,REG_05,STORE_014,EMP_021,PROD_007,1,354.64,0.04,340.45,cash,CUST_4498,New
TXN_202410_010694,2024-10-18,REG_01,STORE_002,EMP_018,PROD_019,2,239.88,0.12,422.19,card,CUST_9890,Regular
TXN_202410_010695,2024-10-19,REG_10,STORE_030,EMP_013,PROD_004,1,379.55,0.0,379.55,credit,CUST_7767,VIP
TXN_202410_010696,2024-10-18,REG_01,STORE_001,EMP_001,PROD_025,3,90.95,0.08,251.02,card,CUST_1145,Premium
TXN_202410_010697,2024-10-11,REG_03,STORE_009,EMP_003,PROD_021,3,409.44,0.25,921.24,credit,CUST_4441,New
TXN_202410_010698,2024-10-29,REG_09,STORE_025,EMP_022,PROD_021,4,265.79,0.22,829.26,cash,CUST_5040,Premium
TXN_202410_010699,2024-10-10,REG_10,STORE_028,EMP_013,PROD_042,4,194.31,0.09,707.29,mobile,CUST_6767,New
TXN_202410_010700,2024-10-12,REG_07,STORE_020,EMP_007,PROD_018,4,61.08,0.25,183.24,cash,CUST_9848,New
TXN_202410_010701,2024-10-04,REG_05,STORE_015,EMP_005,PROD_048,3,445.48,0.12,1176.07,mobile,CUST_3365,VIP
TXN_202410_010702,2024-10-26,REG_01,STORE_003,EMP_011,PROD_027,4,410.39,0.27,1198.34,cash,CUST_3214,Premium
TXN_202410_010703,2024-10-28,REG_08,STORE_023,EMP_023,PROD_007,3,441.19,0.02,1297.1,card,CUST_1901,Premium
TXN_202410_010704,2024-10-31,REG_06,STORE_018,EMP_006,PROD_047,4,26.35,0.13,91.7,cash,CUST_9195,Regular
TXN_202410_010705,2024-10-03,REG_08,STORE_024,EMP_015,PROD_049,3,275.88,0.19,670.39,card,CUST_7708,Regular
TXN_202410_010706,2024-10-14,REG_04,STORE_010,EMP_026,PROD_030,5,480.9,0.03,2332.36,cash,CUST_2127,Premium
TXN_202410_010707,2024-10-21,REG_05,STORE_014,EMP_005,PROD_024,5,264.23,0.06,1241.88,credit,CUST_3338,New
TXN_202410_010708,2024-10-01,REG_07,STORE_021,EMP_007,PROD_042,5,495.15,0.15,2104.39,credit,CUST_3628,Regular
TXN_202410_010709,2024-10-10,REG_08,STORE_023,EMP_015,PROD_006,3,256.91,0.04,739.9,card,CUST_7860,Regular
TXN_202410_010710,2024-10-19,REG_09,STORE_025,EMP_025,PROD_018,1,110.81,0.01,109.7,cash,CUST_4285,Regular
TXN_202410_010711,2024-10-03,REG_09,STORE_025,EMP_022,PROD_038,5,117.3,0.09,533.72,mobile,CUST_6094,New
TXN_202410_010712,2024-10-26,REG_05,STORE_014,EMP_021,PROD_036,3,385.43,0.28,832.53,credit,CUST_6862,Regular
TXN_202410_010713,2024-10-08,REG_07,STORE_020,EMP_007,PROD_032,4,387.35,0.23,1193.04,credit,CUST_8961,Regular
TXN_202410_010714,2024-10-22,REG_05,STORE_015,EMP_021,PROD_014,1,140.63,0.28,101.25,card,CUST_5638,VIP
TXN_202410_010715,2024-10-17,REG_10,STORE_029,EMP_017,PROD_050,4,36.39,0.14,125.18,cash,CUST_7232,Regular
TXN_202410_010716,2024-10-09,REG_10,STORE_030,EMP_010,PROD_029,4,359.09,0.18,1177.82,cash,CUST_8987,New
TXN_202410_010717,2024-10-01,REG_05,STORE_015,EMP_005,PROD_039,3,354.73,0.23,819.43,mobile,CUST_5585,Premium
TXN_202410_010718,2024-10-01,REG_04,STORE_011,EMP_004,PROD_043,2,42.62,0.05,80.98,card,CUST_1129,VIP
TXN_202410_010719,2024-10-06,REG_10,STORE_029,EMP_013,PROD_023,3,378.21,0.26,839.63,card,CUST_1474,VIP
TXN_202410_010720,2024-10-11,REG_02,STORE_004,EMP_002,PROD_014,5,181.1,0.08,833.06,card,CUST_4223,Regular
TXN_202410_010721,2024-10-02,REG_05,STORE_015,EMP_005,PROD_038,5,353.59,0.09,1608.83,credit,CUST_2333,New
TXN_202410_010722,2024-10-07,REG_05,STORE_015,EMP_021,PROD_011,5,210.15,0.3,735.52,cash,CUST_1754,Premium
TXN_202410_010723,2024-10-18,REG_03,STORE_007,EMP_003,PROD_039,5,463.28,0.14,1992.1,card,CUST_3783,Regular
TXN_202410_010724,2024-10-18,REG_04,STORE_012,EMP_026,PROD_033,4,493.04,0.27,1439.68,card,CUST_6751,New
TXN_202410_010725,2024-10-09,REG_09,STORE_027,EMP_027,PROD_032,4,35.58,0.06,133.78,cash,CUST_7243,VIP
TXN_202410_010726,2024-10-17,REG_07,STORE_020,EMP_007,PROD_023,3,45.44,0.11,121.32,card,CUST_2778,VIP
TXN_202410_010727,2024-10-28,REG_04,STORE_010,EMP_029,PROD_028,4,324.75,0.17,1078.17,credit,CUST_4211,New
TXN_202410_010728,2024-10-05,REG_07,STORE_021,EMP_007,PROD_043,4,363.2,0.03,1409.22,cash,CUST_9129,New
TXN_202410_010729,2024-10-12,REG_06,STORE_018,EMP_006,PROD_042,5,269.75,0.29,957.61,mobile,CUST_6824,VIP
TXN_202410_010730,2024-10-23,REG_07,STORE_020,EMP_007,PROD_001,4,230.58,0.28,664.07,mobile,CUST_2216,New
TXN_202410_010731,2024-10-04,REG_04,STORE_010,EMP_024,PROD_001,3,12.85,0.26,28.53,cash,CUST_6757,Premium
TXN_202410_010732,2024-10-10,REG_01,STORE_003,EMP_011,PROD_025,1,10.77,0.3,7.54,credit,CUST_5941,New
TXN_202410_010733,2024-10-13,REG_10,STORE_028,EMP_013,PROD_018,5,485.32,0.19,1965.55,mobile,CUST_1628,New
TXN_202410_010734,2024-10-12,REG_05,STORE_014,EMP_005,PROD_015,2,409.64,0.04,786.51,mobile,CUST_7667,Premium
TXN_202410_010735,2024-10-18,REG_10,STORE_029,EMP_020,PROD_046,3,58.85,0.06,165.96,cash,CUST_3791,New
TXN_202410_010736,2024-10-11,REG_02,STORE_006,EMP_002,PROD_025,3,57.82,0.18,142.24,mobile,CUST_5832,VIP
TXN_202410_010737,2024-10-18,REG_10,STORE_028,EMP_017,PROD_003,4,228.86,0.09,833.05,card,CUST_9256,Premium
TXN_202410_010738,2024-10-25,REG_04,STORE_010,EMP_016,PROD_049,3,248.85,0.17,619.64,card,CUST_2394,New
TXN_202410_010739,2024-10-04,REG_06,STORE_018,EMP_006,PROD_027,4,398.09,0.09,1449.05,cash,CUST_4731,New
TXN_202410_010740,2024-10-23,REG_07,STORE_019,EMP_007,PROD_042,2,74.68,0.09,135.92,cash,CUST_7806,VIP
TXN_202410_010741,2024-10-01,REG_09,STORE_025,EMP_022,PROD_045,1,335.26,0.29,238.03,credit,CUST_7529,Regular
TXN_202410_010742,2024-10-27,REG_02,STORE_006,EMP_002,PROD_031,3,205.67,0.15,524.46,credit,CUST_3431,VIP
TXN_202410_010743,2024-10-16,REG_09,STORE_027,EMP_025,PROD_041,3,26.59,0.01,78.97,mobile,CUST_6527,Premium
TXN_202410_010744,2024-10-04,REG_09,STORE_026,EMP_027,PROD_008,2,312.25,0.22,487.11,cash,CUST_9531,VIP
TXN_202410_010745,2024-10-28,REG_02,STORE_006,EMP_002,PROD_014,5,372.61,0.08,1714.01,credit,CUST_9695,Regular
TXN_202410_010746,2024-10-08,REG_02,STORE_004,EMP_002,PROD_024,4,365.93,0.16,1229.52,credit,CUST_7275,VIP
TXN_202410_010747,2024-10-25,REG_09,STORE_025,EMP_022,PROD_046,5,388.76,0.2,1555.04,card,CUST_1438,VIP
TXN_202410_010748,2024-10-16,REG_02,STORE_004,EMP_002,PROD_010,4,56.58,0.06,212.74,mobile,CUST_1957,Regular
TXN_202410_010749,2024-10-04,REG_02,STORE_006,EMP_002,PROD_048,5,184.64,0.26,683.17,credit,CUST_2693,Premium
TXN_202410_010750,2024-10-28,REG_02,STORE_006,EMP_002,PROD_020,4,275.27,0.04,1057.04,cash,CUST_3160,VIP
TXN_202410_010751,2024-10-16,REG_05,STORE_015,EMP_021,PROD_031,1,15.23,0.05,14.47,mobile,CUST_4875,Premium
TXN_202410_010752,2024-10-28,REG_04,STORE_011,EMP_029,PROD_010,2,40.15,0.18,65.85,cash,CUST_7001,Premium
TXN_202410_010753,2024-10-19,REG_07,STORE_019,EMP_007,PROD_003,3,171.83,0.06,484.56,mobile,CUST_6329,Regular
TXN_202410_010754,2024-10-05,REG_10,STORE_029,EMP_013,PROD_048,4,485.44,0.1,1747.58,credit,CUST_7065,New
TXN_202410_010755,2024-10-24,REG_01,STORE_003,EMP_001,PROD_017,4,28.41,0.1,102.28,card,CUST_5076,Regular
TXN_202410_010756,2024-10-12,REG_06,STORE_016,EMP_006,PROD_044,3,47.65,0.18,117.22,cash,CUST_1107,Regular
TXN_202410_010757,2024-10-20,REG_03,STORE_007,EMP_003,PROD_049,1,230.37,0.01,228.07,cash,CUST_2955,New
TXN_202410_010758,2024-10-30,REG_06,STORE_018,EMP_006,PROD_046,5,362.69,0.1,1632.11,credit,CUST_1106,VIP
TXN_202410_010759,2024-10-12,REG_05,STORE_015,EMP_021,PROD_039,2,215.26,0.06,404.69,mobile,CUST_2091,New
TXN_202410_010760,2024-10-04,REG_06,STORE_016,EMP_006,PROD_045,4,191.46,0.1,689.26,card,CUST_9513,VIP
TXN_202410_010761,2024-10-27,REG_07,STORE_021,EMP_007,PROD_049,1,76.63,0.02,75.1,credit,CUST_5164,Regular
TXN_202410_010762,2024-10-30,REG_04,STORE_012,EMP_024,PROD_009,3,338.13,0.12,892.66,cash,CUST_5305,New
TXN_202410_010763,2024-10-08,REG_10,STORE_030,EMP_017,PROD_040,3,302.64,0.12,798.97,cash,CUST_5597,New
TXN_202410_010764,2024-10-16,REG_07,STORE_019,EMP_007,PROD_020,1,302.56,0.25,226.92,credit,CUST_6732,VIP
TXN_202410_010765,2024-10-23,REG_05,STORE_014,EMP_021,PROD_029,3,106.2,0.2,254.88,cash,CUST_5914,Regular
TXN_202410_010766,2024-10-03,REG_05,STORE_014,EMP_021,PROD_043,5,399.26,0.04,1916.45,cash,CUST_1269,VIP
TXN_202410_010767,2024-10-26,REG_07,STORE_020,EMP_007,PROD_030,1,233.86,0.01,231.52,credit,CUST_5051,Premium
TXN_202410_010768,2024-10-02,REG_03,STORE_009,EMP_014,PROD_030,3,183.31,0.17,456.44,mobile,CUST_2341,New
TXN_202410_010769,2024-10-04,REG_08,STORE_023,EMP_008,PROD_004,1,38.05,0.15,32.34,card,CUST_8121,Premium
TXN_202410_010770,2024-10-04,REG_08,STORE_023,EMP_015,PROD_029,5,297.52,0.27,1085.95,credit,CUST_5692,New
TXN_202410_010771,2024-10-09,REG_06,STORE_018,EMP_006,PROD_042,4,166.71,0.23,513.47,mobile,CUST_3312,Regular
TXN_202410_010772,2024-10-14,REG_03,STORE_008,EMP_003,PROD_046,2,131.74,0.27,192.34,card,CUST_7605,New
TXN_202410_010773,2024-10-05,REG_03,STORE_008,EMP_003,PROD_040,3,498.02,0.06,1404.42,cash,CUST_6760,New
TXN_202410_010774,2024-10-26,REG_04,STORE_011,EMP_016,PROD_029,2,81.85,0.01,162.06,credit,CUST_5023,Premium
TXN_202410_010775,2024-10-14,REG_08,STORE_024,EMP_023,PROD_042,1,469.55,0.08,431.99,card,CUST_6002,New
TXN_202410_010776,2024-10-09,REG_10,STORE_030,EMP_010,PROD_016,2,187.91,0.21,296.9,card,CUST_6962,VIP
TXN_202410_010777,2024-10-17,REG_10,STORE_029,EMP_028,PROD_026,1,113.28,0.12,99.69,mobile,CUST_3241,New
TXN_202410_010778,2024-10-03,REG_09,STORE_027,EMP_022,PROD_039,3,166.28,0.26,369.14,cash,CUST_3075,Regular
TXN_202410_010779,2024-10-04,REG_09,STORE_025,EMP_009,PROD_006,2,51.37,0.07,95.55,credit,CUST_3069,VIP
TXN_202410_010780,2024-10-18,REG_06,STORE_017,EMP_006,PROD_013,4,142.69,0.03,553.64,card,CUST_5275,Regular
TXN_202410_010781,2024-10-19,REG_05,STORE_014,EMP_005,PROD_001,1,169.46,0.0,169.46,cash,CUST_4392,VIP
TXN_202410_010782,2024-10-18,REG_01,STORE_001,EMP_019,PROD_018,5,121.59,0.11,541.08,mobile,CUST_2569,VIP
TXN_202410_010783,2024-10-12,REG_10,STORE_029,EMP_017,PROD_034,3,72.3,0.27,158.34,credit,CUST_4317,Regular
TXN_202410_010784,2024-10-01,REG_09,STORE_026,EMP_009,PROD_016,3,291.95,0.13,761.99,mobile,CUST_4371,Premium
TXN_202410_010785,2024-10-31,REG_04,STORE_012,EMP_030,PROD_043,5,271.28,0.07,1261.45,mobile,CUST_2917,Regular
TXN_202410_010786,2024-10-08,REG_09,STORE_027,EMP_027,PROD_005,2,140.74,0.02,275.85,cash,CUST_9345,Premium
TXN_202410_010787,2024-10-21,REG_01,STORE_002,EMP_019,PROD_019,4,426.45,0.21,1347.58,credit,CUST_8725,VIP
TXN_202410_010788,2024-10-06,REG_05,STORE_013,EMP_005,PROD_005,1,175.81,0.03,170.54,cash,CUST_2821,Premium
TXN_202410_010789,2024-10-01,REG_06,STORE_016,EMP_006,PROD_041,3,21.9,0.27,47.96,mobile,CUST_1081,VIP
TXN_202410_010790,2024-10-31,REG_01,STORE_002,EMP_019,PROD_035,1,97.3,0.04,93.41,credit,CUST_9323,New
TXN_202410_010791,2024-10-29,REG_01,STORE_002,EMP_019,PROD_019,3,57.31,0.28,123.79,credit,CUST_2793,VIP
TXN_202410_010792,2024-10-19,REG_02,STORE_006,EMP_002,PROD_003,1,199.9,0.07,185.91,card,CUST_1499,Regular
TXN_202410_010793,2024-10-10,REG_09,STORE_025,EMP_027,PROD_010,3,426.9,0.27,934.91,credit,CUST_8670,Regular
TXN_202410_010794,2024-10-06,REG_08,STORE_022,EMP_023,PROD_019,1,313.45,0.01,310.32,card,CUST_6755,New
TXN_202410_010795,2024-10-30,REG_09,STORE_027,EMP_022,PROD_039,2,293.05,0.09,533.35,mobile,CUST_4814,New
TXN_202410_010796,2024-10-13,REG_04,STORE_011,EMP_004,PROD_031,4,52.27,0.23,160.99,card,CUST_1490,Regular
TXN_202410_010797,2024-10-14,REG_01,STORE_003,EMP_018,PROD_028,5,349.76,0.18,1434.02,mobile,CUST_6248,VIP
TXN_202410_010798,2024-10-17,REG_02,STORE_006,EMP_002,PROD_046,5,410.63,0.29,1457.74,cash,CUST_4781,New
TXN_202410_010799,2024-10-03,REG_04,STORE_011,EMP_016,PROD_046,1,438.95,0.18,359.94,cash,CUST_3462,New
TXN_202410_010800,2024-10-05,REG_08,STORE_024,EMP_023,PROD_016,4,490.35,0.29,1392.59,cash,CUST_5010,VIP
TXN_202410_010801,2024-10-21,REG_10,STORE_029,EMP_017,PROD_049,3,65.68,0.26,145.81,mobile,CUST_1459,Regular
TXN_202410_010802,2024-10-18,REG_07,STORE_020,EMP_007,PROD_041,1,46.34,0.06,43.56,cash,CUST_7694,Premium
TXN_202410_010803,2024-10-08,REG_08,STORE_023,EMP_015,PROD_039,1,59.13,0.17,49.08,mobile,CUST_8069,VIP
TXN_202410_010804,2024-10-25,REG_05,STORE_015,EMP_005,PROD_027,1,155.81,0.17,129.32,card,CUST_4400,New
TXN_202410_010805,2024-10-09,REG_09,STORE_026,EMP_009,PROD_024,1,429.34,0.28,309.12,credit,CUST_5549,Regular
TXN_202410_010806,2024-10-18,REG_07,STORE_019,EMP_007,PROD_035,2,61.11,0.02,119.78,credit,CUST_6590,New
TXN_202410_010807,2024-10-08,REG_01,STORE_002,EMP_018,PROD_042,4,53.34,0.19,172.82,mobile,CUST_5743,New
TXN_202410_010808,2024-10-24,REG_03,STORE_007,EMP_014,PROD_012,1,384.46,0.29,272.97,card,CUST_3526,Premium
TXN_202410_010809,2024-10-13,REG_02,STORE_006,EMP_002,PROD_006,4,307.72,0.27,898.54,credit,CUST_1472,Regular
TXN_202410_010810,2024-10-16,REG_03,STORE_008,EMP_014,PROD_019,2,464.14,0.24,705.49,card,CUST_3504,Premium
TXN_202410_010811,2024-10-15,REG_10,STORE_029,EMP_017,PROD_050,3,154.62,0.18,380.37,cash,CUST_7228,Regular
TXN_202410_010812,2024-10-09,REG_08,STORE_024,EMP_015,PROD_022,2,414.22,0.21,654.47,mobile,CUST_1543,Regular
TXN_202410_010813,2024-10-07,REG_07,STORE_021,EMP_007,PROD_030,1,25.63,0.04,24.6,credit,CUST_1327,VIP
TXN_202410_010814,2024-10-17,REG_09,STORE_027,EMP_009,PROD_041,2,247.97,0.13,431.47,cash,CUST_7217,Regular
TXN_202410_010815,2024-10-11,REG_03,STORE_009,EMP_014,PROD_041,1,265.89,0.14,228.67,cash,CUST_3253,VIP
TXN_202410_010816,2024-10-27,REG_05,STORE_015,EMP_005,PROD_005,5,44.36,0.23,170.79,cash,CUST_7072,New
TXN_202410_010817,2024-10-05,REG_10,STORE_030,EMP_013,PROD_050,5,496.03,0.25,1860.11,cash,CUST_2655,Premium
TXN_202410_010818,2024-10-16,REG_01,STORE_002,EMP_011,PROD_001,1,382.48,0.01,378.66,credit,CUST_2659,Premium
TXN_202410_010819,2024-10-31,REG_05,STORE_015,EMP_005,PROD_004,1,65.19,0.12,57.37,mobile,CUST_1626,New
TXN_202410_010820,2024-10-17,REG_07,STORE_020,EMP_007,PROD_026,2,335.55,0.09,610.7,mobile,CUST_2201,New
TXN_202410_010821,2024-10-23,REG_07,STORE_019,EMP_007,PROD_008,3,247.99,0.11,662.13,mobile,CUST_7839,New
TXN_202410_010822,2024-10-26,REG_02,STORE_005,EMP_002,PROD_015,4,468.67,0.06,1762.2,cash,CUST_2958,Premium
TXN_202410_010823,2024-10-05,REG_02,STORE_004,EMP_002,PROD_038,2,52.82,0.28,76.06,mobile,CUST_3428,Premium
TXN_202410_010824,2024-10-17,REG_06,STORE_017,EMP_006,PROD_033,2,13.05,0.11,23.23,cash,CUST_2614,Premium
TXN_202410_010825,2024-10-11,REG_08,STORE_024,EMP_015,PROD_033,4,46.42,0.03,180.11,credit,CUST_7148,New
TXN_202410_010826,2024-10-14,REG_02,STORE_006,EMP_002,PROD_046,1,332.2,0.07,308.95,credit,CUST_9888,Regular
TXN_202410_010827,2024-10-14,REG_03,STORE_009,EMP_014,PROD_034,2,80.6,0.01,159.59,card,CUST_2503,VIP
TXN_202410_010828,2024-10-20,REG_05,STORE_014,EMP_005,PROD_011,4,382.25,0.29,1085.59,mobile,CUST_6906,Regular
TXN_202410_010829,2024-10-19,REG_07,STORE_020,EMP_007,PROD_009,4,48.19,0.07,179.27,credit,CUST_2984,VIP
TXN_202410_010830,2024-10-02,REG_10,STORE_029,EMP_020,PROD_042,5,460.71,0.22,1796.77,card,CUST_9740,VIP
TXN_202410_010831,2024-10-20,REG_08,STORE_023,EMP_008,PROD_003,1,187.99,0.09,171.07,card,CUST_3947,New
TXN_202410_010832,2024-10-07,REG_09,STORE_025,EMP_009,PROD_047,1,242.53,0.08,223.13,cash,CUST_7597,Regular
TXN_202410_010833,2024-10-03,REG_04,STORE_011,EMP_004,PROD_022,2,142.03,0.18,232.93,mobile,CUST_8795,VIP
TXN_202410_010834,2024-10-25,REG_06,STORE_018,EMP_006,PROD_002,4,58.24,0.29,165.4,card,CUST_1948,Regular
TXN_202410_010835,2024-10-09,REG_10,STORE_030,EMP_028,PROD_046,5,417.06,0.03,2022.74,credit,CUST_7469,Regular
TXN_202410_010836,2024-10-30,REG_09,STORE_025,EMP_025,PROD_004,5,384.66,0.04,1846.37,mobile,CUST_9414,New
TXN_202410_010837,2024-10-09,REG_03,STORE_009,EMP_003,PROD_042,2,339.73,0.05,645.49,card,CUST_2861,Premium
TXN_202410_010838,2024-10-23,REG_06,STORE_017,EMP_006,PROD_014,5,51.76,0.15,219.98,mobile,CUST_9290,Premium
TXN_202410_010839,2024-10-31,REG_10,STORE_028,EMP_010,PROD_004,4,262.77,0.01,1040.57,credit,CUST_4026,VIP
TXN_202410_010840,2024-10-08,REG_06,STORE_017,EMP_006,PROD_022,5,83.08,0.1,373.86,cash,CUST_6391,New
TXN_202410_010841,2024-10-07,REG_01,STORE_002,EMP_019,PROD_026,4,211.63,0.07,787.26,cash,CUST_4864,Premium
TXN_202410_010842,2024-10-11,REG_06,STORE_016,EMP_006,PROD_029,5,82.22,0.14,353.55,cash,CUST_1223,New
TXN_202410_010843,2024-10-02,REG_06,STORE_016,EMP_006,PROD_020,4,273.26,0.08,1005.6,mobile,CUST_7979,Premium
TXN_202410_010844,2024-10-21,REG_01,STORE_001,EMP_019,PROD_009,2,96.81,0.08,178.13,cash,CUST_2797,New
TXN_202410_010845,2024-10-21,REG_07,STORE_020,EMP_007,PROD_022,3,326.3,0.14,841.85,credit,CUST_1836,Regular
TXN_202410_010846,2024-10-11,REG_05,STORE_014,EMP_021,PROD_045,1,495.0,0.06,465.3,credit,CUST_6635,New
TXN_202410_010847,2024-10-31,REG_06,STORE_016,EMP_006,PROD_027,2,73.26,0.03,142.12,credit,CUST_6825,Premium
TXN_202410_010848,2024-10-17,REG_07,STORE_019,EMP_007,PROD_024,5,350.29,0.04,1681.39,cash,CUST_5156,VIP
TXN_202410_010849,2024-10-03,REG_01,STORE_003,EMP_011,PROD_020,2,169.0,0.13,294.06,cash,CUST_7332,Premium
TXN_202410_010850,2024-10-02,REG_04,STORE_010,EMP_024,PROD_017,3,196.92,0.02,578.94,card,CUST_7325,New
TXN_202410_010851,2024-10-19,REG_09,STORE_026,EMP_027,PROD_004,5,335.09,0.11,1491.15,card,CUST_9935,Premium
TXN_202410_010852,2024-10-19,REG_07,STORE_021,EMP_007,PROD_036,1,480.22,0.06,451.41,card,CUST_4834,New
TXN_202410_010853,2024-10-01,REG_02,STORE_004,EMP_002,PROD_031,5,53.97,0.2,215.88,cash,CUST_2510,Premium
TXN_202410_010854,2024-10-22,REG_02,STORE_006,EMP_002,PROD_022,5,83.9,0.09,381.75,credit,CUST_4743,VIP
TXN_202410_010855,2024-10-24,REG_03,STORE_009,EMP_003,PROD_018,4,145.22,0.04,557.64,mobile,CUST_2447,Regular
TXN_202410_010856,2024-10-21,REG_05,STORE_013,EMP_005,PROD_040,4,227.02,0.19,735.54,cash,CUST_5356,VIP
TXN_202410_010857,2024-10-10,REG_07,STORE_019,EMP_007,PROD_014,5,61.1,0.2,244.4,card,CUST_2198,New
TXN_202410_010858,2024-10-10,REG_07,STORE_021,EMP_007,PROD_015,4,39.14,0.1,140.9,mobile,CUST_2163,New
TXN_202410_010859,2024-10-31,REG_08,STORE_022,EMP_015,PROD_040,1,475.1,0.06,446.59,credit,CUST_5941,Regular
TXN_202410_010860,2024-10-30,REG_06,STORE_018,EMP_006,PROD_002,3,220.02,0.15,561.05,cash,CUST_1758,Regular
TXN_202410_010861,2024-10-14,REG_08,STORE_023,EMP_008,PROD_020,1,423.47,0.14,364.18,credit,CUST_6320,VIP
TXN_202410_010862,2024-10-02,REG_02,STORE_004,EMP_002,PROD_003,5,32.6,0.12,143.44,mobile,CUST_5341,Regular
TXN_202410_010863,2024-10-10,REG_05,STORE_013,EMP_005,PROD_031,5,272.57,0.21,1076.65,cash,CUST_4540,VIP
TXN_202410_010864,2024-10-04,REG_08,STORE_023,EMP_015,PROD_035,4,172.08,0.27,502.47,cash,CUST_8679,New
TXN_202410_010865,2024-10-13,REG_10,STORE_028,EMP_028,PROD_039,1,481.14,0.15,408.97,credit,CUST_6485,VIP
TXN_202410_010866,2024-10-01,REG_07,STORE_021,EMP_007,PROD_030,2,92.6,0.21,146.31,cash,CUST_7237,Regular
TXN_202410_010867,2024-10-14,REG_06,STORE_016,EMP_006,PROD_016,1,96.84,0.14,83.28,credit,CUST_3015,VIP
TXN_202410_010868,2024-10-20,REG_03,STORE_009,EMP_014,PROD_001,2,95.28,0.09,173.41,mobile,CUST_3003,New
TXN_202410_010869,2024-10-20,REG_04,STORE_012,EMP_026,PROD_040,1,92.62,0.27,67.61,credit,CUST_8733,Regular
TXN_202410_010870,2024-10-31,REG_09,STORE_026,EMP_027,PROD_025,1,194.2,0.15,165.07,cash,CUST_5273,Premium
TXN_202410_010871,2024-10-26,REG_02,STORE_005,EMP_002,PROD_035,5,42.09,0.08,193.61,cash,CUST_1964,Regular
TXN_202410_010872,2024-10-08,REG_03,STORE_008,EMP_003,PROD_046,4,468.5,0.29,1330.54,credit,CUST_8376,Premium
TXN_202410_010873,2024-10-28,REG_08,STORE_022,EMP_023,PROD_038,4,435.23,0.09,1584.24,cash,CUST_8524,Regular
TXN_202410_010874,2024-10-17,REG_07,STORE_021,EMP_007,PROD_002,3,226.31,0.0,678.93,credit,CUST_4045,Regular
TXN_202410_010875,2024-10-25,REG_09,STORE_025,EMP_009,PROD_031,3,433.17,0.13,1130.57,credit,CUST_4580,Regular
TXN_202410_010876,2024-10-03,REG_09,STORE_026,EMP_027,PROD_047,2,389.3,0.12,685.17,cash,CUST_5693,Regular
TXN_202410_010877,2024-10-25,REG_05,STORE_013,EMP_021,PROD_013,5,268.43,0.29,952.93,card,CUST_2663,VIP
TXN_202410_010878,2024-10-21,REG_05,STORE_013,EMP_021,PROD_021,2,443.36,0.3,620.7,card,CUST_5502,Premium
TXN_202410_010879,2024-10-30,REG_02,STORE_005,EMP_002,PROD_040,4,482.69,0.08,1776.3,cash,CUST_4262,New
TXN_202410_010880,2024-10-19,REG_01,STORE_001,EMP_018,PROD_029,4,152.22,0.04,584.52,mobile,CUST_9319,New
TXN_202410_010881,2024-10-25,REG_04,STORE_012,EMP_030,PROD_044,3,309.12,0.29,658.43,mobile,CUST_3547,VIP
TXN_202410_010882,2024-10-10,REG_04,STORE_010,EMP_029,PROD_030,2,155.11,0.01,307.12,mobile,CUST_1739,VIP
TXN_202410_010883,2024-10-28,REG_06,STORE_017,EMP_006,PROD_041,5,284.46,0.03,1379.63,credit,CUST_7222,Premium
TXN_202410_010884,2024-10-31,REG_07,STORE_021,EMP_007,PROD_038,3,475.83,0.04,1370.39,card,CUST_2055,Premium
TXN_202410_010885,2024-10-06,REG_02,STORE_004,EMP_002,PROD_049,5,285.06,0.19,1154.49,mobile,CUST_1708,Premium
TXN_202410_010886,2024-10-02,REG_07,STORE_019,EMP_007,PROD_024,3,373.6,0.28,806.98,credit,CUST_9062,Regular
TXN_202410_010887,2024-10-24,REG_10,STORE_030,EMP_010,PROD_023,2,452.66,0.28,651.83,mobile,CUST_9645,Premium
TXN_202410_010888,2024-10-23,REG_02,STORE_005,EMP_002,PROD_044,1,370.78,0.3,259.55,credit,CUST_5501,Regular
TXN_202410_010889,2024-10-10,REG_10,STORE_029,EMP_028,PROD_005,4,413.09,0.12,1454.08,cash,CUST_1467,VIP
TXN_202410_010890,2024-10-14,REG_03,STORE_009,EMP_003,PROD_043,1,226.93,0.04,217.85,card,CUST_9821,VIP
TXN_202410_010891,2024-10-24,REG_08,STORE_023,EMP_015,PROD_020,4,314.11,0.1,1130.8,mobile,CUST_6336,Regular
TXN_202410_010892,2024-10-04,REG_06,STORE_016,EMP_006,PROD_046,2,323.85,0.14,557.02,mobile,CUST_6351,Premium
TXN_202410_010893,2024-10-01,REG_02,STORE_005,EMP_002,PROD_023,1,214.11,0.21,169.15,card,CUST_8860,VIP
TXN_202410_010894,2024-10-21,REG_02,STORE_006,EMP_002,PROD_031,5,450.37,0.26,1666.37,card,CUST_4400,New
TXN_202410_010895,2024-10-29,REG_01,STORE_001,EMP_011,PROD_032,5,97.55,0.07,453.61,credit,CUST_1927,VIP
TXN_202410_010896,2024-10-03,REG_02,STORE_004,EMP_002,PROD_016,3,337.93,0.11,902.27,cash,CUST_1895,Premium
TXN_202410_010897,2024-10-20,REG_05,STORE_013,EMP_005,PROD_039,3,42.71,0.13,111.47,credit,CUST_3767,VIP
TXN_202410_010898,2024-10-15,REG_04,STORE_011,EMP_024,PROD_033,4,103.82,0.2,332.22,card,CUST_2630,Regular
TXN_202410_010899,2024-10-30,REG_09,STORE_025,EMP_022,PROD_037,3,382.77,0.17,953.1,mobile,CUST_6777,VIP
TXN_202410_010900,2024-10-24,REG_04,STORE_011,EMP_016,PROD_018,2,368.49,0.08,678.02,card,CUST_6221,New
TXN_202410_010901,2024-10-10,REG_07,STORE_019,EMP_007,PROD_028,1,373.09,0.05,354.44,card,CUST_4990,VIP
TXN_202410_010902,2024-10-11,REG_03,STORE_007,EMP_003,PROD_009,4,127.15,0.14,437.4,credit,CUST_7198,New
TXN_202410_010903,2024-10-10,REG_03,STORE_008,EMP_003,PROD_021,3,105.63,0.2,253.51,credit,CUST_1645,New
TXN_202410_010904,2024-10-06,REG_02,STORE_006,EMP_002,PROD_045,4,115.1,0.0,460.4,card,CUST_8647,Regular
TXN_202410_010905,2024-10-12,REG_06,STORE_017,EMP_006,PROD_030,1,417.1,0.25,312.83,credit,CUST_1667,Regular
TXN_202410_010906,2024-10-23,REG_03,STORE_007,EMP_003,PROD_039,5,428.72,0.09,1950.68,credit,CUST_8059,Regular
TXN_202410_010907,2024-10-18,REG_07,STORE_020,EMP_007,PROD_017,3,330.26,0.11,881.79,cash,CUST_4230,VIP
TXN_202410_010908,2024-10-20,REG_04,STORE_010,EMP_030,PROD_017,5,74.07,0.2,296.28,card,CUST_7880,Premium
TXN_202410_010909,2024-10-02,REG_09,STORE_027,EMP_009,PROD_038,3,385.66,0.05,1099.13,cash,CUST_9576,Regular
TXN_202410_010910,2024-10-01,REG_09,STORE_025,EMP_025,PROD_018,5,204.97,0.19,830.13,mobile,CUST_7857,VIP
TXN_202410_010911,2024-10-23,REG_10,STORE_029,EMP_017,PROD_048,5,188.55,0.26,697.63,cash,CUST_4362,VIP
TXN_202410_010912,2024-10-02,REG_06,STORE_016,EMP_006,PROD_010,5,115.29,0.3,403.51,cash,CUST_9912,VIP
TXN_202410_010913,2024-10-14,REG_01,STORE_001,EMP_011,PROD_040,4,479.32,0.29,1361.27,cash,CUST_7370,VIP
TXN_202410_010914,2024-10-24,REG_07,STORE_020,EMP_007,PROD_013,4,180.45,0.26,534.13,mobile,CUST_8882,Premium
TXN_202410_010915,2024-10-28,REG_08,STORE_024,EMP_015,PROD_001,4,347.45,0.16,1167.43,credit,CUST_4803,Premium
TXN_202410_010916,2024-10-14,REG_03,STORE_009,EMP_014,PROD_044,2,65.34,0.0,130.68,cash,CUST_5627,VIP
TXN_202410_010917,2024-10-21,REG_04,STORE_011,EMP_024,PROD_048,2,481.98,0.12,848.28,credit,CUST_4434,Premium
TXN_202410_010918,2024-10-20,REG_05,STORE_015,EMP_021,PROD_040,2,193.08,0.16,324.37,cash,CUST_5940,Premium
TXN_202410_010919,2024-10-22,REG_07,STORE_019,EMP_007,PROD_039,1,103.95,0.15,88.36,card,CUST_9975,Premium
TXN_202410_010920,2024-10-30,REG_03,STORE_009,EMP_014,PROD_037,3,453.4,0.04,1305.79,card,CUST_7165,Regular
TXN_202410_010921,2024-10-10,REG_07,STORE_020,EMP_007,PROD_005,2,439.37,0.28,632.69,card,CUST_7248,Regular
TXN_202410_010922,2024-10-25,REG_01,STORE_001,EMP_001,PROD_023,5,258.21,0.09,1174.86,mobile,CUST_3693,New
TXN_202410_010923,2024-10-03,REG_04,STORE_012,EMP_030,PROD_033,3,22.55,0.12,59.53,mobile,CUST_9443,New
TXN_202410_010924,2024-10-29,REG_06,STORE_016,EMP_006,PROD_029,3,265.84,0.14,685.87,card,CUST_3650,New
TXN_202410_010925,2024-10-14,REG_05,STORE_014,EMP_021,PROD_026,4,424.87,0.26,1257.62,mobile,CUST_3770,Regular
TXN_202410_010926,2024-10-16,REG_07,STORE_019,EMP_007,PROD_028,3,387.56,0.04,1116.17,mobile,CUST_2437,VIP
TXN_202410_010927,2024-10-01,REG_05,STORE_014,EMP_021,PROD_033,3,59.07,0.17,147.08,mobile,CUST_2298,New
TXN_202410_010928,2024-10-10,REG_03,STORE_007,EMP_003,PROD_010,5,274.67,0.12,1208.55,cash,CUST_2463,VIP
TXN_202410_010929,2024-10-16,REG_08,STORE_024,EMP_015,PROD_019,2,429.02,0.01,849.46,cash,CUST_1622,Regular
TXN_202410_010930,2024-10-22,REG_09,STORE_026,EMP_027,PROD_039,5,208.69,0.12,918.24,cash,CUST_9262,VIP
TXN_202410_010931,2024-10-30,REG_09,STORE_027,EMP_009,PROD_004,1,112.34,0.25,84.25,card,CUST_3618,VIP
TXN_202410_010932,2024-10-15,REG_05,STORE_014,EMP_021,PROD_042,2,36.71,0.05,69.75,credit,CUST_7067,Regular
TXN_202410_010933,2024-10-06,REG_07,STORE_020,EMP_007,PROD_022,1,442.12,0.1,397.91,cash,CUST_3183,Regular
TXN_202410_010934,2024-10-08,REG_09,STORE_025,EMP_022,PROD_002,3,44.52,0.27,97.5,mobile,CUST_7452,Premium
TXN_202410_010935,2024-10-02,REG_08,STORE_023,EMP_012,PROD_007,1,415.75,0.05,394.96,card,CUST_1294,VIP
TXN_202410_010936,2024-10-01,REG_04,STORE_012,EMP_004,PROD_039,4,237.63,0.25,712.89,credit,CUST_8755,Premium
TXN_202410_010937,2024-10-25,REG_06,STORE_017,EMP_006,PROD_003,1,319.81,0.16,268.64,credit,CUST_2256,Premium
TXN_202410_010938,2024-10-08,REG_02,STORE_005,EMP_002,PROD_047,5,261.76,0.05,1243.36,card,CUST_9154,VIP
TXN_202410_010939,2024-10-03,REG_06,STORE_017,EMP_006,PROD_020,3,116.85,0.21,276.93,card,CUST_9920,Regular
TXN_202410_010940,2024-10-22,REG_10,STORE_029,EMP_010,PROD_049,2,282.29,0.08,519.41,mobile,CUST_5150,Premium
TXN_202410_010941,2024-10-29,REG_08,STORE_022,EMP_012,PROD_043,5,79.11,0.18,324.35,credit,CUST_6760,VIP
TXN_202410_010942,2024-10-12,REG_04,STORE_011,EMP_004,PROD_037,2,172.71,0.06,324.69,mobile,CUST_9276,Premium
TXN_202410_010943,2024-10-11,REG_06,STORE_016,EMP_006,PROD_049,2,141.72,0.21,223.92,mobile,CUST_5871,VIP
TXN_202410_010944,2024-10-25,REG_09,STORE_025,EMP_027,PROD_002,5,347.51,0.09,1581.17,card,CUST_7206,VIP
TXN_202410_010945,2024-10-08,REG_09,STORE_025,EMP_022,PROD_006,5,407.01,0.07,1892.6,cash,CUST_4305,Premium
TXN_202410_010946,2024-10-25,REG_08,STORE_022,EMP_015,PROD_015,3,295.22,0.22,690.81,mobile,CUST_2679,VIP
TXN_202410_010947,2024-10-14,REG_01,STORE_001,EMP_011,PROD_021,2,488.82,0.21,772.34,credit,CUST_4231,Premium
TXN_202410_010948,2024-10-29,REG_01,STORE_001,EMP_001,PROD_004,3,70.12,0.17,174.6,credit,CUST_4775,VIP
TXN_202410_010949,2024-10-05,REG_06,STORE_018,EMP_006,PROD_016,5,153.9,0.11,684.86,mobile,CUST_6776,New
TXN_202410_010950,2024-10-05,REG_02,STORE_004,EMP_002,PROD_010,1,50.12,0.24,38.09,credit,CUST_1775,Regular
TXN_202410_010951,2024-10-09,REG_05,STORE_015,EMP_005,PROD_013,5,367.81,0.23,1416.07,cash,CUST_1251,New
TXN_202410_010952,2024-10-16,REG_09,STORE_025,EMP_022,PROD_035,4,446.03,0.22,1391.61,credit,CUST_1213,New
TXN_202410_010953,2024-10-04,REG_08,STORE_024,EMP_012,PROD_035,5,320.58,0.03,1554.81,cash,CUST_8999,New
TXN_202410_010954,2024-10-23,REG_04,STORE_010,EMP_030,PROD_017,2,375.93,0.06,706.75,card,CUST_7528,New
TXN_202410_010955,2024-10-21,REG_06,STORE_018,EMP_006,PROD_031,5,330.61,0.25,1239.79,cash,CUST_4280,VIP
TXN_202410_010956,2024-10-18,REG_06,STORE_018,EMP_006,PROD_034,5,90.85,0.25,340.69,cash,CUST_2756,Regular
TXN_202410_010957,2024-10-26,REG_08,STORE_022,EMP_008,PROD_029,2,164.12,0.13,285.57,mobile,CUST_9567,New
TXN_202410_010958,2024-10-18,REG_03,STORE_009,EMP_003,PROD_025,3,396.23,0.07,1105.48,card,CUST_8523,Regular
TXN_202410_010959,2024-10-21,REG_06,STORE_018,EMP_006,PROD_003,1,25.57,0.11,22.76,cash,CUST_8275,New
TXN_202410_010960,2024-10-22,REG_07,STORE_019,EMP_007,PROD_020,4,318.45,0.2,1019.04,credit,CUST_1725,VIP
TXN_202410_010961,2024-10-05,REG_10,STORE_030,EMP_017,PROD_011,2,469.95,0.13,817.71,cash,CUST_1560,Premium
TXN_202410_010962,2024-10-19,REG_05,STORE_014,EMP_021,PROD_009,3,319.45,0.26,709.18,credit,CUST_8996,New
TXN_202410_010963,2024-10-27,REG_07,STORE_021,EMP_007,PROD_039,2,162.31,0.21,256.45,mobile,CUST_6902,Premium
TXN_202410_010964,2024-10-30,REG_05,STORE_014,EMP_021,PROD_049,3,109.96,0.07,306.79,credit,CUST_5989,Regular
TXN_202410_010965,2024-10-31,REG_04,STORE_010,EMP_016,PROD_005,3,228.5,0.22,534.69,cash,CUST_5432,Regular
TXN_202410_010966,2024-10-23,REG_01,STORE_001,EMP_019,PROD_045,3,58.52,0.17,145.71,credit,CUST_9052,Regular
TXN_202410_010967,2024-10-10,REG_05,STORE_013,EMP_021,PROD_010,4,303.35,0.25,910.05,cash,CUST_2829,Regular
TXN_202410_010968,2024-10-18,REG_08,STORE_022,EMP_015,PROD_040,1,389.63,0.27,284.43,cash,CUST_8173,Regular
TXN_202410_010969,2024-10-08,REG_10,STORE_030,EMP_017,PROD_025,5,194.76,0.06,915.37,mobile,CUST_7348,VIP
TXN_202410_010970,2024-10-17,REG_10,STORE_029,EMP_017,PROD_010,1,57.53,0.29,40.85,credit,CUST_7164,New
TXN_202410_010971,2024-10-30,REG_08,STORE_024,EMP_023,PROD_021,3,498.35,0.12,1315.64,credit,CUST_8550,VIP
TXN_202410_010972,2024-10-04,REG_01,STORE_002,EMP_011,PROD_012,3,100.33,0.13,261.86,mobile,CUST_2956,Regular
TXN_202410_010973,2024-10-26,REG_07,STORE_021,EMP_007,PROD_016,2,221.14,0.02,433.43,credit,CUST_6620,VIP
TXN_202410_010974,2024-10-26,REG_02,STORE_004,EMP_002,PROD_002,1,455.45,0.26,337.03,credit,CUST_8430,Premium
TXN_202410_010975,2024-10-03,REG_04,STORE_012,EMP_029,PROD_023,4,162.71,0.19,527.18,cash,CUST_3296,Premium
TXN_202410_010976,2024-10-05,REG_08,STORE_024,EMP_015,PROD_036,4,125.59,0.17,416.96,cash,CUST_3050,Regular
TXN_202410_010977,2024-10-12,REG_05,STORE_015,EMP_021,PROD_048,4,33.68,0.09,122.6,credit,CUST_8394,Premium
TXN_202410_010978,2024-10-04,REG_06,STORE_018,EMP_006,PROD_028,4,100.78,0.27,294.28,card,CUST_8998,Regular
TXN_202410_010979,2024-10-31,REG_06,STORE_018,EMP_006,PROD_015,1,170.28,0.04,163.47,credit,CUST_1649,New
TXN_202410_010980,2024-10-06,REG_01,STORE_003,EMP_011,PROD_012,2,165.34,0.08,304.23,cash,CUST_2318,New
