transaction_id,date,region,store_id,employee_id,product_id,units,unit_price,discount,revenue,payment,customer_id,customer_segment
TXN_202502_012462,2025-02-24,REG_03,STORE_008,EMP_003,PROD_021,1,365.23,0.24,277.57,card,CUST_4604,VIP
TXN_202502_012463,2025-02-04,REG_08,STORE_024,EMP_015,PROD_036,2,213.83,0.09,389.17,card,CUST_3664,Premium
TXN_202502_012464,2025-02-17,REG_05,STORE_013,EMP_021,PROD_033,1,214.02,0.19,173.36,card,CUST_7119,New
TXN_202502_012465,2025-02-23,REG_02,STORE_005,EMP_002,PROD_020,5,390.83,0.16,1641.49,credit,CUST_6207,Premium
TXN_202502_012466,2025-02-04,REG_09,STORE_026,EMP_009,PROD_009,5,372.69,0.17,1546.66,card,CUST_5099,Premium
TXN_202502_012467,2025-02-15,REG_08,STORE_022,EMP_012,PROD_006,2,60.17,0.1,108.31,cash,CUST_2895,Regular
TXN_202502_012468,2025-02-23,REG_04,STORE_010,EMP_024,PROD_041,2,466.24,0.24,708.68,credit,CUST_6815,New
TXN_202502_012469,2025-02-08,REG_06,STORE_017,EMP_006,PROD_038,1,489.8,0.27,357.55,card,CUST_3786,Regular
TXN_202502_012470,2025-02-06,REG_10,STORE_029,EMP_017,PROD_022,5,251.06,0.0,1255.3,card,CUST_2712,New
TXN_202502_012471,2025-02-17,REG_07,STORE_021,EMP_007,PROD_004,3,489.56,0.11,1307.13,cash,CUST_6529,Regular
TXN_202502_012472,2025-02-02,REG_05,STORE_013,EMP_005,PROD_034,5,325.47,0.2,1301.88,credit,CUST_7993,New
TXN_202502_012473,2025-02-17,REG_04,STORE_011,EMP_004,PROD_002,4,270.99,0.01,1073.12,card,CUST_1938,Regular
TXN_202502_012474,2025-02-15,REG_08,STORE_022,EMP_023,PROD_034,4,324.52,0.22,1012.5,card,CUST_8397,Regular
TXN_202502_012475,2025-02-23,REG_04,STORE_012,EMP_026,PROD_034,3,374.57,0.05,1067.52,credit,CUST_5895,Premium
TXN_202502_012476,2025-02-21,REG_03,STORE_008,EMP_003,PROD_019,1,442.24,0.14,380.33,card,CUST_3155,Premium
TXN_202502_012477,2025-02-25,REG_08,STORE_024,EMP_023,PROD_032,4,376.24,0.22,1173.87,mobile,CUST_2186,New
TXN_202502_012478,2025-02-17,REG_02,STORE_005,EMP_002,PROD_033,5,213.77,0.22,833.7,cash,CUST_6120,Premium
TXN_202502_012479,2025-02-14,REG_08,STORE_023,EMP_012,PROD_046,4,156.57,0.19,507.29,cash,CUST_1723,Regular
TXN_202502_012480,2025-02-19,REG_03,STORE_007,EMP_003,PROD_036,4,244.12,0.26,722.6,credit,CUST_8798,Premium
TXN_202502_012481,2025-02-08,REG_01,STORE_003,EMP_001,PROD_039,1,393.82,0.11,350.5,cash,CUST_7894,Premium
TXN_202502_012482,2025-02-24,REG_03,STORE_008,EMP_003,PROD_027,2,358.26,0.01,709.35,mobile,CUST_7093,Premium
TXN_202502_012483,2025-02-27,REG_06,STORE_016,EMP_006,PROD_004,5,247.27,0.23,951.99,mobile,CUST_1393,VIP
TXN_202502_012484,2025-02-11,REG_06,STORE_017,EMP_006,PROD_015,4,427.15,0.04,1640.26,credit,CUST_3195,Premium
TXN_202502_012485,2025-02-10,REG_04,STORE_010,EMP_004,PROD_009,5,157.36,0.25,590.1,mobile,CUST_6540,Regular
TXN_202502_012486,2025-02-15,REG_05,STORE_014,EMP_005,PROD_023,4,284.55,0.09,1035.76,credit,CUST_1140,Regular
TXN_202502_012487,2025-02-23,REG_03,STORE_008,EMP_003,PROD_042,2,157.76,0.25,236.64,card,CUST_4945,VIP
TXN_202502_012488,2025-02-08,REG_08,STORE_024,EMP_012,PROD_030,5,490.27,0.17,2034.62,card,CUST_3922,VIP
TXN_202502_012489,2025-02-06,REG_02,STORE_006,EMP_002,PROD_030,4,144.64,0.13,503.35,cash,CUST_2188,New
TXN_202502_012490,2025-02-05,REG_07,STORE_020,EMP_007,PROD_024,4,370.81,0.07,1379.41,cash,CUST_4092,Regular
TXN_202502_012491,2025-02-26,REG_10,STORE_029,EMP_017,PROD_001,1,406.3,0.03,394.11,cash,CUST_2893,New
TXN_202502_012492,2025-02-10,REG_03,STORE_009,EMP_014,PROD_044,2,92.29,0.15,156.89,mobile,CUST_7685,Regular
TXN_202502_012493,2025-02-26,REG_08,STORE_023,EMP_015,PROD_028,3,247.6,0.24,564.53,credit,CUST_9567,Regular
TXN_202502_012494,2025-02-23,REG_03,STORE_008,EMP_003,PROD_027,4,52.0,0.15,176.8,cash,CUST_3780,VIP
TXN_202502_012495,2025-02-15,REG_03,STORE_008,EMP_014,PROD_041,4,92.35,0.0,369.4,mobile,CUST_2267,VIP
TXN_202502_012496,2025-02-19,REG_10,STORE_029,EMP_017,PROD_023,4,19.43,0.2,62.18,credit,CUST_1751,Regular
TXN_202502_012497,2025-02-14,REG_02,STORE_005,EMP_002,PROD_017,4,114.34,0.12,402.48,card,CUST_5080,Regular
TXN_202502_012498,2025-02-17,REG_05,STORE_013,EMP_005,PROD_040,5,150.51,0.2,602.04,card,CUST_4901,Regular
TXN_202502_012499,2025-02-01,REG_08,STORE_023,EMP_012,PROD_008,2,485.87,0.17,806.54,mobile,CUST_9361,Premium
TXN_202502_012500,2025-02-02,REG_02,STORE_006,EMP_002,PROD_007,4,245.67,0.22,766.49,mobile,CUST_1211,New
TXN_202502_012501,2025-02-18,REG_06,STORE_016,EMP_006,PROD_046,3,65.38,0.08,180.45,credit,CUST_3790,VIP
TXN_202502_012502,2025-02-16,REG_01,STORE_003,EMP_019,PROD_007,2,22.34,0.02,43.79,card,CUST_6932,Premium
TXN_202502_012503,2025-02-12,REG_05,STORE_014,EMP_021,PROD_010,3,239.66,0.23,553.61,cash,CUST_2989,VIP
TXN_202502_012504,2025-02-16,REG_09,STORE_025,EMP_025,PROD_027,2,103.43,0.07,192.38,card,CUST_2242,VIP
TXN_202502_012505,2025-02-23,REG_04,STORE_011,EMP_004,PROD_047,1,316.51,0.18,259.54,cash,CUST_9123,Regular
TXN_202502_012506,2025-02-08,REG_03,STORE_007,EMP_014,PROD_014,2,258.95,0.08,476.47,credit,CUST_1596,Premium
TXN_202502_012507,2025-02-03,REG_04,STORE_012,EMP_004,PROD_015,3,431.84,0.19,1049.37,cash,CUST_2821,New
TXN_202502_012508,2025-02-08,REG_09,STORE_025,EMP_009,PROD_038,1,274.77,0.2,219.82,card,CUST_7304,New
TXN_202502_012509,2025-02-10,REG_06,STORE_018,EMP_006,PROD_010,5,102.59,0.27,374.45,credit,CUST_9231,Premium
TXN_202502_012510,2025-02-16,REG_07,STORE_021,EMP_007,PROD_034,3,134.84,0.15,343.84,card,CUST_2144,VIP
TXN_202502_012511,2025-02-28,REG_08,STORE_024,EMP_023,PROD_010,1,88.62,0.26,65.58,credit,CUST_9732,New
TXN_202502_012512,2025-02-23,REG_04,STORE_012,EMP_004,PROD_046,2,265.95,0.01,526.58,card,CUST_7394,New
TXN_202502_012513,2025-02-20,REG_01,STORE_003,EMP_018,PROD_008,2,377.49,0.03,732.33,credit,CUST_4917,VIP
TXN_202502_012514,2025-02-17,REG_08,STORE_024,EMP_023,PROD_042,4,143.22,0.11,509.86,card,CUST_4436,Premium
TXN_202502_012515,2025-02-27,REG_08,STORE_023,EMP_015,PROD_050,3,386.32,0.23,892.4,cash,CUST_2113,Premium
TXN_202502_012516,2025-02-06,REG_08,STORE_024,EMP_023,PROD_040,3,76.06,0.05,216.77,mobile,CUST_4806,VIP
TXN_202502_012517,2025-02-16,REG_01,STORE_003,EMP_011,PROD_003,4,366.13,0.11,1303.42,card,CUST_4242,Regular
TXN_202502_012518,2025-02-17,REG_05,STORE_013,EMP_021,PROD_004,1,309.82,0.28,223.07,card,CUST_7261,Premium
TXN_202502_012519,2025-02-18,REG_03,STORE_009,EMP_003,PROD_009,4,341.67,0.2,1093.34,credit,CUST_4448,Regular
TXN_202502_012520,2025-02-25,REG_04,STORE_010,EMP_016,PROD_021,2,235.94,0.14,405.82,mobile,CUST_6238,Premium
TXN_202502_012521,2025-02-28,REG_05,STORE_014,EMP_021,PROD_042,5,233.3,0.03,1131.5,credit,CUST_1444,VIP
TXN_202502_012522,2025-02-26,REG_01,STORE_001,EMP_019,PROD_017,5,225.52,0.17,935.91,cash,CUST_7047,Premium
TXN_202502_012523,2025-02-02,REG_07,STORE_019,EMP_007,PROD_021,5,102.89,0.12,452.72,credit,CUST_2935,Premium
TXN_202502_012524,2025-02-10,REG_01,STORE_002,EMP_001,PROD_033,4,114.5,0.13,398.46,credit,CUST_6540,VIP
TXN_202502_012525,2025-02-08,REG_04,STORE_010,EMP_024,PROD_005,3,478.24,0.25,1076.04,card,CUST_4557,Premium
TXN_202502_012526,2025-02-18,REG_10,STORE_029,EMP_017,PROD_031,1,449.27,0.06,422.31,mobile,CUST_8736,VIP
TXN_202502_012527,2025-02-23,REG_03,STORE_009,EMP_003,PROD_009,4,342.98,0.23,1056.38,mobile,CUST_8733,Premium
TXN_202502_012528,2025-02-25,REG_02,STORE_006,EMP_002,PROD_034,3,248.94,0.08,687.07,credit,CUST_6711,New
TXN_202502_012529,2025-02-22,REG_03,STORE_008,EMP_003,PROD_014,2,361.43,0.15,614.43,credit,CUST_7671,New
TXN_202502_012530,2025-02-09,REG_10,STORE_029,EMP_020,PROD_008,1,250.13,0.13,217.61,mobile,CUST_9763,VIP
TXN_202502_012531,2025-02-14,REG_03,STORE_009,EMP_014,PROD_011,1,197.23,0.27,143.98,credit,CUST_9107,Premium
TXN_202502_012532,2025-02-18,REG_05,STORE_014,EMP_005,PROD_001,2,328.04,0.18,537.99,mobile,CUST_7150,New
TXN_202502_012533,2025-02-20,REG_01,STORE_003,EMP_019,PROD_003,1,271.12,0.13,235.87,cash,CUST_5621,Premium
TXN_202502_012534,2025-02-03,REG_06,STORE_016,EMP_006,PROD_047,1,436.56,0.06,410.37,credit,CUST_7043,Regular
TXN_202502_012535,2025-02-16,REG_02,STORE_006,EMP_002,PROD_037,3,83.6,0.15,213.18,card,CUST_5761,Regular
TXN_202502_012536,2025-02-15,REG_10,STORE_030,EMP_020,PROD_031,3,343.32,0.02,1009.36,mobile,CUST_9878,New
TXN_202502_012537,2025-02-15,REG_04,STORE_011,EMP_026,PROD_050,5,150.94,0.16,633.95,card,CUST_5484,Regular
TXN_202502_012538,2025-02-04,REG_06,STORE_016,EMP_006,PROD_024,1,312.66,0.06,293.9,mobile,CUST_6103,Premium
TXN_202502_012539,2025-02-16,REG_06,STORE_018,EMP_006,PROD_036,4,452.04,0.04,1735.83,cash,CUST_5431,New
TXN_202502_012540,2025-02-25,REG_01,STORE_002,EMP_001,PROD_040,5,219.96,0.07,1022.81,mobile,CUST_7235,New
TXN_202502_012541,2025-02-13,REG_08,STORE_022,EMP_015,PROD_013,4,188.77,0.19,611.61,card,CUST_6751,New
TXN_202502_012542,2025-02-20,REG_07,STORE_019,EMP_007,PROD_028,4,209.99,0.12,739.16,cash,CUST_8867,VIP
TXN_202502_012543,2025-02-05,REG_02,STORE_005,EMP_002,PROD_048,2,273.12,0.23,420.6,card,CUST_8615,VIP
TXN_202502_012544,2025-02-21,REG_09,STORE_025,EMP_009,PROD_022,1,86.04,0.26,63.67,credit,CUST_3667,Regular
TXN_202502_012545,2025-02-26,REG_06,STORE_016,EMP_006,PROD_017,4,209.08,0.13,727.6,card,CUST_5537,New
TXN_202502_012546,2025-02-12,REG_07,STORE_019,EMP_007,PROD_034,1,459.88,0.28,331.11,card,CUST_2814,Premium
TXN_202502_012547,2025-02-09,REG_02,STORE_004,EMP_002,PROD_010,3,147.55,0.2,354.12,cash,CUST_2952,VIP
TXN_202502_012548,2025-02-01,REG_05,STORE_014,EMP_005,PROD_013,4,118.47,0.21,374.37,credit,CUST_3746,Premium
TXN_202502_012549,2025-02-14,REG_05,STORE_015,EMP_005,PROD_022,1,25.73,0.21,20.33,credit,CUST_1528,VIP
TXN_202502_012550,2025-02-10,REG_06,STORE_016,EMP_006,PROD_044,3,441.75,0.0,1325.25,card,CUST_7988,Premium
TXN_202502_012551,2025-02-07,REG_04,STORE_012,EMP_016,PROD_020,1,435.82,0.05,414.03,card,CUST_6860,New
TXN_202502_012552,2025-02-12,REG_02,STORE_004,EMP_002,PROD_032,1,120.46,0.1,108.41,cash,CUST_6927,VIP
TXN_202502_012553,2025-02-07,REG_06,STORE_018,EMP_006,PROD_025,1,134.28,0.0,134.28,mobile,CUST_2400,Regular
TXN_202502_012554,2025-02-21,REG_03,STORE_007,EMP_003,PROD_013,5,286.95,0.17,1190.84,card,CUST_5607,Regular
TXN_202502_012555,2025-02-07,REG_04,STORE_011,EMP_016,PROD_004,2,463.15,0.03,898.51,mobile,CUST_3486,VIP
TXN_202502_012556,2025-02-07,REG_07,STORE_021,EMP_007,PROD_029,3,255.87,0.23,591.06,card,CUST_3324,Premium
TXN_202502_012557,2025-02-11,REG_07,STORE_019,EMP_007,PROD_029,1,159.7,0.09,145.33,cash,CUST_3291,Premium
TXN_202502_012558,2025-02-12,REG_06,STORE_018,EMP_006,PROD_011,2,10.37,0.29,14.73,cash,CUST_8149,Premium
TXN_202502_012559,2025-02-12,REG_05,STORE_015,EMP_005,PROD_024,4,466.17,0.24,1417.16,credit,CUST_9069,Regular
TXN_202502_012560,2025-02-22,REG_08,STORE_024,EMP_012,PROD_042,4,344.1,0.26,1018.54,mobile,CUST_5457,Regular
TXN_202502_012561,2025-02-16,REG_05,STORE_013,EMP_005,PROD_043,5,78.8,0.18,323.08,card,CUST_3764,Regular
TXN_202502_012562,2025-02-15,REG_05,STORE_015,EMP_021,PROD_031,2,81.99,0.17,136.1,mobile,CUST_2277,New
TXN_202502_012563,2025-02-05,REG_09,STORE_026,EMP_027,PROD_015,2,200.39,0.08,368.72,card,CUST_9019,New
TXN_202502_012564,2025-02-18,REG_01,STORE_001,EMP_011,PROD_023,3,332.76,0.29,708.78,card,CUST_1542,VIP
TXN_202502_012565,2025-02-19,REG_09,STORE_026,EMP_009,PROD_002,5,370.83,0.19,1501.86,mobile,CUST_8062,VIP
TXN_202502_012566,2025-02-25,REG_03,STORE_009,EMP_003,PROD_038,1,47.67,0.17,39.57,card,CUST_7165,New
TXN_202502_012567,2025-02-02,REG_06,STORE_017,EMP_006,PROD_017,5,32.17,0.24,122.25,card,CUST_9642,VIP
TXN_202502_012568,2025-02-17,REG_07,STORE_021,EMP_007,PROD_002,5,133.35,0.17,553.4,cash,CUST_8023,Premium
TXN_202502_012569,2025-02-24,REG_09,STORE_025,EMP_022,PROD_018,3,453.66,0.24,1034.34,cash,CUST_6882,Premium
TXN_202502_012570,2025-02-19,REG_08,STORE_022,EMP_008,PROD_047,2,110.5,0.22,172.38,cash,CUST_2315,New
TXN_202502_012571,2025-02-07,REG_03,STORE_008,EMP_003,PROD_007,4,138.26,0.1,497.74,credit,CUST_3370,VIP
TXN_202502_012572,2025-02-19,REG_04,STORE_011,EMP_024,PROD_004,2,432.45,0.2,691.92,credit,CUST_1780,Premium
TXN_202502_012573,2025-02-08,REG_01,STORE_003,EMP_019,PROD_043,2,455.67,0.05,865.77,card,CUST_7832,VIP
TXN_202502_012574,2025-02-23,REG_06,STORE_018,EMP_006,PROD_043,5,164.48,0.07,764.83,card,CUST_2745,New
TXN_202502_012575,2025-02-26,REG_06,STORE_017,EMP_006,PROD_019,5,167.76,0.28,603.94,credit,CUST_8968,Premium
TXN_202502_012576,2025-02-05,REG_04,STORE_012,EMP_004,PROD_007,2,197.66,0.21,312.3,card,CUST_4187,Regular
TXN_202502_012577,2025-02-14,REG_03,STORE_007,EMP_014,PROD_050,4,145.0,0.01,574.2,credit,CUST_3013,Premium
TXN_202502_012578,2025-02-25,REG_02,STORE_005,EMP_002,PROD_042,3,328.86,0.17,818.86,mobile,CUST_9271,VIP
TXN_202502_012579,2025-02-07,REG_04,STORE_011,EMP_024,PROD_021,5,443.48,0.1,1995.66,credit,CUST_3429,VIP
TXN_202502_012580,2025-02-27,REG_04,STORE_012,EMP_016,PROD_031,1,79.46,0.23,61.18,cash,CUST_5793,New
TXN_202502_012581,2025-02-19,REG_01,STORE_003,EMP_011,PROD_043,3,83.72,0.04,241.11,mobile,CUST_9887,VIP
TXN_202502_012582,2025-02-16,REG_10,STORE_030,EMP_013,PROD_009,4,312.54,0.03,1212.66,credit,CUST_8834,Regular
TXN_202502_012583,2025-02-05,REG_05,STORE_014,EMP_005,PROD_011,2,34.23,0.05,65.04,cash,CUST_9774,Premium
TXN_202502_012584,2025-02-04,REG_07,STORE_019,EMP_007,PROD_043,3,151.1,0.28,326.38,credit,CUST_6541,New
TXN_202502_012585,2025-02-24,REG_03,STORE_008,EMP_014,PROD_005,3,74.21,0.19,180.33,mobile,CUST_3239,VIP
TXN_202502_012586,2025-02-17,REG_03,STORE_007,EMP_003,PROD_022,4,171.74,0.25,515.22,cash,CUST_9942,Regular
TXN_202502_012587,2025-02-09,REG_08,STORE_022,EMP_023,PROD_038,1,329.45,0.08,303.09,mobile,CUST_2571,New
TXN_202502_012588,2025-02-07,REG_04,STORE_011,EMP_026,PROD_048,2,474.22,0.2,758.75,card,CUST_8739,Regular
TXN_202502_012589,2025-02-06,REG_05,STORE_015,EMP_021,PROD_017,4,483.48,0.09,1759.87,cash,CUST_3497,VIP
TXN_202502_012590,2025-02-26,REG_02,STORE_005,EMP_002,PROD_026,2,342.73,0.02,671.75,card,CUST_1106,New
TXN_202502_012591,2025-02-05,REG_05,STORE_014,EMP_021,PROD_041,5,116.2,0.07,540.33,cash,CUST_6431,Regular
TXN_202502_012592,2025-02-23,REG_01,STORE_003,EMP_011,PROD_029,2,30.74,0.29,43.65,cash,CUST_1414,New
TXN_202502_012593,2025-02-19,REG_02,STORE_004,EMP_002,PROD_025,1,445.18,0.04,427.37,cash,CUST_6914,New
TXN_202502_012594,2025-02-05,REG_10,STORE_028,EMP_028,PROD_017,5,186.13,0.09,846.89,credit,CUST_8013,VIP
TXN_202502_012595,2025-02-19,REG_03,STORE_007,EMP_014,PROD_004,5,173.69,0.18,712.13,cash,CUST_9933,VIP
TXN_202502_012596,2025-02-02,REG_04,STORE_011,EMP_004,PROD_048,5,362.92,0.14,1560.56,card,CUST_4395,Regular
TXN_202502_012597,2025-02-12,REG_09,STORE_025,EMP_027,PROD_044,3,118.24,0.13,308.61,mobile,CUST_4536,VIP
TXN_202502_012598,2025-02-20,REG_08,STORE_024,EMP_008,PROD_043,1,306.79,0.2,245.43,cash,CUST_8838,VIP
TXN_202502_012599,2025-02-20,REG_09,STORE_025,EMP_025,PROD_031,2,31.83,0.16,53.47,card,CUST_4182,Regular
TXN_202502_012600,2025-02-21,REG_03,STORE_007,EMP_003,PROD_025,5,160.13,0.17,664.54,mobile,CUST_3511,VIP
TXN_202502_012601,2025-02-12,REG_07,STORE_019,EMP_007,PROD_029,1,302.97,0.05,287.82,mobile,CUST_9222,VIP
TXN_202502_012602,2025-02-26,REG_07,STORE_020,EMP_007,PROD_041,4,110.15,0.13,383.32,cash,CUST_9301,Premium
TXN_202502_012603,2025-02-02,REG_04,STORE_012,EMP_029,PROD_014,4,196.89,0.03,763.93,mobile,CUST_8121,VIP
TXN_202502_012604,2025-02-14,REG_06,STORE_017,EMP_006,PROD_032,2,368.17,0.1,662.71,credit,CUST_8959,Regular
TXN_202502_012605,2025-02-15,REG_02,STORE_005,EMP_002,PROD_049,3,190.39,0.14,491.21,credit,CUST_2393,New
TXN_202502_012606,2025-02-27,REG_04,STORE_012,EMP_030,PROD_007,1,88.45,0.19,71.64,card,CUST_6999,VIP
TXN_202502_012607,2025-02-21,REG_08,STORE_022,EMP_015,PROD_026,4,83.93,0.27,245.08,mobile,CUST_5129,Premium
TXN_202502_012608,2025-02-18,REG_07,STORE_020,EMP_007,PROD_014,2,381.46,0.14,656.11,cash,CUST_9151,Premium
TXN_202502_012609,2025-02-27,REG_05,STORE_014,EMP_005,PROD_012,4,274.32,0.26,811.99,cash,CUST_9133,Premium
TXN_202502_012610,2025-02-27,REG_08,STORE_022,EMP_015,PROD_037,5,304.9,0.3,1067.15,card,CUST_4365,Regular
TXN_202502_012611,2025-02-05,REG_08,STORE_023,EMP_015,PROD_004,4,480.33,0.3,1344.92,credit,CUST_2489,Premium
TXN_202502_012612,2025-02-11,REG_02,STORE_006,EMP_002,PROD_040,2,60.74,0.09,110.55,cash,CUST_7747,Regular
TXN_202502_012613,2025-02-18,REG_04,STORE_012,EMP_029,PROD_013,4,118.03,0.16,396.58,cash,CUST_4455,New
TXN_202502_012614,2025-02-02,REG_05,STORE_015,EMP_021,PROD_007,4,36.88,0.17,122.44,cash,CUST_4343,VIP
TXN_202502_012615,2025-02-12,REG_10,STORE_028,EMP_010,PROD_046,2,58.69,0.0,117.38,cash,CUST_6290,VIP
TXN_202502_012616,2025-02-25,REG_05,STORE_015,EMP_005,PROD_050,5,156.43,0.21,617.9,mobile,CUST_9193,Premium
TXN_202502_012617,2025-02-17,REG_04,STORE_011,EMP_024,PROD_047,5,356.68,0.05,1694.23,cash,CUST_8766,VIP
TXN_202502_012618,2025-02-06,REG_02,STORE_005,EMP_002,PROD_004,3,368.82,0.03,1073.27,credit,CUST_2989,VIP
TXN_202502_012619,2025-02-23,REG_06,STORE_018,EMP_006,PROD_011,1,493.42,0.25,370.06,credit,CUST_3277,VIP
TXN_202502_012620,2025-02-11,REG_03,STORE_008,EMP_014,PROD_025,5,297.37,0.02,1457.11,cash,CUST_3034,New
TXN_202502_012621,2025-02-25,REG_07,STORE_021,EMP_007,PROD_010,4,167.56,0.09,609.92,cash,CUST_1183,Premium
TXN_202502_012622,2025-02-12,REG_05,STORE_014,EMP_005,PROD_001,3,420.61,0.1,1135.65,card,CUST_3058,Premium
TXN_202502_012623,2025-02-26,REG_06,STORE_017,EMP_006,PROD_018,3,476.83,0.24,1087.17,mobile,CUST_2455,Premium
TXN_202502_012624,2025-02-24,REG_01,STORE_003,EMP_019,PROD_026,5,125.44,0.13,545.66,mobile,CUST_9742,New
TXN_202502_012625,2025-02-14,REG_03,STORE_009,EMP_014,PROD_017,2,357.86,0.03,694.25,cash,CUST_8200,New
TXN_202502_012626,2025-02-22,REG_04,STORE_011,EMP_024,PROD_037,3,302.05,0.25,679.61,cash,CUST_5957,VIP
TXN_202502_012627,2025-02-08,REG_04,STORE_011,EMP_030,PROD_005,3,66.47,0.18,163.52,card,CUST_7012,Premium
TXN_202502_012628,2025-02-07,REG_09,STORE_026,EMP_022,PROD_021,4,253.04,0.08,931.19,credit,CUST_1688,VIP
TXN_202502_012629,2025-02-12,REG_04,STORE_011,EMP_004,PROD_037,3,28.57,0.03,83.14,credit,CUST_1842,Regular
TXN_202502_012630,2025-02-10,REG_02,STORE_004,EMP_002,PROD_032,4,26.25,0.22,81.9,mobile,CUST_8966,Premium
TXN_202502_012631,2025-02-12,REG_04,STORE_012,EMP_004,PROD_039,5,384.35,0.14,1652.7,cash,CUST_4522,New
TXN_202502_012632,2025-02-15,REG_08,STORE_024,EMP_023,PROD_044,1,133.28,0.27,97.29,card,CUST_5188,VIP
TXN_202502_012633,2025-02-25,REG_03,STORE_007,EMP_014,PROD_049,3,466.48,0.03,1357.46,card,CUST_6539,New
TXN_202502_012634,2025-02-04,REG_03,STORE_008,EMP_014,PROD_028,1,493.16,0.28,355.08,credit,CUST_3085,Regular
TXN_202502_012635,2025-02-19,REG_09,STORE_027,EMP_009,PROD_021,3,113.63,0.06,320.44,card,CUST_8138,New
TXN_202502_012636,2025-02-15,REG_06,STORE_017,EMP_006,PROD_004,5,181.22,0.11,806.43,mobile,CUST_1571,VIP
TXN_202502_012637,2025-02-07,REG_03,STORE_008,EMP_003,PROD_016,2,355.51,0.14,611.48,credit,CUST_4939,VIP
TXN_202502_012638,2025-02-05,REG_10,STORE_028,EMP_020,PROD_034,3,61.38,0.26,136.26,mobile,CUST_8237,Regular
TXN_202502_012639,2025-02-17,REG_01,STORE_001,EMP_019,PROD_041,1,330.3,0.16,277.45,cash,CUST_8276,Premium
TXN_202502_012640,2025-02-12,REG_08,STORE_023,EMP_023,PROD_010,5,183.76,0.11,817.73,credit,CUST_4848,Regular
TXN_202502_012641,2025-02-21,REG_06,STORE_016,EMP_006,PROD_050,2,128.56,0.03,249.41,card,CUST_2747,VIP
TXN_202502_012642,2025-02-16,REG_01,STORE_001,EMP_011,PROD_038,2,235.4,0.01,466.09,card,CUST_4902,VIP
TXN_202502_012643,2025-02-07,REG_08,STORE_024,EMP_012,PROD_042,5,24.95,0.25,93.56,mobile,CUST_3576,Regular
TXN_202502_012644,2025-02-21,REG_07,STORE_019,EMP_007,PROD_045,5,32.98,0.07,153.36,cash,CUST_8253,New
TXN_202502_012645,2025-02-03,REG_06,STORE_018,EMP_006,PROD_020,5,369.18,0.15,1569.02,cash,CUST_9345,VIP
TXN_202502_012646,2025-02-23,REG_07,STORE_020,EMP_007,PROD_018,4,196.51,0.27,573.81,mobile,CUST_9946,Premium
TXN_202502_012647,2025-02-10,REG_08,STORE_024,EMP_015,PROD_039,3,35.33,0.16,89.03,credit,CUST_5393,Regular
TXN_202502_012648,2025-02-05,REG_07,STORE_019,EMP_007,PROD_012,4,121.87,0.01,482.61,card,CUST_7377,VIP
TXN_202502_012649,2025-02-07,REG_01,STORE_002,EMP_011,PROD_048,1,157.75,0.07,146.71,mobile,CUST_6084,Premium
TXN_202502_012650,2025-02-16,REG_09,STORE_026,EMP_009,PROD_039,3,100.96,0.07,281.68,card,CUST_5680,VIP
TXN_202502_012651,2025-02-20,REG_05,STORE_014,EMP_021,PROD_025,1,35.41,0.21,27.97,credit,CUST_6790,Premium
TXN_202502_012652,2025-02-23,REG_06,STORE_017,EMP_006,PROD_025,3,471.84,0.2,1132.42,credit,CUST_2797,New
TXN_202502_012653,2025-02-04,REG_07,STORE_021,EMP_007,PROD_013,2,364.44,0.25,546.66,cash,CUST_8532,Regular
TXN_202502_012654,2025-02-24,REG_10,STORE_030,EMP_028,PROD_034,5,431.05,0.27,1573.33,card,CUST_8186,New
TXN_202502_012655,2025-02-01,REG_10,STORE_030,EMP_028,PROD_030,2,60.31,0.14,103.73,card,CUST_4988,New
TXN_202502_012656,2025-02-15,REG_02,STORE_006,EMP_002,PROD_044,4,283.44,0.03,1099.75,credit,CUST_3589,New
TXN_202502_012657,2025-02-19,REG_10,STORE_029,EMP_010,PROD_030,2,276.5,0.29,392.63,mobile,CUST_1426,Premium
TXN_202502_012658,2025-02-19,REG_07,STORE_020,EMP_007,PROD_014,5,465.15,0.2,1860.6,card,CUST_4926,Premium
TXN_202502_012659,2025-02-06,REG_01,STORE_003,EMP_001,PROD_012,5,337.98,0.15,1436.41,cash,CUST_6598,VIP
TXN_202502_012660,2025-02-07,REG_01,STORE_002,EMP_018,PROD_029,4,272.14,0.06,1023.25,card,CUST_6005,VIP
TXN_202502_012661,2025-02-13,REG_05,STORE_013,EMP_021,PROD_005,1,248.0,0.08,228.16,mobile,CUST_1596,Premium
TXN_202502_012662,2025-02-21,REG_07,STORE_021,EMP_007,PROD_022,4,123.46,0.03,479.02,cash,CUST_1214,VIP
TXN_202502_012663,2025-02-05,REG_08,STORE_023,EMP_023,PROD_013,3,226.05,0.03,657.81,card,CUST_1346,Regular
TXN_202502_012664,2025-02-24,REG_04,STORE_012,EMP_029,PROD_014,1,234.21,0.17,194.39,mobile,CUST_7310,New
TXN_202502_012665,2025-02-07,REG_08,STORE_022,EMP_012,PROD_017,3,194.38,0.26,431.52,card,CUST_5729,Premium
TXN_202502_012666,2025-02-12,REG_05,STORE_013,EMP_005,PROD_050,3,213.93,0.08,590.45,card,CUST_2750,New
TXN_202502_012667,2025-02-04,REG_05,STORE_013,EMP_021,PROD_043,5,177.71,0.23,684.18,mobile,CUST_4594,Premium
TXN_202502_012668,2025-02-02,REG_07,STORE_021,EMP_007,PROD_016,2,119.2,0.18,195.49,mobile,CUST_3335,New
TXN_202502_012669,2025-02-25,REG_06,STORE_016,EMP_006,PROD_005,1,222.58,0.03,215.9,credit,CUST_2234,Premium
TXN_202502_012670,2025-02-04,REG_07,STORE_021,EMP_007,PROD_027,2,266.08,0.19,431.05,cash,CUST_1039,New
TXN_202502_012671,2025-02-16,REG_05,STORE_015,EMP_021,PROD_040,3,307.01,0.0,921.03,cash,CUST_8499,New
TXN_202502_012672,2025-02-11,REG_05,STORE_014,EMP_005,PROD_014,1,89.68,0.05,85.2,card,CUST_4969,Regular
TXN_202502_012673,2025-02-21,REG_02,STORE_005,EMP_002,PROD_017,3,191.35,0.17,476.46,card,CUST_9826,New
TXN_202502_012674,2025-02-25,REG_01,STORE_002,EMP_001,PROD_035,1,317.78,0.07,295.54,card,CUST_8394,Regular
TXN_202502_012675,2025-02-05,REG_04,STORE_011,EMP_016,PROD_015,3,372.54,0.02,1095.27,mobile,CUST_9543,Premium
TXN_202502_012676,2025-02-27,REG_07,STORE_021,EMP_007,PROD_001,1,72.77,0.08,66.95,card,CUST_5062,Regular
TXN_202502_012677,2025-02-22,REG_04,STORE_011,EMP_026,PROD_024,2,300.11,0.26,444.16,cash,CUST_1341,Regular
TXN_202502_012678,2025-02-03,REG_02,STORE_004,EMP_002,PROD_003,5,382.16,0.2,1528.64,card,CUST_4260,Premium
TXN_202502_012679,2025-02-03,REG_09,STORE_027,EMP_009,PROD_037,1,461.42,0.19,373.75,cash,CUST_4392,Premium
TXN_202502_012680,2025-02-02,REG_09,STORE_025,EMP_027,PROD_046,4,314.43,0.15,1069.06,card,CUST_5521,New
TXN_202502_012681,2025-02-09,REG_09,STORE_025,EMP_027,PROD_005,3,341.85,0.1,923.0,cash,CUST_6861,New
TXN_202502_012682,2025-02-28,REG_10,STORE_028,EMP_020,PROD_048,4,103.69,0.19,335.96,credit,CUST_8164,Regular
TXN_202502_012683,2025-02-04,REG_03,STORE_009,EMP_014,PROD_045,4,19.92,0.14,68.52,credit,CUST_8772,Regular
TXN_202502_012684,2025-02-23,REG_08,STORE_023,EMP_012,PROD_040,1,435.39,0.14,374.44,card,CUST_5217,VIP
TXN_202502_012685,2025-02-03,REG_01,STORE_001,EMP_001,PROD_013,3,258.22,0.29,550.01,card,CUST_8269,New
TXN_202502_012686,2025-02-27,REG_06,STORE_016,EMP_006,PROD_011,4,286.04,0.05,1086.95,credit,CUST_6464,Regular
TXN_202502_012687,2025-02-07,REG_08,STORE_023,EMP_012,PROD_008,4,84.08,0.11,299.32,card,CUST_4634,Regular
TXN_202502_012688,2025-02-05,REG_04,STORE_012,EMP_029,PROD_014,4,273.18,0.17,906.96,mobile,CUST_4871,New
TXN_202502_012689,2025-02-13,REG_05,STORE_013,EMP_005,PROD_040,1,340.78,0.26,252.18,credit,CUST_7400,VIP
TXN_202502_012690,2025-02-10,REG_05,STORE_013,EMP_021,PROD_018,1,223.62,0.13,194.55,mobile,CUST_6228,VIP
TXN_202502_012691,2025-02-09,REG_05,STORE_013,EMP_005,PROD_007,2,126.71,0.21,200.2,cash,CUST_3014,Premium
TXN_202502_012692,2025-02-06,REG_04,STORE_010,EMP_004,PROD_025,5,215.5,0.02,1055.95,credit,CUST_6289,Premium
TXN_202502_012693,2025-02-01,REG_06,STORE_017,EMP_006,PROD_035,5,15.88,0.01,78.61,mobile,CUST_5552,Premium
TXN_202502_012694,2025-02-20,REG_01,STORE_003,EMP_001,PROD_002,3,135.33,0.16,341.03,credit,CUST_2702,VIP
TXN_202502_012695,2025-02-03,REG_09,STORE_025,EMP_009,PROD_041,5,94.36,0.12,415.18,credit,CUST_6026,VIP
TXN_202502_012696,2025-02-05,REG_04,STORE_012,EMP_030,PROD_044,5,101.31,0.14,435.63,cash,CUST_6204,Premium
TXN_202502_012697,2025-02-20,REG_02,STORE_006,EMP_002,PROD_049,1,290.65,0.0,290.65,cash,CUST_6535,Premium
TXN_202502_012698,2025-02-11,REG_03,STORE_008,EMP_014,PROD_002,5,328.73,0.27,1199.86,cash,CUST_4007,Premium
TXN_202502_012699,2025-02-17,REG_09,STORE_026,EMP_009,PROD_042,1,338.64,0.02,331.87,card,CUST_9931,New
TXN_202502_012700,2025-02-14,REG_10,STORE_030,EMP_013,PROD_009,5,351.32,0.25,1317.45,card,CUST_9925,Premium
TXN_202502_012701,2025-02-03,REG_08,STORE_022,EMP_023,PROD_030,4,306.86,0.18,1006.5,card,CUST_9916,New
TXN_202502_012702,2025-02-02,REG_05,STORE_014,EMP_005,PROD_020,1,148.38,0.15,126.12,card,CUST_6940,Regular
TXN_202502_012703,2025-02-02,REG_01,STORE_001,EMP_001,PROD_039,2,470.33,0.13,818.37,mobile,CUST_8672,New
TXN_202502_012704,2025-02-07,REG_03,STORE_007,EMP_003,PROD_037,5,12.09,0.06,56.82,mobile,CUST_2614,Premium
TXN_202502_012705,2025-02-23,REG_04,STORE_012,EMP_030,PROD_040,5,69.61,0.3,243.63,credit,CUST_2042,Regular
TXN_202502_012706,2025-02-11,REG_02,STORE_006,EMP_002,PROD_015,2,225.43,0.16,378.72,credit,CUST_2217,VIP
TXN_202502_012707,2025-02-03,REG_01,STORE_002,EMP_011,PROD_048,5,313.67,0.09,1427.2,mobile,CUST_2085,VIP
TXN_202502_012708,2025-02-12,REG_05,STORE_013,EMP_005,PROD_022,3,484.26,0.23,1118.64,cash,CUST_1451,Premium
TXN_202502_012709,2025-02-07,REG_01,STORE_003,EMP_018,PROD_036,5,435.0,0.23,1674.75,card,CUST_3114,New
TXN_202502_012710,2025-02-12,REG_09,STORE_025,EMP_025,PROD_003,2,469.75,0.08,864.34,card,CUST_2646,Premium
TXN_202502_012711,2025-02-24,REG_02,STORE_006,EMP_002,PROD_012,5,325.44,0.21,1285.49,card,CUST_4701,New
TXN_202502_012712,2025-02-05,REG_08,STORE_023,EMP_023,PROD_011,2,303.85,0.28,437.54,credit,CUST_4141,New
TXN_202502_012713,2025-02-14,REG_02,STORE_005,EMP_002,PROD_048,3,297.82,0.01,884.53,cash,CUST_3510,Regular
TXN_202502_012714,2025-02-22,REG_03,STORE_009,EMP_003,PROD_046,1,64.68,0.19,52.39,card,CUST_4799,Regular
TXN_202502_012715,2025-02-05,REG_08,STORE_024,EMP_015,PROD_042,4,203.25,0.23,626.01,credit,CUST_8387,New
TXN_202502_012716,2025-02-25,REG_03,STORE_008,EMP_014,PROD_008,4,289.82,0.26,857.87,cash,CUST_9458,New
TXN_202502_012717,2025-02-25,REG_08,STORE_024,EMP_023,PROD_045,3,372.51,0.0,1117.53,mobile,CUST_4874,Premium
TXN_202502_012718,2025-02-24,REG_02,STORE_005,EMP_002,PROD_040,3,204.12,0.13,532.75,cash,CUST_8575,Premium
TXN_202502_012719,2025-02-18,REG_01,STORE_002,EMP_011,PROD_038,2,78.58,0.19,127.3,card,CUST_6193,New
TXN_202502_012720,2025-02-22,REG_09,STORE_026,EMP_022,PROD_026,1,258.99,0.16,217.55,credit,CUST_7242,Premium
TXN_202502_012721,2025-02-08,REG_09,STORE_025,EMP_009,PROD_043,1,36.53,0.13,31.78,card,CUST_5632,New
TXN_202502_012722,2025-02-16,REG_07,STORE_021,EMP_007,PROD_023,5,60.98,0.19,246.97,cash,CUST_2428,Premium
TXN_202502_012723,2025-02-27,REG_05,STORE_015,EMP_021,PROD_019,4,326.46,0.1,1175.26,card,CUST_5297,Premium
TXN_202502_012724,2025-02-12,REG_04,STORE_010,EMP_030,PROD_041,4,306.8,0.27,895.86,cash,CUST_7001,VIP
TXN_202502_012725,2025-02-13,REG_05,STORE_013,EMP_005,PROD_043,4,385.13,0.19,1247.82,mobile,CUST_8017,Regular
TXN_202502_012726,2025-02-18,REG_10,STORE_030,EMP_010,PROD_007,5,464.05,0.2,1856.2,card,CUST_3688,Regular
TXN_202502_012727,2025-02-19,REG_06,STORE_017,EMP_006,PROD_033,2,29.68,0.23,45.71,mobile,CUST_2537,VIP
TXN_202502_012728,2025-02-26,REG_01,STORE_001,EMP_011,PROD_006,3,74.93,0.23,173.09,mobile,CUST_4755,New
TXN_202502_012729,2025-02-24,REG_02,STORE_006,EMP_002,PROD_008,4,424.9,0.14,1461.66,mobile,CUST_6914,New
TXN_202502_012730,2025-02-23,REG_09,STORE_027,EMP_022,PROD_008,5,277.14,0.07,1288.7,cash,CUST_2060,New
TXN_202502_012731,2025-02-28,REG_08,STORE_024,EMP_015,PROD_048,5,128.87,0.07,599.25,card,CUST_8159,VIP
TXN_202502_012732,2025-02-06,REG_09,STORE_026,EMP_027,PROD_037,5,361.51,0.15,1536.42,credit,CUST_5093,Premium
TXN_202502_012733,2025-02-22,REG_03,STORE_009,EMP_003,PROD_031,3,360.35,0.07,1005.38,credit,CUST_2420,VIP
TXN_202502_012734,2025-02-19,REG_07,STORE_019,EMP_007,PROD_002,4,258.23,0.05,981.27,mobile,CUST_1838,VIP
TXN_202502_012735,2025-02-12,REG_09,STORE_027,EMP_025,PROD_048,1,194.01,0.08,178.49,mobile,CUST_9529,Regular
TXN_202502_012736,2025-02-14,REG_01,STORE_002,EMP_011,PROD_007,5,89.05,0.21,351.75,mobile,CUST_6280,Premium
TXN_202502_012737,2025-02-10,REG_09,STORE_026,EMP_022,PROD_036,3,121.85,0.21,288.78,credit,CUST_6727,Premium
TXN_202502_012738,2025-02-07,REG_01,STORE_001,EMP_011,PROD_038,5,185.83,0.23,715.45,cash,CUST_3073,VIP
TXN_202502_012739,2025-02-12,REG_08,STORE_022,EMP_008,PROD_039,4,280.56,0.16,942.68,mobile,CUST_8301,VIP
TXN_202502_012740,2025-02-13,REG_04,STORE_012,EMP_024,PROD_002,3,181.46,0.22,424.62,cash,CUST_1098,New
TXN_202502_012741,2025-02-12,REG_04,STORE_010,EMP_004,PROD_019,2,338.86,0.0,677.72,credit,CUST_8000,Regular
TXN_202502_012742,2025-02-19,REG_03,STORE_008,EMP_014,PROD_030,4,276.53,0.27,807.47,cash,CUST_1783,New
TXN_202502_012743,2025-02-01,REG_08,STORE_023,EMP_008,PROD_048,1,148.25,0.14,127.5,mobile,CUST_5872,Premium
TXN_202502_012744,2025-02-15,REG_06,STORE_016,EMP_006,PROD_046,5,83.11,0.17,344.91,cash,CUST_8780,Premium
TXN_202502_012745,2025-02-06,REG_01,STORE_001,EMP_011,PROD_038,5,19.69,0.22,76.79,cash,CUST_3472,VIP
TXN_202502_012746,2025-02-22,REG_04,STORE_010,EMP_026,PROD_002,2,304.78,0.3,426.69,mobile,CUST_2527,New
TXN_202502_012747,2025-02-10,REG_07,STORE_019,EMP_007,PROD_050,1,473.77,0.06,445.34,cash,CUST_2690,Premium
TXN_202502_012748,2025-02-23,REG_08,STORE_023,EMP_015,PROD_042,1,394.83,0.19,319.81,credit,CUST_2586,New
TXN_202502_012749,2025-02-06,REG_08,STORE_022,EMP_023,PROD_033,5,356.6,0.23,1372.91,mobile,CUST_2316,VIP
TXN_202502_012750,2025-02-19,REG_01,STORE_003,EMP_011,PROD_028,5,421.28,0.12,1853.63,mobile,CUST_9584,Regular
TXN_202502_012751,2025-02-21,REG_08,STORE_023,EMP_015,PROD_026,5,269.47,0.25,1010.51,cash,CUST_6917,VIP
TXN_202502_012752,2025-02-12,REG_06,STORE_018,EMP_006,PROD_035,3,52.87,0.09,144.34,credit,CUST_4691,New
TXN_202502_012753,2025-02-05,REG_07,STORE_021,EMP_007,PROD_030,4,107.39,0.04,412.38,credit,CUST_7402,Premium
TXN_202502_012754,2025-02-18,REG_09,STORE_025,EMP_025,PROD_003,3,232.49,0.03,676.55,cash,CUST_8573,New
TXN_202502_012755,2025-02-11,REG_10,STORE_028,EMP_020,PROD_030,2,348.64,0.04,669.39,cash,CUST_1540,New
TXN_202502_012756,2025-02-01,REG_07,STORE_020,EMP_007,PROD_004,1,287.66,0.04,276.15,cash,CUST_6866,New
TXN_202502_012757,2025-02-28,REG_03,STORE_008,EMP_003,PROD_040,4,269.91,0.27,788.14,mobile,CUST_4425,New
TXN_202502_012758,2025-02-05,REG_04,STORE_012,EMP_026,PROD_014,1,25.82,0.24,19.62,credit,CUST_1246,VIP
TXN_202502_012759,2025-02-19,REG_06,STORE_018,EMP_006,PROD_026,1,25.66,0.22,20.01,mobile,CUST_3553,VIP
TXN_202502_012760,2025-02-24,REG_02,STORE_004,EMP_002,PROD_038,5,168.71,0.29,598.92,card,CUST_1109,New
TXN_202502_012761,2025-02-07,REG_06,STORE_018,EMP_006,PROD_016,3,78.29,0.06,220.78,credit,CUST_4784,Regular
TXN_202502_012762,2025-02-23,REG_03,STORE_007,EMP_014,PROD_032,4,238.33,0.16,800.79,cash,CUST_2890,Regular
TXN_202502_012763,2025-02-24,REG_02,STORE_004,EMP_002,PROD_042,4,60.68,0.01,240.29,mobile,CUST_4305,New
TXN_202502_012764,2025-02-23,REG_10,STORE_028,EMP_028,PROD_032,4,75.62,0.07,281.31,credit,CUST_2247,Regular
TXN_202502_012765,2025-02-23,REG_06,STORE_016,EMP_006,PROD_050,3,29.93,0.18,73.63,card,CUST_3341,VIP
TXN_202502_012766,2025-02-21,REG_04,STORE_010,EMP_004,PROD_007,4,30.5,0.28,87.84,mobile,CUST_9918,Premium
TXN_202502_012767,2025-02-17,REG_09,STORE_026,EMP_009,PROD_048,2,359.29,0.26,531.75,mobile,CUST_6415,Premium
TXN_202502_012768,2025-02-18,REG_02,STORE_004,EMP_002,PROD_037,5,368.49,0.05,1750.33,card,CUST_1718,New
TXN_202502_012769,2025-02-13,REG_02,STORE_005,EMP_002,PROD_021,3,496.32,0.12,1310.28,credit,CUST_3557,New
TXN_202502_012770,2025-02-08,REG_08,STORE_022,EMP_008,PROD_029,3,302.47,0.14,780.37,credit,CUST_7583,Premium
TXN_202502_012771,2025-02-02,REG_08,STORE_023,EMP_008,PROD_040,1,239.7,0.08,220.52,cash,CUST_2000,Regular
TXN_202502_012772,2025-02-10,REG_09,STORE_027,EMP_025,PROD_032,1,134.4,0.06,126.34,card,CUST_5526,New
TXN_202502_012773,2025-02-12,REG_06,STORE_018,EMP_006,PROD_007,1,206.45,0.03,200.26,card,CUST_8127,New
TXN_202502_012774,2025-02-28,REG_05,STORE_013,EMP_021,PROD_041,2,315.09,0.29,447.43,credit,CUST_1957,Regular
TXN_202502_012775,2025-02-16,REG_08,STORE_023,EMP_015,PROD_038,4,403.32,0.12,1419.69,mobile,CUST_5100,New
TXN_202502_012776,2025-02-11,REG_06,STORE_016,EMP_006,PROD_011,3,496.57,0.26,1102.39,cash,CUST_1008,Regular
TXN_202502_012777,2025-02-26,REG_04,STORE_010,EMP_030,PROD_048,1,140.41,0.16,117.94,mobile,CUST_7061,Regular
TXN_202502_012778,2025-02-24,REG_05,STORE_014,EMP_005,PROD_005,3,470.28,0.2,1128.67,cash,CUST_3218,Premium
TXN_202502_012779,2025-02-08,REG_05,STORE_013,EMP_005,PROD_008,5,437.43,0.2,1749.72,cash,CUST_9071,Regular
TXN_202502_012780,2025-02-23,REG_05,STORE_013,EMP_021,PROD_014,4,318.41,0.06,1197.22,credit,CUST_7733,New
TXN_202502_012781,2025-02-03,REG_06,STORE_018,EMP_006,PROD_003,2,49.96,0.19,80.94,credit,CUST_5051,Regular
TXN_202502_012782,2025-02-26,REG_08,STORE_022,EMP_015,PROD_024,5,33.83,0.2,135.32,card,CUST_5453,New
TXN_202502_012783,2025-02-18,REG_01,STORE_003,EMP_011,PROD_020,2,447.6,0.1,805.68,credit,CUST_1391,Premium
TXN_202502_012784,2025-02-20,REG_09,STORE_025,EMP_025,PROD_038,2,315.75,0.28,454.68,mobile,CUST_1807,New
TXN_202502_012785,2025-02-11,REG_01,STORE_001,EMP_018,PROD_032,1,488.65,0.14,420.24,cash,CUST_2249,VIP
TXN_202502_012786,2025-02-27,REG_08,STORE_023,EMP_012,PROD_019,2,310.23,0.26,459.14,card,CUST_9417,VIP
TXN_202502_012787,2025-02-05,REG_01,STORE_003,EMP_001,PROD_004,3,447.68,0.21,1061.0,credit,CUST_6316,New
TXN_202502_012788,2025-02-15,REG_06,STORE_016,EMP_006,PROD_010,5,410.47,0.06,1929.21,mobile,CUST_4957,New
TXN_202502_012789,2025-02-21,REG_03,STORE_007,EMP_003,PROD_007,4,109.75,0.03,425.83,cash,CUST_2707,New
TXN_202502_012790,2025-02-22,REG_08,STORE_024,EMP_012,PROD_022,1,42.14,0.22,32.87,credit,CUST_8526,Regular
TXN_202502_012791,2025-02-26,REG_09,STORE_025,EMP_025,PROD_048,5,201.29,0.27,734.71,mobile,CUST_9655,New
TXN_202502_012792,2025-02-14,REG_06,STORE_017,EMP_006,PROD_048,5,34.25,0.0,171.25,mobile,CUST_5535,Regular
TXN_202502_012793,2025-02-01,REG_06,STORE_017,EMP_006,PROD_045,4,79.72,0.1,286.99,credit,CUST_5858,Premium
TXN_202502_012794,2025-02-02,REG_04,STORE_010,EMP_016,PROD_036,5,20.13,0.19,81.53,mobile,CUST_6089,Regular
TXN_202502_012795,2025-02-09,REG_06,STORE_016,EMP_006,PROD_020,1,434.65,0.25,325.99,cash,CUST_6797,VIP
TXN_202502_012796,2025-02-07,REG_08,STORE_024,EMP_015,PROD_021,4,497.16,0.21,1571.03,credit,CUST_6945,Regular
TXN_202502_012797,2025-02-20,REG_07,STORE_019,EMP_007,PROD_001,1,186.52,0.02,182.79,credit,CUST_2410,New
TXN_202502_012798,2025-02-04,REG_05,STORE_015,EMP_021,PROD_032,1,182.05,0.1,163.85,mobile,CUST_1240,VIP
TXN_202502_012799,2025-02-09,REG_03,STORE_009,EMP_014,PROD_041,1,76.82,0.12,67.6,mobile,CUST_7090,VIP
TXN_202502_012800,2025-02-22,REG_10,STORE_029,EMP_020,PROD_005,5,167.56,0.01,829.42,card,CUST_6968,Premium
TXN_202502_012801,2025-02-19,REG_06,STORE_016,EMP_006,PROD_002,3,181.2,0.18,445.75,credit,CUST_8550,VIP
TXN_202502_012802,2025-02-03,REG_08,STORE_022,EMP_012,PROD_047,1,496.45,0.24,377.3,card,CUST_5101,New
TXN_202502_012803,2025-02-14,REG_06,STORE_016,EMP_006,PROD_011,4,41.61,0.25,124.83,card,CUST_6153,Regular
TXN_202502_012804,2025-02-04,REG_03,STORE_009,EMP_014,PROD_031,2,272.63,0.18,447.11,card,CUST_8235,New
TXN_202502_012805,2025-02-13,REG_10,STORE_030,EMP_017,PROD_024,3,256.12,0.18,630.06,card,CUST_7847,VIP
TXN_202502_012806,2025-02-05,REG_08,STORE_024,EMP_012,PROD_025,1,17.53,0.06,16.48,cash,CUST_8065,VIP
TXN_202502_012807,2025-02-20,REG_10,STORE_028,EMP_010,PROD_007,5,461.03,0.06,2166.84,credit,CUST_2832,Regular
TXN_202502_012808,2025-02-26,REG_02,STORE_005,EMP_002,PROD_021,3,162.18,0.02,476.81,credit,CUST_4930,VIP
TXN_202502_012809,2025-02-28,REG_06,STORE_016,EMP_006,PROD_017,5,101.47,0.22,395.73,card,CUST_9039,Regular
TXN_202502_012810,2025-02-01,REG_10,STORE_030,EMP_010,PROD_019,2,16.46,0.02,32.26,card,CUST_8877,Regular
TXN_202502_012811,2025-02-19,REG_09,STORE_026,EMP_022,PROD_035,3,459.05,0.16,1156.81,credit,CUST_2638,Regular
TXN_202502_012812,2025-02-26,REG_08,STORE_023,EMP_023,PROD_014,2,443.48,0.2,709.57,cash,CUST_9871,VIP
TXN_202502_012813,2025-02-22,REG_01,STORE_003,EMP_001,PROD_018,4,160.93,0.1,579.35,cash,CUST_5770,VIP
TXN_202502_012814,2025-02-22,REG_02,STORE_004,EMP_002,PROD_044,2,134.71,0.23,207.45,credit,CUST_2475,Regular
TXN_202502_012815,2025-02-09,REG_07,STORE_019,EMP_007,PROD_006,3,269.52,0.25,606.42,credit,CUST_7863,New
TXN_202502_012816,2025-02-05,REG_06,STORE_018,EMP_006,PROD_002,4,66.22,0.13,230.45,card,CUST_5516,Regular
TXN_202502_012817,2025-02-11,REG_04,STORE_011,EMP_024,PROD_022,1,441.31,0.03,428.07,credit,CUST_1243,New
TXN_202502_012818,2025-02-22,REG_06,STORE_017,EMP_006,PROD_019,4,189.83,0.3,531.52,card,CUST_8190,VIP
TXN_202502_012819,2025-02-18,REG_07,STORE_019,EMP_007,PROD_039,4,458.17,0.28,1319.53,card,CUST_6616,Premium
TXN_202502_012820,2025-02-20,REG_03,STORE_009,EMP_014,PROD_006,5,278.39,0.27,1016.12,cash,CUST_1061,VIP
TXN_202502_012821,2025-02-19,REG_04,STORE_011,EMP_016,PROD_022,5,185.41,0.17,769.45,cash,CUST_4972,Regular
TXN_202502_012822,2025-02-12,REG_05,STORE_015,EMP_005,PROD_022,4,380.27,0.19,1232.07,mobile,CUST_9535,New
TXN_202502_012823,2025-02-08,REG_02,STORE_005,EMP_002,PROD_002,3,245.05,0.06,691.04,cash,CUST_6364,New
TXN_202502_012824,2025-02-11,REG_03,STORE_009,EMP_014,PROD_036,5,307.43,0.21,1214.35,card,CUST_4748,New
TXN_202502_012825,2025-02-04,REG_10,STORE_028,EMP_020,PROD_022,4,118.04,0.03,458.0,cash,CUST_5633,New
TXN_202502_012826,2025-02-23,REG_03,STORE_007,EMP_014,PROD_045,3,415.07,0.07,1158.05,credit,CUST_5095,Regular
TXN_202502_012827,2025-02-12,REG_04,STORE_012,EMP_029,PROD_038,1,124.73,0.22,97.29,mobile,CUST_3517,New
TXN_202502_012828,2025-02-03,REG_05,STORE_014,EMP_021,PROD_004,4,325.16,0.22,1014.5,card,CUST_4238,Regular
TXN_202502_012829,2025-02-24,REG_06,STORE_018,EMP_006,PROD_018,5,77.4,0.02,379.26,cash,CUST_9317,New
TXN_202502_012830,2025-02-18,REG_01,STORE_002,EMP_011,PROD_034,4,322.27,0.13,1121.5,cash,CUST_2026,Premium
TXN_202502_012831,2025-02-05,REG_07,STORE_019,EMP_007,PROD_005,2,319.79,0.09,582.02,card,CUST_8216,New
TXN_202502_012832,2025-02-07,REG_04,STORE_011,EMP_016,PROD_046,1,450.56,0.1,405.5,mobile,CUST_1494,Regular
TXN_202502_012833,2025-02-03,REG_05,STORE_015,EMP_021,PROD_024,2,183.72,0.17,304.98,card,CUST_9327,VIP
TXN_202502_012834,2025-02-04,REG_10,STORE_028,EMP_017,PROD_044,5,62.29,0.13,270.96,credit,CUST_7440,Premium
TXN_202502_012835,2025-02-09,REG_05,STORE_013,EMP_005,PROD_026,4,411.09,0.14,1414.15,mobile,CUST_2738,VIP
TXN_202502_012836,2025-02-16,REG_03,STORE_007,EMP_003,PROD_049,1,235.93,0.26,174.59,card,CUST_4444,New
TXN_202502_012837,2025-02-07,REG_01,STORE_002,EMP_011,PROD_023,3,139.33,0.07,388.73,credit,CUST_6631,Regular
TXN_202502_012838,2025-02-19,REG_01,STORE_001,EMP_011,PROD_043,1,177.5,0.21,140.22,cash,CUST_1487,VIP
TXN_202502_012839,2025-02-06,REG_07,STORE_019,EMP_007,PROD_016,2,152.71,0.24,232.12,credit,CUST_7377,New
TXN_202502_012840,2025-02-01,REG_06,STORE_016,EMP_006,PROD_012,4,220.91,0.2,706.91,cash,CUST_5567,Premium
TXN_202502_012841,2025-02-24,REG_01,STORE_003,EMP_018,PROD_047,2,252.27,0.23,388.5,cash,CUST_1355,Premium
TXN_202502_012842,2025-02-06,REG_10,STORE_028,EMP_017,PROD_014,5,88.15,0.13,383.45,card,CUST_2373,Premium
TXN_202502_012843,2025-02-13,REG_03,STORE_008,EMP_003,PROD_032,5,384.01,0.21,1516.84,cash,CUST_6514,Premium
TXN_202502_012844,2025-02-03,REG_04,STORE_011,EMP_004,PROD_012,5,78.7,0.25,295.12,cash,CUST_7012,Premium
TXN_202502_012845,2025-02-04,REG_08,STORE_022,EMP_012,PROD_041,1,405.74,0.02,397.63,cash,CUST_9195,New
TXN_202502_012846,2025-02-27,REG_03,STORE_009,EMP_014,PROD_028,2,131.23,0.13,228.34,credit,CUST_4260,Premium
TXN_202502_012847,2025-02-12,REG_01,STORE_001,EMP_011,PROD_026,5,52.33,0.11,232.87,cash,CUST_5358,Premium
TXN_202502_012848,2025-02-12,REG_01,STORE_001,EMP_018,PROD_015,3,81.76,0.04,235.47,card,CUST_1574,Premium
TXN_202502_012849,2025-02-26,REG_04,STORE_011,EMP_029,PROD_040,4,69.64,0.24,211.71,card,CUST_3815,New
TXN_202502_012850,2025-02-14,REG_02,STORE_006,EMP_002,PROD_019,2,201.3,0.16,338.18,credit,CUST_2217,New
TXN_202502_012851,2025-02-26,REG_03,STORE_007,EMP_014,PROD_026,5,83.7,0.09,380.84,mobile,CUST_7428,Premium
TXN_202502_012852,2025-02-12,REG_07,STORE_019,EMP_007,PROD_037,5,124.25,0.13,540.49,credit,CUST_6936,Premium
TXN_202502_012853,2025-02-23,REG_10,STORE_030,EMP_020,PROD_049,1,450.06,0.17,373.55,cash,CUST_2455,VIP
TXN_202502_012854,2025-02-27,REG_05,STORE_014,EMP_005,PROD_033,4,338.91,0.16,1138.74,cash,CUST_7600,Premium
TXN_202502_012855,2025-02-27,REG_10,STORE_030,EMP_017,PROD_047,2,158.86,0.17,263.71,cash,CUST_7651,Regular
TXN_202502_012856,2025-02-16,REG_07,STORE_020,EMP_007,PROD_029,3,32.49,0.08,89.67,credit,CUST_3572,Premium
TXN_202502_012857,2025-02-09,REG_08,STORE_024,EMP_015,PROD_020,1,262.65,0.13,228.51,cash,CUST_5293,New
TXN_202502_012858,2025-02-01,REG_09,STORE_026,EMP_027,PROD_035,4,140.69,0.09,512.11,mobile,CUST_9035,Regular
TXN_202502_012859,2025-02-22,REG_10,STORE_028,EMP_017,PROD_021,3,48.69,0.13,127.08,cash,CUST_7442,New
TXN_202502_012860,2025-02-15,REG_06,STORE_017,EMP_006,PROD_022,2,274.85,0.08,505.72,cash,CUST_3305,New
TXN_202502_012861,2025-02-18,REG_09,STORE_025,EMP_025,PROD_030,4,52.69,0.03,204.44,cash,CUST_2230,New
TXN_202502_012862,2025-02-04,REG_09,STORE_027,EMP_027,PROD_029,2,330.14,0.25,495.21,cash,CUST_6672,Regular
TXN_202502_012863,2025-02-04,REG_05,STORE_015,EMP_005,PROD_041,5,42.66,0.17,177.04,credit,CUST_5042,Premium
TXN_202502_012864,2025-02-17,REG_08,STORE_023,EMP_012,PROD_016,5,476.26,0.25,1785.98,mobile,CUST_7978,Premium
TXN_202502_012865,2025-02-15,REG_09,STORE_026,EMP_022,PROD_048,5,296.77,0.25,1112.89,cash,CUST_7552,Regular
TXN_202502_012866,2025-02-13,REG_10,STORE_030,EMP_010,PROD_010,2,396.15,0.21,625.92,credit,CUST_3357,Regular
TXN_202502_012867,2025-02-15,REG_02,STORE_004,EMP_002,PROD_019,4,447.52,0.09,1628.97,cash,CUST_9949,Regular
TXN_202502_012868,2025-02-19,REG_05,STORE_014,EMP_005,PROD_031,3,452.85,0.17,1127.6,card,CUST_7232,VIP
TXN_202502_012869,2025-02-15,REG_09,STORE_025,EMP_025,PROD_045,1,57.61,0.12,50.7,credit,CUST_8451,Regular
TXN_202502_012870,2025-02-02,REG_07,STORE_019,EMP_007,PROD_048,2,480.29,0.04,922.16,credit,CUST_2851,VIP
TXN_202502_012871,2025-02-15,REG_06,STORE_018,EMP_006,PROD_014,2,359.63,0.12,632.95,credit,CUST_4525,Premium
TXN_202502_012872,2025-02-16,REG_10,STORE_028,EMP_013,PROD_050,2,29.5,0.29,41.89,card,CUST_2045,VIP
TXN_202502_012873,2025-02-21,REG_03,STORE_009,EMP_003,PROD_024,4,165.34,0.28,476.18,cash,CUST_8226,Regular
TXN_202502_012874,2025-02-02,REG_09,STORE_027,EMP_022,PROD_007,4,295.52,0.19,957.48,card,CUST_5763,VIP
TXN_202502_012875,2025-02-07,REG_10,STORE_030,EMP_017,PROD_049,2,498.18,0.12,876.8,card,CUST_2463,VIP
TXN_202502_012876,2025-02-12,REG_10,STORE_029,EMP_010,PROD_048,2,220.75,0.01,437.08,card,CUST_8781,Premium
TXN_202502_012877,2025-02-23,REG_02,STORE_006,EMP_002,PROD_048,1,315.41,0.23,242.87,cash,CUST_3233,New
TXN_202502_012878,2025-02-28,REG_05,STORE_015,EMP_021,PROD_044,2,71.98,0.28,103.65,credit,CUST_2968,New
TXN_202502_012879,2025-02-24,REG_03,STORE_007,EMP_014,PROD_033,3,473.75,0.11,1264.91,mobile,CUST_9468,VIP
TXN_202502_012880,2025-02-14,REG_01,STORE_003,EMP_001,PROD_017,2,315.63,0.28,454.51,mobile,CUST_6932,New
TXN_202502_012881,2025-02-16,REG_09,STORE_027,EMP_027,PROD_045,2,448.17,0.14,770.85,cash,CUST_4010,Regular
TXN_202502_012882,2025-02-15,REG_02,STORE_004,EMP_002,PROD_018,3,319.3,0.18,785.48,card,CUST_9147,Regular
TXN_202502_012883,2025-02-08,REG_05,STORE_013,EMP_021,PROD_018,2,98.89,0.18,162.18,cash,CUST_3508,New
TXN_202502_012884,2025-02-21,REG_09,STORE_025,EMP_009,PROD_005,2,92.8,0.22,144.77,mobile,CUST_2449,VIP
TXN_202502_012885,2025-02-14,REG_09,STORE_027,EMP_022,PROD_017,2,165.33,0.01,327.35,credit,CUST_9884,Regular
TXN_202502_012886,2025-02-20,REG_04,STORE_012,EMP_004,PROD_016,5,271.13,0.11,1206.53,credit,CUST_3036,Regular
TXN_202502_012887,2025-02-15,REG_10,STORE_029,EMP_017,PROD_002,4,349.66,0.17,1160.87,cash,CUST_2976,Premium
TXN_202502_012888,2025-02-14,REG_08,STORE_022,EMP_012,PROD_003,3,464.89,0.28,1004.16,cash,CUST_4540,New
TXN_202502_012889,2025-02-22,REG_05,STORE_013,EMP_021,PROD_019,2,247.09,0.2,395.34,card,CUST_3272,Premium
TXN_202502_012890,2025-02-05,REG_08,STORE_022,EMP_015,PROD_025,2,479.21,0.26,709.23,cash,CUST_6021,VIP
TXN_202502_012891,2025-02-06,REG_02,STORE_006,EMP_002,PROD_033,3,303.41,0.28,655.37,mobile,CUST_7754,VIP
TXN_202502_012892,2025-02-05,REG_02,STORE_006,EMP_002,PROD_016,4,190.91,0.12,672.0,cash,CUST_1617,VIP
TXN_202502_012893,2025-02-01,REG_02,STORE_004,EMP_002,PROD_026,1,21.29,0.21,16.82,cash,CUST_6230,New
TXN_202502_012894,2025-02-12,REG_05,STORE_013,EMP_005,PROD_011,1,308.39,0.23,237.46,cash,CUST_1654,VIP
TXN_202502_012895,2025-02-26,REG_05,STORE_013,EMP_021,PROD_042,2,247.83,0.09,451.05,card,CUST_3766,VIP
TXN_202502_012896,2025-02-19,REG_05,STORE_013,EMP_005,PROD_015,1,223.8,0.14,192.47,cash,CUST_2109,Premium
TXN_202502_012897,2025-02-05,REG_07,STORE_021,EMP_007,PROD_033,4,65.56,0.13,228.15,credit,CUST_4662,Regular
TXN_202502_012898,2025-02-20,REG_09,STORE_025,EMP_027,PROD_002,2,31.44,0.25,47.16,card,CUST_7197,Premium
TXN_202502_012899,2025-02-06,REG_08,STORE_024,EMP_015,PROD_035,3,14.63,0.0,43.89,cash,CUST_3143,VIP
TXN_202502_012900,2025-02-22,REG_03,STORE_007,EMP_003,PROD_025,4,286.26,0.19,927.48,card,CUST_6668,VIP
TXN_202502_012901,2025-02-23,REG_06,STORE_017,EMP_006,PROD_024,4,372.08,0.16,1250.19,cash,CUST_4460,Premium
TXN_202502_012902,2025-02-02,REG_01,STORE_001,EMP_018,PROD_008,4,260.6,0.03,1011.13,credit,CUST_4753,Regular
TXN_202502_012903,2025-02-23,REG_05,STORE_013,EMP_005,PROD_008,3,55.75,0.25,125.44,cash,CUST_4350,Regular
TXN_202502_012904,2025-02-23,REG_08,STORE_023,EMP_023,PROD_047,5,112.97,0.15,480.12,card,CUST_8774,VIP
TXN_202502_012905,2025-02-21,REG_08,STORE_023,EMP_023,PROD_047,3,11.76,0.13,30.69,cash,CUST_5326,New
TXN_202502_012906,2025-02-24,REG_01,STORE_001,EMP_019,PROD_034,1,322.56,0.12,283.85,card,CUST_1138,Regular
TXN_202502_012907,2025-02-05,REG_02,STORE_004,EMP_002,PROD_047,2,344.85,0.15,586.25,credit,CUST_1900,Regular
TXN_202502_012908,2025-02-04,REG_07,STORE_019,EMP_007,PROD_030,5,55.88,0.11,248.67,credit,CUST_9981,VIP
TXN_202502_012909,2025-02-11,REG_08,STORE_024,EMP_015,PROD_013,1,129.91,0.02,127.31,card,CUST_3853,Regular
TXN_202502_012910,2025-02-03,REG_01,STORE_002,EMP_011,PROD_009,5,79.89,0.25,299.59,card,CUST_3284,Regular
TXN_202502_012911,2025-02-17,REG_06,STORE_018,EMP_006,PROD_002,5,327.09,0.09,1488.26,card,CUST_8046,Premium
TXN_202502_012912,2025-02-08,REG_06,STORE_018,EMP_006,PROD_032,1,185.68,0.13,161.54,cash,CUST_4673,New
TXN_202502_012913,2025-02-18,REG_03,STORE_007,EMP_014,PROD_016,2,112.1,0.19,181.6,cash,CUST_7718,Regular
TXN_202502_012914,2025-02-12,REG_07,STORE_019,EMP_007,PROD_032,4,474.26,0.01,1878.07,credit,CUST_1260,Premium
TXN_202502_012915,2025-02-01,REG_04,STORE_011,EMP_029,PROD_021,4,30.65,0.01,121.37,mobile,CUST_9317,VIP
TXN_202502_012916,2025-02-20,REG_03,STORE_009,EMP_014,PROD_029,5,36.63,0.15,155.68,mobile,CUST_7031,VIP
TXN_202502_012917,2025-02-24,REG_08,STORE_024,EMP_023,PROD_005,2,243.01,0.27,354.79,card,CUST_9966,Premium
TXN_202502_012918,2025-02-14,REG_07,STORE_021,EMP_007,PROD_017,2,252.95,0.27,369.31,credit,CUST_2124,New
TXN_202502_012919,2025-02-27,REG_10,STORE_028,EMP_028,PROD_036,4,300.23,0.24,912.7,cash,CUST_5985,Premium
TXN_202502_012920,2025-02-21,REG_01,STORE_001,EMP_018,PROD_012,4,216.24,0.22,674.67,card,CUST_2653,Premium
TXN_202502_012921,2025-02-21,REG_06,STORE_018,EMP_006,PROD_030,4,98.7,0.09,359.27,cash,CUST_2543,VIP
TXN_202502_012922,2025-02-23,REG_08,STORE_022,EMP_023,PROD_009,5,445.14,0.16,1869.59,card,CUST_6392,Premium
TXN_202502_012923,2025-02-02,REG_04,STORE_010,EMP_026,PROD_004,2,22.65,0.26,33.52,card,CUST_5193,New
TXN_202502_012924,2025-02-16,REG_04,STORE_010,EMP_030,PROD_044,2,177.81,0.29,252.49,mobile,CUST_4610,New
TXN_202502_012925,2025-02-24,REG_02,STORE_005,EMP_002,PROD_048,3,342.27,0.25,770.11,credit,CUST_3122,New
TXN_202502_012926,2025-02-06,REG_01,STORE_001,EMP_019,PROD_041,3,91.56,0.22,214.25,cash,CUST_8340,New
TXN_202502_012927,2025-02-15,REG_01,STORE_003,EMP_019,PROD_011,5,70.22,0.28,252.79,mobile,CUST_5626,VIP
TXN_202502_012928,2025-02-02,REG_10,STORE_028,EMP_028,PROD_032,5,55.45,0.04,266.16,credit,CUST_5524,VIP
TXN_202502_012929,2025-02-12,REG_04,STORE_011,EMP_030,PROD_034,1,334.27,0.16,280.79,mobile,CUST_1881,New
TXN_202502_012930,2025-02-15,REG_02,STORE_006,EMP_002,PROD_014,3,233.29,0.13,608.89,cash,CUST_4912,Premium
TXN_202502_012931,2025-02-07,REG_01,STORE_002,EMP_019,PROD_007,2,178.82,0.14,307.57,credit,CUST_5923,Regular
TXN_202502_012932,2025-02-01,REG_09,STORE_026,EMP_022,PROD_027,1,94.16,0.02,92.28,credit,CUST_9709,VIP
TXN_202502_012933,2025-02-19,REG_09,STORE_027,EMP_025,PROD_009,1,137.14,0.05,130.28,mobile,CUST_4927,Regular
TXN_202502_012934,2025-02-18,REG_03,STORE_009,EMP_014,PROD_030,3,209.44,0.13,546.64,card,CUST_4575,VIP
TXN_202502_012935,2025-02-10,REG_08,STORE_023,EMP_008,PROD_025,2,394.05,0.06,740.81,card,CUST_1011,New
TXN_202502_012936,2025-02-23,REG_01,STORE_001,EMP_011,PROD_001,2,99.88,0.08,183.78,credit,CUST_7061,Premium
TXN_202502_012937,2025-02-20,REG_10,STORE_028,EMP_020,PROD_046,1,487.28,0.16,409.32,credit,CUST_9510,Premium
TXN_202502_012938,2025-02-26,REG_08,STORE_022,EMP_023,PROD_020,4,176.45,0.14,606.99,cash,CUST_5370,Regular
TXN_202502_012939,2025-02-08,REG_06,STORE_017,EMP_006,PROD_032,2,196.0,0.23,301.84,cash,CUST_8344,Regular
TXN_202502_012940,2025-02-07,REG_01,STORE_002,EMP_001,PROD_014,2,23.1,0.13,40.19,credit,CUST_2320,New
TXN_202502_012941,2025-02-16,REG_01,STORE_003,EMP_011,PROD_047,5,366.43,0.17,1520.68,credit,CUST_2040,New
TXN_202502_012942,2025-02-23,REG_01,STORE_003,EMP_018,PROD_022,5,317.86,0.03,1541.62,cash,CUST_3606,Regular
TXN_202502_012943,2025-02-26,REG_03,STORE_008,EMP_014,PROD_001,4,113.89,0.13,396.34,credit,CUST_2599,Premium
TXN_202502_012944,2025-02-14,REG_07,STORE_019,EMP_007,PROD_001,3,241.56,0.05,688.45,mobile,CUST_3143,New
TXN_202502_012945,2025-02-22,REG_03,STORE_007,EMP_003,PROD_017,1,465.39,0.09,423.5,cash,CUST_7863,New
TXN_202502_012946,2025-02-05,REG_02,STORE_005,EMP_002,PROD_030,2,132.07,0.12,232.44,mobile,CUST_7604,Premium
TXN_202502_012947,2025-02-22,REG_06,STORE_016,EMP_006,PROD_004,2,206.81,0.09,376.39,card,CUST_7371,Regular
TXN_202502_012948,2025-02-09,REG_02,STORE_005,EMP_002,PROD_014,2,132.97,0.27,194.14,cash,CUST_3431,Premium
TXN_202502_012949,2025-02-04,REG_09,STORE_027,EMP_025,PROD_024,3,357.75,0.26,794.21,mobile,CUST_8316,Premium
TXN_202502_012950,2025-02-25,REG_10,STORE_030,EMP_013,PROD_013,4,447.58,0.3,1253.22,cash,CUST_6268,Premium
TXN_202502_012951,2025-02-08,REG_06,STORE_016,EMP_006,PROD_044,5,232.93,0.08,1071.48,cash,CUST_5895,VIP
TXN_202502_012952,2025-02-14,REG_04,STORE_011,EMP_026,PROD_046,2,128.68,0.03,249.64,card,CUST_2674,VIP
TXN_202502_012953,2025-02-11,REG_04,STORE_012,EMP_030,PROD_020,4,231.63,0.17,769.01,credit,CUST_4876,Premium
TXN_202502_012954,2025-02-11,REG_04,STORE_011,EMP_029,PROD_045,3,62.02,0.04,178.62,cash,CUST_4172,Premium
TXN_202502_012955,2025-02-08,REG_10,STORE_028,EMP_017,PROD_039,4,131.41,0.25,394.23,mobile,CUST_8842,VIP
TXN_202502_012956,2025-02-01,REG_07,STORE_019,EMP_007,PROD_023,5,22.11,0.19,89.55,cash,CUST_8973,Regular
TXN_202502_012957,2025-02-04,REG_10,STORE_029,EMP_017,PROD_016,3,298.27,0.22,697.95,mobile,CUST_3438,Regular
TXN_202502_012958,2025-02-09,REG_03,STORE_008,EMP_014,PROD_017,2,384.02,0.25,576.03,credit,CUST_7761,Premium
TXN_202502_012959,2025-02-20,REG_10,STORE_028,EMP_017,PROD_033,3,362.41,0.06,1022.0,credit,CUST_6673,Regular
TXN_202502_012960,2025-02-16,REG_09,STORE_025,EMP_025,PROD_031,2,92.8,0.21,146.62,cash,CUST_2585,VIP
TXN_202502_012961,2025-02-09,REG_06,STORE_018,EMP_006,PROD_030,4,416.89,0.0,1667.56,cash,CUST_6591,VIP
