transaction_id,date,region,store_id,employee_id,product_id,units,unit_price,discount,revenue,payment,customer_id,customer_segment
TXN_202411_010981,2024-11-02,REG_05,STORE_014,EMP_005,PROD_015,2,228.49,0.24,347.3,credit,CUST_2948,Premium
TXN_202411_010982,2024-11-06,REG_10,STORE_029,EMP_028,PROD_023,5,416.46,0.25,1561.72,cash,CUST_7258,New
TXN_202411_010983,2024-11-10,REG_01,STORE_001,EMP_011,PROD_002,1,205.7,0.26,152.22,credit,CUST_3101,Premium
TXN_202411_010984,2024-11-01,REG_07,STORE_019,EMP_007,PROD_035,5,212.63,0.12,935.57,credit,CUST_4836,VIP
TXN_202411_010982,2024-11-05,REG_02,STORE_004,EMP_002,PROD_026,4,265.19,0.12,933.47,credit,CUST_6849,Premium
TXN_202411_010985,2024-11-06,REG_10,STORE_028,EMP_017,PROD_013,4,123.72,0.25,371.16,card,CUST_9590,New
TXN_202411_010986,2024-11-18,REG_07,STORE_019,EMP_007,PROD_036,1,478.73,0.27,349.47,mobile,CUST_3203,Regular
TXN_202411_010987,2024-11-15,REG_10,STORE_029,EMP_013,PROD_037,4,82.55,0.02,323.6,cash,CUST_7607,New
TXN_202411_010988,2024-11-09,REG_01,STORE_002,EMP_011,PROD_035,4,244.47,0.06,919.21,cash,CUST_8625,VIP
TXN_202411_010989,2024-11-07,REG_02,STORE_005,EMP_002,PROD_047,2,160.03,0.06,300.86,credit,CUST_7338,VIP
TXN_202411_010990,2024-11-19,REG_02,STORE_006,EMP_002,PROD_007,4,271.58,0.23,836.47,card,CUST_3774,Premium
TXN_202411_010991,2024-11-07,REG_09,STORE_026,EMP_009,PROD_006,4,251.28,0.06,944.81,cash,CUST_3556,Premium
TXN_202411_010992,2024-11-15,REG_05,STORE_015,EMP_005,PROD_021,1,342.61,0.18,280.94,mobile,CUST_1107,VIP
TXN_202411_010993,2024-11-10,REG_02,STORE_006,EMP_002,PROD_016,2,23.26,0.03,45.12,cash,CUST_9587,VIP
TXN_202411_010994,2024-11-04,REG_06,STORE_016,EMP_006,PROD_002,3,68.47,0.09,186.92,mobile,CUST_9612,VIP
TXN_202411_010995,2024-11-11,REG_06,STORE_016,EMP_006,PROD_028,3,54.92,0.0,164.76,cash,CUST_1689,New
TXN_202411_010996,2024-11-12,REG_09,STORE_026,EMP_025,PROD_001,4,36.5,0.1,131.4,mobile,CUST_5884,VIP
TXN_202411_010997,2024-11-26,REG_06,STORE_016,EMP_006,PROD_003,1,88.08,0.27,64.3,mobile,CUST_2497,New
TXN_202411_010998,2024-11-10,REG_03,STORE_007,EMP_014,PROD_030,1,231.94,0.1,208.75,cash,CUST_7329,New
TXN_202411_010999,2024-11-28,REG_03,STORE_009,EMP_003,PROD_040,2,429.03,0.19,695.03,cash,CUST_8845,VIP
TXN_202411_011000,2024-11-22,REG_05,STORE_013,EMP_021,PROD_043,4,181.8,0.19,589.03,card,CUST_6906,VIP
TXN_202411_011001,2024-11-27,REG_01,STORE_001,EMP_019,PROD_010,4,492.74,0.12,1734.44,mobile,CUST_9691,VIP
TXN_202411_011002,2024-11-08,REG_04,STORE_010,EMP_016,PROD_007,1,130.18,0.02,127.58,cash,CUST_9958,Regular
TXN_202411_011003,2024-11-07,REG_10,STORE_030,EMP_010,PROD_042,4,203.67,0.03,790.24,cash,CUST_4400,VIP
TXN_202411_011004,2024-11-24,REG_03,STORE_009,EMP_014,PROD_045,5,40.72,0.17,168.99,cash,CUST_1353,New
TXN_202411_011005,2024-11-24,REG_06,STORE_018,EMP_006,PROD_030,4,249.08,0.18,816.98,credit,CUST_3992,New
TXN_202411_011006,2024-11-25,REG_05,STORE_014,EMP_021,PROD_016,1,348.8,0.05,331.36,card,CUST_7374,Regular
TXN_202411_010984,2024-11-24,REG_10,STORE_029,EMP_020,PROD_035,2,472.46,0.2,755.94,card,CUST_7265,Regular
TXN_202411_011007,2024-11-28,REG_07,STORE_021,EMP_007,PROD_012,4,279.35,0.29,793.35,mobile,CUST_9361,New
TXN_202411_011008,2024-11-08,REG_08,STORE_022,EMP_023,PROD_024,5,194.17,0.1,873.76,credit,CUST_2666,Premium
TXN_202411_011009,2024-11-04,REG_08,STORE_023,EMP_008,PROD_037,1,218.32,0.28,157.19,credit,CUST_5399,New
TXN_202411_011010,2024-11-13,REG_09,STORE_025,EMP_022,PROD_004,3,342.88,0.28,740.62,cash,CUST_2795,Regular
TXN_202411_011011,2024-11-07,REG_05,STORE_015,EMP_005,PROD_003,2,173.46,0.17,287.94,card,CUST_5260,Premium
TXN_202411_011012,2024-11-23,REG_02,STORE_006,EMP_002,PROD_041,2,256.77,0.05,487.86,card,CUST_7127,New
TXN_202411_011013,2024-11-05,REG_04,STORE_010,EMP_004,PROD_023,1,21.7,0.03,21.05,cash,CUST_3463,Regular
TXN_202411_011014,2024-11-12,REG_02,STORE_006,EMP_002,PROD_005,1,466.92,0.27,340.85,card,CUST_4631,VIP
TXN_202411_011015,2024-11-22,REG_03,STORE_009,EMP_014,PROD_003,3,180.48,0.1,487.3,credit,CUST_1510,New
TXN_202411_011016,2024-11-07,REG_01,STORE_002,EMP_001,PROD_024,4,497.58,0.03,1930.61,cash,CUST_3922,Regular
TXN_202411_011017,2024-11-16,REG_04,STORE_011,EMP_029,PROD_030,2,80.84,0.18,132.58,card,CUST_8042,Regular
TXN_202411_011018,2024-11-21,REG_03,STORE_008,EMP_003,PROD_039,5,263.22,0.19,1066.04,cash,CUST_9736,New
TXN_202411_011019,2024-11-14,REG_05,STORE_015,EMP_021,PROD_043,2,425.06,0.09,773.61,card,CUST_3139,Regular
TXN_202411_011020,2024-11-21,REG_08,STORE_024,EMP_008,PROD_021,4,190.65,0.16,640.58,credit,CUST_6991,New
TXN_202411_011021,2024-11-12,REG_03,STORE_007,EMP_003,PROD_010,2,465.31,0.11,828.25,cash,CUST_8249,New
TXN_202411_011022,2024-11-03,REG_10,STORE_029,EMP_017,PROD_018,5,164.29,0.13,714.66,credit,CUST_2281,Regular
TXN_202411_011023,2024-11-09,REG_05,STORE_013,EMP_005,PROD_032,1,137.87,0.26,102.02,mobile,CUST_9400,Regular
TXN_202411_011024,2024-11-04,REG_10,STORE_030,EMP_013,PROD_013,4,80.46,0.29,228.51,mobile,CUST_7935,Premium
TXN_202411_011025,2024-11-13,REG_04,STORE_012,EMP_016,PROD_039,2,298.32,0.03,578.74,cash,CUST_9614,New
TXN_202411_011026,2024-11-29,REG_04,STORE_011,EMP_026,PROD_025,3,132.06,0.23,305.06,credit,CUST_5179,Premium
TXN_202411_011027,2024-11-04,REG_09,STORE_026,EMP_027,PROD_008,4,450.14,0.07,1674.52,credit,CUST_8414,Regular
TXN_202411_011028,2024-11-25,REG_06,STORE_017,EMP_006,PROD_024,1,392.67,0.25,294.5,card,CUST_2660,New
TXN_202411_011029,2024-11-17,REG_05,STORE_013,EMP_021,PROD_036,3,26.91,0.04,77.5,mobile,CUST_2011,Premium
TXN_202411_011030,2024-11-16,REG_05,STORE_015,EMP_005,PROD_005,4,288.66,0.01,1143.09,cash,CUST_6526,Regular
TXN_202411_011031,2024-11-06,REG_07,STORE_021,EMP_007,PROD_008,3,497.06,0.25,1118.38,credit,CUST_9731,VIP
TXN_202411_011032,2024-11-10,REG_09,STORE_027,EMP_027,PROD_006,2,41.54,0.23,63.97,mobile,CUST_6860,Premium
TXN_202411_011033,2024-11-24,REG_07,STORE_020,EMP_007,PROD_007,5,160.88,0.25,603.3,mobile,CUST_1928,Premium
TXN_202411_011034,2024-11-21,REG_07,STORE_019,EMP_007,PROD_023,1,453.18,0.03,439.58,credit,CUST_2364,VIP
TXN_202411_011035,2024-11-22,REG_04,STORE_012,EMP_024,PROD_032,3,134.36,0.1,362.77,card,CUST_4570,Regular
TXN_202411_011036,2024-11-27,REG_06,STORE_016,EMP_006,PROD_027,5,298.61,0.18,1224.3,credit,CUST_7355,VIP
TXN_202411_011037,2024-11-05,REG_07,STORE_019,EMP_007,PROD_048,4,24.94,0.29,70.83,credit,CUST_1729,New
TXN_202411_011038,2024-11-02,REG_06,STORE_016,EMP_006,PROD_021,3,232.32,0.27,508.78,cash,CUST_2676,Premium
TXN_202411_011039,2024-11-25,REG_07,STORE_021,EMP_007,PROD_034,3,22.48,0.09,61.37,credit,CUST_4587,VIP
TXN_202411_011040,2024-11-27,REG_10,STORE_029,EMP_017,PROD_035,5,245.27,0.14,1054.66,mobile,CUST_7983,New
TXN_202411_011041,2024-11-01,REG_09,STORE_027,EMP_027,PROD_040,2,487.62,0.14,838.71,cash,CUST_1937,VIP
TXN_202411_011042,2024-11-12,REG_10,STORE_030,EMP_013,PROD_003,1,206.78,0.1,186.1,credit,CUST_1904,VIP
TXN_202411_011043,2024-11-17,REG_07,STORE_021,EMP_007,PROD_004,1,325.34,0.22,253.77,mobile,CUST_9379,VIP
TXN_202411_011044,2024-11-22,REG_01,STORE_001,EMP_001,PROD_004,1,394.31,0.01,390.37,credit,CUST_5483,VIP
TXN_202411_011045,2024-11-03,REG_10,STORE_029,EMP_017,PROD_009,1,426.48,0.3,298.54,credit,CUST_5586,New
TXN_202411_011046,2024-11-14,REG_07,STORE_021,EMP_007,PROD_012,2,404.53,0.23,622.98,cash,CUST_7367,VIP
TXN_202411_011047,2024-11-25,REG_01,STORE_003,EMP_001,PROD_038,2,386.13,0.14,664.14,cash,CUST_8055,Premium
TXN_202411_011048,2024-11-29,REG_04,STORE_011,EMP_004,PROD_005,4,418.46,0.01,1657.1,cash,CUST_9464,Premium
TXN_202411_011049,2024-11-24,REG_01,STORE_002,EMP_011,PROD_037,5,123.12,0.2,492.48,card,CUST_5022,Premium
TXN_202411_011050,2024-11-19,REG_03,STORE_008,EMP_014,PROD_018,2,262.23,0.19,424.81,card,CUST_8041,New
TXN_202411_011051,2024-11-30,REG_06,STORE_017,EMP_006,PROD_022,4,94.17,0.29,267.44,mobile,CUST_6220,Regular
TXN_202411_011016,2024-11-03,REG_03,STORE_007,EMP_003,PROD_006,5,418.55,0.17,1736.98,card,CUST_5535,VIP
TXN_202411_011022,2024-11-13,REG_10,STORE_029,EMP_013,PROD_050,1,229.06,0.13,199.28,card,CUST_1697,Regular
TXN_202411_011052,2024-11-27,REG_04,STORE_011,EMP_024,PROD_026,5,282.1,0.07,1311.76,mobile,CUST_3901,New
TXN_202411_011053,2024-11-11,REG_03,STORE_008,EMP_003,PROD_043,1,11.83,0.26,8.75,mobile,CUST_2062,Premium
TXN_202411_011054,2024-11-06,REG_10,STORE_030,EMP_028,PROD_048,2,84.7,0.04,162.62,mobile,CUST_1333,Regular
TXN_202411_011055,2024-11-19,REG_07,STORE_020,EMP_007,PROD_015,4,262.72,0.16,882.74,card,CUST_4187,VIP
TXN_202411_011056,2024-11-03,REG_08,STORE_023,EMP_023,PROD_044,4,81.45,0.07,302.99,card,CUST_2330,Regular
TXN_202411_011057,2024-11-11,REG_02,STORE_004,EMP_002,PROD_020,4,182.18,0.04,699.57,cash,CUST_8569,New
TXN_202411_011058,2024-11-28,REG_01,STORE_002,EMP_011,PROD_012,1,358.24,0.1,322.42,mobile,CUST_2666,New
TXN_202411_011059,2024-11-04,REG_10,STORE_029,EMP_020,PROD_050,1,130.79,0.05,124.25,mobile,CUST_7181,Regular
TXN_202411_011060,2024-11-02,REG_09,STORE_027,EMP_009,PROD_006,5,230.71,0.07,1072.8,card,CUST_1718,Premium
TXN_202411_011061,2024-11-12,REG_03,STORE_009,EMP_014,PROD_014,2,62.98,0.29,89.43,card,CUST_1791,New
TXN_202411_011062,2024-11-14,REG_03,STORE_009,EMP_014,PROD_034,4,154.26,0.26,456.61,mobile,CUST_5853,VIP
TXN_202411_011063,2024-11-16,REG_02,STORE_006,EMP_002,PROD_002,1,245.1,0.18,200.98,card,CUST_9386,Regular
TXN_202411_011064,2024-11-26,REG_03,STORE_007,EMP_003,PROD_027,3,284.98,0.18,701.05,mobile,CUST_8197,VIP
TXN_202411_011065,2024-11-09,REG_06,STORE_018,EMP_006,PROD_050,5,63.5,0.06,298.45,card,CUST_8523,Premium
TXN_202411_011066,2024-11-19,REG_01,STORE_003,EMP_019,PROD_031,1,88.89,0.09,80.89,mobile,CUST_5772,Regular
TXN_202411_011067,2024-11-06,REG_08,STORE_022,EMP_015,PROD_050,4,283.82,0.02,1112.57,mobile,CUST_1717,Premium
TXN_202411_011068,2024-11-12,REG_07,STORE_021,EMP_007,PROD_008,1,332.92,0.17,276.32,card,CUST_5773,Premium
TXN_202411_011069,2024-11-28,REG_01,STORE_002,EMP_001,PROD_048,3,415.8,0.18,1022.87,credit,CUST_9034,New
TXN_202411_011070,2024-11-13,REG_09,STORE_026,EMP_027,PROD_008,5,90.6,0.06,425.82,cash,CUST_6035,Regular
TXN_202411_011071,2024-11-27,REG_01,STORE_002,EMP_011,PROD_030,3,135.68,0.12,358.2,cash,CUST_7456,Regular
TXN_202411_011072,2024-11-22,REG_02,STORE_005,EMP_002,PROD_002,2,325.6,0.09,592.59,card,CUST_6746,Regular
TXN_202411_011073,2024-11-10,REG_01,STORE_002,EMP_019,PROD_038,1,425.57,0.11,378.76,credit,CUST_7812,Regular
TXN_202411_011074,2024-11-20,REG_04,STORE_012,EMP_024,PROD_031,5,379.18,0.28,1365.05,cash,CUST_9400,New
TXN_202411_011075,2024-11-13,REG_03,STORE_008,EMP_014,PROD_015,2,380.76,0.14,654.91,cash,CUST_3274,Premium
TXN_202411_011076,2024-11-17,REG_03,STORE_008,EMP_014,PROD_050,3,237.1,0.2,569.04,credit,CUST_4786,Premium
TXN_202411_011077,2024-11-26,REG_08,STORE_024,EMP_023,PROD_025,3,313.91,0.2,753.38,credit,CUST_4059,Regular
TXN_202411_011078,2024-11-13,REG_09,STORE_025,EMP_025,PROD_040,3,170.04,0.14,438.7,credit,CUST_8215,Regular
TXN_202411_011079,2024-11-14,REG_09,STORE_025,EMP_025,PROD_011,2,336.43,0.21,531.56,card,CUST_4711,VIP
TXN_202411_011079,2024-11-22,REG_04,STORE_012,EMP_030,PROD_036,5,313.45,0.1,1410.53,credit,CUST_7084,New
TXN_202411_011080,2024-11-12,REG_02,STORE_004,EMP_002,PROD_034,4,241.91,0.06,909.58,mobile,CUST_3640,VIP
TXN_202411_011081,2024-11-26,REG_07,STORE_019,EMP_007,PROD_012,4,298.54,0.21,943.39,mobile,CUST_4230,Premium
TXN_202411_011082,2024-11-06,REG_06,STORE_017,EMP_006,PROD_031,5,472.97,0.0,2364.85,cash,CUST_4322,New
TXN_202411_011083,2024-11-30,REG_06,STORE_018,EMP_006,PROD_039,4,161.08,0.13,560.56,card,CUST_5865,Regular
TXN_202411_011084,2024-11-09,REG_01,STORE_002,EMP_018,PROD_045,5,319.19,0.01,1579.99,credit,CUST_9192,New
TXN_202411_011085,2024-11-08,REG_02,STORE_006,EMP_002,PROD_026,2,198.87,0.04,381.83,mobile,CUST_1169,Regular
TXN_202411_011086,2024-11-25,REG_10,STORE_029,EMP_020,PROD_047,2,339.53,0.07,631.53,mobile,CUST_4020,Regular
TXN_202411_011087,2024-11-23,REG_04,STORE_010,EMP_026,PROD_045,5,331.59,0.28,1193.72,credit,CUST_8712,VIP
TXN_202411_011088,2024-11-20,REG_09,STORE_025,EMP_009,PROD_020,2,413.06,0.01,817.86,credit,CUST_5957,VIP
TXN_202411_011089,2024-11-06,REG_02,STORE_006,EMP_002,PROD_013,4,316.27,0.22,986.76,mobile,CUST_6596,VIP
TXN_202411_011090,2024-11-11,REG_01,STORE_002,EMP_019,PROD_015,2,456.32,0.24,693.61,mobile,CUST_2569,New
TXN_202411_011091,2024-11-03,REG_03,STORE_007,EMP_014,PROD_013,5,422.01,0.12,1856.84,credit,CUST_8234,Premium
TXN_202411_011092,2024-11-25,REG_06,STORE_017,EMP_006,PROD_041,5,408.17,0.03,1979.62,credit,CUST_6893,VIP
TXN_202411_011093,2024-11-05,REG_09,STORE_026,EMP_025,PROD_045,3,479.99,0.11,1281.57,cash,CUST_7560,Regular
TXN_202411_011094,2024-11-16,REG_07,STORE_021,EMP_007,PROD_017,3,265.53,0.12,701.0,mobile,CUST_9220,VIP
TXN_202411_011095,2024-11-10,REG_02,STORE_005,EMP_002,PROD_022,4,262.2,0.27,765.62,mobile,CUST_5863,Regular
TXN_202411_011096,2024-11-03,REG_03,STORE_008,EMP_014,PROD_035,3,185.48,0.21,439.59,credit,CUST_1988,New
TXN_202411_011097,2024-11-08,REG_01,STORE_002,EMP_019,PROD_022,2,361.47,0.13,628.96,mobile,CUST_2188,VIP
TXN_202411_011042,2024-11-27,REG_03,STORE_007,EMP_014,PROD_042,1,11.91,0.23,9.17,cash,CUST_1233,Regular
TXN_202411_011098,2024-11-20,REG_03,STORE_008,EMP_003,PROD_018,3,164.03,0.16,413.36,credit,CUST_6825,Regular
TXN_202411_011099,2024-11-15,REG_03,STORE_009,EMP_014,PROD_001,1,48.58,0.21,38.38,mobile,CUST_9040,New
TXN_202411_011100,2024-11-23,REG_07,STORE_020,EMP_007,PROD_015,3,437.83,0.27,958.85,mobile,CUST_8949,New
TXN_202411_011101,2024-11-21,REG_01,STORE_002,EMP_001,PROD_050,3,232.28,0.29,494.76,credit,CUST_8618,New
TXN_202411_011102,2024-11-05,REG_02,STORE_004,EMP_002,PROD_015,3,115.1,0.27,252.07,credit,CUST_7939,New
TXN_202411_011103,2024-11-12,REG_03,STORE_009,EMP_014,PROD_005,5,171.85,0.08,790.51,credit,CUST_4001,New
TXN_202411_011104,2024-11-12,REG_04,STORE_012,EMP_029,PROD_013,4,18.55,0.26,54.91,mobile,CUST_9789,VIP
TXN_202411_011105,2024-11-23,REG_06,STORE_017,EMP_006,PROD_045,3,40.38,0.27,88.43,mobile,CUST_9711,VIP
TXN_202411_011106,2024-11-13,REG_09,STORE_026,EMP_009,PROD_010,5,200.75,0.01,993.71,card,CUST_3139,VIP
TXN_202411_011107,2024-11-13,REG_08,STORE_022,EMP_023,PROD_015,4,488.95,0.23,1505.97,cash,CUST_6002,Regular
TXN_202411_011108,2024-11-18,REG_05,STORE_013,EMP_005,PROD_018,1,469.86,0.03,455.76,cash,CUST_3289,VIP
TXN_202411_011109,2024-11-03,REG_10,STORE_030,EMP_013,PROD_009,2,495.66,0.0,991.32,card,CUST_7873,VIP
TXN_202411_011110,2024-11-28,REG_08,STORE_023,EMP_012,PROD_004,4,435.72,0.22,1359.45,card,CUST_8538,Premium
TXN_202411_010985,2024-11-12,REG_08,STORE_022,EMP_012,PROD_034,4,12.16,0.05,46.21,credit,CUST_2667,Regular
TXN_202411_011111,2024-11-15,REG_10,STORE_030,EMP_028,PROD_008,4,397.74,0.24,1209.13,cash,CUST_9694,New
TXN_202411_011112,2024-11-25,REG_02,STORE_005,EMP_002,PROD_015,2,278.81,0.29,395.91,card,CUST_9771,Regular
TXN_202411_011113,2024-11-29,REG_03,STORE_009,EMP_014,PROD_004,4,21.38,0.2,68.42,cash,CUST_2728,Premium
TXN_202411_011114,2024-11-22,REG_02,STORE_004,EMP_002,PROD_049,5,279.12,0.03,1353.73,credit,CUST_4954,VIP
TXN_202411_011115,2024-11-15,REG_10,STORE_029,EMP_013,PROD_012,2,493.57,0.27,720.61,credit,CUST_4647,VIP
TXN_202411_011116,2024-11-07,REG_02,STORE_004,EMP_002,PROD_024,5,128.36,0.24,487.77,mobile,CUST_2808,Regular
TXN_202411_011117,2024-11-26,REG_01,STORE_001,EMP_011,PROD_008,1,215.95,0.26,159.8,mobile,CUST_5783,VIP
TXN_202411_011118,2024-11-08,REG_01,STORE_002,EMP_018,PROD_050,1,480.76,0.26,355.76,mobile,CUST_2419,New
TXN_202411_011065,2024-11-06,REG_05,STORE_013,EMP_005,PROD_024,5,159.01,0.3,556.53,mobile,CUST_7751,Premium
TXN_202411_011119,2024-11-13,REG_09,STORE_026,EMP_009,PROD_044,1,261.43,0.14,224.83,credit,CUST_4473,Premium
TXN_202411_011120,2024-11-15,REG_05,STORE_015,EMP_005,PROD_038,4,344.84,0.16,1158.66,cash,CUST_8815,Premium
TXN_202411_011121,2024-11-13,REG_02,STORE_004,EMP_002,PROD_030,5,310.55,0.29,1102.45,card,CUST_5751,Premium
TXN_202411_011122,2024-11-15,REG_06,STORE_018,EMP_006,PROD_040,2,85.33,0.03,165.54,credit,CUST_1953,Premium
TXN_202411_011123,2024-11-12,REG_09,STORE_027,EMP_027,PROD_002,1,375.98,0.25,281.99,credit,CUST_6396,New
TXN_202411_011124,2024-11-18,REG_05,STORE_014,EMP_005,PROD_033,5,471.81,0.15,2005.19,cash,CUST_6217,VIP
TXN_202411_011125,2024-11-13,REG_10,STORE_029,EMP_010,PROD_004,3,361.92,0.3,760.03,credit,CUST_7506,New
TXN_202411_011126,2024-11-06,REG_03,STORE_008,EMP_003,PROD_048,2,239.05,0.2,382.48,credit,CUST_1518,New
TXN_202411_011064,2024-11-30,REG_07,STORE_019,EMP_007,PROD_046,1,122.88,0.28,88.47,cash,CUST_1897,VIP
TXN_202411_011127,2024-11-13,REG_04,STORE_011,EMP_004,PROD_013,3,147.78,0.1,399.01,credit,CUST_4442,Premium
TXN_202411_011128,2024-11-29,REG_10,STORE_029,EMP_020,PROD_025,1,73.45,0.11,65.37,card,CUST_6443,Premium
TXN_202411_011129,2024-11-21,REG_06,STORE_017,EMP_006,PROD_012,3,38.56,0.27,84.45,cash,CUST_5117,Regular
TXN_202411_011130,2024-11-30,REG_10,STORE_030,EMP_017,PROD_043,1,259.13,0.19,209.9,card,CUST_3882,Regular
TXN_202411_011131,2024-11-12,REG_09,STORE_025,EMP_027,PROD_015,5,67.12,0.0,335.6,card,CUST_6605,Regular
TXN_202411_011132,2024-11-21,REG_06,STORE_017,EMP_006,PROD_027,3,61.68,0.02,181.34,card,CUST_8397,Regular
TXN_202411_011133,2024-11-20,REG_10,STORE_029,EMP_013,PROD_004,3,362.69,0.1,979.26,mobile,CUST_3467,Premium
TXN_202411_011134,2024-11-15,REG_01,STORE_002,EMP_011,PROD_045,3,147.11,0.11,392.78,card,CUST_4298,New
TXN_202411_011135,2024-11-16,REG_04,STORE_011,EMP_024,PROD_009,1,355.04,0.14,305.33,mobile,CUST_3968,Premium
TXN_202411_011136,2024-11-04,REG_02,STORE_006,EMP_002,PROD_003,1,28.69,0.2,22.95,cash,CUST_9269,VIP
TXN_202411_011137,2024-11-17,REG_02,STORE_006,EMP_002,PROD_025,5,82.86,0.01,410.16,cash,CUST_5239,VIP
TXN_202411_011138,2024-11-19,REG_08,STORE_023,EMP_023,PROD_013,3,119.44,0.22,279.49,mobile,CUST_9392,New
TXN_202411_011139,2024-11-30,REG_03,STORE_008,EMP_003,PROD_033,5,270.74,0.22,1055.89,credit,CUST_4266,VIP
TXN_202411_011140,2024-11-23,REG_09,STORE_026,EMP_022,PROD_004,5,16.69,0.28,60.08,cash,CUST_4668,VIP
TXN_202411_011141,2024-11-06,REG_04,STORE_010,EMP_024,PROD_023,2,22.38,0.11,39.84,cash,CUST_7975,Regular
TXN_202411_011142,2024-11-12,REG_03,STORE_009,EMP_003,PROD_025,3,143.68,0.2,344.83,card,CUST_1818,New
TXN_202411_011143,2024-11-24,REG_08,STORE_024,EMP_008,PROD_028,5,365.39,0.27,1333.67,cash,CUST_9548,New
TXN_202411_011144,2024-11-10,REG_05,STORE_015,EMP_021,PROD_020,1,284.99,0.26,210.89,card,CUST_3918,Regular
TXN_202411_011145,2024-11-13,REG_08,STORE_022,EMP_015,PROD_011,2,76.02,0.14,130.75,credit,CUST_9935,Regular
TXN_202411_011146,2024-11-08,REG_08,STORE_024,EMP_008,PROD_015,1,156.46,0.16,131.43,mobile,CUST_2897,New
TXN_202411_011147,2024-11-02,REG_08,STORE_024,EMP_012,PROD_009,4,229.81,0.22,717.01,mobile,CUST_2171,Regular
TXN_202411_011148,2024-11-25,REG_03,STORE_007,EMP_003,PROD_050,1,370.84,0.14,318.92,card,CUST_7756,New
TXN_202411_011149,2024-11-16,REG_02,STORE_006,EMP_002,PROD_001,3,378.84,0.3,795.56,cash,CUST_5756,Regular
TXN_202411_011150,2024-11-04,REG_10,STORE_028,EMP_020,PROD_003,5,27.2,0.25,102.0,cash,CUST_9291,VIP
TXN_202411_011151,2024-11-12,REG_03,STORE_009,EMP_003,PROD_008,2,330.0,0.18,541.2,card,CUST_6025,Regular
TXN_202411_011152,2024-11-05,REG_09,STORE_026,EMP_022,PROD_011,1,355.38,0.06,334.06,card,CUST_8665,Regular
TXN_202411_011153,2024-11-13,REG_09,STORE_027,EMP_009,PROD_025,1,85.35,0.2,68.28,mobile,CUST_1283,New
TXN_202411_011154,2024-11-21,REG_03,STORE_008,EMP_014,PROD_019,1,269.05,0.06,252.91,cash,CUST_7479,VIP
TXN_202411_011155,2024-11-26,REG_07,STORE_019,EMP_007,PROD_043,2,380.28,0.08,699.72,card,CUST_2511,Regular
TXN_202411_011156,2024-11-01,REG_01,STORE_001,EMP_011,PROD_039,3,390.11,0.08,1076.7,cash,CUST_5157,Premium
TXN_202411_011157,2024-11-10,REG_03,STORE_008,EMP_003,PROD_004,5,407.7,0.05,1936.57,card,CUST_2461,Premium
TXN_202411_011158,2024-11-09,REG_07,STORE_021,EMP_007,PROD_032,2,364.46,0.08,670.61,mobile,CUST_7561,VIP
TXN_202411_011159,2024-11-24,REG_02,STORE_006,EMP_002,PROD_023,4,250.23,0.18,820.75,cash,CUST_5040,Regular
TXN_202411_011160,2024-11-29,REG_02,STORE_006,EMP_002,PROD_047,4,360.0,0.05,1368.0,mobile,CUST_2253,New
TXN_202411_011161,2024-11-25,REG_08,STORE_023,EMP_015,PROD_023,3,442.58,0.19,1075.47,cash,CUST_5555,New
TXN_202411_011162,2024-11-20,REG_01,STORE_001,EMP_011,PROD_027,1,85.36,0.3,59.75,cash,CUST_7355,VIP
TXN_202411_011163,2024-11-25,REG_09,STORE_025,EMP_027,PROD_041,1,54.69,0.25,41.02,card,CUST_7366,Premium
TXN_202411_011164,2024-11-03,REG_09,STORE_027,EMP_009,PROD_040,3,325.58,0.22,761.86,card,CUST_6616,VIP
TXN_202411_011165,2024-11-02,REG_09,STORE_027,EMP_009,PROD_035,2,58.98,0.19,95.55,credit,CUST_4159,Premium
TXN_202411_011166,2024-11-22,REG_04,STORE_011,EMP_024,PROD_021,2,159.67,0.15,271.44,cash,CUST_9027,New
TXN_202411_011167,2024-11-05,REG_06,STORE_018,EMP_006,PROD_035,2,154.44,0.26,228.57,card,CUST_2408,Premium
TXN_202411_011168,2024-11-23,REG_08,STORE_024,EMP_015,PROD_022,2,21.94,0.2,35.1,card,CUST_4543,Regular
TXN_202411_011169,2024-11-23,REG_10,STORE_030,EMP_028,PROD_004,4,325.75,0.01,1289.97,card,CUST_2273,Regular
TXN_202411_011170,2024-11-03,REG_06,STORE_018,EMP_006,PROD_037,5,418.35,0.07,1945.33,mobile,CUST_5949,Premium
TXN_202411_011171,2024-11-03,REG_03,STORE_008,EMP_003,PROD_031,5,477.86,0.23,1839.76,card,CUST_8324,Premium
TXN_202411_011172,2024-11-12,REG_03,STORE_007,EMP_003,PROD_044,3,154.41,0.07,430.8,card,CUST_4235,Premium
TXN_202411_011173,2024-11-08,REG_06,STORE_017,EMP_006,PROD_023,3,475.33,0.24,1083.75,credit,CUST_4903,New
TXN_202411_011174,2024-11-08,REG_03,STORE_008,EMP_003,PROD_025,5,111.42,0.09,506.96,credit,CUST_2840,Premium
TXN_202411_011175,2024-11-17,REG_10,STORE_030,EMP_017,PROD_021,5,44.87,0.11,199.67,credit,CUST_5710,VIP
TXN_202411_011176,2024-11-05,REG_07,STORE_019,EMP_007,PROD_004,4,440.66,0.06,1656.88,cash,CUST_1656,Premium
TXN_202411_011177,2024-11-09,REG_09,STORE_027,EMP_025,PROD_003,5,342.08,0.06,1607.78,mobile,CUST_4564,Premium
TXN_202411_011178,2024-11-10,REG_01,STORE_002,EMP_001,PROD_017,3,237.84,0.18,585.09,cash,CUST_8920,VIP
TXN_202411_011031,2024-11-20,REG_02,STORE_005,EMP_002,PROD_048,4,447.89,0.19,1451.16,card,CUST_4793,VIP
TXN_202411_011179,2024-11-12,REG_07,STORE_020,EMP_007,PROD_015,4,434.94,0.23,1339.62,card,CUST_3149,New
TXN_202411_011180,2024-11-02,REG_06,STORE_017,EMP_006,PROD_015,5,497.52,0.2,1990.08,cash,CUST_5773,Premium
TXN_202411_011181,2024-11-27,REG_09,STORE_026,EMP_027,PROD_025,2,150.78,0.08,277.44,cash,CUST_9331,Premium
TXN_202411_011182,2024-11-06,REG_02,STORE_006,EMP_002,PROD_002,4,425.04,0.3,1190.11,card,CUST_3431,VIP
TXN_202411_011183,2024-11-03,REG_01,STORE_003,EMP_019,PROD_009,2,204.7,0.04,393.02,credit,CUST_9186,VIP
TXN_202411_011184,2024-11-11,REG_09,STORE_026,EMP_025,PROD_016,2,321.72,0.11,572.66,card,CUST_7438,New
TXN_202411_011185,2024-11-24,REG_02,STORE_006,EMP_002,PROD_031,4,223.6,0.27,652.91,mobile,CUST_7674,Regular
TXN_202411_011186,2024-11-12,REG_08,STORE_024,EMP_023,PROD_013,3,194.84,0.11,520.22,mobile,CUST_7674,VIP
TXN_202411_011187,2024-11-20,REG_10,STORE_030,EMP_028,PROD_016,4,169.54,0.13,590.0,cash,CUST_6306,Regular
TXN_202411_011188,2024-11-11,REG_06,STORE_018,EMP_006,PROD_003,4,125.88,0.27,367.57,cash,CUST_5455,Premium
TXN_202411_011189,2024-11-03,REG_03,STORE_007,EMP_003,PROD_020,4,297.05,0.01,1176.32,card,CUST_7401,New
TXN_202411_011176,2024-11-17,REG_05,STORE_013,EMP_005,PROD_022,5,479.87,0.21,1895.49,cash,CUST_7263,Regular
TXN_202411_011190,2024-11-28,REG_06,STORE_018,EMP_006,PROD_031,5,211.74,0.15,899.89,credit,CUST_1799,Regular
TXN_202411_011191,2024-11-21,REG_02,STORE_004,EMP_002,PROD_047,5,177.22,0.29,629.13,credit,CUST_3869,Premium
TXN_202411_011192,2024-11-22,REG_06,STORE_018,EMP_006,PROD_009,4,360.05,0.18,1180.96,cash,CUST_5945,VIP
TXN_202411_011193,2024-11-13,REG_08,STORE_023,EMP_015,PROD_039,2,150.15,0.04,288.29,card,CUST_5583,New
TXN_202411_011194,2024-11-08,REG_05,STORE_015,EMP_021,PROD_047,3,404.9,0.09,1105.38,credit,CUST_3968,VIP
TXN_202411_011195,2024-11-14,REG_04,STORE_012,EMP_030,PROD_047,2,445.3,0.08,819.35,mobile,CUST_1003,VIP
TXN_202411_011196,2024-11-22,REG_04,STORE_012,EMP_004,PROD_009,4,174.16,0.24,529.45,cash,CUST_4157,Premium
TXN_202411_011197,2024-11-07,REG_10,STORE_029,EMP_020,PROD_008,3,240.09,0.14,619.43,card,CUST_3131,Regular
TXN_202411_011198,2024-11-06,REG_04,STORE_012,EMP_029,PROD_028,2,202.08,0.02,396.08,mobile,CUST_8033,New
TXN_202411_011199,2024-11-06,REG_02,STORE_006,EMP_002,PROD_004,3,123.98,0.02,364.5,mobile,CUST_7851,Regular
TXN_202411_011200,2024-11-11,REG_07,STORE_020,EMP_007,PROD_003,5,462.74,0.12,2036.06,credit,CUST_3601,Premium
TXN_202411_011201,2024-11-16,REG_03,STORE_009,EMP_014,PROD_047,1,25.31,0.17,21.01,mobile,CUST_3868,Regular
TXN_202411_011202,2024-11-03,REG_08,STORE_024,EMP_023,PROD_010,1,110.76,0.15,94.15,card,CUST_9266,Premium
TXN_202411_011203,2024-11-02,REG_03,STORE_007,EMP_003,PROD_007,4,377.4,0.25,1132.2,cash,CUST_6491,VIP
TXN_202411_011204,2024-11-28,REG_01,STORE_003,EMP_011,PROD_032,4,67.02,0.04,257.36,credit,CUST_9785,Regular
TXN_202411_011205,2024-11-13,REG_06,STORE_016,EMP_006,PROD_009,4,351.16,0.27,1025.39,credit,CUST_4256,Regular
TXN_202411_011206,2024-11-28,REG_08,STORE_023,EMP_012,PROD_036,5,373.29,0.02,1829.12,cash,CUST_4738,Regular
TXN_202411_011207,2024-11-04,REG_01,STORE_001,EMP_019,PROD_019,3,165.27,0.24,376.82,credit,CUST_4998,Regular
TXN_202411_011208,2024-11-03,REG_02,STORE_006,EMP_002,PROD_007,5,420.77,0.07,1956.58,mobile,CUST_1511,New
TXN_202411_011209,2024-11-28,REG_09,STORE_025,EMP_009,PROD_036,4,162.47,0.03,630.38,mobile,CUST_5527,Premium
TXN_202411_011210,2024-11-11,REG_02,STORE_004,EMP_002,PROD_023,2,210.73,0.05,400.39,card,CUST_4637,Regular
TXN_202411_011211,2024-11-15,REG_02,STORE_005,EMP_002,PROD_011,1,200.9,0.2,160.72,card,CUST_8914,VIP
TXN_202411_011212,2024-11-22,REG_01,STORE_002,EMP_011,PROD_010,5,433.71,0.28,1561.36,card,CUST_5501,VIP
TXN_202411_011213,2024-11-07,REG_07,STORE_019,EMP_007,PROD_032,3,170.0,0.15,433.5,credit,CUST_7692,Regular
TXN_202411_011214,2024-11-23,REG_05,STORE_015,EMP_005,PROD_006,2,361.06,0.28,519.93,card,CUST_3326,New
TXN_202411_011215,2024-11-28,REG_01,STORE_003,EMP_001,PROD_014,3,49.9,0.15,127.24,credit,CUST_7818,Premium
TXN_202411_011216,2024-11-23,REG_04,STORE_011,EMP_024,PROD_032,1,49.61,0.0,49.61,card,CUST_3977,Regular
TXN_202411_011217,2024-11-04,REG_10,STORE_028,EMP_028,PROD_040,5,497.64,0.04,2388.67,credit,CUST_3117,Premium
TXN_202411_011218,2024-11-03,REG_05,STORE_013,EMP_021,PROD_018,3,415.91,0.23,960.75,cash,CUST_5337,Regular
TXN_202411_011219,2024-11-17,REG_08,STORE_024,EMP_015,PROD_042,5,347.88,0.16,1461.1,card,CUST_4003,New
TXN_202411_011220,2024-11-21,REG_09,STORE_025,EMP_009,PROD_050,5,169.51,0.03,822.12,credit,CUST_4349,VIP
TXN_202411_011221,2024-11-26,REG_09,STORE_025,EMP_027,PROD_031,4,110.48,0.26,327.02,card,CUST_9897,New
TXN_202411_011222,2024-11-05,REG_09,STORE_026,EMP_025,PROD_021,2,470.55,0.09,856.4,mobile,CUST_9400,New
TXN_202411_011223,2024-11-25,REG_02,STORE_004,EMP_002,PROD_023,4,350.8,0.13,1220.78,cash,CUST_4069,New
TXN_202411_011224,2024-11-09,REG_04,STORE_012,EMP_026,PROD_004,3,17.46,0.19,42.43,credit,CUST_4981,New
TXN_202411_011225,2024-11-24,REG_01,STORE_001,EMP_001,PROD_041,1,93.16,0.19,75.46,cash,CUST_6787,New
TXN_202411_011226,2024-11-05,REG_06,STORE_016,EMP_006,PROD_013,2,248.15,0.09,451.63,card,CUST_9526,New
TXN_202411_011227,2024-11-27,REG_08,STORE_024,EMP_015,PROD_049,1,23.7,0.03,22.99,cash,CUST_3149,Premium
TXN_202411_011228,2024-11-03,REG_09,STORE_027,EMP_025,PROD_005,5,486.61,0.26,1800.46,credit,CUST_8944,Regular
TXN_202411_011229,2024-11-05,REG_03,STORE_009,EMP_014,PROD_045,4,347.53,0.15,1181.6,card,CUST_9476,Premium
TXN_202411_011230,2024-11-20,REG_02,STORE_005,EMP_002,PROD_032,2,133.62,0.04,256.55,card,CUST_9169,VIP
TXN_202411_011231,2024-11-11,REG_10,STORE_028,EMP_020,PROD_002,4,81.21,0.23,250.13,cash,CUST_3381,New
TXN_202411_011232,2024-11-20,REG_10,STORE_028,EMP_028,PROD_034,4,490.45,0.01,1942.18,cash,CUST_7199,VIP
TXN_202411_011233,2024-11-07,REG_08,STORE_024,EMP_015,PROD_011,5,217.17,0.06,1020.7,credit,CUST_8800,VIP
TXN_202411_011234,2024-11-21,REG_07,STORE_019,EMP_007,PROD_044,5,161.94,0.05,769.22,card,CUST_6462,Regular
TXN_202411_011235,2024-11-01,REG_04,STORE_010,EMP_024,PROD_028,3,421.37,0.28,910.16,credit,CUST_1800,New
TXN_202411_011236,2024-11-02,REG_04,STORE_011,EMP_026,PROD_036,5,258.15,0.26,955.15,credit,CUST_7434,New
TXN_202411_011237,2024-11-03,REG_03,STORE_009,EMP_003,PROD_011,2,225.0,0.01,445.5,mobile,CUST_4647,Premium
TXN_202411_011238,2024-11-10,REG_01,STORE_003,EMP_019,PROD_021,1,199.0,0.29,141.29,cash,CUST_3658,Premium
TXN_202411_011239,2024-11-18,REG_10,STORE_028,EMP_020,PROD_038,3,318.78,0.12,841.58,credit,CUST_4957,Premium
TXN_202411_011240,2024-11-07,REG_01,STORE_003,EMP_019,PROD_049,5,16.61,0.15,70.59,credit,CUST_3809,Regular
TXN_202411_011241,2024-11-05,REG_10,STORE_030,EMP_010,PROD_009,5,89.23,0.07,414.92,card,CUST_4884,Regular
TXN_202411_011242,2024-11-05,REG_08,STORE_023,EMP_015,PROD_011,3,450.41,0.01,1337.72,cash,CUST_3509,VIP
TXN_202411_011243,2024-11-09,REG_03,STORE_009,EMP_014,PROD_020,2,88.99,0.03,172.64,credit,CUST_4613,VIP
TXN_202411_011244,2024-11-19,REG_02,STORE_004,EMP_002,PROD_004,4,414.41,0.29,1176.92,mobile,CUST_5915,Regular
TXN_202411_011245,2024-11-20,REG_01,STORE_002,EMP_019,PROD_027,2,493.84,0.17,819.77,credit,CUST_3857,VIP
TXN_202411_011246,2024-11-11,REG_09,STORE_027,EMP_025,PROD_015,1,252.06,0.22,196.61,card,CUST_4396,Regular
TXN_202411_011247,2024-11-03,REG_10,STORE_030,EMP_010,PROD_025,1,68.86,0.18,56.47,cash,CUST_9273,Premium
TXN_202411_011248,2024-11-13,REG_07,STORE_019,EMP_007,PROD_038,3,44.02,0.22,103.01,cash,CUST_4991,New
TXN_202411_011096,2024-11-10,REG_06,STORE_017,EMP_006,PROD_022,3,264.88,0.2,635.71,card,CUST_6735,Regular
TXN_202411_011249,2024-11-30,REG_04,STORE_011,EMP_004,PROD_030,1,125.32,0.22,97.75,card,CUST_4297,Premium
TXN_202411_011250,2024-11-14,REG_09,STORE_027,EMP_022,PROD_032,2,33.42,0.23,51.47,card,CUST_7770,New
TXN_202411_011251,2024-11-11,REG_07,STORE_019,EMP_007,PROD_010,2,274.71,0.02,538.43,mobile,CUST_5008,New
TXN_202411_011252,2024-11-18,REG_04,STORE_011,EMP_004,PROD_045,3,365.23,0.15,931.34,credit,CUST_3469,Premium
TXN_202411_011253,2024-11-07,REG_10,STORE_030,EMP_013,PROD_024,4,128.36,0.24,390.21,credit,CUST_5230,VIP
TXN_202411_011254,2024-11-17,REG_01,STORE_003,EMP_001,PROD_037,1,426.14,0.28,306.82,card,CUST_7879,New
TXN_202411_011255,2024-11-20,REG_09,STORE_025,EMP_025,PROD_037,2,439.96,0.13,765.53,mobile,CUST_8365,Regular
TXN_202411_011256,2024-11-19,REG_07,STORE_020,EMP_007,PROD_036,4,312.15,0.05,1186.17,card,CUST_1516,VIP
TXN_202411_011257,2024-11-17,REG_03,STORE_009,EMP_014,PROD_046,2,139.41,0.18,228.63,mobile,CUST_6477,New
TXN_202411_011258,2024-11-15,REG_06,STORE_018,EMP_006,PROD_037,3,366.76,0.19,891.23,cash,CUST_2327,VIP
TXN_202411_011259,2024-11-13,REG_03,STORE_008,EMP_014,PROD_035,1,281.59,0.07,261.88,card,CUST_7245,VIP
TXN_202411_011260,2024-11-12,REG_04,STORE_010,EMP_024,PROD_049,4,141.63,0.24,430.56,mobile,CUST_5065,Premium
TXN_202411_011261,2024-11-02,REG_07,STORE_021,EMP_007,PROD_015,5,458.76,0.24,1743.29,credit,CUST_3648,New
TXN_202411_011262,2024-11-28,REG_06,STORE_017,EMP_006,PROD_003,3,129.6,0.24,295.49,card,CUST_1040,VIP
TXN_202411_011263,2024-11-27,REG_08,STORE_023,EMP_012,PROD_041,5,451.65,0.21,1784.02,cash,CUST_1322,Regular
TXN_202411_011264,2024-11-08,REG_07,STORE_021,EMP_007,PROD_032,1,299.48,0.07,278.52,credit,CUST_4593,Regular
TXN_202411_011265,2024-11-18,REG_07,STORE_019,EMP_007,PROD_034,4,118.85,0.12,418.35,credit,CUST_6339,New
TXN_202411_011266,2024-11-03,REG_06,STORE_017,EMP_006,PROD_035,1,431.8,0.25,323.85,credit,CUST_3330,Regular
TXN_202411_011267,2024-11-28,REG_10,STORE_030,EMP_028,PROD_008,3,132.75,0.25,298.69,card,CUST_3818,Premium
TXN_202411_011268,2024-11-02,REG_10,STORE_030,EMP_017,PROD_004,1,444.91,0.02,436.01,card,CUST_5425,Regular
TXN_202411_011268,2024-11-09,REG_10,STORE_028,EMP_013,PROD_008,3,272.54,0.3,572.33,card,CUST_6708,VIP
TXN_202411_011269,2024-11-16,REG_06,STORE_017,EMP_006,PROD_006,5,120.08,0.28,432.29,card,CUST_7736,Regular
TXN_202411_011270,2024-11-18,REG_01,STORE_001,EMP_019,PROD_039,5,377.48,0.2,1509.92,cash,CUST_7310,New
TXN_202411_011271,2024-11-26,REG_01,STORE_003,EMP_018,PROD_039,3,148.02,0.06,417.42,card,CUST_6256,Premium
TXN_202411_011272,2024-11-10,REG_09,STORE_026,EMP_009,PROD_009,1,432.1,0.24,328.4,credit,CUST_8833,New
TXN_202411_011273,2024-11-24,REG_03,STORE_007,EMP_014,PROD_034,2,426.48,0.06,801.78,credit,CUST_2606,New
TXN_202411_011274,2024-11-11,REG_08,STORE_024,EMP_008,PROD_041,3,258.4,0.27,565.9,card,CUST_5109,Regular
TXN_202411_011275,2024-11-05,REG_09,STORE_026,EMP_022,PROD_032,5,239.14,0.05,1135.91,card,CUST_1364,Premium
TXN_202411_011276,2024-11-18,REG_10,STORE_030,EMP_028,PROD_025,1,286.41,0.08,263.5,credit,CUST_4040,New
TXN_202411_011277,2024-11-09,REG_02,STORE_004,EMP_002,PROD_012,5,362.66,0.03,1758.9,card,CUST_3853,New
TXN_202411_011278,2024-11-06,REG_06,STORE_016,EMP_006,PROD_038,3,102.74,0.14,265.07,mobile,CUST_7675,VIP
TXN_202411_011279,2024-11-28,REG_10,STORE_028,EMP_020,PROD_010,5,14.19,0.25,53.21,cash,CUST_4725,VIP
TXN_202411_011280,2024-11-14,REG_01,STORE_003,EMP_001,PROD_011,5,251.23,0.16,1055.17,card,CUST_9772,Regular
TXN_202411_011281,2024-11-03,REG_03,STORE_008,EMP_003,PROD_039,1,147.26,0.15,125.17,cash,CUST_9685,Premium
TXN_202411_011282,2024-11-26,REG_01,STORE_003,EMP_011,PROD_027,1,493.73,0.07,459.17,mobile,CUST_2014,New
TXN_202411_011283,2024-11-27,REG_01,STORE_002,EMP_019,PROD_005,4,343.25,0.13,1194.51,cash,CUST_8376,Regular
TXN_202411_011284,2024-11-13,REG_08,STORE_022,EMP_012,PROD_041,1,62.46,0.28,44.97,cash,CUST_7607,New
TXN_202411_011285,2024-11-02,REG_01,STORE_001,EMP_019,PROD_013,1,151.6,0.2,121.28,cash,CUST_9549,New
TXN_202411_011286,2024-11-03,REG_02,STORE_004,EMP_002,PROD_023,3,207.32,0.13,541.11,mobile,CUST_5010,New
TXN_202411_011287,2024-11-12,REG_03,STORE_007,EMP_003,PROD_047,5,345.8,0.21,1365.91,card,CUST_5744,Regular
TXN_202411_011288,2024-11-14,REG_01,STORE_002,EMP_011,PROD_008,2,262.81,0.14,452.03,mobile,CUST_2161,Regular
TXN_202411_011289,2024-11-10,REG_05,STORE_013,EMP_005,PROD_015,2,275.82,0.21,435.8,card,CUST_2665,Premium
TXN_202411_011290,2024-11-07,REG_07,STORE_020,EMP_007,PROD_009,3,494.85,0.2,1187.64,mobile,CUST_2202,Premium
TXN_202411_011291,2024-11-03,REG_02,STORE_006,EMP_002,PROD_008,5,304.81,0.12,1341.16,card,CUST_5265,VIP
TXN_202411_011292,2024-11-05,REG_04,STORE_012,EMP_026,PROD_029,4,103.66,0.16,348.3,cash,CUST_4424,VIP
TXN_202411_011293,2024-11-27,REG_07,STORE_019,EMP_007,PROD_006,1,321.74,0.03,312.09,card,CUST_6875,Premium
TXN_202411_011294,2024-11-11,REG_02,STORE_005,EMP_002,PROD_037,4,63.06,0.17,209.36,mobile,CUST_6598,Regular
TXN_202411_011295,2024-11-16,REG_01,STORE_002,EMP_018,PROD_030,1,338.02,0.23,260.28,mobile,CUST_2010,VIP
TXN_202411_011296,2024-11-28,REG_01,STORE_002,EMP_001,PROD_004,5,429.99,0.26,1590.96,mobile,CUST_1427,VIP
TXN_202411_011297,2024-11-23,REG_07,STORE_020,EMP_007,PROD_013,1,423.76,0.04,406.81,mobile,CUST_4838,Regular
TXN_202411_011298,2024-11-20,REG_10,STORE_028,EMP_010,PROD_038,2,178.64,0.05,339.42,mobile,CUST_5992,Premium
TXN_202411_011299,2024-11-29,REG_04,STORE_010,EMP_016,PROD_030,2,290.24,0.02,568.87,card,CUST_6402,New
TXN_202411_011194,2024-11-28,REG_02,STORE_004,EMP_002,PROD_032,3,362.1,0.06,1021.12,mobile,CUST_5551,New
TXN_202411_011300,2024-11-15,REG_05,STORE_014,EMP_005,PROD_028,2,366.91,0.05,697.13,credit,CUST_1005,New
TXN_202411_011301,2024-11-06,REG_01,STORE_003,EMP_001,PROD_027,2,264.96,0.29,376.24,cash,CUST_1914,VIP
TXN_202411_011302,2024-11-07,REG_03,STORE_007,EMP_003,PROD_004,4,219.89,0.25,659.67,mobile,CUST_1356,VIP
TXN_202411_011303,2024-11-11,REG_06,STORE_016,EMP_006,PROD_019,4,137.55,0.28,396.14,credit,CUST_8665,VIP
TXN_202411_011304,2024-11-18,REG_06,STORE_017,EMP_006,PROD_018,1,349.36,0.08,321.41,card,CUST_1781,VIP
TXN_202411_011305,2024-11-10,REG_04,STORE_011,EMP_029,PROD_020,2,43.05,0.28,61.99,cash,CUST_5571,Regular
TXN_202411_011306,2024-11-04,REG_04,STORE_010,EMP_026,PROD_023,1,365.39,0.01,361.74,credit,CUST_6617,New
TXN_202411_011307,2024-11-06,REG_10,STORE_030,EMP_017,PROD_007,5,375.85,0.27,1371.85,credit,CUST_1026,New
TXN_202411_011308,2024-11-18,REG_06,STORE_016,EMP_006,PROD_007,4,16.36,0.27,47.77,credit,CUST_5753,Premium
TXN_202411_011309,2024-11-06,REG_06,STORE_017,EMP_006,PROD_011,5,308.4,0.27,1125.66,card,CUST_2631,New
TXN_202411_011310,2024-11-17,REG_10,STORE_028,EMP_013,PROD_034,3,453.04,0.06,1277.57,card,CUST_4793,Premium
TXN_202411_011311,2024-11-22,REG_08,STORE_024,EMP_015,PROD_008,1,17.23,0.07,16.02,mobile,CUST_3055,VIP
TXN_202411_011312,2024-11-24,REG_06,STORE_016,EMP_006,PROD_037,5,101.5,0.12,446.6,mobile,CUST_7102,Premium
TXN_202411_011313,2024-11-16,REG_04,STORE_012,EMP_029,PROD_047,2,294.33,0.23,453.27,mobile,CUST_1003,Regular
TXN_202411_011314,2024-11-08,REG_01,STORE_001,EMP_001,PROD_039,1,406.99,0.15,345.94,cash,CUST_3899,Regular
TXN_202411_011315,2024-11-20,REG_06,STORE_017,EMP_006,PROD_042,5,92.03,0.2,368.12,card,CUST_8540,VIP
TXN_202411_011316,2024-11-18,REG_02,STORE_006,EMP_002,PROD_017,5,470.25,0.15,1998.56,credit,CUST_7243,New
TXN_202411_011317,2024-11-15,REG_04,STORE_012,EMP_024,PROD_022,5,94.43,0.28,339.95,mobile,CUST_1877,New
TXN_202411_011318,2024-11-20,REG_02,STORE_005,EMP_002,PROD_008,4,180.06,0.0,720.24,credit,CUST_2618,Premium
TXN_202411_011319,2024-11-16,REG_10,STORE_030,EMP_017,PROD_045,4,148.68,0.11,529.3,credit,CUST_4327,Premium
TXN_202411_011320,2024-11-28,REG_04,STORE_011,EMP_029,PROD_028,1,343.78,0.21,271.59,mobile,CUST_5007,VIP
TXN_202411_011321,2024-11-15,REG_07,STORE_019,EMP_007,PROD_023,2,153.29,0.21,242.2,cash,CUST_2205,New
TXN_202411_011134,2024-11-25,REG_09,STORE_026,EMP_009,PROD_013,2,210.02,0.01,415.84,mobile,CUST_1683,New
TXN_202411_011322,2024-11-13,REG_05,STORE_015,EMP_005,PROD_027,4,451.37,0.18,1480.49,card,CUST_3069,Premium
TXN_202411_011323,2024-11-10,REG_09,STORE_025,EMP_009,PROD_028,2,22.57,0.04,43.33,credit,CUST_2738,VIP
TXN_202411_011324,2024-11-17,REG_01,STORE_002,EMP_018,PROD_015,2,91.01,0.27,132.87,mobile,CUST_4126,New
TXN_202411_011325,2024-11-10,REG_10,STORE_029,EMP_013,PROD_010,3,261.88,0.25,589.23,card,CUST_6477,Premium
TXN_202411_011326,2024-11-13,REG_07,STORE_019,EMP_007,PROD_045,4,52.6,0.3,147.28,credit,CUST_4370,VIP
TXN_202411_011327,2024-11-14,REG_03,STORE_007,EMP_014,PROD_003,2,353.37,0.13,614.86,card,CUST_3255,Regular
TXN_202411_011328,2024-11-11,REG_06,STORE_017,EMP_006,PROD_026,4,364.34,0.04,1399.07,card,CUST_8807,Regular
TXN_202411_011329,2024-11-08,REG_05,STORE_014,EMP_021,PROD_050,1,212.49,0.1,191.24,cash,CUST_7473,VIP
TXN_202411_011330,2024-11-20,REG_02,STORE_004,EMP_002,PROD_004,3,46.64,0.23,107.74,credit,CUST_4848,Premium
TXN_202411_011331,2024-11-08,REG_06,STORE_016,EMP_006,PROD_004,1,453.0,0.03,439.41,cash,CUST_8430,Premium
TXN_202411_011332,2024-11-05,REG_09,STORE_025,EMP_022,PROD_035,2,225.34,0.29,319.98,card,CUST_1742,Regular
TXN_202411_011333,2024-11-01,REG_09,STORE_027,EMP_027,PROD_048,5,271.5,0.05,1289.62,cash,CUST_4724,VIP
TXN_202411_011334,2024-11-10,REG_08,STORE_023,EMP_012,PROD_022,2,388.04,0.27,566.54,cash,CUST_1389,Regular
TXN_202411_011335,2024-11-07,REG_08,STORE_023,EMP_008,PROD_034,3,479.65,0.13,1251.89,mobile,CUST_2585,Regular
TXN_202411_011336,2024-11-27,REG_08,STORE_022,EMP_012,PROD_046,5,143.57,0.14,617.35,mobile,CUST_9900,Regular
TXN_202411_011337,2024-11-09,REG_10,STORE_028,EMP_028,PROD_042,4,290.89,0.27,849.4,card,CUST_5799,Regular
TXN_202411_011338,2024-11-07,REG_02,STORE_005,EMP_002,PROD_014,2,357.3,0.16,600.26,mobile,CUST_2087,Premium
TXN_202411_011339,2024-11-20,REG_02,STORE_006,EMP_002,PROD_002,3,439.5,0.09,1199.84,mobile,CUST_8525,Premium
TXN_202411_011340,2024-11-19,REG_08,STORE_024,EMP_015,PROD_024,1,251.36,0.21,198.57,credit,CUST_9069,New
TXN_202411_011341,2024-11-10,REG_01,STORE_001,EMP_011,PROD_018,1,459.0,0.01,454.41,card,CUST_8365,Regular
TXN_202411_011342,2024-11-09,REG_07,STORE_021,EMP_007,PROD_033,5,55.53,0.26,205.46,mobile,CUST_3923,VIP
TXN_202411_011343,2024-11-09,REG_06,STORE_018,EMP_006,PROD_020,2,374.94,0.13,652.4,card,CUST_2545,VIP
TXN_202411_011344,2024-11-24,REG_01,STORE_002,EMP_019,PROD_013,2,317.97,0.11,565.99,credit,CUST_5136,New
TXN_202411_011345,2024-11-14,REG_04,STORE_012,EMP_004,PROD_004,1,388.51,0.21,306.92,mobile,CUST_3728,Regular
TXN_202411_011346,2024-11-11,REG_06,STORE_018,EMP_006,PROD_014,2,424.04,0.04,814.16,card,CUST_5713,Premium
TXN_202411_011347,2024-11-08,REG_06,STORE_016,EMP_006,PROD_041,2,498.2,0.15,846.94,credit,CUST_8925,VIP
TXN_202411_011348,2024-11-12,REG_05,STORE_015,EMP_021,PROD_014,3,336.52,0.16,848.03,card,CUST_5234,New
TXN_202411_011349,2024-11-08,REG_04,STORE_012,EMP_026,PROD_025,2,359.87,0.11,640.57,credit,CUST_5550,New
TXN_202411_011350,2024-11-10,REG_03,STORE_008,EMP_003,PROD_015,1,124.64,0.22,97.22,mobile,CUST_8741,VIP
TXN_202411_011351,2024-11-24,REG_07,STORE_021,EMP_007,PROD_038,1,161.8,0.08,148.86,credit,CUST_3077,New
TXN_202411_011352,2024-11-08,REG_08,STORE_024,EMP_008,PROD_033,4,393.36,0.16,1321.69,cash,CUST_7130,Premium
TXN_202411_011353,2024-11-16,REG_02,STORE_005,EMP_002,PROD_026,2,282.55,0.26,418.17,mobile,CUST_9399,New
TXN_202411_011354,2024-11-14,REG_09,STORE_026,EMP_027,PROD_038,4,356.85,0.01,1413.13,mobile,CUST_6480,VIP
TXN_202411_011355,2024-11-15,REG_07,STORE_021,EMP_007,PROD_009,4,181.33,0.0,725.32,cash,CUST_2592,Premium
TXN_202411_011261,2024-11-09,REG_04,STORE_012,EMP_016,PROD_005,1,310.65,0.22,242.31,cash,CUST_8095,Regular
TXN_202411_011356,2024-11-11,REG_03,STORE_007,EMP_014,PROD_043,1,227.76,0.25,170.82,cash,CUST_3230,New
TXN_202411_011357,2024-11-16,REG_02,STORE_006,EMP_002,PROD_006,1,414.26,0.16,347.98,card,CUST_6018,VIP
TXN_202411_011358,2024-11-25,REG_05,STORE_015,EMP_021,PROD_012,5,315.21,0.13,1371.16,mobile,CUST_9394,VIP
TXN_202411_011359,2024-11-26,REG_01,STORE_003,EMP_018,PROD_031,2,109.5,0.12,192.72,mobile,CUST_8163,Premium
TXN_202411_011360,2024-11-29,REG_08,STORE_024,EMP_015,PROD_030,4,365.84,0.23,1126.79,card,CUST_9472,VIP
TXN_202411_011221,2024-11-26,REG_04,STORE_012,EMP_029,PROD_003,3,95.52,0.24,217.79,cash,CUST_9380,Premium
TXN_202411_011361,2024-11-13,REG_02,STORE_005,EMP_002,PROD_039,3,453.58,0.23,1047.77,card,CUST_6566,Regular
TXN_202411_011362,2024-11-03,REG_10,STORE_030,EMP_028,PROD_044,4,262.3,0.21,828.87,cash,CUST_8853,VIP
TXN_202411_011363,2024-11-26,REG_08,STORE_023,EMP_012,PROD_039,3,12.8,0.12,33.79,card,CUST_7866,New
TXN_202411_011364,2024-11-27,REG_06,STORE_018,EMP_006,PROD_042,1,178.37,0.06,167.67,mobile,CUST_2787,Premium
TXN_202411_011365,2024-11-15,REG_03,STORE_008,EMP_014,PROD_003,2,371.95,0.04,714.14,cash,CUST_5614,VIP
TXN_202411_011366,2024-11-18,REG_05,STORE_013,EMP_021,PROD_043,3,388.99,0.15,991.92,card,CUST_3419,Premium
TXN_202411_011367,2024-11-29,REG_04,STORE_011,EMP_016,PROD_036,5,211.04,0.06,991.89,cash,CUST_2775,Regular
TXN_202411_011368,2024-11-17,REG_08,STORE_022,EMP_008,PROD_033,3,287.23,0.21,680.74,card,CUST_3875,New
TXN_202411_011369,2024-11-14,REG_06,STORE_017,EMP_006,PROD_025,1,430.02,0.2,344.02,cash,CUST_6932,Regular
TXN_202411_011370,2024-11-06,REG_02,STORE_005,EMP_002,PROD_034,4,107.67,0.1,387.61,cash,CUST_8408,New
TXN_202411_011371,2024-11-16,REG_07,STORE_021,EMP_007,PROD_006,1,36.26,0.24,27.56,mobile,CUST_2371,Premium
TXN_202411_011186,2024-11-29,REG_04,STORE_012,EMP_029,PROD_024,5,473.32,0.3,1656.62,card,CUST_2830,Regular
TXN_202411_011372,2024-11-09,REG_08,STORE_024,EMP_012,PROD_020,4,317.86,0.26,940.87,mobile,CUST_2394,VIP
TXN_202411_011072,2024-11-24,REG_01,STORE_002,EMP_001,PROD_011,1,435.74,0.23,335.52,mobile,CUST_5163,Regular
TXN_202411_011373,2024-11-22,REG_07,STORE_019,EMP_007,PROD_038,3,328.65,0.25,739.46,credit,CUST_8680,New
TXN_202411_011374,2024-11-16,REG_08,STORE_023,EMP_015,PROD_013,5,170.36,0.24,647.37,credit,CUST_7914,Regular
TXN_202411_011375,2024-11-25,REG_06,STORE_016,EMP_006,PROD_017,2,436.72,0.13,759.89,cash,CUST_8563,Regular
TXN_202411_011376,2024-11-28,REG_02,STORE_004,EMP_002,PROD_037,1,474.84,0.05,451.1,card,CUST_4933,Premium
TXN_202411_011377,2024-11-15,REG_05,STORE_014,EMP_021,PROD_026,4,85.68,0.01,339.29,mobile,CUST_7415,Premium
TXN_202411_011378,2024-11-08,REG_07,STORE_019,EMP_007,PROD_030,4,35.25,0.27,102.93,credit,CUST_1221,Regular
TXN_202411_011379,2024-11-10,REG_05,STORE_014,EMP_005,PROD_008,1,423.17,0.2,338.54,cash,CUST_3434,VIP
TXN_202411_011380,2024-11-10,REG_03,STORE_008,EMP_003,PROD_025,3,455.83,0.05,1299.12,card,CUST_2653,Regular
TXN_202411_011381,2024-11-12,REG_09,STORE_027,EMP_027,PROD_008,4,129.63,0.04,497.78,cash,CUST_8939,Regular
TXN_202411_011382,2024-11-23,REG_09,STORE_027,EMP_025,PROD_014,4,403.29,0.08,1484.11,card,CUST_8091,New
TXN_202411_011383,2024-11-22,REG_05,STORE_014,EMP_021,PROD_036,5,349.88,0.16,1469.5,cash,CUST_4492,VIP
TXN_202411_011384,2024-11-13,REG_04,STORE_010,EMP_030,PROD_009,2,41.05,0.25,61.57,mobile,CUST_6231,Premium
TXN_202411_011385,2024-11-22,REG_06,STORE_016,EMP_006,PROD_007,5,478.4,0.18,1961.44,credit,CUST_8272,New
TXN_202411_011386,2024-11-07,REG_09,STORE_026,EMP_022,PROD_012,5,222.51,0.26,823.29,credit,CUST_6439,VIP
TXN_202411_011387,2024-11-15,REG_08,STORE_024,EMP_015,PROD_029,4,153.75,0.24,467.4,cash,CUST_9346,New
TXN_202411_011388,2024-11-27,REG_05,STORE_014,EMP_005,PROD_026,3,71.25,0.26,158.18,card,CUST_4631,VIP
TXN_202411_011389,2024-11-23,REG_08,STORE_024,EMP_012,PROD_047,5,469.32,0.2,1877.28,cash,CUST_7190,Premium
TXN_202411_011108,2024-11-24,REG_02,STORE_006,EMP_002,PROD_043,4,204.07,0.23,628.54,mobile,CUST_4902,Premium
TXN_202411_011390,2024-11-28,REG_07,STORE_020,EMP_007,PROD_042,2,498.47,0.26,737.74,card,CUST_4644,Regular
TXN_202411_011391,2024-11-14,REG_09,STORE_025,EMP_025,PROD_006,2,190.4,0.07,354.14,mobile,CUST_9261,New
TXN_202411_011392,2024-11-18,REG_02,STORE_006,EMP_002,PROD_039,2,467.9,0.06,879.65,credit,CUST_7343,New
TXN_202411_011393,2024-11-06,REG_01,STORE_002,EMP_001,PROD_050,4,72.91,0.19,236.23,credit,CUST_5299,New
TXN_202411_011394,2024-11-05,REG_10,STORE_029,EMP_020,PROD_034,5,198.83,0.21,785.38,cash,CUST_5016,Regular
TXN_202411_011161,2024-11-09,REG_07,STORE_019,EMP_007,PROD_049,2,175.98,0.07,327.32,credit,CUST_8301,Premium
TXN_202411_011395,2024-11-27,REG_10,STORE_029,EMP_020,PROD_029,4,217.4,0.23,669.59,cash,CUST_7809,Premium
TXN_202411_011396,2024-11-13,REG_03,STORE_007,EMP_003,PROD_027,3,150.67,0.16,379.69,credit,CUST_7288,New
TXN_202411_011397,2024-11-22,REG_07,STORE_020,EMP_007,PROD_034,5,182.69,0.23,703.36,cash,CUST_8763,Regular
TXN_202411_011398,2024-11-26,REG_06,STORE_018,EMP_006,PROD_033,2,415.43,0.23,639.76,mobile,CUST_8917,Premium
TXN_202411_011399,2024-11-19,REG_04,STORE_010,EMP_024,PROD_001,1,278.75,0.13,242.51,cash,CUST_6707,VIP
TXN_202411_011400,2024-11-30,REG_09,STORE_025,EMP_027,PROD_020,2,253.02,0.09,460.5,mobile,CUST_9685,Premium
TXN_202411_011401,2024-11-16,REG_03,STORE_008,EMP_014,PROD_042,3,143.67,0.14,370.67,card,CUST_9863,Premium
TXN_202411_011402,2024-11-20,REG_03,STORE_007,EMP_014,PROD_035,5,128.95,0.09,586.72,mobile,CUST_1321,New
TXN_202411_011403,2024-11-02,REG_05,STORE_014,EMP_021,PROD_020,5,404.76,0.02,1983.32,mobile,CUST_4856,Regular
TXN_202411_011404,2024-11-14,REG_09,STORE_026,EMP_027,PROD_018,5,279.8,0.03,1357.03,cash,CUST_5858,Regular
TXN_202411_011405,2024-11-01,REG_07,STORE_020,EMP_007,PROD_002,5,277.11,0.08,1274.71,card,CUST_8004,Regular
TXN_202411_011406,2024-11-06,REG_05,STORE_015,EMP_021,PROD_046,4,443.59,0.08,1632.41,cash,CUST_5777,VIP
TXN_202411_011407,2024-11-17,REG_03,STORE_008,EMP_003,PROD_044,3,417.41,0.05,1189.62,card,CUST_6510,New
TXN_202411_011408,2024-11-21,REG_07,STORE_021,EMP_007,PROD_029,1,468.44,0.07,435.65,credit,CUST_8520,New
TXN_202411_011409,2024-11-06,REG_01,STORE_001,EMP_011,PROD_022,5,36.89,0.24,140.18,card,CUST_7841,Premium
TXN_202411_011410,2024-11-08,REG_07,STORE_021,EMP_007,PROD_004,3,281.11,0.27,615.63,credit,CUST_9192,VIP
TXN_202411_011411,2024-11-02,REG_05,STORE_014,EMP_021,PROD_041,2,335.37,0.06,630.5,card,CUST_9974,New
TXN_202411_011412,2024-11-14,REG_06,STORE_017,EMP_006,PROD_007,3,389.93,0.25,877.34,mobile,CUST_5319,Premium
TXN_202411_011413,2024-11-06,REG_08,STORE_023,EMP_008,PROD_049,5,185.5,0.05,881.12,cash,CUST_2533,VIP
TXN_202411_011414,2024-11-07,REG_10,STORE_030,EMP_017,PROD_006,1,152.95,0.29,108.59,mobile,CUST_8542,VIP
TXN_202411_011415,2024-11-19,REG_04,STORE_012,EMP_026,PROD_045,4,57.76,0.26,170.97,cash,CUST_4497,Regular
TXN_202411_011416,2024-11-05,REG_07,STORE_021,EMP_007,PROD_035,4,87.46,0.28,251.88,cash,CUST_9022,New
TXN_202411_011417,2024-11-20,REG_04,STORE_012,EMP_030,PROD_014,2,85.22,0.03,165.33,card,CUST_8724,VIP
TXN_202411_011418,2024-11-27,REG_08,STORE_022,EMP_008,PROD_041,1,114.94,0.03,111.49,cash,CUST_4267,Regular
TXN_202411_011419,2024-11-07,REG_05,STORE_013,EMP_021,PROD_049,5,172.39,0.22,672.32,cash,CUST_3332,VIP
TXN_202411_011420,2024-11-03,REG_10,STORE_029,EMP_020,PROD_016,4,422.24,0.15,1435.62,card,CUST_4144,Regular
TXN_202411_011421,2024-11-18,REG_08,STORE_024,EMP_008,PROD_023,5,159.02,0.04,763.3,card,CUST_1539,VIP
TXN_202411_011422,2024-11-27,REG_09,STORE_026,EMP_025,PROD_040,3,400.97,0.07,1118.71,mobile,CUST_6476,Premium
TXN_202411_011423,2024-11-29,REG_07,STORE_021,EMP_007,PROD_018,3,361.4,0.01,1073.36,credit,CUST_6469,VIP
TXN_202411_011424,2024-11-17,REG_04,STORE_011,EMP_004,PROD_031,1,380.87,0.19,308.5,credit,CUST_5707,New
TXN_202411_011425,2024-11-21,REG_05,STORE_014,EMP_005,PROD_016,4,483.48,0.22,1508.46,credit,CUST_4009,VIP
TXN_202411_011426,2024-11-11,REG_09,STORE_026,EMP_027,PROD_010,1,316.42,0.27,230.99,card,CUST_7262,New
TXN_202411_011427,2024-11-18,REG_08,STORE_023,EMP_023,PROD_021,2,112.3,0.06,211.12,credit,CUST_7832,Premium
TXN_202411_011428,2024-11-25,REG_07,STORE_021,EMP_007,PROD_045,4,106.42,0.2,340.54,mobile,CUST_2443,Regular
TXN_202411_011429,2024-11-22,REG_05,STORE_015,EMP_005,PROD_047,1,358.45,0.29,254.5,mobile,CUST_6088,VIP
TXN_202411_011430,2024-11-26,REG_04,STORE_011,EMP_004,PROD_010,2,229.06,0.21,361.91,mobile,CUST_9626,Regular
TXN_202411_011431,2024-11-18,REG_03,STORE_007,EMP_014,PROD_041,4,42.3,0.16,142.13,mobile,CUST_5714,Regular
TXN_202411_011432,2024-11-23,REG_03,STORE_008,EMP_014,PROD_013,1,467.35,0.13,406.59,cash,CUST_9184,Premium
TXN_202411_011433,2024-11-14,REG_02,STORE_006,EMP_002,PROD_021,1,491.44,0.12,432.47,credit,CUST_3460,VIP
TXN_202411_011434,2024-11-16,REG_08,STORE_022,EMP_023,PROD_018,1,399.29,0.19,323.42,mobile,CUST_7097,Regular
TXN_202411_011435,2024-11-26,REG_01,STORE_003,EMP_019,PROD_028,5,317.99,0.3,1112.96,card,CUST_4546,Regular
TXN_202411_011436,2024-11-28,REG_09,STORE_026,EMP_022,PROD_028,3,191.17,0.28,412.93,cash,CUST_3797,Regular
TXN_202411_011437,2024-11-12,REG_01,STORE_003,EMP_018,PROD_049,2,140.13,0.28,201.79,cash,CUST_6399,New
TXN_202411_011438,2024-11-19,REG_08,STORE_022,EMP_012,PROD_032,2,245.38,0.17,407.33,cash,CUST_1110,VIP
TXN_202411_011439,2024-11-17,REG_09,STORE_025,EMP_022,PROD_048,3,226.33,0.3,475.29,credit,CUST_5140,Regular
TXN_202411_011440,2024-11-17,REG_05,STORE_015,EMP_021,PROD_014,2,390.77,0.04,750.28,credit,CUST_7991,VIP
TXN_202411_011441,2024-11-07,REG_06,STORE_018,EMP_006,PROD_032,3,365.32,0.15,931.57,card,CUST_3869,Regular
TXN_202411_011442,2024-11-18,REG_10,STORE_028,EMP_028,PROD_049,3,479.48,0.02,1409.67,credit,CUST_5386,Regular
TXN_202411_011443,2024-11-05,REG_02,STORE_004,EMP_002,PROD_019,5,40.85,0.23,157.27,mobile,CUST_6557,VIP
TXN_202411_011444,2024-11-12,REG_04,STORE_011,EMP_016,PROD_033,4,85.67,0.17,284.42,cash,CUST_6504,VIP
TXN_202411_011445,2024-11-01,REG_02,STORE_005,EMP_002,PROD_001,1,470.19,0.17,390.26,card,CUST_7295,New
TXN_202411_011341,2024-11-06,REG_03,STORE_008,EMP_014,PROD_028,4,60.2,0.09,219.13,card,CUST_1115,New
TXN_202411_011446,2024-11-12,REG_04,STORE_011,EMP_024,PROD_001,2,281.61,0.02,551.96,mobile,CUST_5721,New
TXN_202411_011447,2024-11-27,REG_10,STORE_028,EMP_028,PROD_050,5,248.4,0.17,1030.86,credit,CUST_1245,New
TXN_202411_011448,2024-11-10,REG_03,STORE_008,EMP_003,PROD_024,2,135.92,0.18,222.91,card,CUST_2457,Premium
TXN_202411_011449,2024-11-12,REG_09,STORE_027,EMP_025,PROD_005,2,398.57,0.26,589.88,cash,CUST_1981,VIP
TXN_202411_011450,2024-11-15,REG_07,STORE_019,EMP_007,PROD_017,1,299.64,0.21,236.72,cash,CUST_3939,Premium
TXN_202411_011451,2024-11-23,REG_05,STORE_015,EMP_005,PROD_003,5,251.26,0.06,1180.92,cash,CUST_5559,Premium
TXN_202411_011452,2024-11-05,REG_03,STORE_008,EMP_014,PROD_049,3,59.88,0.15,152.69,cash,CUST_2639,Regular
TXN_202411_011453,2024-11-12,REG_04,STORE_011,EMP_024,PROD_015,5,257.31,0.08,1183.63,mobile,CUST_6472,Regular
TXN_202411_011454,2024-11-29,REG_04,STORE_011,EMP_004,PROD_039,3,191.02,0.04,550.14,mobile,CUST_8667,New
TXN_202411_011455,2024-11-20,REG_02,STORE_005,EMP_002,PROD_017,5,45.95,0.13,199.88,cash,CUST_2315,Premium
TXN_202411_011456,2024-11-17,REG_06,STORE_018,EMP_006,PROD_011,4,83.05,0.08,305.62,mobile,CUST_8825,VIP
TXN_202411_011457,2024-11-12,REG_01,STORE_001,EMP_011,PROD_024,1,488.88,0.17,405.77,card,CUST_4384,VIP
TXN_202411_011020,2024-11-21,REG_04,STORE_011,EMP_029,PROD_031,5,271.48,0.29,963.75,credit,CUST_8724,New
TXN_202411_011458,2024-11-05,REG_02,STORE_005,EMP_002,PROD_041,5,169.55,0.19,686.68,cash,CUST_5740,Regular
TXN_202411_011059,2024-11-02,REG_04,STORE_011,EMP_026,PROD_008,3,252.63,0.1,682.1,mobile,CUST_1622,Regular
TXN_202411_011459,2024-11-06,REG_05,STORE_014,EMP_005,PROD_023,5,183.38,0.26,678.51,card,CUST_5167,New
TXN_202411_011460,2024-11-04,REG_04,STORE_010,EMP_024,PROD_035,2,215.2,0.05,408.88,mobile,CUST_2613,Regular
TXN_202411_011461,2024-11-12,REG_08,STORE_024,EMP_008,PROD_011,3,152.83,0.28,330.11,card,CUST_4441,New
