transaction_id,date,region,store_id,employee_id,product_id,units,unit_price,discount,revenue,payment,customer_id,customer_segment
TXN_202307_002981,2023-07-22,REG_06,STORE_018,EMP_006,PROD_021,1,280.51,0.02,274.9,cash,CUST_4983,VIP
TXN_202307_002982,2023-07-26,REG_04,STORE_011,EMP_029,PROD_025,3,250.13,0.18,615.32,mobile,CUST_3840,Regular
TXN_202307_002983,2023-07-28,REG_01,STORE_003,EMP_001,PROD_032,2,55.03,0.2,88.05,mobile,CUST_9051,Regular
TXN_202307_002984,2023-07-07,REG_01,STORE_003,EMP_018,PROD_017,5,168.32,0.26,622.78,credit,CUST_9476,Premium
TXN_202307_002985,2023-07-16,REG_06,STORE_016,EMP_006,PROD_040,2,401.27,0.23,617.96,mobile,CUST_8820,New
TXN_202307_002986,2023-07-17,REG_04,STORE_011,EMP_024,PROD_017,5,366.7,0.1,1650.15,mobile,CUST_8557,New
TXN_202307_002987,2023-07-05,REG_10,STORE_030,EMP_013,PROD_034,4,413.83,0.21,1307.7,credit,CUST_2176,Regular
TXN_202307_002988,2023-07-25,REG_09,STORE_026,EMP_022,PROD_030,4,369.72,0.15,1257.05,mobile,CUST_3462,VIP
TXN_202307_002989,2023-07-02,REG_04,STORE_012,EMP_016,PROD_048,3,301.43,0.14,777.69,credit,CUST_8885,Premium
TXN_202307_002990,2023-07-09,REG_09,STORE_027,EMP_022,PROD_037,5,314.55,0.06,1478.38,card,CUST_8363,Premium
TXN_202307_002991,2023-07-22,REG_03,STORE_007,EMP_014,PROD_037,4,96.56,0.06,363.07,cash,CUST_4670,VIP
TXN_202307_002992,2023-07-31,REG_07,STORE_020,EMP_007,PROD_003,3,473.74,0.08,1307.52,credit,CUST_8452,Premium
TXN_202307_002993,2023-07-27,REG_10,STORE_029,EMP_010,PROD_018,3,462.13,0.14,1192.3,cash,CUST_6677,Premium
TXN_202307_002994,2023-07-01,REG_06,STORE_016,EMP_006,PROD_008,1,201.98,0.13,175.72,card,CUST_5350,New
TXN_202307_002995,2023-07-30,REG_06,STORE_018,EMP_006,PROD_008,2,210.2,0.05,399.38,credit,CUST_5441,New
TXN_202307_002996,2023-07-23,REG_06,STORE_017,EMP_006,PROD_034,4,274.19,0.07,1019.99,mobile,CUST_9311,New
TXN_202307_002997,2023-07-18,REG_01,STORE_002,EMP_019,PROD_025,1,59.02,0.12,51.94,cash,CUST_5652,Premium
TXN_202307_002998,2023-07-27,REG_04,STORE_012,EMP_004,PROD_029,1,402.69,0.09,366.45,credit,CUST_4414,VIP
TXN_202307_002999,2023-07-02,REG_08,STORE_022,EMP_012,PROD_019,3,281.02,0.14,725.03,cash,CUST_5279,Premium
TXN_202307_003000,2023-07-19,REG_04,STORE_011,EMP_004,PROD_028,2,173.38,0.12,305.15,credit,CUST_9016,Premium
TXN_202307_003001,2023-07-29,REG_07,STORE_019,EMP_007,PROD_009,1,123.9,0.01,122.66,credit,CUST_9383,Premium
TXN_202307_003002,2023-07-02,REG_10,STORE_029,EMP_028,PROD_021,2,169.39,0.0,338.78,mobile,CUST_8448,Premium
TXN_202307_003003,2023-07-23,REG_04,STORE_010,EMP_026,PROD_049,5,110.08,0.21,434.82,cash,CUST_3655,Regular
TXN_202307_003004,2023-07-26,REG_05,STORE_014,EMP_005,PROD_044,2,286.07,0.22,446.27,mobile,CUST_3552,VIP
TXN_202307_003005,2023-07-19,REG_04,STORE_010,EMP_029,PROD_031,1,69.0,0.2,55.2,cash,CUST_7167,Regular
TXN_202307_003006,2023-07-24,REG_04,STORE_011,EMP_024,PROD_025,5,437.05,0.02,2141.55,mobile,CUST_8452,Regular
TXN_202307_003007,2023-07-25,REG_06,STORE_018,EMP_006,PROD_041,1,222.98,0.06,209.6,mobile,CUST_5783,VIP
TXN_202307_003008,2023-07-10,REG_04,STORE_011,EMP_004,PROD_028,5,260.81,0.04,1251.89,cash,CUST_5851,New
TXN_202307_003009,2023-07-23,REG_04,STORE_010,EMP_024,PROD_025,2,458.81,0.05,871.74,credit,CUST_2426,New
TXN_202307_003010,2023-07-31,REG_05,STORE_014,EMP_021,PROD_002,1,123.83,0.17,102.78,card,CUST_3239,New
TXN_202307_003011,2023-07-20,REG_03,STORE_007,EMP_014,PROD_011,1,301.33,0.09,274.21,credit,CUST_2912,Regular
TXN_202307_003012,2023-07-08,REG_09,STORE_025,EMP_025,PROD_036,4,29.19,0.2,93.41,cash,CUST_5744,Regular
TXN_202307_003013,2023-07-01,REG_02,STORE_004,EMP_002,PROD_030,2,396.56,0.24,602.77,mobile,CUST_3907,Premium
TXN_202307_003014,2023-07-13,REG_07,STORE_019,EMP_007,PROD_012,3,192.73,0.06,543.5,cash,CUST_7795,New
TXN_202307_003015,2023-07-17,REG_02,STORE_006,EMP_002,PROD_020,1,374.6,0.09,340.89,credit,CUST_8775,Premium
TXN_202307_003016,2023-07-31,REG_04,STORE_012,EMP_024,PROD_043,3,232.77,0.2,558.65,mobile,CUST_4805,Premium
TXN_202307_003017,2023-07-28,REG_05,STORE_015,EMP_005,PROD_042,1,201.19,0.08,185.09,card,CUST_4690,VIP
TXN_202307_003018,2023-07-17,REG_09,STORE_026,EMP_009,PROD_025,5,364.8,0.06,1714.56,credit,CUST_3626,Premium
TXN_202307_003019,2023-07-05,REG_09,STORE_027,EMP_009,PROD_011,4,372.51,0.19,1206.93,cash,CUST_9942,Regular
TXN_202307_003020,2023-07-17,REG_09,STORE_027,EMP_022,PROD_011,3,183.21,0.05,522.15,credit,CUST_4450,New
TXN_202307_003021,2023-07-29,REG_01,STORE_001,EMP_018,PROD_042,4,497.3,0.19,1611.25,mobile,CUST_7602,Premium
TXN_202307_003022,2023-07-04,REG_03,STORE_007,EMP_014,PROD_042,1,283.58,0.07,263.73,cash,CUST_3326,New
TXN_202307_003023,2023-07-31,REG_09,STORE_026,EMP_027,PROD_030,2,474.29,0.25,711.44,mobile,CUST_5443,Premium
TXN_202307_003024,2023-07-21,REG_09,STORE_025,EMP_025,PROD_016,4,205.8,0.18,675.02,credit,CUST_6033,Premium
TXN_202307_003025,2023-07-28,REG_10,STORE_029,EMP_017,PROD_038,5,178.54,0.03,865.92,credit,CUST_1161,VIP
TXN_202307_003026,2023-07-30,REG_02,STORE_005,EMP_002,PROD_043,3,26.42,0.11,70.54,card,CUST_7561,VIP
TXN_202307_003027,2023-07-15,REG_09,STORE_026,EMP_009,PROD_041,2,453.48,0.28,653.01,credit,CUST_3885,New
TXN_202307_003028,2023-07-27,REG_05,STORE_013,EMP_005,PROD_043,5,107.68,0.17,446.87,card,CUST_4877,Premium
TXN_202307_003029,2023-07-08,REG_02,STORE_005,EMP_002,PROD_032,2,356.29,0.12,627.07,cash,CUST_5211,Premium
TXN_202307_003030,2023-07-26,REG_08,STORE_023,EMP_023,PROD_032,3,158.11,0.13,412.67,credit,CUST_3518,VIP
TXN_202307_003031,2023-07-18,REG_02,STORE_005,EMP_002,PROD_002,4,197.58,0.02,774.51,credit,CUST_8613,New
TXN_202307_003032,2023-07-18,REG_10,STORE_030,EMP_013,PROD_028,1,294.51,0.18,241.5,cash,CUST_9678,New
TXN_202307_003033,2023-07-09,REG_07,STORE_021,EMP_007,PROD_038,2,142.77,0.09,259.84,cash,CUST_2898,Premium
TXN_202307_003034,2023-07-18,REG_10,STORE_030,EMP_020,PROD_037,1,48.52,0.25,36.39,cash,CUST_3687,Premium
TXN_202307_003035,2023-07-23,REG_03,STORE_007,EMP_014,PROD_043,1,307.61,0.09,279.93,cash,CUST_5404,Regular
TXN_202307_003036,2023-07-04,REG_08,STORE_022,EMP_023,PROD_029,5,292.31,0.27,1066.93,mobile,CUST_9982,VIP
TXN_202307_003037,2023-07-03,REG_02,STORE_006,EMP_002,PROD_017,4,470.12,0.0,1880.48,card,CUST_4945,New
TXN_202307_003038,2023-07-26,REG_07,STORE_021,EMP_007,PROD_019,3,285.42,0.13,744.95,card,CUST_9120,New
TXN_202307_003039,2023-07-24,REG_07,STORE_021,EMP_007,PROD_035,4,236.5,0.11,841.94,card,CUST_6559,New
TXN_202307_003040,2023-07-26,REG_07,STORE_020,EMP_007,PROD_031,1,455.48,0.05,432.71,card,CUST_5163,Regular
TXN_202307_003041,2023-07-08,REG_06,STORE_017,EMP_006,PROD_042,3,350.76,0.17,873.39,cash,CUST_1090,Premium
TXN_202307_003042,2023-07-09,REG_07,STORE_020,EMP_007,PROD_031,2,491.24,0.17,815.46,cash,CUST_4070,VIP
TXN_202307_003043,2023-07-13,REG_02,STORE_006,EMP_002,PROD_036,1,179.23,0.21,141.59,cash,CUST_1101,New
TXN_202307_003044,2023-07-31,REG_07,STORE_020,EMP_007,PROD_015,5,200.37,0.16,841.55,cash,CUST_3804,New
TXN_202307_003045,2023-07-12,REG_03,STORE_008,EMP_014,PROD_025,4,129.73,0.11,461.84,card,CUST_8310,VIP
TXN_202307_003046,2023-07-14,REG_10,STORE_030,EMP_013,PROD_007,3,447.84,0.05,1276.34,card,CUST_5354,VIP
TXN_202307_003047,2023-07-03,REG_04,STORE_012,EMP_030,PROD_010,3,103.2,0.14,266.26,credit,CUST_6061,New
TXN_202307_003048,2023-07-07,REG_01,STORE_002,EMP_018,PROD_029,5,90.34,0.08,415.56,mobile,CUST_2584,Regular
TXN_202307_003049,2023-07-14,REG_06,STORE_016,EMP_006,PROD_018,1,104.48,0.21,82.54,credit,CUST_8582,Premium
TXN_202307_003050,2023-07-06,REG_03,STORE_008,EMP_003,PROD_042,4,464.46,0.06,1746.37,cash,CUST_6632,Regular
TXN_202307_003051,2023-07-30,REG_03,STORE_009,EMP_014,PROD_037,3,468.68,0.07,1307.62,credit,CUST_8419,New
TXN_202307_003052,2023-07-29,REG_04,STORE_012,EMP_004,PROD_037,4,382.36,0.09,1391.79,card,CUST_9557,Premium
TXN_202307_003053,2023-07-12,REG_02,STORE_006,EMP_002,PROD_033,3,360.24,0.19,875.38,card,CUST_6053,Premium
TXN_202307_003054,2023-07-16,REG_01,STORE_002,EMP_018,PROD_032,2,420.62,0.01,832.83,mobile,CUST_8721,Premium
TXN_202307_003055,2023-07-23,REG_07,STORE_019,EMP_007,PROD_038,5,56.42,0.14,242.61,mobile,CUST_6139,Premium
TXN_202307_003056,2023-07-06,REG_06,STORE_017,EMP_006,PROD_027,4,394.93,0.29,1121.6,mobile,CUST_6116,VIP
TXN_202307_003057,2023-07-03,REG_01,STORE_002,EMP_011,PROD_047,5,212.23,0.11,944.42,mobile,CUST_9380,New
TXN_202307_003058,2023-07-28,REG_05,STORE_014,EMP_005,PROD_043,1,105.47,0.07,98.09,credit,CUST_5754,Regular
TXN_202307_003059,2023-07-01,REG_07,STORE_019,EMP_007,PROD_039,1,417.5,0.3,292.25,cash,CUST_6208,VIP
TXN_202307_003060,2023-07-11,REG_08,STORE_023,EMP_012,PROD_050,5,385.97,0.09,1756.16,card,CUST_4237,Regular
TXN_202307_003061,2023-07-10,REG_10,STORE_028,EMP_028,PROD_018,2,430.31,0.13,748.74,credit,CUST_3533,Regular
TXN_202307_003062,2023-07-06,REG_04,STORE_010,EMP_016,PROD_036,1,292.25,0.27,213.34,mobile,CUST_5577,Regular
TXN_202307_003063,2023-07-24,REG_06,STORE_016,EMP_006,PROD_003,3,302.27,0.18,743.58,card,CUST_8667,VIP
TXN_202307_003064,2023-07-30,REG_02,STORE_005,EMP_002,PROD_030,2,199.08,0.0,398.16,mobile,CUST_3985,Premium
TXN_202307_003065,2023-07-01,REG_10,STORE_030,EMP_013,PROD_016,1,465.81,0.25,349.36,credit,CUST_5809,VIP
TXN_202307_003066,2023-07-10,REG_07,STORE_019,EMP_007,PROD_011,3,41.11,0.22,96.2,card,CUST_8573,Premium
TXN_202307_003067,2023-07-02,REG_03,STORE_008,EMP_014,PROD_049,4,483.97,0.09,1761.65,cash,CUST_4208,VIP
TXN_202307_003068,2023-07-27,REG_05,STORE_014,EMP_005,PROD_037,5,139.19,0.11,619.4,card,CUST_2908,Premium
TXN_202307_003069,2023-07-05,REG_03,STORE_009,EMP_003,PROD_002,2,448.95,0.28,646.49,mobile,CUST_9536,VIP
TXN_202307_003070,2023-07-15,REG_08,STORE_024,EMP_008,PROD_003,4,224.43,0.07,834.88,mobile,CUST_7281,Regular
TXN_202307_003071,2023-07-22,REG_07,STORE_021,EMP_007,PROD_033,2,368.25,0.28,530.28,credit,CUST_8954,Regular
TXN_202307_003072,2023-07-05,REG_02,STORE_006,EMP_002,PROD_023,1,368.74,0.14,317.12,mobile,CUST_3349,Premium
TXN_202307_003073,2023-07-31,REG_08,STORE_023,EMP_008,PROD_042,1,350.96,0.16,294.81,credit,CUST_4476,Premium
TXN_202307_003074,2023-07-06,REG_09,STORE_026,EMP_022,PROD_018,1,319.38,0.25,239.53,card,CUST_1340,New
TXN_202307_003075,2023-07-08,REG_08,STORE_022,EMP_023,PROD_035,2,33.42,0.04,64.17,mobile,CUST_7447,Regular
TXN_202307_003076,2023-07-15,REG_08,STORE_022,EMP_023,PROD_049,3,160.49,0.19,389.99,card,CUST_3122,Premium
TXN_202307_003077,2023-07-22,REG_06,STORE_016,EMP_006,PROD_006,2,125.8,0.15,213.86,card,CUST_4073,Premium
TXN_202307_003078,2023-07-16,REG_03,STORE_009,EMP_003,PROD_010,5,194.16,0.09,883.43,mobile,CUST_7191,Premium
TXN_202307_003079,2023-07-03,REG_03,STORE_007,EMP_003,PROD_006,5,391.57,0.22,1527.12,card,CUST_6338,Regular
TXN_202307_003080,2023-07-29,REG_08,STORE_024,EMP_008,PROD_018,1,444.91,0.06,418.22,mobile,CUST_5218,Regular
TXN_202307_003081,2023-07-20,REG_05,STORE_013,EMP_021,PROD_007,4,282.56,0.28,813.77,mobile,CUST_9401,VIP
TXN_202307_003082,2023-07-12,REG_08,STORE_024,EMP_008,PROD_027,2,399.68,0.14,687.45,credit,CUST_6957,Regular
TXN_202307_003083,2023-07-15,REG_06,STORE_018,EMP_006,PROD_039,4,378.8,0.17,1257.62,cash,CUST_1449,Regular
TXN_202307_003084,2023-07-10,REG_05,STORE_015,EMP_021,PROD_026,1,332.77,0.05,316.13,mobile,CUST_3875,Premium
TXN_202307_003085,2023-07-02,REG_02,STORE_005,EMP_002,PROD_024,2,243.71,0.01,482.55,cash,CUST_3803,New
TXN_202307_003086,2023-07-25,REG_02,STORE_004,EMP_002,PROD_042,3,358.68,0.08,989.96,card,CUST_6441,VIP
TXN_202307_003087,2023-07-23,REG_08,STORE_024,EMP_015,PROD_012,2,165.45,0.29,234.94,mobile,CUST_6802,Premium
TXN_202307_003088,2023-07-01,REG_09,STORE_026,EMP_009,PROD_050,2,350.6,0.04,673.15,mobile,CUST_4864,Premium
TXN_202307_003089,2023-07-11,REG_05,STORE_014,EMP_005,PROD_010,4,486.45,0.22,1517.72,credit,CUST_3841,Regular
TXN_202307_003090,2023-07-11,REG_08,STORE_024,EMP_008,PROD_028,4,45.52,0.27,132.92,mobile,CUST_3899,New
TXN_202307_003091,2023-07-11,REG_03,STORE_008,EMP_014,PROD_007,4,128.54,0.18,421.61,mobile,CUST_2773,VIP
TXN_202307_003092,2023-07-06,REG_08,STORE_024,EMP_015,PROD_004,2,434.9,0.16,730.63,cash,CUST_7147,New
TXN_202307_003093,2023-07-26,REG_03,STORE_009,EMP_003,PROD_007,2,119.09,0.06,223.89,credit,CUST_5525,Regular
TXN_202307_003094,2023-07-17,REG_04,STORE_010,EMP_029,PROD_005,3,366.28,0.15,934.01,mobile,CUST_1340,Regular
TXN_202307_003095,2023-07-03,REG_06,STORE_017,EMP_006,PROD_018,4,19.03,0.14,65.46,credit,CUST_9822,Regular
TXN_202307_003096,2023-07-30,REG_03,STORE_007,EMP_003,PROD_040,3,425.5,0.0,1276.5,card,CUST_4206,VIP
TXN_202307_003097,2023-07-07,REG_08,STORE_023,EMP_023,PROD_039,2,261.56,0.08,481.27,mobile,CUST_6094,Premium
TXN_202307_003098,2023-07-25,REG_03,STORE_008,EMP_014,PROD_049,3,397.82,0.09,1086.05,card,CUST_2913,VIP
TXN_202307_003099,2023-07-03,REG_04,STORE_011,EMP_029,PROD_019,1,433.21,0.01,428.88,credit,CUST_5931,VIP
TXN_202307_003100,2023-07-17,REG_06,STORE_016,EMP_006,PROD_024,1,191.77,0.29,136.16,mobile,CUST_7395,VIP
TXN_202307_003101,2023-07-01,REG_04,STORE_012,EMP_026,PROD_023,2,408.57,0.18,670.05,credit,CUST_9568,VIP
TXN_202307_003102,2023-07-13,REG_01,STORE_001,EMP_001,PROD_012,5,226.23,0.25,848.36,credit,CUST_5965,Premium
TXN_202307_003103,2023-07-21,REG_08,STORE_024,EMP_023,PROD_042,1,231.22,0.21,182.66,card,CUST_3898,Regular
TXN_202307_003104,2023-07-19,REG_05,STORE_015,EMP_021,PROD_037,4,381.83,0.23,1176.04,card,CUST_5989,New
TXN_202307_003105,2023-07-25,REG_03,STORE_009,EMP_003,PROD_049,2,40.25,0.1,72.45,mobile,CUST_1316,Regular
TXN_202307_003106,2023-07-30,REG_01,STORE_003,EMP_011,PROD_010,3,233.67,0.13,609.88,mobile,CUST_4740,Premium
TXN_202307_003107,2023-07-03,REG_03,STORE_009,EMP_003,PROD_023,2,117.65,0.29,167.06,credit,CUST_8181,Premium
TXN_202307_003108,2023-07-20,REG_02,STORE_005,EMP_002,PROD_013,3,218.2,0.22,510.59,cash,CUST_1349,VIP
TXN_202307_003109,2023-07-25,REG_10,STORE_029,EMP_013,PROD_025,5,29.77,0.1,133.97,cash,CUST_6398,Premium
TXN_202307_003110,2023-07-06,REG_05,STORE_014,EMP_005,PROD_002,4,454.94,0.22,1419.41,cash,CUST_6285,Premium
TXN_202307_003111,2023-07-17,REG_02,STORE_005,EMP_002,PROD_011,5,196.04,0.11,872.38,mobile,CUST_3381,New
TXN_202307_003112,2023-07-31,REG_05,STORE_013,EMP_021,PROD_017,3,129.99,0.2,311.98,credit,CUST_3999,Premium
TXN_202307_003113,2023-07-30,REG_05,STORE_014,EMP_021,PROD_024,5,120.84,0.02,592.12,cash,CUST_5469,New
TXN_202307_003114,2023-07-23,REG_03,STORE_008,EMP_003,PROD_033,4,198.89,0.15,676.23,cash,CUST_2656,Premium
TXN_202307_003115,2023-07-29,REG_08,STORE_022,EMP_023,PROD_032,2,399.92,0.0,799.84,mobile,CUST_2525,Premium
TXN_202307_003116,2023-07-24,REG_10,STORE_029,EMP_013,PROD_050,3,422.02,0.26,936.88,mobile,CUST_9214,Regular
TXN_202307_003117,2023-07-27,REG_04,STORE_012,EMP_030,PROD_050,3,416.03,0.15,1060.88,credit,CUST_5002,VIP
TXN_202307_003118,2023-07-17,REG_02,STORE_006,EMP_002,PROD_037,3,156.77,0.27,343.33,card,CUST_3585,Regular
TXN_202307_003119,2023-07-22,REG_10,STORE_030,EMP_013,PROD_004,4,483.01,0.11,1719.52,mobile,CUST_3825,Premium
TXN_202307_003120,2023-07-13,REG_04,STORE_010,EMP_016,PROD_019,4,96.91,0.27,282.98,credit,CUST_8921,Premium
TXN_202307_003121,2023-07-05,REG_07,STORE_019,EMP_007,PROD_017,5,342.9,0.09,1560.2,cash,CUST_3411,Premium
TXN_202307_003122,2023-07-19,REG_01,STORE_002,EMP_019,PROD_008,3,351.96,0.19,855.26,mobile,CUST_2346,New
TXN_202307_003123,2023-07-10,REG_03,STORE_009,EMP_003,PROD_005,1,171.04,0.28,123.15,cash,CUST_7532,Premium
TXN_202307_003124,2023-07-24,REG_10,STORE_029,EMP_017,PROD_028,5,258.38,0.03,1253.14,cash,CUST_4753,VIP
TXN_202307_003125,2023-07-07,REG_07,STORE_021,EMP_007,PROD_022,5,68.47,0.12,301.27,credit,CUST_8115,Premium
TXN_202307_003126,2023-07-15,REG_05,STORE_015,EMP_021,PROD_006,3,463.48,0.05,1320.92,card,CUST_6252,Premium
TXN_202307_003127,2023-07-07,REG_09,STORE_027,EMP_009,PROD_021,2,306.02,0.14,526.35,card,CUST_8202,New
TXN_202307_003128,2023-07-10,REG_06,STORE_017,EMP_006,PROD_015,1,413.79,0.3,289.65,cash,CUST_1019,New
TXN_202307_003129,2023-07-23,REG_03,STORE_009,EMP_014,PROD_037,5,433.18,0.11,1927.65,credit,CUST_7694,Regular
TXN_202307_003130,2023-07-24,REG_03,STORE_009,EMP_003,PROD_042,4,151.5,0.29,430.26,cash,CUST_4741,Regular
TXN_202307_003131,2023-07-27,REG_02,STORE_006,EMP_002,PROD_019,4,285.21,0.25,855.63,card,CUST_5240,New
TXN_202307_003132,2023-07-27,REG_10,STORE_029,EMP_028,PROD_012,1,231.54,0.23,178.29,card,CUST_6451,New
TXN_202307_003133,2023-07-01,REG_07,STORE_020,EMP_007,PROD_032,4,413.68,0.08,1522.34,card,CUST_1621,Regular
TXN_202307_003134,2023-07-25,REG_02,STORE_006,EMP_002,PROD_009,5,395.43,0.19,1601.49,card,CUST_3507,New
TXN_202307_003135,2023-07-31,REG_04,STORE_011,EMP_029,PROD_016,4,269.95,0.07,1004.21,credit,CUST_6174,Regular
TXN_202307_003136,2023-07-22,REG_09,STORE_026,EMP_022,PROD_040,2,99.27,0.07,184.64,card,CUST_1857,Premium
TXN_202307_003137,2023-07-09,REG_03,STORE_009,EMP_003,PROD_024,5,118.19,0.27,431.39,cash,CUST_4499,New
TXN_202307_003138,2023-07-26,REG_08,STORE_023,EMP_012,PROD_002,5,197.61,0.01,978.17,credit,CUST_5257,VIP
TXN_202307_003139,2023-07-23,REG_08,STORE_023,EMP_015,PROD_023,3,467.31,0.19,1135.56,mobile,CUST_9948,Premium
TXN_202307_003140,2023-07-16,REG_02,STORE_005,EMP_002,PROD_005,3,298.1,0.09,813.81,credit,CUST_6307,New
TXN_202307_003141,2023-07-05,REG_03,STORE_007,EMP_003,PROD_040,4,269.0,0.26,796.24,card,CUST_1836,New
TXN_202307_003142,2023-07-22,REG_09,STORE_025,EMP_009,PROD_023,2,199.0,0.27,290.54,cash,CUST_1358,Regular
TXN_202307_003143,2023-07-03,REG_01,STORE_003,EMP_001,PROD_045,3,168.18,0.19,408.68,credit,CUST_2829,VIP
TXN_202307_003144,2023-07-23,REG_04,STORE_010,EMP_004,PROD_047,4,475.61,0.26,1407.81,cash,CUST_9876,Regular
TXN_202307_003145,2023-07-24,REG_01,STORE_002,EMP_001,PROD_044,5,238.6,0.05,1133.35,credit,CUST_1959,Premium
TXN_202307_003146,2023-07-13,REG_04,STORE_012,EMP_026,PROD_033,2,164.03,0.14,282.13,card,CUST_8988,New
TXN_202307_003147,2023-07-25,REG_10,STORE_030,EMP_020,PROD_016,4,445.64,0.28,1283.44,mobile,CUST_6293,Regular
TXN_202307_003148,2023-07-29,REG_02,STORE_005,EMP_002,PROD_007,5,374.75,0.07,1742.59,mobile,CUST_4416,Premium
TXN_202307_003149,2023-07-15,REG_06,STORE_016,EMP_006,PROD_004,5,494.14,0.15,2100.09,card,CUST_3285,Regular
TXN_202307_003150,2023-07-05,REG_08,STORE_023,EMP_023,PROD_019,1,327.21,0.24,248.68,mobile,CUST_3105,VIP
TXN_202307_003151,2023-07-03,REG_02,STORE_004,EMP_002,PROD_024,2,119.87,0.2,191.79,cash,CUST_4778,Regular
TXN_202307_003152,2023-07-05,REG_10,STORE_028,EMP_013,PROD_016,4,347.47,0.16,1167.5,mobile,CUST_5695,VIP
TXN_202307_003153,2023-07-17,REG_02,STORE_006,EMP_002,PROD_023,1,278.44,0.01,275.66,card,CUST_9009,Premium
TXN_202307_003154,2023-07-16,REG_08,STORE_023,EMP_012,PROD_014,2,228.88,0.14,393.67,card,CUST_7254,New
TXN_202307_003155,2023-07-23,REG_10,STORE_029,EMP_028,PROD_043,3,440.55,0.05,1255.57,cash,CUST_5592,Regular
TXN_202307_003156,2023-07-09,REG_07,STORE_020,EMP_007,PROD_017,1,352.9,0.3,247.03,credit,CUST_7275,Premium
TXN_202307_003157,2023-07-23,REG_02,STORE_006,EMP_002,PROD_023,1,478.78,0.02,469.2,card,CUST_8919,Premium
TXN_202307_003158,2023-07-08,REG_03,STORE_007,EMP_014,PROD_002,5,18.91,0.17,78.48,card,CUST_3283,VIP
TXN_202307_003159,2023-07-09,REG_02,STORE_005,EMP_002,PROD_007,4,236.11,0.14,812.22,mobile,CUST_3950,New
TXN_202307_003160,2023-07-06,REG_03,STORE_009,EMP_003,PROD_029,5,32.19,0.09,146.46,cash,CUST_4704,Regular
TXN_202307_003161,2023-07-15,REG_07,STORE_021,EMP_007,PROD_048,4,368.91,0.25,1106.73,card,CUST_4212,VIP
TXN_202307_003162,2023-07-23,REG_07,STORE_020,EMP_007,PROD_008,5,478.6,0.15,2034.05,cash,CUST_9166,Regular
TXN_202307_003163,2023-07-26,REG_03,STORE_007,EMP_014,PROD_009,5,289.16,0.11,1286.76,mobile,CUST_4609,New
TXN_202307_003164,2023-07-17,REG_02,STORE_005,EMP_002,PROD_007,4,424.32,0.17,1408.74,cash,CUST_2515,Premium
TXN_202307_003165,2023-07-22,REG_06,STORE_016,EMP_006,PROD_016,2,165.38,0.21,261.3,mobile,CUST_8502,Regular
TXN_202307_003166,2023-07-18,REG_05,STORE_013,EMP_021,PROD_018,2,417.32,0.14,717.79,mobile,CUST_3598,Premium
TXN_202307_003167,2023-07-15,REG_09,STORE_025,EMP_027,PROD_048,1,220.1,0.23,169.48,mobile,CUST_9426,VIP
TXN_202307_003168,2023-07-18,REG_09,STORE_027,EMP_025,PROD_027,2,455.17,0.19,737.38,cash,CUST_6501,Regular
TXN_202307_003169,2023-07-13,REG_01,STORE_002,EMP_018,PROD_045,4,16.79,0.29,47.68,card,CUST_3605,VIP
TXN_202307_003170,2023-07-01,REG_06,STORE_018,EMP_006,PROD_048,5,49.61,0.1,223.25,cash,CUST_6758,New
TXN_202307_003171,2023-07-05,REG_09,STORE_025,EMP_025,PROD_035,4,372.01,0.16,1249.95,mobile,CUST_2902,New
TXN_202307_003172,2023-07-02,REG_10,STORE_029,EMP_013,PROD_008,2,309.44,0.22,482.73,card,CUST_7624,VIP
TXN_202307_003173,2023-07-05,REG_06,STORE_017,EMP_006,PROD_036,3,468.2,0.12,1236.05,card,CUST_6985,Regular
TXN_202307_003174,2023-07-04,REG_02,STORE_004,EMP_002,PROD_032,5,344.81,0.18,1413.72,card,CUST_3555,Regular
TXN_202307_003175,2023-07-04,REG_07,STORE_020,EMP_007,PROD_037,2,191.37,0.03,371.26,mobile,CUST_4645,New
TXN_202307_003176,2023-07-19,REG_06,STORE_017,EMP_006,PROD_046,4,44.36,0.23,136.63,cash,CUST_9870,New
TXN_202307_003177,2023-07-29,REG_09,STORE_026,EMP_022,PROD_018,3,460.59,0.24,1050.15,card,CUST_8397,New
TXN_202307_003178,2023-07-17,REG_06,STORE_017,EMP_006,PROD_014,5,51.17,0.13,222.59,card,CUST_7415,VIP
TXN_202307_003179,2023-07-04,REG_08,STORE_024,EMP_015,PROD_006,5,226.92,0.18,930.37,cash,CUST_7971,New
TXN_202307_003180,2023-07-02,REG_04,STORE_012,EMP_030,PROD_002,2,459.83,0.1,827.69,credit,CUST_5254,VIP
TXN_202307_003181,2023-07-15,REG_09,STORE_027,EMP_009,PROD_021,1,59.17,0.09,53.84,cash,CUST_6791,Regular
TXN_202307_003182,2023-07-10,REG_06,STORE_017,EMP_006,PROD_006,4,91.97,0.2,294.3,mobile,CUST_6425,Premium
TXN_202307_003183,2023-07-23,REG_06,STORE_017,EMP_006,PROD_034,1,187.46,0.09,170.59,credit,CUST_6931,Premium
TXN_202307_003184,2023-07-02,REG_03,STORE_007,EMP_014,PROD_037,5,455.41,0.23,1753.33,mobile,CUST_6251,VIP
TXN_202307_003185,2023-07-14,REG_03,STORE_008,EMP_003,PROD_020,1,117.15,0.12,103.09,mobile,CUST_6064,New
TXN_202307_003186,2023-07-02,REG_01,STORE_001,EMP_011,PROD_003,4,261.01,0.2,835.23,cash,CUST_2674,Premium
TXN_202307_003187,2023-07-03,REG_07,STORE_021,EMP_007,PROD_027,1,187.61,0.26,138.83,card,CUST_3204,Regular
TXN_202307_003188,2023-07-29,REG_07,STORE_020,EMP_007,PROD_027,2,435.14,0.21,687.52,credit,CUST_3549,Premium
TXN_202307_003189,2023-07-12,REG_09,STORE_025,EMP_027,PROD_037,3,30.79,0.2,73.9,cash,CUST_1662,Regular
TXN_202307_003190,2023-07-12,REG_09,STORE_026,EMP_022,PROD_033,1,292.54,0.1,263.29,credit,CUST_6962,Regular
TXN_202307_003191,2023-07-12,REG_04,STORE_010,EMP_004,PROD_009,5,71.55,0.13,311.24,cash,CUST_8861,New
TXN_202307_003192,2023-07-29,REG_02,STORE_004,EMP_002,PROD_045,5,392.78,0.26,1453.29,card,CUST_4352,Regular
TXN_202307_003193,2023-07-05,REG_04,STORE_010,EMP_004,PROD_046,1,39.07,0.2,31.26,cash,CUST_7351,VIP
TXN_202307_003194,2023-07-17,REG_08,STORE_022,EMP_008,PROD_017,1,409.8,0.26,303.25,mobile,CUST_6273,New
TXN_202307_003195,2023-07-28,REG_05,STORE_015,EMP_021,PROD_030,1,481.24,0.23,370.55,mobile,CUST_4556,Premium
TXN_202307_003196,2023-07-25,REG_05,STORE_014,EMP_005,PROD_035,4,384.16,0.1,1382.98,cash,CUST_2305,New
TXN_202307_003197,2023-07-26,REG_02,STORE_006,EMP_002,PROD_018,3,158.11,0.21,374.72,cash,CUST_5697,New
TXN_202307_003198,2023-07-06,REG_07,STORE_020,EMP_007,PROD_042,5,358.26,0.23,1379.3,card,CUST_6108,VIP
TXN_202307_003199,2023-07-05,REG_08,STORE_023,EMP_012,PROD_015,1,425.45,0.09,387.16,mobile,CUST_9263,New
TXN_202307_003200,2023-07-18,REG_09,STORE_025,EMP_025,PROD_032,1,496.58,0.1,446.92,card,CUST_2129,New
TXN_202307_003201,2023-07-20,REG_07,STORE_019,EMP_007,PROD_039,4,27.99,0.04,107.48,mobile,CUST_7044,Regular
TXN_202307_003202,2023-07-15,REG_04,STORE_010,EMP_004,PROD_032,5,354.58,0.11,1577.88,mobile,CUST_6739,New
TXN_202307_003203,2023-07-19,REG_10,STORE_028,EMP_028,PROD_014,2,145.61,0.08,267.92,mobile,CUST_6298,Regular
TXN_202307_003204,2023-07-16,REG_02,STORE_004,EMP_002,PROD_009,4,272.95,0.27,797.01,mobile,CUST_9689,VIP
TXN_202307_003205,2023-07-26,REG_04,STORE_010,EMP_026,PROD_005,4,313.81,0.09,1142.27,mobile,CUST_5923,Premium
TXN_202307_003206,2023-07-29,REG_04,STORE_011,EMP_030,PROD_006,5,76.97,0.29,273.24,cash,CUST_9350,Regular
TXN_202307_003207,2023-07-30,REG_08,STORE_022,EMP_023,PROD_038,4,162.47,0.25,487.41,mobile,CUST_3843,Regular
TXN_202307_003208,2023-07-17,REG_02,STORE_006,EMP_002,PROD_018,3,170.31,0.26,378.09,credit,CUST_3689,Premium
TXN_202307_003209,2023-07-01,REG_01,STORE_003,EMP_019,PROD_002,4,88.62,0.17,294.22,credit,CUST_3004,New
TXN_202307_003210,2023-07-20,REG_08,STORE_023,EMP_023,PROD_032,3,355.44,0.08,981.01,mobile,CUST_3344,New
TXN_202307_003211,2023-07-28,REG_01,STORE_003,EMP_019,PROD_021,5,484.49,0.14,2083.31,mobile,CUST_5231,New
TXN_202307_003212,2023-07-19,REG_02,STORE_006,EMP_002,PROD_042,5,352.48,0.09,1603.78,credit,CUST_2737,New
TXN_202307_003213,2023-07-30,REG_05,STORE_014,EMP_021,PROD_049,4,194.09,0.05,737.54,credit,CUST_7961,New
TXN_202307_003214,2023-07-02,REG_04,STORE_010,EMP_004,PROD_039,2,469.5,0.22,732.42,credit,CUST_1484,New
TXN_202307_003215,2023-07-30,REG_04,STORE_010,EMP_026,PROD_006,4,19.18,0.1,69.05,mobile,CUST_6350,New
TXN_202307_003216,2023-07-08,REG_05,STORE_014,EMP_021,PROD_048,2,409.92,0.17,680.47,mobile,CUST_4659,Premium
TXN_202307_003217,2023-07-17,REG_09,STORE_027,EMP_027,PROD_014,4,253.67,0.24,771.16,mobile,CUST_4793,Premium
TXN_202307_003218,2023-07-28,REG_07,STORE_021,EMP_007,PROD_033,4,290.47,0.26,859.79,card,CUST_7300,VIP
TXN_202307_003219,2023-07-20,REG_06,STORE_016,EMP_006,PROD_039,4,347.8,0.04,1335.55,cash,CUST_5839,Regular
TXN_202307_003220,2023-07-17,REG_08,STORE_023,EMP_008,PROD_018,1,348.57,0.14,299.77,card,CUST_6402,New
TXN_202307_003221,2023-07-19,REG_01,STORE_002,EMP_019,PROD_035,1,122.99,0.06,115.61,mobile,CUST_4027,New
TXN_202307_003222,2023-07-05,REG_10,STORE_030,EMP_013,PROD_021,1,177.09,0.28,127.5,card,CUST_6529,Regular
TXN_202307_003223,2023-07-12,REG_01,STORE_001,EMP_018,PROD_043,3,163.76,0.28,353.72,card,CUST_1300,New
TXN_202307_003224,2023-07-18,REG_06,STORE_018,EMP_006,PROD_005,3,150.45,0.01,446.84,card,CUST_1227,VIP
TXN_202307_003225,2023-07-16,REG_10,STORE_030,EMP_017,PROD_005,2,171.84,0.21,271.51,mobile,CUST_2205,New
TXN_202307_003226,2023-07-08,REG_08,STORE_024,EMP_012,PROD_040,5,225.03,0.16,945.13,mobile,CUST_8736,Premium
TXN_202307_003227,2023-07-20,REG_06,STORE_016,EMP_006,PROD_044,1,401.1,0.14,344.95,mobile,CUST_5277,Premium
TXN_202307_003228,2023-07-13,REG_08,STORE_022,EMP_012,PROD_041,1,62.5,0.21,49.38,mobile,CUST_6674,VIP
TXN_202307_003229,2023-07-09,REG_02,STORE_004,EMP_002,PROD_033,1,275.06,0.17,228.3,card,CUST_6329,Regular
TXN_202307_003230,2023-07-07,REG_01,STORE_002,EMP_019,PROD_004,2,467.79,0.11,832.67,cash,CUST_1138,VIP
TXN_202307_003231,2023-07-06,REG_09,STORE_027,EMP_027,PROD_001,3,350.55,0.26,778.22,card,CUST_2220,VIP
TXN_202307_003232,2023-07-24,REG_02,STORE_005,EMP_002,PROD_027,2,339.39,0.25,509.08,mobile,CUST_3612,Regular
TXN_202307_003233,2023-07-01,REG_06,STORE_017,EMP_006,PROD_048,1,106.13,0.15,90.21,credit,CUST_2146,New
TXN_202307_003234,2023-07-22,REG_06,STORE_016,EMP_006,PROD_013,3,371.02,0.01,1101.93,credit,CUST_1723,VIP
TXN_202307_003235,2023-07-06,REG_07,STORE_021,EMP_007,PROD_048,4,274.71,0.08,1010.93,cash,CUST_2530,VIP
TXN_202307_003236,2023-07-12,REG_01,STORE_002,EMP_019,PROD_007,4,457.71,0.27,1336.51,card,CUST_6069,New
TXN_202307_003237,2023-07-22,REG_10,STORE_029,EMP_020,PROD_044,1,319.01,0.08,293.49,card,CUST_8731,Regular
TXN_202307_003238,2023-07-09,REG_09,STORE_025,EMP_027,PROD_042,2,201.95,0.06,379.67,cash,CUST_9063,New
TXN_202307_003239,2023-07-15,REG_01,STORE_001,EMP_019,PROD_013,4,203.8,0.0,815.2,cash,CUST_6790,VIP
TXN_202307_003240,2023-07-13,REG_02,STORE_005,EMP_002,PROD_022,5,164.51,0.08,756.75,card,CUST_5382,New
TXN_202307_003241,2023-07-08,REG_02,STORE_004,EMP_002,PROD_025,4,362.99,0.3,1016.37,card,CUST_1614,New
TXN_202307_003242,2023-07-04,REG_02,STORE_006,EMP_002,PROD_015,5,396.21,0.08,1822.57,mobile,CUST_2708,Premium
TXN_202307_003243,2023-07-29,REG_10,STORE_028,EMP_028,PROD_011,5,33.75,0.16,141.75,card,CUST_7852,Premium
TXN_202307_003244,2023-07-10,REG_02,STORE_005,EMP_002,PROD_032,1,46.64,0.21,36.85,mobile,CUST_5979,New
TXN_202307_003245,2023-07-19,REG_01,STORE_002,EMP_001,PROD_015,3,36.89,0.03,107.35,cash,CUST_8155,Premium
TXN_202307_003246,2023-07-05,REG_01,STORE_002,EMP_001,PROD_037,5,482.9,0.01,2390.36,mobile,CUST_3612,Premium
TXN_202307_003247,2023-07-17,REG_02,STORE_006,EMP_002,PROD_036,1,80.0,0.08,73.6,cash,CUST_2704,Premium
TXN_202307_003248,2023-07-24,REG_07,STORE_019,EMP_007,PROD_009,3,141.35,0.23,326.52,cash,CUST_8625,New
TXN_202307_003249,2023-07-03,REG_09,STORE_027,EMP_022,PROD_032,5,196.23,0.18,804.54,card,CUST_8668,Regular
TXN_202307_003250,2023-07-16,REG_03,STORE_007,EMP_014,PROD_035,5,140.1,0.15,595.42,mobile,CUST_2059,New
TXN_202307_003251,2023-07-17,REG_08,STORE_024,EMP_015,PROD_010,1,458.89,0.03,445.12,cash,CUST_5909,New
TXN_202307_003252,2023-07-01,REG_01,STORE_002,EMP_018,PROD_014,4,90.11,0.3,252.31,card,CUST_9216,VIP
TXN_202307_003253,2023-07-04,REG_03,STORE_007,EMP_003,PROD_024,3,365.61,0.22,855.53,cash,CUST_9636,Regular
TXN_202307_003254,2023-07-03,REG_03,STORE_007,EMP_014,PROD_043,2,164.08,0.28,236.28,cash,CUST_2674,New
TXN_202307_003255,2023-07-09,REG_06,STORE_017,EMP_006,PROD_036,2,298.51,0.16,501.5,card,CUST_3094,New
TXN_202307_003256,2023-07-01,REG_07,STORE_021,EMP_007,PROD_005,2,431.95,0.21,682.48,cash,CUST_1352,Premium
TXN_202307_003257,2023-07-27,REG_09,STORE_027,EMP_022,PROD_010,5,35.24,0.27,128.63,mobile,CUST_2774,Regular
TXN_202307_003258,2023-07-23,REG_03,STORE_009,EMP_003,PROD_004,5,21.46,0.18,87.99,mobile,CUST_3548,New
TXN_202307_003259,2023-07-05,REG_01,STORE_002,EMP_001,PROD_026,1,252.92,0.27,184.63,credit,CUST_4244,New
TXN_202307_003260,2023-07-31,REG_03,STORE_008,EMP_014,PROD_004,1,169.53,0.02,166.14,cash,CUST_6179,Premium
TXN_202307_003261,2023-07-19,REG_09,STORE_027,EMP_009,PROD_027,5,84.68,0.2,338.72,cash,CUST_3110,Regular
TXN_202307_003262,2023-07-19,REG_07,STORE_021,EMP_007,PROD_019,5,481.71,0.17,1999.1,credit,CUST_4118,VIP
TXN_202307_003263,2023-07-06,REG_05,STORE_014,EMP_005,PROD_024,2,36.66,0.16,61.59,mobile,CUST_3870,Regular
TXN_202307_003264,2023-07-11,REG_10,STORE_029,EMP_028,PROD_026,3,175.33,0.06,494.43,mobile,CUST_7670,Premium
TXN_202307_003265,2023-07-27,REG_06,STORE_018,EMP_006,PROD_043,5,450.21,0.11,2003.43,card,CUST_6046,Premium
TXN_202307_003266,2023-07-04,REG_10,STORE_028,EMP_017,PROD_022,4,121.17,0.1,436.21,cash,CUST_3072,Premium
TXN_202307_003267,2023-07-13,REG_09,STORE_025,EMP_025,PROD_013,5,64.43,0.2,257.72,credit,CUST_5966,New
TXN_202307_003268,2023-07-03,REG_01,STORE_003,EMP_018,PROD_016,4,376.81,0.05,1431.88,credit,CUST_8745,New
TXN_202307_003269,2023-07-18,REG_06,STORE_016,EMP_006,PROD_021,1,47.24,0.11,42.04,credit,CUST_1029,Regular
TXN_202307_003270,2023-07-05,REG_10,STORE_029,EMP_017,PROD_024,5,277.29,0.22,1081.43,credit,CUST_2781,New
TXN_202307_003271,2023-07-12,REG_03,STORE_009,EMP_014,PROD_032,2,68.45,0.21,108.15,credit,CUST_3781,New
TXN_202307_003272,2023-07-13,REG_02,STORE_006,EMP_002,PROD_039,1,376.73,0.29,267.48,cash,CUST_8137,Regular
TXN_202307_003273,2023-07-20,REG_05,STORE_014,EMP_005,PROD_023,5,470.42,0.01,2328.58,credit,CUST_5065,Premium
TXN_202307_003274,2023-07-07,REG_06,STORE_018,EMP_006,PROD_014,3,292.92,0.24,667.86,mobile,CUST_1856,VIP
TXN_202307_003275,2023-07-12,REG_04,STORE_010,EMP_030,PROD_010,4,331.82,0.23,1022.01,credit,CUST_8548,Regular
TXN_202307_003276,2023-07-13,REG_10,STORE_028,EMP_013,PROD_042,2,493.74,0.19,799.86,card,CUST_1086,Regular
TXN_202307_003277,2023-07-05,REG_04,STORE_012,EMP_030,PROD_018,4,114.67,0.05,435.75,card,CUST_8059,New
TXN_202307_003278,2023-07-24,REG_01,STORE_003,EMP_019,PROD_014,3,178.77,0.2,429.05,card,CUST_9972,Regular
TXN_202307_003279,2023-07-18,REG_04,STORE_012,EMP_016,PROD_042,5,258.26,0.26,955.56,cash,CUST_5640,Premium
TXN_202307_003280,2023-07-11,REG_01,STORE_001,EMP_018,PROD_004,3,233.31,0.22,545.95,credit,CUST_1046,Premium
TXN_202307_003281,2023-07-01,REG_04,STORE_011,EMP_029,PROD_020,5,409.73,0.16,1720.87,card,CUST_2353,Regular
TXN_202307_003282,2023-07-23,REG_08,STORE_023,EMP_015,PROD_039,3,59.43,0.24,135.5,cash,CUST_2032,VIP
TXN_202307_003283,2023-07-26,REG_02,STORE_006,EMP_002,PROD_035,4,440.49,0.17,1462.43,mobile,CUST_1036,Regular
TXN_202307_003284,2023-07-12,REG_05,STORE_014,EMP_005,PROD_004,1,287.88,0.01,285.0,card,CUST_6583,New
TXN_202307_003285,2023-07-13,REG_07,STORE_021,EMP_007,PROD_001,2,42.2,0.12,74.27,credit,CUST_5861,Premium
TXN_202307_003286,2023-07-16,REG_02,STORE_006,EMP_002,PROD_043,2,451.57,0.29,641.23,cash,CUST_2147,Premium
TXN_202307_003287,2023-07-11,REG_09,STORE_025,EMP_027,PROD_019,2,30.56,0.11,54.4,card,CUST_5038,Premium
TXN_202307_003288,2023-07-12,REG_08,STORE_023,EMP_012,PROD_007,1,377.9,0.24,287.2,credit,CUST_3994,Premium
TXN_202307_003289,2023-07-02,REG_09,STORE_026,EMP_025,PROD_029,1,317.35,0.18,260.23,credit,CUST_3731,New
TXN_202307_003290,2023-07-21,REG_08,STORE_024,EMP_008,PROD_044,5,222.8,0.25,835.5,cash,CUST_3251,Premium
TXN_202307_003291,2023-07-23,REG_09,STORE_027,EMP_009,PROD_026,2,493.2,0.26,729.94,mobile,CUST_8384,Premium
TXN_202307_003292,2023-07-19,REG_02,STORE_006,EMP_002,PROD_029,4,340.53,0.29,967.11,mobile,CUST_3228,Premium
TXN_202307_003293,2023-07-03,REG_05,STORE_014,EMP_021,PROD_003,2,320.77,0.26,474.74,card,CUST_4884,Premium
TXN_202307_003294,2023-07-07,REG_01,STORE_001,EMP_011,PROD_012,3,312.66,0.25,703.49,card,CUST_8724,Regular
TXN_202307_003295,2023-07-30,REG_09,STORE_026,EMP_027,PROD_025,5,473.87,0.08,2179.8,cash,CUST_9141,New
TXN_202307_003296,2023-07-21,REG_06,STORE_017,EMP_006,PROD_005,2,356.69,0.2,570.7,cash,CUST_3961,Regular
TXN_202307_003297,2023-07-29,REG_02,STORE_005,EMP_002,PROD_009,4,486.63,0.08,1790.8,cash,CUST_3318,VIP
TXN_202307_003298,2023-07-10,REG_03,STORE_009,EMP_014,PROD_041,1,141.11,0.07,131.23,credit,CUST_3409,New
TXN_202307_003299,2023-07-10,REG_02,STORE_006,EMP_002,PROD_030,5,495.76,0.08,2280.5,cash,CUST_6495,Regular
TXN_202307_003300,2023-07-11,REG_08,STORE_024,EMP_012,PROD_016,4,149.69,0.3,419.13,mobile,CUST_2036,New
TXN_202307_003301,2023-07-09,REG_05,STORE_014,EMP_021,PROD_049,1,352.24,0.29,250.09,cash,CUST_5700,New
TXN_202307_003302,2023-07-15,REG_01,STORE_003,EMP_018,PROD_039,4,304.28,0.03,1180.61,cash,CUST_2121,New
TXN_202307_003303,2023-07-08,REG_05,STORE_013,EMP_021,PROD_002,3,424.62,0.25,955.4,card,CUST_8723,VIP
TXN_202307_003304,2023-07-28,REG_01,STORE_003,EMP_019,PROD_017,4,250.37,0.15,851.26,credit,CUST_1783,Premium
TXN_202307_003305,2023-07-25,REG_07,STORE_021,EMP_007,PROD_007,4,86.03,0.14,295.94,mobile,CUST_5931,New
TXN_202307_003306,2023-07-05,REG_03,STORE_009,EMP_014,PROD_019,1,344.44,0.06,323.77,mobile,CUST_1653,Regular
TXN_202307_003307,2023-07-09,REG_02,STORE_004,EMP_002,PROD_043,3,58.44,0.21,138.5,card,CUST_7256,Regular
TXN_202307_003308,2023-07-03,REG_04,STORE_010,EMP_024,PROD_038,3,26.87,0.25,60.46,credit,CUST_4952,New
TXN_202307_003309,2023-07-31,REG_05,STORE_013,EMP_005,PROD_045,4,379.22,0.04,1456.2,credit,CUST_5936,Regular
TXN_202307_003310,2023-07-20,REG_10,STORE_030,EMP_013,PROD_032,3,239.62,0.01,711.67,card,CUST_8604,VIP
TXN_202307_003311,2023-07-25,REG_10,STORE_029,EMP_013,PROD_017,4,415.43,0.09,1512.17,mobile,CUST_2486,Regular
TXN_202307_003312,2023-07-29,REG_05,STORE_013,EMP_021,PROD_043,5,470.78,0.04,2259.74,card,CUST_4384,Premium
TXN_202307_003313,2023-07-11,REG_02,STORE_006,EMP_002,PROD_018,3,441.06,0.13,1151.17,card,CUST_8957,VIP
TXN_202307_003314,2023-07-28,REG_09,STORE_025,EMP_025,PROD_043,1,256.52,0.2,205.22,cash,CUST_9907,New
TXN_202307_003315,2023-07-18,REG_02,STORE_005,EMP_002,PROD_003,5,177.31,0.24,673.78,card,CUST_8870,VIP
TXN_202307_003316,2023-07-16,REG_06,STORE_016,EMP_006,PROD_022,3,360.32,0.29,767.48,card,CUST_6390,Premium
TXN_202307_003317,2023-07-25,REG_04,STORE_012,EMP_030,PROD_008,1,330.68,0.21,261.24,card,CUST_9768,New
TXN_202307_003318,2023-07-05,REG_08,STORE_024,EMP_008,PROD_044,2,246.84,0.14,424.56,card,CUST_2394,Premium
TXN_202307_003319,2023-07-19,REG_10,STORE_028,EMP_020,PROD_034,4,75.97,0.09,276.53,credit,CUST_1942,VIP
TXN_202307_003320,2023-07-17,REG_02,STORE_004,EMP_002,PROD_017,4,482.97,0.06,1815.97,mobile,CUST_3788,VIP
TXN_202307_003321,2023-07-01,REG_03,STORE_007,EMP_014,PROD_041,1,198.71,0.29,141.08,cash,CUST_3519,Premium
TXN_202307_003322,2023-07-12,REG_01,STORE_001,EMP_001,PROD_026,3,160.76,0.04,462.99,cash,CUST_5117,Regular
TXN_202307_003323,2023-07-29,REG_02,STORE_006,EMP_002,PROD_014,5,239.44,0.02,1173.26,credit,CUST_8689,VIP
TXN_202307_003324,2023-07-10,REG_08,STORE_024,EMP_023,PROD_013,5,390.32,0.22,1522.25,cash,CUST_3069,Premium
TXN_202307_003325,2023-07-27,REG_10,STORE_030,EMP_020,PROD_003,3,159.48,0.28,344.48,cash,CUST_7009,VIP
TXN_202307_003326,2023-07-26,REG_04,STORE_011,EMP_029,PROD_017,5,131.51,0.3,460.28,cash,CUST_6963,Regular
TXN_202307_003327,2023-07-15,REG_08,STORE_024,EMP_008,PROD_040,5,451.94,0.2,1807.76,mobile,CUST_1455,New
TXN_202307_003328,2023-07-14,REG_03,STORE_007,EMP_003,PROD_017,1,150.11,0.28,108.08,cash,CUST_8508,VIP
TXN_202307_003329,2023-07-03,REG_09,STORE_025,EMP_027,PROD_025,5,121.07,0.03,587.19,cash,CUST_8541,New
TXN_202307_003330,2023-07-08,REG_03,STORE_007,EMP_003,PROD_016,3,373.61,0.22,874.25,credit,CUST_9063,New
TXN_202307_003331,2023-07-18,REG_06,STORE_017,EMP_006,PROD_044,4,408.08,0.03,1583.35,cash,CUST_9409,Regular
TXN_202307_003332,2023-07-20,REG_04,STORE_010,EMP_029,PROD_003,5,175.38,0.15,745.37,credit,CUST_7950,New
TXN_202307_003333,2023-07-12,REG_05,STORE_015,EMP_005,PROD_005,5,61.19,0.08,281.47,mobile,CUST_3804,Premium
TXN_202307_003334,2023-07-29,REG_04,STORE_010,EMP_026,PROD_042,3,93.48,0.04,269.22,cash,CUST_4292,VIP
TXN_202307_003335,2023-07-05,REG_05,STORE_013,EMP_021,PROD_009,5,275.53,0.15,1171.0,card,CUST_6098,Premium
TXN_202307_003336,2023-07-05,REG_10,STORE_030,EMP_010,PROD_039,3,326.08,0.1,880.42,cash,CUST_1055,New
TXN_202307_003337,2023-07-28,REG_10,STORE_030,EMP_028,PROD_006,2,333.01,0.16,559.46,mobile,CUST_3405,Regular
TXN_202307_003338,2023-07-31,REG_08,STORE_023,EMP_012,PROD_028,5,437.91,0.19,1773.54,cash,CUST_7633,New
TXN_202307_003339,2023-07-17,REG_07,STORE_020,EMP_007,PROD_043,4,220.01,0.29,624.83,mobile,CUST_5482,New
TXN_202307_003340,2023-07-06,REG_03,STORE_009,EMP_014,PROD_030,4,115.12,0.21,363.78,credit,CUST_6324,VIP
TXN_202307_003341,2023-07-12,REG_10,STORE_028,EMP_028,PROD_012,5,161.55,0.27,589.66,cash,CUST_4574,Premium
TXN_202307_003342,2023-07-29,REG_03,STORE_007,EMP_014,PROD_028,4,155.84,0.25,467.52,credit,CUST_1055,VIP
TXN_202307_003343,2023-07-25,REG_10,STORE_030,EMP_013,PROD_022,5,390.78,0.21,1543.58,mobile,CUST_2916,Premium
TXN_202307_003344,2023-07-10,REG_06,STORE_018,EMP_006,PROD_016,3,466.47,0.02,1371.42,card,CUST_4471,VIP
TXN_202307_003345,2023-07-04,REG_08,STORE_022,EMP_015,PROD_024,1,130.71,0.03,126.79,cash,CUST_4221,VIP
TXN_202307_003346,2023-07-14,REG_04,STORE_012,EMP_030,PROD_029,1,64.58,0.01,63.93,card,CUST_2169,Premium
TXN_202307_003347,2023-07-08,REG_02,STORE_006,EMP_002,PROD_040,2,432.28,0.28,622.48,mobile,CUST_8715,New
TXN_202307_003348,2023-07-12,REG_01,STORE_002,EMP_019,PROD_047,3,259.1,0.16,652.93,credit,CUST_3049,New
TXN_202307_003349,2023-07-14,REG_06,STORE_018,EMP_006,PROD_017,2,395.29,0.03,766.86,mobile,CUST_4365,Regular
TXN_202307_003350,2023-07-28,REG_04,STORE_012,EMP_026,PROD_036,3,248.86,0.15,634.59,credit,CUST_6583,Regular
TXN_202307_003351,2023-07-18,REG_04,STORE_012,EMP_024,PROD_012,2,124.54,0.24,189.3,card,CUST_8470,Premium
TXN_202307_003352,2023-07-24,REG_03,STORE_008,EMP_014,PROD_016,4,409.2,0.23,1260.34,cash,CUST_9483,Premium
TXN_202307_003353,2023-07-02,REG_06,STORE_016,EMP_006,PROD_038,1,284.93,0.28,205.15,mobile,CUST_1381,VIP
TXN_202307_003354,2023-07-08,REG_05,STORE_014,EMP_005,PROD_008,4,449.46,0.21,1420.29,cash,CUST_7987,VIP
TXN_202307_003355,2023-07-18,REG_04,STORE_011,EMP_024,PROD_035,3,307.47,0.09,839.39,cash,CUST_3912,Regular
TXN_202307_003356,2023-07-01,REG_08,STORE_023,EMP_008,PROD_019,1,25.18,0.18,20.65,cash,CUST_7965,New
TXN_202307_003357,2023-07-11,REG_04,STORE_011,EMP_016,PROD_044,4,19.25,0.13,66.99,credit,CUST_5331,Premium
TXN_202307_003358,2023-07-04,REG_08,STORE_022,EMP_015,PROD_001,2,105.37,0.29,149.63,mobile,CUST_8063,VIP
TXN_202307_003359,2023-07-22,REG_10,STORE_029,EMP_020,PROD_038,1,363.04,0.02,355.78,cash,CUST_6243,Regular
TXN_202307_003360,2023-07-07,REG_09,STORE_026,EMP_025,PROD_030,3,113.75,0.1,307.12,card,CUST_5995,New
TXN_202307_003361,2023-07-14,REG_05,STORE_014,EMP_005,PROD_022,1,149.5,0.29,106.14,mobile,CUST_6908,VIP
TXN_202307_003362,2023-07-01,REG_03,STORE_008,EMP_003,PROD_034,2,182.8,0.28,263.23,card,CUST_2960,VIP
TXN_202307_003363,2023-07-07,REG_01,STORE_003,EMP_019,PROD_002,5,245.54,0.03,1190.87,card,CUST_6949,VIP
TXN_202307_003364,2023-07-29,REG_06,STORE_018,EMP_006,PROD_034,2,299.79,0.11,533.63,cash,CUST_5786,New
TXN_202307_003365,2023-07-25,REG_02,STORE_004,EMP_002,PROD_001,2,91.24,0.2,145.98,mobile,CUST_5381,Premium
TXN_202307_003366,2023-07-12,REG_10,STORE_028,EMP_010,PROD_046,4,237.98,0.25,713.94,credit,CUST_4788,VIP
TXN_202307_003367,2023-07-13,REG_05,STORE_014,EMP_005,PROD_004,5,174.48,0.18,715.37,credit,CUST_8393,New
TXN_202307_003368,2023-07-07,REG_04,STORE_011,EMP_030,PROD_044,4,259.75,0.13,903.93,mobile,CUST_6386,Premium
TXN_202307_003369,2023-07-19,REG_09,STORE_027,EMP_025,PROD_040,4,257.82,0.01,1020.97,credit,CUST_4101,Premium
TXN_202307_003370,2023-07-10,REG_03,STORE_007,EMP_003,PROD_005,4,113.22,0.22,353.25,credit,CUST_1898,Regular
TXN_202307_003371,2023-07-08,REG_04,STORE_012,EMP_029,PROD_015,1,338.38,0.05,321.46,credit,CUST_8863,Premium
TXN_202307_003372,2023-07-22,REG_01,STORE_002,EMP_001,PROD_033,1,337.35,0.17,280.0,card,CUST_8686,Regular
TXN_202307_003373,2023-07-25,REG_03,STORE_007,EMP_014,PROD_003,2,61.39,0.21,97.0,cash,CUST_5774,Regular
TXN_202307_003374,2023-07-09,REG_01,STORE_003,EMP_018,PROD_006,2,484.61,0.06,911.07,credit,CUST_8106,VIP
TXN_202307_003375,2023-07-28,REG_08,STORE_022,EMP_015,PROD_003,4,396.81,0.21,1253.92,card,CUST_5253,Regular
TXN_202307_003376,2023-07-15,REG_05,STORE_014,EMP_005,PROD_013,5,405.23,0.21,1600.66,mobile,CUST_3925,Premium
TXN_202307_003377,2023-07-28,REG_03,STORE_007,EMP_003,PROD_001,1,263.28,0.15,223.79,credit,CUST_3167,Premium
TXN_202307_003378,2023-07-14,REG_07,STORE_019,EMP_007,PROD_015,4,263.69,0.21,833.26,mobile,CUST_5686,New
TXN_202307_003379,2023-07-23,REG_07,STORE_020,EMP_007,PROD_020,2,170.0,0.26,251.6,mobile,CUST_1221,New
TXN_202307_003380,2023-07-14,REG_09,STORE_027,EMP_009,PROD_003,1,138.48,0.11,123.25,credit,CUST_1162,VIP
TXN_202307_003381,2023-07-23,REG_01,STORE_003,EMP_019,PROD_010,4,427.05,0.25,1281.15,credit,CUST_8299,New
TXN_202307_003382,2023-07-23,REG_10,STORE_030,EMP_017,PROD_021,1,377.03,0.12,331.79,mobile,CUST_7925,New
TXN_202307_003383,2023-07-06,REG_06,STORE_018,EMP_006,PROD_047,2,94.99,0.07,176.68,credit,CUST_5400,Premium
TXN_202307_003384,2023-07-25,REG_10,STORE_030,EMP_013,PROD_039,4,365.03,0.12,1284.91,cash,CUST_6945,Premium
TXN_202307_003385,2023-07-24,REG_02,STORE_005,EMP_002,PROD_029,3,248.39,0.03,722.81,cash,CUST_8397,New
TXN_202307_003386,2023-07-02,REG_04,STORE_010,EMP_030,PROD_024,5,302.57,0.25,1134.64,cash,CUST_3912,Premium
TXN_202307_003387,2023-07-02,REG_01,STORE_002,EMP_011,PROD_047,4,57.7,0.29,163.87,credit,CUST_1421,VIP
TXN_202307_003388,2023-07-03,REG_08,STORE_022,EMP_015,PROD_040,5,61.67,0.11,274.43,credit,CUST_6153,New
TXN_202307_003389,2023-07-13,REG_06,STORE_018,EMP_006,PROD_023,1,344.23,0.18,282.27,card,CUST_7734,New
TXN_202307_003390,2023-07-10,REG_04,STORE_010,EMP_004,PROD_022,1,380.79,0.29,270.36,credit,CUST_6623,VIP
TXN_202307_003391,2023-07-24,REG_04,STORE_012,EMP_024,PROD_023,4,481.17,0.01,1905.43,card,CUST_2614,Premium
TXN_202307_003392,2023-07-25,REG_09,STORE_025,EMP_022,PROD_006,1,324.36,0.14,278.95,mobile,CUST_2501,Premium
TXN_202307_003393,2023-07-07,REG_02,STORE_005,EMP_002,PROD_023,5,447.65,0.18,1835.37,credit,CUST_8119,Premium
TXN_202307_003394,2023-07-10,REG_03,STORE_009,EMP_014,PROD_003,4,40.49,0.2,129.57,card,CUST_7771,VIP
TXN_202307_003395,2023-07-01,REG_04,STORE_010,EMP_026,PROD_022,3,50.58,0.02,148.71,card,CUST_7039,New
TXN_202307_003396,2023-07-09,REG_05,STORE_015,EMP_021,PROD_002,4,204.86,0.22,639.16,credit,CUST_6474,Premium
TXN_202307_003397,2023-07-25,REG_03,STORE_009,EMP_003,PROD_030,1,255.6,0.29,181.48,mobile,CUST_9073,Premium
TXN_202307_003398,2023-07-20,REG_07,STORE_020,EMP_007,PROD_035,1,377.78,0.05,358.89,card,CUST_6630,New
TXN_202307_003399,2023-07-08,REG_06,STORE_016,EMP_006,PROD_001,3,250.11,0.18,615.27,cash,CUST_1695,VIP
TXN_202307_003400,2023-07-04,REG_07,STORE_021,EMP_007,PROD_045,4,119.85,0.17,397.9,card,CUST_5437,Premium
TXN_202307_003401,2023-07-12,REG_04,STORE_010,EMP_026,PROD_014,3,60.82,0.1,164.21,mobile,CUST_7212,Premium
TXN_202307_003402,2023-07-08,REG_06,STORE_016,EMP_006,PROD_021,2,255.38,0.28,367.75,card,CUST_3092,VIP
TXN_202307_003403,2023-07-11,REG_02,STORE_004,EMP_002,PROD_041,4,183.97,0.02,721.16,cash,CUST_8508,Regular
TXN_202307_003404,2023-07-05,REG_05,STORE_015,EMP_005,PROD_007,1,450.95,0.06,423.89,card,CUST_5224,Regular
TXN_202307_003405,2023-07-30,REG_03,STORE_008,EMP_003,PROD_038,5,482.35,0.05,2291.16,cash,CUST_4237,Premium
TXN_202307_003406,2023-07-13,REG_02,STORE_006,EMP_002,PROD_028,3,154.43,0.23,356.73,cash,CUST_3295,Regular
TXN_202307_003407,2023-07-19,REG_03,STORE_009,EMP_003,PROD_037,1,102.77,0.24,78.11,card,CUST_4241,New
TXN_202307_003408,2023-07-07,REG_03,STORE_009,EMP_003,PROD_030,4,409.57,0.14,1408.92,mobile,CUST_6257,VIP
TXN_202307_003409,2023-07-13,REG_04,STORE_010,EMP_004,PROD_005,1,353.1,0.15,300.13,card,CUST_8921,New
TXN_202307_003410,2023-07-30,REG_04,STORE_011,EMP_029,PROD_032,4,318.25,0.06,1196.62,mobile,CUST_2521,VIP
TXN_202307_003411,2023-07-25,REG_03,STORE_008,EMP_003,PROD_019,2,321.44,0.22,501.45,card,CUST_8889,Regular
TXN_202307_003412,2023-07-21,REG_08,STORE_022,EMP_008,PROD_043,4,96.01,0.27,280.35,cash,CUST_5697,VIP
TXN_202307_003413,2023-07-17,REG_08,STORE_024,EMP_008,PROD_011,4,82.54,0.21,260.83,mobile,CUST_2468,Premium
TXN_202307_003414,2023-07-09,REG_06,STORE_018,EMP_006,PROD_010,1,60.2,0.16,50.57,mobile,CUST_1774,VIP
TXN_202307_003415,2023-07-22,REG_09,STORE_025,EMP_027,PROD_011,4,417.18,0.22,1301.6,card,CUST_5259,Premium
TXN_202307_003416,2023-07-29,REG_10,STORE_029,EMP_028,PROD_014,1,269.37,0.04,258.6,mobile,CUST_8035,New
TXN_202307_003417,2023-07-20,REG_09,STORE_026,EMP_009,PROD_009,4,251.4,0.17,834.65,card,CUST_5013,Premium
TXN_202307_003418,2023-07-17,REG_03,STORE_008,EMP_014,PROD_014,2,354.91,0.26,525.27,cash,CUST_7543,Regular
TXN_202307_003419,2023-07-02,REG_01,STORE_003,EMP_011,PROD_027,4,252.16,0.24,766.57,card,CUST_4145,Premium
TXN_202307_003420,2023-07-09,REG_06,STORE_018,EMP_006,PROD_002,3,309.91,0.04,892.54,cash,CUST_9579,VIP
TXN_202307_003421,2023-07-05,REG_03,STORE_007,EMP_014,PROD_003,1,99.59,0.22,77.68,mobile,CUST_8528,New
TXN_202307_003422,2023-07-31,REG_02,STORE_005,EMP_002,PROD_033,3,340.51,0.29,725.29,mobile,CUST_5903,New
TXN_202307_003423,2023-07-12,REG_07,STORE_021,EMP_007,PROD_011,4,179.86,0.28,518.0,card,CUST_3555,Premium
TXN_202307_003424,2023-07-01,REG_09,STORE_026,EMP_009,PROD_046,3,470.83,0.22,1101.74,credit,CUST_4520,New
TXN_202307_003425,2023-07-04,REG_07,STORE_020,EMP_007,PROD_006,4,328.91,0.02,1289.33,cash,CUST_3639,VIP
TXN_202307_003426,2023-07-07,REG_07,STORE_020,EMP_007,PROD_040,1,419.19,0.02,410.81,card,CUST_9452,Premium
TXN_202307_003427,2023-07-23,REG_07,STORE_019,EMP_007,PROD_019,1,456.5,0.12,401.72,cash,CUST_5379,Premium
TXN_202307_003428,2023-07-05,REG_10,STORE_030,EMP_028,PROD_012,5,87.16,0.2,348.64,mobile,CUST_1527,New
TXN_202307_003429,2023-07-17,REG_08,STORE_023,EMP_008,PROD_040,1,279.04,0.05,265.09,credit,CUST_2229,Premium
TXN_202307_003430,2023-07-29,REG_05,STORE_013,EMP_005,PROD_043,4,375.87,0.01,1488.45,cash,CUST_5443,New
TXN_202307_003431,2023-07-11,REG_07,STORE_021,EMP_007,PROD_008,5,366.46,0.26,1355.9,credit,CUST_2930,New
TXN_202307_003432,2023-07-24,REG_01,STORE_002,EMP_018,PROD_013,3,265.65,0.27,581.77,mobile,CUST_3632,New
TXN_202307_003433,2023-07-01,REG_03,STORE_007,EMP_014,PROD_038,5,469.31,0.28,1689.52,credit,CUST_7488,VIP
TXN_202307_003434,2023-07-22,REG_02,STORE_005,EMP_002,PROD_043,3,468.12,0.3,983.05,credit,CUST_6415,New
TXN_202307_003435,2023-07-29,REG_04,STORE_012,EMP_024,PROD_020,3,404.91,0.24,923.19,mobile,CUST_8663,VIP
TXN_202307_003436,2023-07-01,REG_09,STORE_025,EMP_025,PROD_029,3,329.82,0.27,722.31,card,CUST_9656,VIP
TXN_202307_003437,2023-07-17,REG_04,STORE_010,EMP_004,PROD_048,2,220.31,0.23,339.28,mobile,CUST_4568,Premium
TXN_202307_003438,2023-07-15,REG_02,STORE_006,EMP_002,PROD_009,4,362.28,0.19,1173.79,cash,CUST_2972,Premium
TXN_202307_003439,2023-07-09,REG_02,STORE_005,EMP_002,PROD_045,4,375.98,0.28,1082.82,cash,CUST_8868,New
TXN_202307_003440,2023-07-15,REG_02,STORE_004,EMP_002,PROD_012,3,162.24,0.1,438.05,credit,CUST_6051,New
TXN_202307_003441,2023-07-27,REG_07,STORE_019,EMP_007,PROD_026,3,219.67,0.18,540.39,card,CUST_3078,Regular
TXN_202307_003442,2023-07-06,REG_02,STORE_005,EMP_002,PROD_050,5,165.42,0.12,727.85,credit,CUST_8325,New
TXN_202307_003443,2023-07-24,REG_08,STORE_024,EMP_015,PROD_007,2,355.57,0.15,604.47,credit,CUST_6433,Regular
TXN_202307_003444,2023-07-24,REG_09,STORE_026,EMP_025,PROD_024,2,146.52,0.02,287.18,mobile,CUST_5958,VIP
TXN_202307_003445,2023-07-30,REG_09,STORE_027,EMP_009,PROD_001,3,14.1,0.22,32.99,credit,CUST_1838,Premium
TXN_202307_003446,2023-07-13,REG_04,STORE_012,EMP_029,PROD_046,5,275.98,0.26,1021.13,credit,CUST_9939,New
TXN_202307_003447,2023-07-20,REG_09,STORE_026,EMP_025,PROD_040,1,399.23,0.05,379.27,cash,CUST_1461,Regular
TXN_202307_003448,2023-07-24,REG_03,STORE_007,EMP_003,PROD_002,2,138.21,0.13,240.49,cash,CUST_1129,Regular
TXN_202307_003449,2023-07-22,REG_06,STORE_016,EMP_006,PROD_046,4,374.18,0.05,1421.88,cash,CUST_8909,VIP
TXN_202307_003450,2023-07-12,REG_01,STORE_001,EMP_019,PROD_041,2,339.28,0.15,576.78,card,CUST_7911,Premium
TXN_202307_003451,2023-07-21,REG_05,STORE_014,EMP_021,PROD_022,2,358.58,0.18,588.07,credit,CUST_7539,VIP
TXN_202307_003452,2023-07-09,REG_07,STORE_019,EMP_007,PROD_047,2,306.99,0.26,454.35,cash,CUST_9526,Premium
TXN_202307_003453,2023-07-07,REG_10,STORE_030,EMP_013,PROD_037,2,166.45,0.16,279.64,credit,CUST_6882,Premium
TXN_202307_003454,2023-07-05,REG_10,STORE_028,EMP_020,PROD_001,5,368.66,0.12,1622.1,cash,CUST_8028,New
TXN_202307_003455,2023-07-29,REG_05,STORE_015,EMP_005,PROD_026,3,154.41,0.08,426.17,mobile,CUST_1009,New
TXN_202307_003456,2023-07-09,REG_04,STORE_012,EMP_029,PROD_030,4,373.56,0.25,1120.68,mobile,CUST_2836,Regular
TXN_202307_003457,2023-07-16,REG_03,STORE_008,EMP_014,PROD_008,5,251.48,0.11,1119.09,mobile,CUST_7583,Regular
TXN_202307_003458,2023-07-07,REG_10,STORE_030,EMP_020,PROD_034,1,232.65,0.29,165.18,mobile,CUST_1352,New
TXN_202307_003459,2023-07-12,REG_10,STORE_029,EMP_013,PROD_004,5,227.81,0.02,1116.27,cash,CUST_4586,VIP
TXN_202307_003460,2023-07-03,REG_03,STORE_007,EMP_014,PROD_050,3,71.53,0.16,180.26,credit,CUST_4631,VIP
TXN_202307_003461,2023-07-12,REG_03,STORE_007,EMP_003,PROD_020,5,194.42,0.21,767.96,cash,CUST_5195,Regular
TXN_202307_003462,2023-07-12,REG_06,STORE_018,EMP_006,PROD_034,4,48.47,0.12,170.61,cash,CUST_9258,Premium
TXN_202307_003463,2023-07-08,REG_06,STORE_016,EMP_006,PROD_041,3,210.89,0.3,442.87,card,CUST_5249,Premium
TXN_202307_003464,2023-07-08,REG_06,STORE_018,EMP_006,PROD_013,5,390.74,0.04,1875.55,card,CUST_1318,New
TXN_202307_003465,2023-07-02,REG_02,STORE_006,EMP_002,PROD_011,2,45.8,0.2,73.28,cash,CUST_1633,Premium
TXN_202307_003466,2023-07-03,REG_04,STORE_011,EMP_030,PROD_036,2,376.94,0.24,572.95,mobile,CUST_9725,New
TXN_202307_003467,2023-07-17,REG_06,STORE_017,EMP_006,PROD_007,2,222.52,0.16,373.83,card,CUST_6384,New
TXN_202307_003468,2023-07-04,REG_05,STORE_014,EMP_021,PROD_012,2,18.6,0.24,28.27,cash,CUST_4947,New
TXN_202307_003469,2023-07-29,REG_06,STORE_018,EMP_006,PROD_013,3,130.81,0.18,321.79,mobile,CUST_3811,VIP
TXN_202307_003470,2023-07-30,REG_04,STORE_012,EMP_030,PROD_025,3,308.65,0.17,768.54,mobile,CUST_9790,New
TXN_202307_003471,2023-07-07,REG_09,STORE_026,EMP_025,PROD_009,2,323.13,0.19,523.47,card,CUST_8460,Regular
TXN_202307_003472,2023-07-23,REG_09,STORE_026,EMP_025,PROD_020,2,130.57,0.19,211.52,card,CUST_1825,New
TXN_202307_003473,2023-07-17,REG_01,STORE_003,EMP_018,PROD_028,4,379.25,0.14,1304.62,mobile,CUST_1107,New
TXN_202307_003474,2023-07-05,REG_04,STORE_012,EMP_030,PROD_042,3,315.76,0.09,862.02,card,CUST_9000,Premium
TXN_202307_003475,2023-07-25,REG_02,STORE_006,EMP_002,PROD_018,1,268.32,0.16,225.39,card,CUST_3287,Premium
TXN_202307_003476,2023-07-28,REG_03,STORE_009,EMP_003,PROD_014,2,38.09,0.18,62.47,cash,CUST_7773,Regular
TXN_202307_003477,2023-07-07,REG_09,STORE_025,EMP_027,PROD_045,1,453.12,0.09,412.34,credit,CUST_4808,VIP
TXN_202307_003478,2023-07-07,REG_01,STORE_003,EMP_011,PROD_026,3,142.93,0.2,343.03,mobile,CUST_2645,Premium
TXN_202307_003479,2023-07-24,REG_05,STORE_014,EMP_021,PROD_010,1,128.35,0.23,98.83,credit,CUST_2435,Premium
TXN_202307_003480,2023-07-27,REG_04,STORE_010,EMP_030,PROD_014,3,184.25,0.1,497.48,cash,CUST_7300,Premium
