transaction_id,date,region,store_id,employee_id,product_id,units,unit_price,discount,revenue,payment,customer_id,customer_segment
TXN_202409_009981,2024-09-05,REG_05,STORE_013,EMP_005,PROD_029,5,414.82,0.28,1493.35,credit,CUST_9059,New
TXN_202409_009982,2024-09-20,REG_08,STORE_024,EMP_015,PROD_017,2,244.52,0.03,474.37,card,CUST_8918,VIP
TXN_202409_009983,2024-09-09,REG_10,STORE_030,EMP_010,PROD_008,4,404.07,0.01,1600.12,mobile,CUST_2141,New
TXN_202409_009984,2024-09-04,REG_09,STORE_026,EMP_025,PROD_023,1,453.94,0.3,317.76,mobile,CUST_4167,New
TXN_202409_009985,2024-09-24,REG_03,STORE_008,EMP_003,PROD_010,5,302.15,0.02,1480.54,card,CUST_9297,Regular
TXN_202409_009986,2024-09-05,REG_05,STORE_015,EMP_005,PROD_021,1,168.87,0.16,141.85,credit,CUST_4177,VIP
TXN_202409_009987,2024-09-15,REG_05,STORE_013,EMP_021,PROD_026,4,43.16,0.09,157.1,credit,CUST_9547,Regular
TXN_202409_009988,2024-09-02,REG_08,STORE_022,EMP_015,PROD_036,4,133.85,0.19,433.67,cash,CUST_8796,Regular
TXN_202409_009989,2024-09-15,REG_02,STORE_004,EMP_002,PROD_026,3,92.7,0.01,275.32,card,CUST_1366,VIP
TXN_202409_009990,2024-09-05,REG_07,STORE_021,EMP_007,PROD_038,5,41.73,0.23,160.66,card,CUST_5820,Premium
TXN_202409_009991,2024-09-11,REG_06,STORE_017,EMP_006,PROD_014,1,453.38,0.21,358.17,credit,CUST_6512,Regular
TXN_202409_009992,2024-09-10,REG_07,STORE_021,EMP_007,PROD_036,3,206.35,0.21,489.05,credit,CUST_5452,VIP
TXN_202409_009993,2024-09-15,REG_08,STORE_023,EMP_012,PROD_028,2,388.85,0.25,583.28,cash,CUST_5358,VIP
TXN_202409_009994,2024-09-06,REG_09,STORE_026,EMP_009,PROD_011,1,117.92,0.15,100.23,cash,CUST_8380,New
TXN_202409_009995,2024-09-07,REG_07,STORE_019,EMP_007,PROD_011,3,300.83,0.17,749.07,mobile,CUST_3979,Premium
TXN_202409_009996,2024-09-22,REG_08,STORE_023,EMP_008,PROD_030,5,38.42,0.26,142.15,mobile,CUST_5226,Premium
TXN_202409_009997,2024-09-27,REG_02,STORE_005,EMP_002,PROD_044,1,398.61,0.18,326.86,cash,CUST_1471,VIP
TXN_202409_009998,2024-09-07,REG_03,STORE_007,EMP_014,PROD_038,2,387.72,0.27,566.07,credit,CUST_7607,New
TXN_202409_009999,2024-09-07,REG_08,STORE_022,EMP_015,PROD_022,5,109.15,0.08,502.09,cash,CUST_7800,New
TXN_202409_010000,2024-09-28,REG_02,STORE_005,EMP_002,PROD_037,3,251.74,0.1,679.7,cash,CUST_9418,Regular
TXN_202409_010001,2024-09-03,REG_07,STORE_019,EMP_007,PROD_028,2,228.24,0.2,365.18,credit,CUST_3941,Regular
TXN_202409_010002,2024-09-23,REG_06,STORE_017,EMP_006,PROD_032,3,282.49,0.17,703.4,mobile,CUST_8370,VIP
TXN_202409_010003,2024-09-02,REG_07,STORE_020,EMP_007,PROD_026,4,292.84,0.04,1124.51,cash,CUST_7358,VIP
TXN_202409_010004,2024-09-23,REG_07,STORE_021,EMP_007,PROD_022,1,151.55,0.01,150.03,cash,CUST_1071,Regular
TXN_202409_010005,2024-09-28,REG_06,STORE_018,EMP_006,PROD_005,1,169.52,0.22,132.23,cash,CUST_3167,Premium
TXN_202409_010006,2024-09-17,REG_09,STORE_026,EMP_027,PROD_002,1,27.27,0.17,22.63,card,CUST_2081,VIP
TXN_202409_010007,2024-09-22,REG_05,STORE_013,EMP_005,PROD_016,4,32.62,0.09,118.74,cash,CUST_1966,VIP
TXN_202409_010008,2024-09-22,REG_09,STORE_027,EMP_009,PROD_035,5,403.64,0.2,1614.56,cash,CUST_3312,Regular
TXN_202409_010009,2024-09-07,REG_09,STORE_026,EMP_009,PROD_015,5,474.43,0.2,1897.72,cash,CUST_9528,Regular
TXN_202409_010010,2024-09-06,REG_04,STORE_011,EMP_024,PROD_032,3,390.37,0.16,983.73,mobile,CUST_7813,New
TXN_202409_010011,2024-09-10,REG_08,STORE_023,EMP_008,PROD_021,3,485.81,0.21,1151.37,mobile,CUST_2052,VIP
TXN_202409_010012,2024-09-18,REG_01,STORE_001,EMP_001,PROD_022,4,229.4,0.01,908.42,credit,CUST_8990,VIP
TXN_202409_010013,2024-09-24,REG_09,STORE_026,EMP_022,PROD_028,4,422.89,0.17,1403.99,card,CUST_8547,Premium
TXN_202409_010014,2024-09-10,REG_09,STORE_027,EMP_022,PROD_044,4,27.08,0.22,84.49,cash,CUST_2909,New
TXN_202409_010015,2024-09-18,REG_07,STORE_019,EMP_007,PROD_017,3,393.69,0.04,1133.83,cash,CUST_7318,Regular
TXN_202409_010016,2024-09-23,REG_09,STORE_025,EMP_009,PROD_021,5,57.57,0.07,267.7,cash,CUST_5424,New
TXN_202409_010017,2024-09-29,REG_07,STORE_019,EMP_007,PROD_043,1,337.21,0.09,306.86,mobile,CUST_9828,Regular
TXN_202409_010018,2024-09-15,REG_07,STORE_020,EMP_007,PROD_027,3,34.48,0.05,98.27,credit,CUST_2647,New
TXN_202409_010019,2024-09-08,REG_02,STORE_005,EMP_002,PROD_018,1,432.1,0.11,384.57,credit,CUST_4747,Regular
TXN_202409_010020,2024-09-14,REG_09,STORE_027,EMP_022,PROD_008,3,175.85,0.25,395.66,mobile,CUST_4374,Regular
TXN_202409_010021,2024-09-27,REG_05,STORE_015,EMP_005,PROD_010,2,327.52,0.24,497.83,mobile,CUST_4215,Regular
TXN_202409_010022,2024-09-03,REG_07,STORE_020,EMP_007,PROD_016,5,264.48,0.22,1031.47,credit,CUST_6590,New
TXN_202409_010023,2024-09-25,REG_04,STORE_012,EMP_029,PROD_011,2,365.4,0.12,643.1,card,CUST_1255,VIP
TXN_202409_010024,2024-09-14,REG_04,STORE_011,EMP_026,PROD_008,3,250.21,0.12,660.55,mobile,CUST_2516,Regular
TXN_202409_010025,2024-09-01,REG_01,STORE_001,EMP_001,PROD_009,4,160.82,0.13,559.65,cash,CUST_9979,New
TXN_202409_010026,2024-09-11,REG_07,STORE_020,EMP_007,PROD_049,4,244.26,0.25,732.78,cash,CUST_8603,New
TXN_202409_010027,2024-09-09,REG_04,STORE_012,EMP_016,PROD_027,5,473.78,0.18,1942.5,cash,CUST_2056,VIP
TXN_202409_010028,2024-09-28,REG_09,STORE_025,EMP_022,PROD_030,5,468.35,0.11,2084.16,mobile,CUST_9362,Premium
TXN_202409_010029,2024-09-29,REG_07,STORE_019,EMP_007,PROD_025,3,297.21,0.05,847.05,mobile,CUST_4534,Regular
TXN_202409_010030,2024-09-12,REG_08,STORE_023,EMP_015,PROD_041,3,347.35,0.25,781.54,cash,CUST_1926,Premium
TXN_202409_010031,2024-09-15,REG_10,STORE_030,EMP_013,PROD_050,1,376.1,0.11,334.73,credit,CUST_2737,Premium
TXN_202409_010032,2024-09-08,REG_06,STORE_018,EMP_006,PROD_038,3,481.83,0.07,1344.31,credit,CUST_3945,Premium
TXN_202409_010033,2024-09-03,REG_10,STORE_030,EMP_028,PROD_017,5,494.14,0.25,1853.02,cash,CUST_9543,Premium
TXN_202409_010034,2024-09-28,REG_01,STORE_001,EMP_011,PROD_013,4,403.06,0.15,1370.4,card,CUST_4393,Premium
TXN_202409_010035,2024-09-29,REG_04,STORE_010,EMP_026,PROD_009,3,266.09,0.1,718.44,mobile,CUST_1862,Premium
TXN_202409_010036,2024-09-20,REG_04,STORE_010,EMP_030,PROD_001,1,373.73,0.27,272.82,credit,CUST_4824,Regular
TXN_202409_010037,2024-09-16,REG_09,STORE_027,EMP_009,PROD_017,2,366.81,0.05,696.94,cash,CUST_9725,VIP
TXN_202409_010038,2024-09-29,REG_01,STORE_001,EMP_018,PROD_006,2,86.57,0.05,164.48,mobile,CUST_4994,VIP
TXN_202409_010039,2024-09-19,REG_04,STORE_011,EMP_016,PROD_006,4,407.5,0.12,1434.4,card,CUST_2446,New
TXN_202409_010040,2024-09-11,REG_08,STORE_022,EMP_015,PROD_004,2,36.04,0.03,69.92,mobile,CUST_6559,VIP
TXN_202409_010041,2024-09-08,REG_09,STORE_027,EMP_027,PROD_022,5,379.49,0.25,1423.09,cash,CUST_8263,New
TXN_202409_010042,2024-09-25,REG_07,STORE_020,EMP_007,PROD_004,5,357.21,0.11,1589.58,credit,CUST_4254,New
TXN_202409_010043,2024-09-03,REG_09,STORE_027,EMP_009,PROD_037,2,91.36,0.16,153.48,mobile,CUST_2970,VIP
TXN_202409_010044,2024-09-24,REG_10,STORE_028,EMP_028,PROD_037,5,433.95,0.25,1627.31,mobile,CUST_4651,VIP
TXN_202409_010045,2024-09-23,REG_07,STORE_021,EMP_007,PROD_012,2,34.74,0.21,54.89,mobile,CUST_7298,New
TXN_202409_010046,2024-09-08,REG_05,STORE_015,EMP_021,PROD_034,3,153.68,0.16,387.27,credit,CUST_2674,Regular
TXN_202409_010047,2024-09-27,REG_01,STORE_001,EMP_018,PROD_006,2,71.02,0.02,139.2,mobile,CUST_8886,VIP
TXN_202409_010048,2024-09-29,REG_02,STORE_006,EMP_002,PROD_010,5,339.69,0.14,1460.67,mobile,CUST_2326,New
TXN_202409_010049,2024-09-01,REG_08,STORE_023,EMP_012,PROD_007,3,312.33,0.05,890.14,cash,CUST_2305,Regular
TXN_202409_010050,2024-09-02,REG_06,STORE_016,EMP_006,PROD_004,5,269.47,0.15,1145.25,mobile,CUST_6736,Regular
TXN_202409_010051,2024-09-30,REG_07,STORE_019,EMP_007,PROD_009,5,208.13,0.2,832.52,cash,CUST_2330,Regular
TXN_202409_010052,2024-09-24,REG_09,STORE_025,EMP_009,PROD_037,5,480.53,0.03,2330.57,card,CUST_2369,Regular
TXN_202409_010053,2024-09-26,REG_06,STORE_016,EMP_006,PROD_029,3,445.83,0.04,1283.99,cash,CUST_9778,VIP
TXN_202409_010054,2024-09-05,REG_08,STORE_024,EMP_023,PROD_009,3,484.12,0.09,1321.65,credit,CUST_5774,New
TXN_202409_010055,2024-09-09,REG_06,STORE_016,EMP_006,PROD_038,3,36.88,0.28,79.66,cash,CUST_4777,Regular
TXN_202409_010056,2024-09-20,REG_04,STORE_010,EMP_030,PROD_021,2,408.27,0.14,702.22,cash,CUST_4417,Premium
TXN_202409_010057,2024-09-08,REG_10,STORE_028,EMP_028,PROD_001,2,298.17,0.2,477.07,credit,CUST_3540,Premium
TXN_202409_010058,2024-09-01,REG_04,STORE_010,EMP_024,PROD_008,5,421.43,0.01,2086.08,credit,CUST_5646,Premium
TXN_202409_010059,2024-09-08,REG_03,STORE_009,EMP_014,PROD_026,4,145.88,0.05,554.34,credit,CUST_9672,Regular
TXN_202409_010060,2024-09-23,REG_06,STORE_017,EMP_006,PROD_026,1,45.41,0.07,42.23,mobile,CUST_4091,Premium
TXN_202409_010061,2024-09-21,REG_05,STORE_014,EMP_021,PROD_037,3,191.38,0.29,407.64,cash,CUST_6118,Regular
TXN_202409_010062,2024-09-15,REG_06,STORE_017,EMP_006,PROD_046,4,172.9,0.02,677.77,cash,CUST_9650,New
TXN_202409_010063,2024-09-25,REG_08,STORE_024,EMP_012,PROD_006,1,337.44,0.24,256.45,card,CUST_2796,Premium
TXN_202409_010064,2024-09-25,REG_03,STORE_009,EMP_003,PROD_047,3,128.31,0.27,281.0,credit,CUST_4339,New
TXN_202409_010065,2024-09-25,REG_06,STORE_018,EMP_006,PROD_044,4,353.52,0.0,1414.08,cash,CUST_7685,Regular
TXN_202409_010066,2024-09-17,REG_07,STORE_021,EMP_007,PROD_017,2,359.61,0.16,604.14,mobile,CUST_2560,Regular
TXN_202409_010067,2024-09-08,REG_02,STORE_006,EMP_002,PROD_036,5,105.2,0.25,394.5,cash,CUST_1859,Premium
TXN_202409_010068,2024-09-20,REG_10,STORE_029,EMP_013,PROD_003,2,305.46,0.28,439.86,mobile,CUST_4697,Premium
TXN_202409_010069,2024-09-01,REG_07,STORE_021,EMP_007,PROD_026,1,356.66,0.02,349.53,card,CUST_3624,Premium
TXN_202409_010070,2024-09-25,REG_01,STORE_003,EMP_019,PROD_019,5,225.66,0.16,947.77,card,CUST_8359,Premium
TXN_202409_010071,2024-09-27,REG_07,STORE_019,EMP_007,PROD_030,3,368.83,0.18,907.32,cash,CUST_6134,Premium
TXN_202409_010072,2024-09-09,REG_06,STORE_017,EMP_006,PROD_047,2,240.92,0.26,356.56,cash,CUST_9066,Regular
TXN_202409_010073,2024-09-25,REG_07,STORE_019,EMP_007,PROD_023,5,119.41,0.18,489.58,card,CUST_1852,Premium
TXN_202409_010074,2024-09-30,REG_07,STORE_021,EMP_007,PROD_048,4,264.9,0.28,762.91,mobile,CUST_3849,New
TXN_202409_010075,2024-09-06,REG_02,STORE_004,EMP_002,PROD_039,5,11.21,0.2,44.84,mobile,CUST_9192,New
TXN_202409_010076,2024-09-05,REG_05,STORE_013,EMP_005,PROD_042,3,32.22,0.16,81.19,credit,CUST_9327,Premium
TXN_202409_010077,2024-09-01,REG_08,STORE_022,EMP_015,PROD_045,4,294.68,0.03,1143.36,cash,CUST_5451,Premium
TXN_202409_010078,2024-09-18,REG_09,STORE_027,EMP_022,PROD_050,2,271.37,0.11,483.04,card,CUST_3433,Regular
TXN_202409_010079,2024-09-13,REG_08,STORE_023,EMP_012,PROD_045,1,43.34,0.22,33.81,card,CUST_8776,Regular
TXN_202409_010080,2024-09-21,REG_07,STORE_019,EMP_007,PROD_039,4,271.09,0.06,1019.3,card,CUST_3914,Regular
TXN_202409_010081,2024-09-23,REG_05,STORE_014,EMP_005,PROD_043,2,467.09,0.24,709.98,credit,CUST_7280,Premium
TXN_202409_010082,2024-09-19,REG_04,STORE_011,EMP_016,PROD_039,4,104.87,0.14,360.75,credit,CUST_4411,Premium
TXN_202409_010083,2024-09-20,REG_08,STORE_024,EMP_008,PROD_036,3,202.93,0.15,517.47,cash,CUST_3298,VIP
TXN_202409_010084,2024-09-03,REG_05,STORE_013,EMP_021,PROD_015,3,446.18,0.17,1110.99,mobile,CUST_7992,Premium
TXN_202409_010085,2024-09-29,REG_05,STORE_014,EMP_021,PROD_009,2,494.95,0.27,722.63,mobile,CUST_7101,New
TXN_202409_010086,2024-09-01,REG_04,STORE_012,EMP_029,PROD_025,3,136.27,0.2,327.05,card,CUST_7192,VIP
TXN_202409_010087,2024-09-24,REG_08,STORE_022,EMP_008,PROD_009,4,361.18,0.02,1415.83,cash,CUST_4349,New
TXN_202409_010088,2024-09-30,REG_01,STORE_003,EMP_019,PROD_006,4,306.8,0.24,932.67,cash,CUST_5905,VIP
TXN_202409_010089,2024-09-10,REG_01,STORE_001,EMP_011,PROD_050,3,478.8,0.21,1134.76,credit,CUST_7974,Premium
TXN_202409_010090,2024-09-15,REG_08,STORE_023,EMP_023,PROD_020,3,280.17,0.29,596.76,card,CUST_2940,VIP
TXN_202409_010091,2024-09-23,REG_07,STORE_020,EMP_007,PROD_045,5,234.59,0.13,1020.47,credit,CUST_3057,Regular
TXN_202409_010092,2024-09-07,REG_07,STORE_020,EMP_007,PROD_024,2,492.57,0.21,778.26,card,CUST_2330,VIP
TXN_202409_010093,2024-09-27,REG_01,STORE_003,EMP_018,PROD_009,5,165.23,0.04,793.1,credit,CUST_8675,VIP
TXN_202409_010094,2024-09-26,REG_02,STORE_006,EMP_002,PROD_039,2,407.13,0.05,773.55,mobile,CUST_6190,Premium
TXN_202409_010095,2024-09-26,REG_03,STORE_008,EMP_014,PROD_020,2,433.45,0.02,849.56,card,CUST_4613,Regular
TXN_202409_010096,2024-09-19,REG_03,STORE_008,EMP_014,PROD_045,2,240.42,0.09,437.56,cash,CUST_8095,New
TXN_202409_010097,2024-09-15,REG_02,STORE_006,EMP_002,PROD_010,5,149.14,0.25,559.27,card,CUST_5104,Regular
TXN_202409_010098,2024-09-24,REG_09,STORE_027,EMP_009,PROD_050,5,495.28,0.12,2179.23,cash,CUST_1419,New
TXN_202409_010099,2024-09-01,REG_05,STORE_013,EMP_005,PROD_040,2,346.23,0.08,637.06,card,CUST_8042,Regular
TXN_202409_010100,2024-09-29,REG_05,STORE_015,EMP_005,PROD_023,4,126.88,0.18,416.17,cash,CUST_6884,Premium
TXN_202409_010101,2024-09-24,REG_06,STORE_017,EMP_006,PROD_006,3,426.07,0.2,1022.57,card,CUST_1495,VIP
TXN_202409_010102,2024-09-26,REG_04,STORE_011,EMP_004,PROD_045,5,136.85,0.29,485.82,credit,CUST_9921,Premium
TXN_202409_010103,2024-09-12,REG_10,STORE_030,EMP_013,PROD_031,2,112.34,0.3,157.28,cash,CUST_5098,VIP
TXN_202409_010104,2024-09-25,REG_09,STORE_027,EMP_009,PROD_015,1,463.06,0.04,444.54,credit,CUST_2293,Premium
TXN_202409_010105,2024-09-09,REG_09,STORE_027,EMP_009,PROD_037,2,47.97,0.19,77.71,credit,CUST_6334,Premium
TXN_202409_010106,2024-09-09,REG_06,STORE_016,EMP_006,PROD_029,5,66.59,0.24,253.04,cash,CUST_8608,Regular
TXN_202409_010107,2024-09-27,REG_01,STORE_003,EMP_019,PROD_032,3,103.05,0.26,228.77,cash,CUST_5286,New
TXN_202409_010108,2024-09-04,REG_09,STORE_026,EMP_009,PROD_047,5,387.87,0.06,1822.99,cash,CUST_3720,Premium
TXN_202409_010109,2024-09-17,REG_08,STORE_024,EMP_008,PROD_001,5,341.64,0.22,1332.4,card,CUST_2459,Premium
TXN_202409_010110,2024-09-16,REG_09,STORE_026,EMP_027,PROD_002,5,316.82,0.14,1362.33,credit,CUST_2369,New
TXN_202409_010111,2024-09-28,REG_06,STORE_017,EMP_006,PROD_050,5,364.19,0.06,1711.69,card,CUST_4125,New
TXN_202409_010112,2024-09-30,REG_07,STORE_020,EMP_007,PROD_001,3,313.84,0.16,790.88,cash,CUST_1665,New
TXN_202409_010113,2024-09-23,REG_04,STORE_011,EMP_024,PROD_037,1,498.37,0.19,403.68,credit,CUST_2641,New
TXN_202409_010114,2024-09-25,REG_07,STORE_019,EMP_007,PROD_008,1,499.09,0.19,404.26,cash,CUST_5279,VIP
TXN_202409_010115,2024-09-05,REG_04,STORE_010,EMP_024,PROD_007,2,232.47,0.27,339.41,mobile,CUST_3298,Regular
TXN_202409_010116,2024-09-25,REG_01,STORE_002,EMP_019,PROD_043,3,318.97,0.01,947.34,card,CUST_7442,VIP
TXN_202409_010117,2024-09-14,REG_07,STORE_020,EMP_007,PROD_015,5,28.44,0.08,130.82,card,CUST_7234,New
TXN_202409_010118,2024-09-27,REG_07,STORE_021,EMP_007,PROD_026,4,64.4,0.11,229.26,mobile,CUST_6102,Regular
TXN_202409_010119,2024-09-03,REG_08,STORE_023,EMP_012,PROD_021,1,346.07,0.18,283.78,mobile,CUST_2522,New
TXN_202409_010120,2024-09-01,REG_04,STORE_012,EMP_016,PROD_035,3,166.83,0.13,435.43,mobile,CUST_9971,New
TXN_202409_010121,2024-09-19,REG_07,STORE_021,EMP_007,PROD_006,4,347.73,0.14,1196.19,credit,CUST_2473,Premium
TXN_202409_010122,2024-09-08,REG_05,STORE_013,EMP_005,PROD_006,2,314.94,0.28,453.51,card,CUST_2042,Regular
TXN_202409_010123,2024-09-13,REG_07,STORE_019,EMP_007,PROD_006,2,351.13,0.23,540.74,mobile,CUST_3113,Regular
TXN_202409_010124,2024-09-03,REG_08,STORE_023,EMP_012,PROD_005,3,438.5,0.08,1210.26,credit,CUST_5038,Premium
TXN_202409_010125,2024-09-03,REG_09,STORE_025,EMP_025,PROD_029,3,450.89,0.03,1312.09,credit,CUST_6618,Premium
TXN_202409_010126,2024-09-13,REG_01,STORE_001,EMP_019,PROD_046,2,354.1,0.04,679.87,card,CUST_1048,VIP
TXN_202409_010127,2024-09-03,REG_06,STORE_016,EMP_006,PROD_048,3,82.71,0.02,243.17,mobile,CUST_2968,New
TXN_202409_010128,2024-09-08,REG_01,STORE_003,EMP_019,PROD_029,2,351.21,0.1,632.18,mobile,CUST_3390,Regular
TXN_202409_010129,2024-09-09,REG_01,STORE_003,EMP_018,PROD_034,4,153.14,0.05,581.93,mobile,CUST_5375,Regular
TXN_202409_010130,2024-09-13,REG_08,STORE_024,EMP_015,PROD_030,3,159.24,0.22,372.62,card,CUST_3103,VIP
TXN_202409_010131,2024-09-25,REG_05,STORE_013,EMP_005,PROD_049,3,468.2,0.07,1306.28,credit,CUST_6197,VIP
TXN_202409_010132,2024-09-25,REG_07,STORE_019,EMP_007,PROD_018,2,372.91,0.1,671.24,mobile,CUST_8761,Premium
TXN_202409_010133,2024-09-08,REG_03,STORE_008,EMP_003,PROD_047,2,419.9,0.06,789.41,credit,CUST_9700,Regular
TXN_202409_010134,2024-09-13,REG_04,STORE_012,EMP_004,PROD_010,1,395.36,0.3,276.75,credit,CUST_6892,New
TXN_202409_010135,2024-09-27,REG_01,STORE_001,EMP_001,PROD_008,1,275.4,0.24,209.3,mobile,CUST_3578,New
TXN_202409_010136,2024-09-30,REG_10,STORE_028,EMP_017,PROD_013,5,88.99,0.27,324.81,cash,CUST_2412,VIP
TXN_202409_010137,2024-09-02,REG_09,STORE_026,EMP_022,PROD_018,1,70.17,0.0,70.17,mobile,CUST_6912,Premium
TXN_202409_010138,2024-09-20,REG_07,STORE_021,EMP_007,PROD_043,2,142.84,0.01,282.82,credit,CUST_3374,Premium
TXN_202409_010139,2024-09-24,REG_02,STORE_005,EMP_002,PROD_040,4,249.26,0.04,957.16,cash,CUST_1294,New
TXN_202409_010140,2024-09-28,REG_06,STORE_017,EMP_006,PROD_015,3,181.13,0.13,472.75,mobile,CUST_8858,Premium
TXN_202409_010141,2024-09-22,REG_08,STORE_024,EMP_008,PROD_041,5,126.59,0.1,569.66,cash,CUST_8232,Regular
TXN_202409_010142,2024-09-04,REG_05,STORE_014,EMP_021,PROD_036,2,269.25,0.16,452.34,credit,CUST_9862,VIP
TXN_202409_010143,2024-09-14,REG_10,STORE_028,EMP_028,PROD_038,1,138.2,0.2,110.56,card,CUST_5299,VIP
TXN_202409_010144,2024-09-12,REG_04,STORE_012,EMP_004,PROD_010,1,51.19,0.28,36.86,cash,CUST_3270,VIP
TXN_202409_010145,2024-09-30,REG_09,STORE_026,EMP_027,PROD_023,1,357.18,0.22,278.6,card,CUST_2925,Premium
TXN_202409_010146,2024-09-22,REG_10,STORE_028,EMP_028,PROD_020,5,491.46,0.24,1867.55,credit,CUST_3572,VIP
TXN_202409_010147,2024-09-20,REG_10,STORE_030,EMP_013,PROD_044,1,292.99,0.21,231.46,card,CUST_7110,New
TXN_202409_010148,2024-09-22,REG_09,STORE_027,EMP_027,PROD_013,4,473.6,0.24,1439.74,mobile,CUST_2901,Premium
TXN_202409_010149,2024-09-06,REG_07,STORE_020,EMP_007,PROD_039,2,361.79,0.2,578.86,mobile,CUST_8175,VIP
TXN_202409_010150,2024-09-04,REG_06,STORE_018,EMP_006,PROD_039,1,383.22,0.28,275.92,mobile,CUST_5983,VIP
TXN_202409_010151,2024-09-20,REG_01,STORE_002,EMP_001,PROD_041,3,154.0,0.15,392.7,mobile,CUST_9766,New
TXN_202409_010152,2024-09-07,REG_06,STORE_018,EMP_006,PROD_001,4,270.6,0.29,768.5,card,CUST_3251,New
TXN_202409_010153,2024-09-04,REG_08,STORE_023,EMP_023,PROD_050,3,156.33,0.16,393.95,mobile,CUST_7695,Regular
TXN_202409_010154,2024-09-26,REG_04,STORE_011,EMP_024,PROD_034,2,423.42,0.24,643.6,card,CUST_6027,Regular
TXN_202409_010155,2024-09-15,REG_09,STORE_025,EMP_027,PROD_024,4,285.95,0.28,823.54,card,CUST_4356,VIP
TXN_202409_010156,2024-09-17,REG_02,STORE_005,EMP_002,PROD_034,3,345.34,0.22,808.1,credit,CUST_7184,Regular
TXN_202409_010157,2024-09-16,REG_10,STORE_030,EMP_028,PROD_015,4,196.43,0.15,667.86,cash,CUST_8816,Regular
TXN_202409_010158,2024-09-15,REG_02,STORE_004,EMP_002,PROD_006,1,113.43,0.14,97.55,card,CUST_4895,Regular
TXN_202409_010159,2024-09-08,REG_10,STORE_028,EMP_020,PROD_003,2,214.95,0.03,417.0,card,CUST_2917,Regular
TXN_202409_010160,2024-09-15,REG_06,STORE_016,EMP_006,PROD_035,3,312.39,0.24,712.25,mobile,CUST_4156,New
TXN_202409_010161,2024-09-25,REG_02,STORE_005,EMP_002,PROD_017,5,117.69,0.07,547.26,cash,CUST_4644,Premium
TXN_202409_010162,2024-09-11,REG_07,STORE_021,EMP_007,PROD_016,3,297.67,0.14,767.99,cash,CUST_4848,Regular
TXN_202409_010163,2024-09-15,REG_07,STORE_020,EMP_007,PROD_016,1,347.63,0.07,323.3,cash,CUST_1845,Premium
TXN_202409_010164,2024-09-30,REG_09,STORE_026,EMP_009,PROD_023,2,50.05,0.15,85.08,credit,CUST_6797,Regular
TXN_202409_010165,2024-09-15,REG_10,STORE_030,EMP_017,PROD_045,1,419.06,0.18,343.63,card,CUST_8456,Premium
TXN_202409_010166,2024-09-26,REG_03,STORE_008,EMP_003,PROD_015,1,155.46,0.23,119.7,credit,CUST_1212,New
TXN_202409_010167,2024-09-04,REG_02,STORE_006,EMP_002,PROD_009,3,17.49,0.04,50.37,credit,CUST_6984,VIP
TXN_202409_010168,2024-09-19,REG_08,STORE_024,EMP_023,PROD_015,4,65.25,0.04,250.56,mobile,CUST_8477,VIP
TXN_202409_010169,2024-09-15,REG_06,STORE_016,EMP_006,PROD_045,3,470.75,0.02,1384.0,credit,CUST_1597,VIP
TXN_202409_010170,2024-09-30,REG_07,STORE_021,EMP_007,PROD_046,2,98.79,0.12,173.87,cash,CUST_2200,Regular
TXN_202409_010171,2024-09-10,REG_04,STORE_012,EMP_030,PROD_011,1,93.6,0.26,69.26,card,CUST_8993,Regular
TXN_202409_010172,2024-09-13,REG_04,STORE_010,EMP_024,PROD_045,2,423.24,0.11,753.37,cash,CUST_8095,New
TXN_202409_010173,2024-09-10,REG_07,STORE_020,EMP_007,PROD_030,1,251.5,0.17,208.74,credit,CUST_9346,Premium
TXN_202409_010174,2024-09-09,REG_10,STORE_030,EMP_017,PROD_049,2,292.85,0.27,427.56,cash,CUST_2359,VIP
TXN_202409_010175,2024-09-08,REG_03,STORE_008,EMP_003,PROD_018,3,441.18,0.01,1310.3,credit,CUST_5424,Premium
TXN_202409_010176,2024-09-28,REG_02,STORE_004,EMP_002,PROD_006,5,69.33,0.02,339.72,mobile,CUST_1259,New
TXN_202409_010177,2024-09-30,REG_03,STORE_007,EMP_014,PROD_023,3,255.53,0.08,705.26,credit,CUST_6024,Premium
TXN_202409_010178,2024-09-05,REG_05,STORE_013,EMP_005,PROD_010,2,17.51,0.1,31.52,cash,CUST_8700,Premium
TXN_202409_010179,2024-09-25,REG_09,STORE_025,EMP_027,PROD_040,5,186.59,0.06,876.97,mobile,CUST_4531,VIP
TXN_202409_010180,2024-09-18,REG_02,STORE_004,EMP_002,PROD_004,5,242.21,0.2,968.84,card,CUST_9177,New
TXN_202409_010181,2024-09-22,REG_04,STORE_012,EMP_026,PROD_033,5,17.66,0.2,70.64,card,CUST_2123,Regular
TXN_202409_010182,2024-09-07,REG_07,STORE_019,EMP_007,PROD_025,2,155.59,0.19,252.06,card,CUST_2695,Premium
TXN_202409_010183,2024-09-18,REG_02,STORE_006,EMP_002,PROD_036,2,398.54,0.23,613.75,cash,CUST_6792,Regular
TXN_202409_010184,2024-09-04,REG_04,STORE_012,EMP_016,PROD_018,3,279.46,0.1,754.54,mobile,CUST_5710,Regular
TXN_202409_010185,2024-09-22,REG_01,STORE_003,EMP_011,PROD_002,1,39.79,0.13,34.62,credit,CUST_1070,VIP
TXN_202409_010186,2024-09-12,REG_01,STORE_002,EMP_001,PROD_038,2,116.56,0.11,207.48,card,CUST_7250,Regular
TXN_202409_010187,2024-09-16,REG_09,STORE_025,EMP_027,PROD_037,3,283.61,0.19,689.17,credit,CUST_9097,Regular
TXN_202409_010188,2024-09-19,REG_10,STORE_028,EMP_020,PROD_016,5,70.0,0.05,332.5,cash,CUST_4268,Regular
TXN_202409_010189,2024-09-03,REG_07,STORE_020,EMP_007,PROD_045,4,208.91,0.12,735.36,credit,CUST_5312,Regular
TXN_202409_010190,2024-09-24,REG_01,STORE_003,EMP_001,PROD_024,1,106.94,0.28,77.0,mobile,CUST_4120,Premium
TXN_202409_010191,2024-09-22,REG_06,STORE_017,EMP_006,PROD_026,3,81.8,0.08,225.77,card,CUST_1676,VIP
TXN_202409_010192,2024-09-26,REG_04,STORE_010,EMP_016,PROD_046,2,47.13,0.25,70.7,card,CUST_8697,Regular
TXN_202409_010193,2024-09-04,REG_07,STORE_021,EMP_007,PROD_044,3,41.24,0.03,120.01,cash,CUST_7628,VIP
TXN_202409_010194,2024-09-28,REG_03,STORE_007,EMP_003,PROD_032,3,322.19,0.25,724.93,mobile,CUST_2337,Regular
TXN_202409_010195,2024-09-28,REG_06,STORE_016,EMP_006,PROD_037,1,472.22,0.28,340.0,mobile,CUST_5014,Regular
TXN_202409_010196,2024-09-12,REG_04,STORE_011,EMP_029,PROD_043,3,249.31,0.03,725.49,credit,CUST_6123,Premium
TXN_202409_010197,2024-09-14,REG_04,STORE_010,EMP_024,PROD_010,4,450.96,0.17,1497.19,credit,CUST_1372,VIP
TXN_202409_010198,2024-09-05,REG_09,STORE_026,EMP_009,PROD_006,1,130.14,0.1,117.13,mobile,CUST_1171,Regular
TXN_202409_010199,2024-09-12,REG_06,STORE_016,EMP_006,PROD_038,4,62.28,0.25,186.84,card,CUST_7043,Regular
TXN_202409_010200,2024-09-29,REG_07,STORE_019,EMP_007,PROD_027,5,480.56,0.17,1994.32,mobile,CUST_9887,New
TXN_202409_010201,2024-09-19,REG_05,STORE_013,EMP_021,PROD_048,4,98.01,0.12,345.0,mobile,CUST_3249,New
TXN_202409_010202,2024-09-22,REG_05,STORE_014,EMP_005,PROD_041,5,111.75,0.07,519.64,card,CUST_4382,Premium
TXN_202409_010203,2024-09-24,REG_08,STORE_023,EMP_008,PROD_010,3,431.14,0.05,1228.75,cash,CUST_9343,New
TXN_202409_010204,2024-09-23,REG_06,STORE_016,EMP_006,PROD_005,4,239.52,0.11,852.69,card,CUST_9727,Regular
TXN_202409_010205,2024-09-09,REG_09,STORE_025,EMP_025,PROD_010,4,152.37,0.02,597.29,credit,CUST_8336,Premium
TXN_202409_010206,2024-09-29,REG_04,STORE_011,EMP_024,PROD_011,4,395.48,0.23,1218.08,cash,CUST_1981,New
TXN_202409_010207,2024-09-20,REG_05,STORE_013,EMP_005,PROD_006,2,10.12,0.2,16.19,mobile,CUST_7864,Regular
TXN_202409_010208,2024-09-19,REG_03,STORE_009,EMP_003,PROD_032,1,219.47,0.18,179.97,cash,CUST_7378,New
TXN_202409_010209,2024-09-10,REG_06,STORE_016,EMP_006,PROD_022,1,189.92,0.3,132.94,cash,CUST_2106,VIP
TXN_202409_010210,2024-09-05,REG_09,STORE_027,EMP_022,PROD_044,2,472.02,0.0,944.04,mobile,CUST_3594,Premium
TXN_202409_010211,2024-09-01,REG_06,STORE_016,EMP_006,PROD_046,1,369.69,0.16,310.54,cash,CUST_2065,New
TXN_202409_010212,2024-09-24,REG_08,STORE_023,EMP_008,PROD_024,1,416.12,0.06,391.15,card,CUST_2568,New
TXN_202409_010213,2024-09-05,REG_05,STORE_014,EMP_021,PROD_027,3,184.96,0.03,538.23,card,CUST_9926,Regular
TXN_202409_010214,2024-09-02,REG_07,STORE_021,EMP_007,PROD_005,2,87.76,0.17,145.68,card,CUST_8268,Premium
TXN_202409_010215,2024-09-22,REG_03,STORE_008,EMP_003,PROD_007,1,30.38,0.03,29.47,cash,CUST_5555,New
TXN_202409_010216,2024-09-18,REG_01,STORE_001,EMP_018,PROD_029,5,454.68,0.06,2137.0,card,CUST_6870,Premium
TXN_202409_010217,2024-09-17,REG_01,STORE_001,EMP_018,PROD_022,3,497.66,0.05,1418.33,card,CUST_1266,VIP
TXN_202409_010218,2024-09-08,REG_03,STORE_008,EMP_014,PROD_029,4,383.24,0.04,1471.64,mobile,CUST_3886,Premium
TXN_202409_010219,2024-09-13,REG_03,STORE_009,EMP_014,PROD_040,3,150.75,0.06,425.11,card,CUST_2237,New
TXN_202409_010220,2024-09-07,REG_09,STORE_027,EMP_025,PROD_014,1,87.46,0.26,64.72,card,CUST_3568,VIP
TXN_202409_010221,2024-09-07,REG_05,STORE_015,EMP_021,PROD_014,4,361.59,0.29,1026.92,credit,CUST_7020,Regular
TXN_202409_010222,2024-09-27,REG_07,STORE_021,EMP_007,PROD_042,1,125.37,0.07,116.59,mobile,CUST_2951,New
TXN_202409_010223,2024-09-03,REG_08,STORE_024,EMP_015,PROD_016,4,468.22,0.2,1498.3,card,CUST_5029,VIP
TXN_202409_010224,2024-09-15,REG_08,STORE_022,EMP_008,PROD_016,5,384.99,0.28,1385.96,mobile,CUST_7200,New
TXN_202409_010225,2024-09-11,REG_10,STORE_029,EMP_010,PROD_031,3,103.01,0.09,281.22,mobile,CUST_4814,VIP
TXN_202409_010226,2024-09-09,REG_08,STORE_022,EMP_015,PROD_009,4,256.21,0.19,830.12,cash,CUST_1775,VIP
TXN_202409_010227,2024-09-07,REG_02,STORE_005,EMP_002,PROD_012,4,384.47,0.03,1491.74,credit,CUST_7625,Premium
TXN_202409_010228,2024-09-11,REG_04,STORE_010,EMP_016,PROD_007,3,149.64,0.21,354.65,cash,CUST_8093,Regular
TXN_202409_010229,2024-09-17,REG_02,STORE_006,EMP_002,PROD_023,3,391.49,0.01,1162.73,cash,CUST_7285,Regular
TXN_202409_010230,2024-09-23,REG_09,STORE_025,EMP_027,PROD_023,5,253.33,0.16,1063.99,credit,CUST_8880,Regular
TXN_202409_010231,2024-09-30,REG_07,STORE_021,EMP_007,PROD_039,3,135.56,0.25,305.01,mobile,CUST_8274,VIP
TXN_202409_010232,2024-09-22,REG_01,STORE_002,EMP_001,PROD_032,2,127.33,0.21,201.18,card,CUST_4583,New
TXN_202409_010233,2024-09-06,REG_05,STORE_014,EMP_021,PROD_036,4,197.99,0.26,586.05,credit,CUST_4493,VIP
TXN_202409_010234,2024-09-12,REG_02,STORE_005,EMP_002,PROD_034,4,185.33,0.07,689.43,mobile,CUST_6675,Regular
TXN_202409_010235,2024-09-06,REG_02,STORE_004,EMP_002,PROD_006,4,70.98,0.26,210.1,card,CUST_9589,VIP
TXN_202409_010236,2024-09-20,REG_01,STORE_003,EMP_018,PROD_015,1,264.79,0.0,264.79,credit,CUST_3807,Regular
TXN_202409_010237,2024-09-13,REG_09,STORE_026,EMP_022,PROD_006,2,30.27,0.05,57.51,mobile,CUST_6711,Premium
TXN_202409_010238,2024-09-05,REG_02,STORE_004,EMP_002,PROD_026,2,253.55,0.28,365.11,credit,CUST_3100,New
TXN_202409_010239,2024-09-14,REG_08,STORE_024,EMP_023,PROD_037,1,63.33,0.05,60.16,card,CUST_5436,New
TXN_202409_010240,2024-09-27,REG_05,STORE_015,EMP_005,PROD_048,4,313.25,0.23,964.81,card,CUST_9525,New
TXN_202409_010241,2024-09-17,REG_07,STORE_020,EMP_007,PROD_047,1,318.55,0.07,296.25,credit,CUST_5090,Regular
TXN_202409_010242,2024-09-02,REG_10,STORE_029,EMP_013,PROD_022,2,73.63,0.11,131.06,credit,CUST_8351,New
TXN_202409_010243,2024-09-15,REG_07,STORE_021,EMP_007,PROD_002,3,191.38,0.12,505.24,card,CUST_2250,New
TXN_202409_010244,2024-09-26,REG_08,STORE_022,EMP_012,PROD_010,5,208.18,0.17,863.95,mobile,CUST_3470,Regular
TXN_202409_010245,2024-09-17,REG_02,STORE_004,EMP_002,PROD_033,3,115.81,0.09,316.16,mobile,CUST_8471,Regular
TXN_202409_010246,2024-09-13,REG_08,STORE_024,EMP_023,PROD_005,5,14.77,0.19,59.82,cash,CUST_6605,New
TXN_202409_010247,2024-09-19,REG_06,STORE_016,EMP_006,PROD_032,4,44.89,0.28,129.28,card,CUST_7929,Premium
TXN_202409_010248,2024-09-10,REG_03,STORE_007,EMP_014,PROD_021,5,250.34,0.23,963.81,cash,CUST_1454,Regular
TXN_202409_010249,2024-09-10,REG_10,STORE_029,EMP_017,PROD_020,5,381.72,0.01,1889.51,credit,CUST_1207,Regular
TXN_202409_010250,2024-09-13,REG_04,STORE_012,EMP_030,PROD_009,2,88.54,0.12,155.83,cash,CUST_1422,New
TXN_202409_010251,2024-09-05,REG_01,STORE_002,EMP_011,PROD_001,5,401.63,0.04,1927.82,mobile,CUST_9215,Regular
TXN_202409_010252,2024-09-24,REG_05,STORE_013,EMP_021,PROD_007,2,298.56,0.02,585.18,mobile,CUST_3546,Premium
TXN_202409_010253,2024-09-09,REG_02,STORE_005,EMP_002,PROD_026,1,447.4,0.11,398.19,card,CUST_3726,New
TXN_202409_010254,2024-09-07,REG_10,STORE_029,EMP_028,PROD_042,3,164.83,0.24,375.81,cash,CUST_2171,New
TXN_202409_010255,2024-09-20,REG_01,STORE_002,EMP_001,PROD_029,4,62.33,0.3,174.52,cash,CUST_8207,New
TXN_202409_010256,2024-09-05,REG_01,STORE_001,EMP_011,PROD_048,4,23.6,0.13,82.13,credit,CUST_3634,Regular
TXN_202409_010257,2024-09-16,REG_05,STORE_014,EMP_005,PROD_046,4,442.44,0.02,1734.36,mobile,CUST_2435,New
TXN_202409_010258,2024-09-29,REG_07,STORE_021,EMP_007,PROD_011,3,327.86,0.08,904.89,mobile,CUST_6991,Regular
TXN_202409_010259,2024-09-23,REG_05,STORE_013,EMP_021,PROD_017,4,232.34,0.15,789.96,cash,CUST_1392,Premium
TXN_202409_010260,2024-09-22,REG_09,STORE_026,EMP_027,PROD_005,2,51.43,0.16,86.4,cash,CUST_9012,New
TXN_202409_010261,2024-09-04,REG_01,STORE_003,EMP_011,PROD_019,3,254.75,0.11,680.18,card,CUST_6050,VIP
TXN_202409_010262,2024-09-06,REG_04,STORE_012,EMP_024,PROD_023,5,265.99,0.06,1250.15,credit,CUST_9906,Regular
TXN_202409_010263,2024-09-14,REG_02,STORE_006,EMP_002,PROD_010,4,195.78,0.11,696.98,credit,CUST_5383,Regular
TXN_202409_010264,2024-09-08,REG_08,STORE_024,EMP_012,PROD_023,4,345.69,0.29,981.76,credit,CUST_1831,Premium
TXN_202409_010265,2024-09-08,REG_07,STORE_020,EMP_007,PROD_044,2,171.98,0.17,285.49,card,CUST_5189,Premium
TXN_202409_010266,2024-09-11,REG_01,STORE_003,EMP_018,PROD_022,2,212.32,0.19,343.96,mobile,CUST_6330,New
TXN_202409_010267,2024-09-06,REG_08,STORE_022,EMP_008,PROD_026,4,312.19,0.13,1086.42,card,CUST_5839,New
TXN_202409_010268,2024-09-06,REG_09,STORE_026,EMP_022,PROD_002,4,423.14,0.02,1658.71,credit,CUST_2352,Premium
TXN_202409_010269,2024-09-15,REG_08,STORE_023,EMP_023,PROD_044,4,332.07,0.19,1075.91,card,CUST_1048,VIP
TXN_202409_010270,2024-09-10,REG_08,STORE_022,EMP_015,PROD_025,2,11.97,0.01,23.7,cash,CUST_8909,Premium
TXN_202409_010271,2024-09-02,REG_05,STORE_013,EMP_021,PROD_026,3,244.11,0.13,637.13,mobile,CUST_2329,Regular
TXN_202409_010272,2024-09-25,REG_03,STORE_008,EMP_014,PROD_026,5,244.0,0.16,1024.8,card,CUST_2136,Regular
TXN_202409_010273,2024-09-06,REG_04,STORE_012,EMP_024,PROD_032,4,56.11,0.09,204.24,mobile,CUST_7636,VIP
TXN_202409_010274,2024-09-20,REG_08,STORE_024,EMP_023,PROD_009,2,73.29,0.24,111.4,card,CUST_5530,New
TXN_202409_010275,2024-09-04,REG_07,STORE_020,EMP_007,PROD_009,1,443.75,0.2,355.0,card,CUST_9679,Regular
TXN_202409_010276,2024-09-24,REG_05,STORE_014,EMP_005,PROD_020,3,67.79,0.09,185.07,cash,CUST_7744,New
TXN_202409_010277,2024-09-24,REG_04,STORE_010,EMP_026,PROD_046,1,189.54,0.17,157.32,cash,CUST_5348,VIP
TXN_202409_010278,2024-09-30,REG_10,STORE_028,EMP_020,PROD_042,4,264.75,0.19,857.79,cash,CUST_5852,Premium
TXN_202409_010279,2024-09-20,REG_07,STORE_019,EMP_007,PROD_003,2,372.84,0.04,715.85,cash,CUST_1328,Regular
TXN_202409_010280,2024-09-23,REG_02,STORE_006,EMP_002,PROD_048,2,496.18,0.29,704.58,credit,CUST_3826,VIP
TXN_202409_010281,2024-09-26,REG_02,STORE_005,EMP_002,PROD_042,3,60.36,0.11,161.16,cash,CUST_5762,Premium
TXN_202409_010282,2024-09-16,REG_04,STORE_011,EMP_004,PROD_046,2,86.83,0.15,147.61,credit,CUST_6135,Premium
TXN_202409_010283,2024-09-04,REG_10,STORE_030,EMP_017,PROD_018,5,46.78,0.2,187.12,card,CUST_1365,VIP
TXN_202409_010284,2024-09-10,REG_06,STORE_016,EMP_006,PROD_010,2,234.1,0.2,374.56,credit,CUST_6085,Regular
TXN_202409_010285,2024-09-05,REG_08,STORE_023,EMP_023,PROD_027,3,381.86,0.13,996.65,credit,CUST_5316,Premium
TXN_202409_010286,2024-09-21,REG_09,STORE_026,EMP_027,PROD_008,3,133.82,0.27,293.07,credit,CUST_3976,Premium
TXN_202409_010287,2024-09-21,REG_10,STORE_028,EMP_020,PROD_046,3,54.61,0.22,127.79,card,CUST_6456,Premium
TXN_202409_010288,2024-09-08,REG_07,STORE_019,EMP_007,PROD_019,4,437.96,0.15,1489.06,mobile,CUST_7595,Regular
TXN_202409_010289,2024-09-28,REG_08,STORE_024,EMP_012,PROD_040,5,423.21,0.19,1714.0,mobile,CUST_5429,VIP
TXN_202409_010290,2024-09-24,REG_07,STORE_021,EMP_007,PROD_019,2,362.64,0.3,507.7,card,CUST_9218,New
TXN_202409_010291,2024-09-16,REG_07,STORE_020,EMP_007,PROD_032,2,18.39,0.06,34.57,card,CUST_1648,Regular
TXN_202409_010292,2024-09-26,REG_02,STORE_004,EMP_002,PROD_002,5,286.71,0.22,1118.17,card,CUST_8445,Regular
TXN_202409_010293,2024-09-11,REG_09,STORE_025,EMP_009,PROD_044,2,64.49,0.01,127.69,card,CUST_8432,Regular
TXN_202409_010294,2024-09-08,REG_02,STORE_005,EMP_002,PROD_034,3,109.81,0.2,263.54,card,CUST_4298,Premium
TXN_202409_010295,2024-09-30,REG_06,STORE_016,EMP_006,PROD_038,4,369.2,0.06,1388.19,cash,CUST_5508,New
TXN_202409_010296,2024-09-08,REG_01,STORE_001,EMP_018,PROD_018,2,136.34,0.28,196.33,credit,CUST_8269,VIP
TXN_202409_010297,2024-09-17,REG_02,STORE_005,EMP_002,PROD_023,5,92.5,0.25,346.88,card,CUST_1643,Premium
TXN_202409_010298,2024-09-21,REG_08,STORE_022,EMP_008,PROD_034,3,248.94,0.01,739.35,cash,CUST_4686,Premium
TXN_202409_010299,2024-09-18,REG_05,STORE_014,EMP_021,PROD_019,2,142.45,0.26,210.83,cash,CUST_8215,VIP
TXN_202409_010300,2024-09-01,REG_04,STORE_011,EMP_024,PROD_031,2,395.37,0.14,680.04,card,CUST_9134,Regular
TXN_202409_010301,2024-09-03,REG_05,STORE_013,EMP_005,PROD_031,3,311.32,0.1,840.56,card,CUST_4494,Premium
TXN_202409_010302,2024-09-25,REG_09,STORE_025,EMP_027,PROD_014,1,352.51,0.24,267.91,mobile,CUST_2117,Regular
TXN_202409_010303,2024-09-27,REG_04,STORE_012,EMP_016,PROD_005,1,13.19,0.08,12.13,cash,CUST_1617,New
TXN_202409_010304,2024-09-04,REG_05,STORE_014,EMP_021,PROD_016,1,487.47,0.18,399.73,mobile,CUST_4053,VIP
TXN_202409_010305,2024-09-14,REG_05,STORE_015,EMP_021,PROD_047,5,175.55,0.0,877.75,card,CUST_1295,Premium
TXN_202409_010306,2024-09-08,REG_01,STORE_002,EMP_001,PROD_012,4,99.35,0.29,282.15,mobile,CUST_7376,New
TXN_202409_010307,2024-09-12,REG_10,STORE_030,EMP_020,PROD_018,2,349.69,0.28,503.55,card,CUST_1539,Premium
TXN_202409_010308,2024-09-02,REG_03,STORE_009,EMP_003,PROD_017,3,355.95,0.23,822.24,mobile,CUST_4631,Regular
TXN_202409_010309,2024-09-01,REG_07,STORE_019,EMP_007,PROD_045,1,232.44,0.06,218.49,cash,CUST_8234,Premium
TXN_202409_010310,2024-09-20,REG_01,STORE_003,EMP_019,PROD_006,5,21.82,0.26,80.73,mobile,CUST_1571,New
TXN_202409_010311,2024-09-10,REG_03,STORE_008,EMP_003,PROD_041,3,89.07,0.26,197.74,mobile,CUST_3573,Regular
TXN_202409_010312,2024-09-22,REG_02,STORE_006,EMP_002,PROD_011,3,328.95,0.15,838.82,card,CUST_7508,Premium
TXN_202409_010313,2024-09-20,REG_03,STORE_009,EMP_014,PROD_033,2,76.49,0.06,143.8,credit,CUST_6705,Regular
TXN_202409_010314,2024-09-06,REG_10,STORE_029,EMP_010,PROD_020,4,393.74,0.15,1338.72,credit,CUST_8014,New
TXN_202409_010315,2024-09-03,REG_06,STORE_018,EMP_006,PROD_036,5,367.02,0.24,1394.68,card,CUST_3040,Premium
TXN_202409_010316,2024-09-05,REG_10,STORE_030,EMP_017,PROD_010,1,499.92,0.24,379.94,cash,CUST_5550,Premium
TXN_202409_010317,2024-09-12,REG_04,STORE_012,EMP_030,PROD_047,1,56.62,0.28,40.77,mobile,CUST_4872,Premium
TXN_202409_010318,2024-09-30,REG_04,STORE_012,EMP_016,PROD_042,1,326.81,0.12,287.59,mobile,CUST_3428,New
TXN_202409_010319,2024-09-02,REG_08,STORE_024,EMP_015,PROD_036,1,453.99,0.03,440.37,cash,CUST_2378,New
TXN_202409_010320,2024-09-14,REG_09,STORE_026,EMP_022,PROD_015,5,98.56,0.18,404.1,cash,CUST_2146,Regular
TXN_202409_010321,2024-09-29,REG_10,STORE_030,EMP_028,PROD_039,3,309.87,0.04,892.43,mobile,CUST_8100,Premium
TXN_202409_010322,2024-09-29,REG_03,STORE_009,EMP_014,PROD_045,2,268.65,0.2,429.84,mobile,CUST_8186,Regular
TXN_202409_010323,2024-09-13,REG_01,STORE_002,EMP_001,PROD_033,5,429.93,0.18,1762.71,cash,CUST_5999,Premium
TXN_202409_010324,2024-09-29,REG_07,STORE_021,EMP_007,PROD_016,4,314.24,0.22,980.43,cash,CUST_6324,VIP
TXN_202409_010325,2024-09-21,REG_02,STORE_006,EMP_002,PROD_009,5,468.61,0.06,2202.47,cash,CUST_5155,VIP
TXN_202409_010326,2024-09-24,REG_03,STORE_008,EMP_003,PROD_006,3,434.75,0.17,1082.53,credit,CUST_4981,Regular
TXN_202409_010327,2024-09-03,REG_05,STORE_014,EMP_021,PROD_050,2,133.21,0.04,255.76,mobile,CUST_4220,Premium
TXN_202409_010328,2024-09-17,REG_08,STORE_022,EMP_008,PROD_021,1,148.05,0.26,109.56,credit,CUST_7531,New
TXN_202409_010329,2024-09-11,REG_07,STORE_019,EMP_007,PROD_025,2,291.74,0.08,536.8,mobile,CUST_5886,VIP
TXN_202409_010330,2024-09-02,REG_08,STORE_024,EMP_015,PROD_035,5,360.64,0.08,1658.94,card,CUST_8559,Premium
TXN_202409_010331,2024-09-12,REG_07,STORE_019,EMP_007,PROD_020,1,137.37,0.24,104.4,cash,CUST_5969,VIP
TXN_202409_010332,2024-09-05,REG_09,STORE_026,EMP_022,PROD_009,2,311.77,0.08,573.66,mobile,CUST_1899,New
TXN_202409_010333,2024-09-29,REG_06,STORE_018,EMP_006,PROD_016,4,71.65,0.06,269.4,card,CUST_6370,Regular
TXN_202409_010334,2024-09-06,REG_06,STORE_017,EMP_006,PROD_007,4,493.56,0.3,1381.97,credit,CUST_9856,New
TXN_202409_010335,2024-09-13,REG_04,STORE_010,EMP_029,PROD_003,3,11.57,0.11,30.89,cash,CUST_5406,VIP
TXN_202409_010336,2024-09-01,REG_08,STORE_022,EMP_015,PROD_030,3,102.96,0.16,259.46,mobile,CUST_2881,Premium
TXN_202409_010337,2024-09-07,REG_02,STORE_005,EMP_002,PROD_048,3,233.75,0.2,561.0,cash,CUST_5225,Premium
TXN_202409_010338,2024-09-13,REG_08,STORE_024,EMP_008,PROD_030,1,128.18,0.02,125.62,credit,CUST_2685,Premium
TXN_202409_010339,2024-09-16,REG_02,STORE_006,EMP_002,PROD_021,3,24.47,0.13,63.87,cash,CUST_4633,Regular
TXN_202409_010340,2024-09-25,REG_07,STORE_020,EMP_007,PROD_042,5,59.52,0.21,235.1,credit,CUST_2844,VIP
TXN_202409_010341,2024-09-21,REG_04,STORE_010,EMP_026,PROD_049,1,182.77,0.0,182.77,mobile,CUST_9698,Premium
TXN_202409_010342,2024-09-14,REG_01,STORE_003,EMP_019,PROD_017,4,333.99,0.11,1189.0,mobile,CUST_4264,Regular
TXN_202409_010343,2024-09-01,REG_10,STORE_028,EMP_010,PROD_040,2,84.18,0.18,138.06,cash,CUST_6200,Premium
TXN_202409_010344,2024-09-30,REG_03,STORE_008,EMP_003,PROD_020,1,342.27,0.19,277.24,card,CUST_1969,Regular
TXN_202409_010345,2024-09-03,REG_01,STORE_002,EMP_019,PROD_048,5,439.16,0.2,1756.64,cash,CUST_2809,Premium
TXN_202409_010346,2024-09-27,REG_02,STORE_004,EMP_002,PROD_013,5,444.5,0.26,1644.65,credit,CUST_7481,Regular
TXN_202409_010347,2024-09-04,REG_10,STORE_028,EMP_017,PROD_015,5,266.0,0.08,1223.6,credit,CUST_8443,New
TXN_202409_010348,2024-09-17,REG_06,STORE_018,EMP_006,PROD_041,2,340.87,0.28,490.85,cash,CUST_6630,Premium
TXN_202409_010349,2024-09-24,REG_06,STORE_016,EMP_006,PROD_034,1,331.63,0.22,258.67,cash,CUST_1317,VIP
TXN_202409_010350,2024-09-04,REG_02,STORE_005,EMP_002,PROD_004,4,421.63,0.26,1248.02,credit,CUST_3688,VIP
TXN_202409_010351,2024-09-14,REG_09,STORE_025,EMP_022,PROD_012,3,241.85,0.25,544.16,credit,CUST_1321,New
TXN_202409_010352,2024-09-11,REG_04,STORE_011,EMP_029,PROD_042,1,259.76,0.04,249.37,card,CUST_1864,VIP
TXN_202409_010353,2024-09-17,REG_03,STORE_007,EMP_003,PROD_050,5,238.46,0.19,965.76,credit,CUST_7306,VIP
TXN_202409_010354,2024-09-03,REG_09,STORE_025,EMP_027,PROD_007,4,16.48,0.02,64.6,credit,CUST_8854,Regular
TXN_202409_010355,2024-09-16,REG_09,STORE_026,EMP_025,PROD_045,4,458.72,0.14,1578.0,cash,CUST_6919,New
TXN_202409_010356,2024-09-01,REG_01,STORE_002,EMP_019,PROD_007,4,199.77,0.25,599.31,mobile,CUST_9207,VIP
TXN_202409_010357,2024-09-06,REG_08,STORE_024,EMP_023,PROD_030,2,189.76,0.0,379.52,card,CUST_4690,Regular
TXN_202409_010358,2024-09-24,REG_03,STORE_008,EMP_003,PROD_005,2,359.15,0.1,646.47,cash,CUST_9967,VIP
TXN_202409_010359,2024-09-13,REG_01,STORE_002,EMP_001,PROD_003,4,419.66,0.25,1258.98,mobile,CUST_6096,VIP
TXN_202409_010360,2024-09-13,REG_06,STORE_016,EMP_006,PROD_037,1,86.13,0.18,70.63,cash,CUST_5062,VIP
TXN_202409_010361,2024-09-12,REG_04,STORE_012,EMP_029,PROD_039,3,250.25,0.09,683.18,mobile,CUST_2089,New
TXN_202409_010362,2024-09-30,REG_03,STORE_009,EMP_003,PROD_032,5,250.39,0.24,951.48,mobile,CUST_3673,New
TXN_202409_010363,2024-09-13,REG_10,STORE_030,EMP_013,PROD_014,3,105.19,0.17,261.92,credit,CUST_4197,Premium
TXN_202409_010364,2024-09-23,REG_04,STORE_011,EMP_016,PROD_049,2,218.59,0.01,432.81,card,CUST_8033,Regular
TXN_202409_010365,2024-09-29,REG_10,STORE_029,EMP_020,PROD_032,2,277.87,0.01,550.18,cash,CUST_5712,VIP
TXN_202409_010366,2024-09-08,REG_06,STORE_018,EMP_006,PROD_005,3,286.25,0.12,755.7,cash,CUST_6912,New
TXN_202409_010367,2024-09-16,REG_01,STORE_002,EMP_019,PROD_021,5,136.84,0.15,581.57,mobile,CUST_8994,New
TXN_202409_010368,2024-09-19,REG_07,STORE_021,EMP_007,PROD_030,4,151.28,0.12,532.51,credit,CUST_1826,VIP
TXN_202409_010369,2024-09-12,REG_07,STORE_021,EMP_007,PROD_039,3,366.51,0.0,1099.53,cash,CUST_6043,Regular
TXN_202409_010370,2024-09-08,REG_04,STORE_010,EMP_029,PROD_017,3,157.84,0.17,393.02,mobile,CUST_4156,VIP
TXN_202409_010371,2024-09-30,REG_09,STORE_027,EMP_025,PROD_050,5,443.2,0.29,1573.36,credit,CUST_9000,VIP
TXN_202409_010372,2024-09-08,REG_09,STORE_025,EMP_009,PROD_042,2,417.42,0.23,642.83,card,CUST_7294,Regular
TXN_202409_010373,2024-09-17,REG_07,STORE_021,EMP_007,PROD_017,5,322.88,0.11,1436.82,mobile,CUST_3535,Premium
TXN_202409_010374,2024-09-16,REG_07,STORE_021,EMP_007,PROD_042,4,113.01,0.17,375.19,mobile,CUST_3975,New
TXN_202409_010375,2024-09-15,REG_09,STORE_026,EMP_009,PROD_016,1,389.84,0.26,288.48,mobile,CUST_6710,VIP
TXN_202409_010376,2024-09-24,REG_08,STORE_022,EMP_008,PROD_001,2,218.89,0.02,429.02,mobile,CUST_5964,New
TXN_202409_010377,2024-09-02,REG_04,STORE_011,EMP_016,PROD_003,3,296.41,0.24,675.81,cash,CUST_4573,Regular
TXN_202409_010378,2024-09-20,REG_03,STORE_007,EMP_003,PROD_034,5,118.17,0.19,478.59,card,CUST_5450,New
TXN_202409_010379,2024-09-03,REG_06,STORE_017,EMP_006,PROD_029,4,10.99,0.17,36.49,credit,CUST_8414,Premium
TXN_202409_010380,2024-09-11,REG_01,STORE_003,EMP_018,PROD_034,5,411.24,0.28,1480.46,credit,CUST_4932,VIP
TXN_202409_010381,2024-09-17,REG_04,STORE_011,EMP_026,PROD_039,5,433.97,0.1,1952.87,cash,CUST_2695,New
TXN_202409_010382,2024-09-07,REG_03,STORE_007,EMP_003,PROD_017,3,291.0,0.06,820.62,cash,CUST_9299,VIP
TXN_202409_010383,2024-09-17,REG_03,STORE_009,EMP_003,PROD_034,3,343.95,0.26,763.57,mobile,CUST_7568,New
TXN_202409_010384,2024-09-13,REG_03,STORE_007,EMP_014,PROD_038,5,334.06,0.11,1486.57,card,CUST_9229,New
TXN_202409_010385,2024-09-29,REG_10,STORE_028,EMP_010,PROD_030,3,230.89,0.1,623.4,credit,CUST_3055,Regular
TXN_202409_010386,2024-09-24,REG_04,STORE_012,EMP_026,PROD_036,3,203.47,0.28,439.5,cash,CUST_2727,New
TXN_202409_010387,2024-09-04,REG_09,STORE_026,EMP_009,PROD_048,3,366.63,0.06,1033.9,cash,CUST_2369,New
TXN_202409_010388,2024-09-07,REG_02,STORE_005,EMP_002,PROD_046,3,196.91,0.29,419.42,card,CUST_7336,Regular
TXN_202409_010389,2024-09-30,REG_04,STORE_010,EMP_024,PROD_013,4,393.92,0.23,1213.27,credit,CUST_6315,New
TXN_202409_010390,2024-09-05,REG_10,STORE_029,EMP_013,PROD_007,1,111.19,0.08,102.29,mobile,CUST_3779,New
TXN_202409_010391,2024-09-29,REG_09,STORE_025,EMP_027,PROD_014,5,27.92,0.25,104.7,card,CUST_6906,New
TXN_202409_010392,2024-09-12,REG_07,STORE_021,EMP_007,PROD_043,3,84.21,0.14,217.26,card,CUST_7060,Premium
TXN_202409_010393,2024-09-13,REG_08,STORE_022,EMP_015,PROD_026,3,278.21,0.17,692.74,cash,CUST_1788,Premium
TXN_202409_010394,2024-09-14,REG_04,STORE_012,EMP_004,PROD_004,4,458.78,0.25,1376.34,cash,CUST_5333,Premium
TXN_202409_010395,2024-09-04,REG_10,STORE_029,EMP_020,PROD_031,4,429.03,0.28,1235.61,card,CUST_5362,New
TXN_202409_010396,2024-09-21,REG_06,STORE_016,EMP_006,PROD_023,3,358.06,0.11,956.02,card,CUST_7065,New
TXN_202409_010397,2024-09-22,REG_09,STORE_026,EMP_027,PROD_026,3,226.42,0.29,482.27,mobile,CUST_2283,Regular
TXN_202409_010398,2024-09-09,REG_06,STORE_017,EMP_006,PROD_030,5,36.35,0.2,145.4,card,CUST_3518,VIP
TXN_202409_010399,2024-09-12,REG_07,STORE_019,EMP_007,PROD_021,1,313.17,0.28,225.48,cash,CUST_3788,Premium
TXN_202409_010400,2024-09-26,REG_04,STORE_012,EMP_016,PROD_030,2,135.05,0.26,199.87,card,CUST_5197,VIP
TXN_202409_010401,2024-09-21,REG_08,STORE_022,EMP_023,PROD_031,2,20.03,0.16,33.65,credit,CUST_7289,VIP
TXN_202409_010402,2024-09-03,REG_01,STORE_001,EMP_011,PROD_042,3,398.62,0.11,1064.32,cash,CUST_9001,Regular
TXN_202409_010403,2024-09-17,REG_08,STORE_022,EMP_015,PROD_016,4,115.18,0.08,423.86,credit,CUST_8055,Regular
TXN_202409_010404,2024-09-27,REG_04,STORE_010,EMP_030,PROD_030,3,399.13,0.15,1017.78,card,CUST_3330,VIP
TXN_202409_010405,2024-09-18,REG_09,STORE_026,EMP_027,PROD_035,4,495.53,0.15,1684.8,mobile,CUST_1110,VIP
TXN_202409_010406,2024-09-28,REG_03,STORE_009,EMP_014,PROD_008,2,470.17,0.05,893.32,mobile,CUST_5807,Premium
TXN_202409_010407,2024-09-05,REG_06,STORE_018,EMP_006,PROD_033,1,393.78,0.05,374.09,credit,CUST_4328,New
TXN_202409_010408,2024-09-03,REG_02,STORE_006,EMP_002,PROD_038,3,20.48,0.16,51.61,card,CUST_2902,VIP
TXN_202409_010409,2024-09-16,REG_06,STORE_017,EMP_006,PROD_028,4,31.46,0.07,117.03,card,CUST_2352,VIP
TXN_202409_010410,2024-09-19,REG_07,STORE_020,EMP_007,PROD_017,5,240.28,0.2,961.12,cash,CUST_8056,Regular
TXN_202409_010411,2024-09-02,REG_10,STORE_029,EMP_020,PROD_026,4,315.89,0.02,1238.29,card,CUST_1626,New
TXN_202409_010412,2024-09-17,REG_09,STORE_027,EMP_027,PROD_020,4,35.23,0.13,122.6,credit,CUST_1558,Premium
TXN_202409_010413,2024-09-01,REG_01,STORE_001,EMP_019,PROD_028,2,225.34,0.21,356.04,credit,CUST_2196,Regular
TXN_202409_010414,2024-09-26,REG_10,STORE_028,EMP_020,PROD_013,4,328.1,0.16,1102.42,mobile,CUST_7284,Regular
TXN_202409_010415,2024-09-19,REG_01,STORE_002,EMP_019,PROD_006,5,18.8,0.12,82.72,cash,CUST_2944,Regular
TXN_202409_010416,2024-09-24,REG_10,STORE_029,EMP_013,PROD_027,4,217.39,0.13,756.52,cash,CUST_4170,Premium
TXN_202409_010417,2024-09-30,REG_03,STORE_008,EMP_014,PROD_009,4,397.1,0.25,1191.3,mobile,CUST_1452,VIP
TXN_202409_010418,2024-09-06,REG_10,STORE_028,EMP_013,PROD_040,1,48.59,0.15,41.3,mobile,CUST_6125,Regular
TXN_202409_010419,2024-09-13,REG_07,STORE_019,EMP_007,PROD_021,1,59.28,0.0,59.28,credit,CUST_5826,VIP
TXN_202409_010420,2024-09-13,REG_10,STORE_029,EMP_020,PROD_026,2,60.23,0.26,89.14,cash,CUST_2756,VIP
TXN_202409_010421,2024-09-08,REG_01,STORE_001,EMP_001,PROD_015,5,10.81,0.13,47.02,card,CUST_7627,Regular
TXN_202409_010422,2024-09-15,REG_01,STORE_002,EMP_018,PROD_044,1,39.52,0.17,32.8,card,CUST_1748,New
TXN_202409_010423,2024-09-08,REG_09,STORE_027,EMP_009,PROD_022,4,479.33,0.14,1648.9,card,CUST_8126,Premium
TXN_202409_010424,2024-09-27,REG_04,STORE_011,EMP_004,PROD_039,2,467.9,0.21,739.28,cash,CUST_9538,VIP
TXN_202409_010425,2024-09-16,REG_03,STORE_008,EMP_014,PROD_033,2,381.12,0.01,754.62,card,CUST_9223,New
TXN_202409_010426,2024-09-29,REG_06,STORE_017,EMP_006,PROD_013,2,229.13,0.21,362.03,mobile,CUST_2634,New
TXN_202409_010427,2024-09-04,REG_08,STORE_023,EMP_015,PROD_049,4,258.77,0.2,828.06,mobile,CUST_2158,VIP
TXN_202409_010428,2024-09-03,REG_02,STORE_004,EMP_002,PROD_045,1,420.97,0.2,336.78,card,CUST_7648,Regular
TXN_202409_010429,2024-09-27,REG_09,STORE_026,EMP_025,PROD_002,5,159.79,0.09,727.04,cash,CUST_6702,Regular
TXN_202409_010430,2024-09-09,REG_09,STORE_025,EMP_009,PROD_010,5,203.51,0.26,752.99,mobile,CUST_4042,VIP
TXN_202409_010431,2024-09-24,REG_04,STORE_012,EMP_030,PROD_011,2,12.69,0.18,20.81,credit,CUST_2974,Premium
TXN_202409_010432,2024-09-05,REG_10,STORE_029,EMP_013,PROD_050,2,108.69,0.03,210.86,mobile,CUST_5891,New
TXN_202409_010433,2024-09-02,REG_01,STORE_002,EMP_011,PROD_029,3,147.82,0.09,403.55,cash,CUST_2944,Premium
TXN_202409_010434,2024-09-15,REG_07,STORE_021,EMP_007,PROD_019,1,308.78,0.08,284.08,credit,CUST_2872,Regular
TXN_202409_010435,2024-09-18,REG_01,STORE_001,EMP_018,PROD_025,4,417.76,0.07,1554.07,credit,CUST_3955,Regular
TXN_202409_010436,2024-09-21,REG_06,STORE_016,EMP_006,PROD_004,3,197.59,0.06,557.2,mobile,CUST_1960,Premium
TXN_202409_010437,2024-09-07,REG_04,STORE_012,EMP_029,PROD_047,4,278.15,0.15,945.71,card,CUST_4324,Premium
TXN_202409_010438,2024-09-21,REG_05,STORE_013,EMP_021,PROD_019,4,192.2,0.03,745.74,card,CUST_7208,New
TXN_202409_010439,2024-09-04,REG_05,STORE_015,EMP_021,PROD_005,2,134.49,0.3,188.29,credit,CUST_7618,Regular
TXN_202409_010440,2024-09-29,REG_01,STORE_003,EMP_019,PROD_023,5,435.42,0.17,1806.99,card,CUST_7488,VIP
TXN_202409_010441,2024-09-20,REG_02,STORE_005,EMP_002,PROD_012,1,102.79,0.15,87.37,card,CUST_9125,VIP
TXN_202409_010442,2024-09-06,REG_01,STORE_001,EMP_019,PROD_044,1,109.12,0.22,85.11,cash,CUST_1209,Premium
TXN_202409_010443,2024-09-25,REG_06,STORE_018,EMP_006,PROD_039,5,261.84,0.01,1296.11,cash,CUST_9986,VIP
TXN_202409_010444,2024-09-29,REG_05,STORE_014,EMP_005,PROD_031,2,153.61,0.2,245.78,cash,CUST_2171,Regular
TXN_202409_010445,2024-09-30,REG_01,STORE_002,EMP_001,PROD_027,5,123.04,0.2,492.16,mobile,CUST_1658,VIP
TXN_202409_010446,2024-09-25,REG_09,STORE_027,EMP_022,PROD_015,4,70.81,0.14,243.59,credit,CUST_9032,Regular
TXN_202409_010447,2024-09-20,REG_09,STORE_026,EMP_009,PROD_036,3,305.0,0.06,860.1,card,CUST_7018,New
TXN_202409_010448,2024-09-10,REG_10,STORE_028,EMP_017,PROD_036,1,332.04,0.08,305.48,card,CUST_4683,Premium
TXN_202409_010449,2024-09-20,REG_10,STORE_029,EMP_020,PROD_020,5,71.57,0.17,297.02,credit,CUST_6365,Premium
TXN_202409_010450,2024-09-03,REG_03,STORE_009,EMP_014,PROD_012,2,70.22,0.28,101.12,card,CUST_7583,Regular
TXN_202409_010451,2024-09-05,REG_05,STORE_013,EMP_021,PROD_001,5,451.01,0.21,1781.49,credit,CUST_8803,VIP
TXN_202409_010452,2024-09-04,REG_02,STORE_006,EMP_002,PROD_040,3,222.66,0.06,627.9,credit,CUST_3580,Regular
TXN_202409_010453,2024-09-23,REG_09,STORE_026,EMP_009,PROD_047,3,231.82,0.29,493.78,cash,CUST_3885,New
TXN_202409_010454,2024-09-12,REG_04,STORE_011,EMP_029,PROD_042,5,295.27,0.17,1225.37,card,CUST_5255,Premium
TXN_202409_010455,2024-09-03,REG_04,STORE_012,EMP_030,PROD_005,4,341.33,0.21,1078.6,credit,CUST_9800,Regular
TXN_202409_010456,2024-09-15,REG_06,STORE_016,EMP_006,PROD_022,2,152.33,0.15,258.96,credit,CUST_5239,Premium
TXN_202409_010457,2024-09-28,REG_01,STORE_001,EMP_001,PROD_036,2,409.03,0.0,818.06,card,CUST_7911,Regular
TXN_202409_010458,2024-09-12,REG_02,STORE_005,EMP_002,PROD_033,1,465.36,0.17,386.25,credit,CUST_3465,Premium
TXN_202409_010459,2024-09-04,REG_03,STORE_009,EMP_003,PROD_013,4,359.63,0.11,1280.28,mobile,CUST_2897,VIP
TXN_202409_010460,2024-09-22,REG_02,STORE_005,EMP_002,PROD_008,3,250.58,0.27,548.77,credit,CUST_5885,Premium
TXN_202409_010461,2024-09-29,REG_05,STORE_013,EMP_005,PROD_015,1,466.2,0.1,419.58,mobile,CUST_3772,Regular
TXN_202409_010462,2024-09-18,REG_05,STORE_013,EMP_005,PROD_029,1,46.9,0.05,44.55,mobile,CUST_6672,Regular
TXN_202409_010463,2024-09-14,REG_06,STORE_016,EMP_006,PROD_046,1,330.57,0.03,320.65,mobile,CUST_2555,VIP
TXN_202409_010464,2024-09-07,REG_06,STORE_017,EMP_006,PROD_008,4,393.2,0.04,1509.89,credit,CUST_1666,VIP
TXN_202409_010465,2024-09-11,REG_09,STORE_026,EMP_009,PROD_024,3,413.5,0.09,1128.86,mobile,CUST_1187,VIP
TXN_202409_010466,2024-09-25,REG_06,STORE_016,EMP_006,PROD_015,3,114.59,0.29,244.08,mobile,CUST_3830,Premium
TXN_202409_010467,2024-09-12,REG_01,STORE_001,EMP_011,PROD_027,3,325.77,0.2,781.85,credit,CUST_3414,Premium
TXN_202409_010468,2024-09-16,REG_08,STORE_023,EMP_015,PROD_002,4,359.09,0.1,1292.72,mobile,CUST_2890,Premium
TXN_202409_010469,2024-09-28,REG_08,STORE_022,EMP_023,PROD_014,2,210.98,0.11,375.54,credit,CUST_7761,Premium
TXN_202409_010470,2024-09-05,REG_09,STORE_026,EMP_009,PROD_030,5,178.75,0.12,786.5,mobile,CUST_3155,New
TXN_202409_010471,2024-09-04,REG_05,STORE_013,EMP_021,PROD_007,1,397.32,0.3,278.12,card,CUST_1902,VIP
TXN_202409_010472,2024-09-30,REG_02,STORE_004,EMP_002,PROD_044,5,267.03,0.02,1308.45,credit,CUST_7977,Regular
TXN_202409_010473,2024-09-11,REG_09,STORE_026,EMP_027,PROD_036,4,442.28,0.29,1256.08,cash,CUST_6250,Premium
TXN_202409_010474,2024-09-08,REG_10,STORE_029,EMP_028,PROD_039,1,468.89,0.28,337.6,mobile,CUST_8391,Regular
TXN_202409_010475,2024-09-15,REG_09,STORE_025,EMP_027,PROD_007,1,334.6,0.1,301.14,credit,CUST_4310,New
TXN_202409_010476,2024-09-15,REG_09,STORE_026,EMP_009,PROD_031,1,432.5,0.15,367.62,cash,CUST_7853,Regular
TXN_202409_010477,2024-09-02,REG_05,STORE_014,EMP_021,PROD_007,3,78.5,0.24,178.98,card,CUST_7171,VIP
TXN_202409_010478,2024-09-17,REG_06,STORE_016,EMP_006,PROD_015,5,481.24,0.01,2382.14,card,CUST_2636,Regular
TXN_202409_010479,2024-09-20,REG_02,STORE_006,EMP_002,PROD_031,2,137.18,0.29,194.8,cash,CUST_7458,VIP
TXN_202409_010480,2024-09-16,REG_07,STORE_020,EMP_007,PROD_006,1,270.24,0.05,256.73,credit,CUST_7729,VIP
