transaction_id,date,region,store_id,employee_id,product_id,units,unit_price,discount,revenue,payment,customer_id,customer_segment
TXN_202510_016462,2025-10-10,REG_01,STORE_002,EMP_018,PROD_033,5,435.97,0.24,1656.69,card,CUST_6028,Regular
TXN_202510_016463,2025-10-11,REG_03,STORE_009,EMP_014,PROD_037,5,441.81,0.23,1700.97,card,CUST_6509,Premium
TXN_202510_016464,2025-10-14,REG_06,STORE_018,EMP_006,PROD_032,1,289.94,0.25,217.45,mobile,CUST_5200,Regular
TXN_202510_016465,2025-10-21,REG_05,STORE_014,EMP_021,PROD_043,4,496.5,0.27,1449.78,mobile,CUST_1816,New
TXN_202510_016466,2025-10-03,REG_01,STORE_002,EMP_001,PROD_017,3,237.69,0.27,520.54,mobile,CUST_3173,New
TXN_202510_016467,2025-10-05,REG_08,STORE_022,EMP_012,PROD_031,1,153.74,0.14,132.22,card,CUST_4461,Regular
TXN_202510_016468,2025-10-23,REG_09,STORE_026,EMP_009,PROD_021,2,217.82,0.19,352.87,cash,CUST_4077,Regular
TXN_202510_016469,2025-10-31,REG_09,STORE_025,EMP_027,PROD_021,5,358.59,0.14,1541.94,credit,CUST_1462,Premium
TXN_202510_016470,2025-10-09,REG_06,STORE_017,EMP_006,PROD_010,5,136.52,0.2,546.08,cash,CUST_5847,VIP
TXN_202510_016471,2025-10-17,REG_07,STORE_020,EMP_007,PROD_033,1,255.22,0.01,252.67,card,CUST_3948,New
TXN_202510_016472,2025-10-21,REG_03,STORE_007,EMP_003,PROD_016,2,204.95,0.27,299.23,credit,CUST_4274,Regular
TXN_202510_016473,2025-10-13,REG_03,STORE_008,EMP_014,PROD_007,4,295.99,0.16,994.53,credit,CUST_4841,New
TXN_202510_016474,2025-10-08,REG_08,STORE_024,EMP_012,PROD_040,5,90.14,0.21,356.05,cash,CUST_5845,New
TXN_202510_016475,2025-10-01,REG_10,STORE_028,EMP_017,PROD_030,2,364.86,0.1,656.75,mobile,CUST_4893,Regular
TXN_202510_016476,2025-10-07,REG_01,STORE_003,EMP_001,PROD_029,4,238.23,0.12,838.57,credit,CUST_8041,Regular
TXN_202510_016477,2025-10-04,REG_03,STORE_008,EMP_014,PROD_050,1,204.97,0.14,176.27,credit,CUST_8760,VIP
TXN_202510_016478,2025-10-24,REG_01,STORE_001,EMP_019,PROD_026,2,50.96,0.2,81.54,mobile,CUST_2787,VIP
TXN_202510_016479,2025-10-23,REG_09,STORE_026,EMP_009,PROD_004,5,283.91,0.01,1405.35,cash,CUST_7122,VIP
TXN_202510_016480,2025-10-03,REG_08,STORE_024,EMP_008,PROD_003,5,183.13,0.1,824.09,credit,CUST_6187,VIP
TXN_202510_016481,2025-10-29,REG_02,STORE_005,EMP_002,PROD_020,3,326.93,0.03,951.37,credit,CUST_6875,New
TXN_202510_016482,2025-10-26,REG_05,STORE_014,EMP_005,PROD_012,5,244.25,0.06,1147.97,card,CUST_2815,VIP
TXN_202510_016483,2025-10-14,REG_02,STORE_005,EMP_002,PROD_031,5,402.81,0.03,1953.63,credit,CUST_9882,Regular
TXN_202510_016484,2025-10-27,REG_06,STORE_016,EMP_006,PROD_035,5,218.92,0.04,1050.82,credit,CUST_8948,Regular
TXN_202510_016485,2025-10-04,REG_05,STORE_014,EMP_005,PROD_008,2,306.51,0.13,533.33,credit,CUST_1322,New
TXN_202510_016486,2025-10-03,REG_01,STORE_003,EMP_018,PROD_025,4,190.58,0.15,647.97,mobile,CUST_9708,Premium
TXN_202510_016487,2025-10-08,REG_05,STORE_013,EMP_005,PROD_010,4,376.37,0.04,1445.26,card,CUST_7582,VIP
TXN_202510_016488,2025-10-07,REG_09,STORE_027,EMP_022,PROD_032,5,274.85,0.05,1305.54,cash,CUST_7088,Regular
TXN_202510_016489,2025-10-05,REG_09,STORE_027,EMP_022,PROD_015,4,15.3,0.25,45.9,card,CUST_2976,Regular
TXN_202510_016490,2025-10-27,REG_07,STORE_021,EMP_007,PROD_044,5,225.14,0.22,878.05,card,CUST_9058,Regular
TXN_202510_016491,2025-10-25,REG_04,STORE_010,EMP_030,PROD_022,3,376.0,0.19,913.68,mobile,CUST_9001,VIP
TXN_202510_016492,2025-10-14,REG_01,STORE_003,EMP_011,PROD_017,3,439.35,0.28,949.0,cash,CUST_7549,Regular
TXN_202510_016493,2025-10-30,REG_04,STORE_010,EMP_016,PROD_019,2,111.9,0.02,219.32,card,CUST_2484,New
TXN_202510_016494,2025-10-18,REG_02,STORE_006,EMP_002,PROD_009,5,238.46,0.14,1025.38,card,CUST_5203,Regular
TXN_202510_016495,2025-10-20,REG_09,STORE_027,EMP_022,PROD_032,3,28.26,0.29,60.19,card,CUST_5295,Premium
TXN_202510_016496,2025-10-19,REG_03,STORE_007,EMP_014,PROD_026,3,29.07,0.2,69.77,card,CUST_5553,Regular
TXN_202510_016497,2025-10-01,REG_01,STORE_001,EMP_019,PROD_030,3,71.1,0.21,168.51,card,CUST_8968,VIP
TXN_202510_016498,2025-10-16,REG_05,STORE_014,EMP_021,PROD_029,4,109.13,0.13,379.77,card,CUST_8846,New
TXN_202510_016499,2025-10-11,REG_06,STORE_018,EMP_006,PROD_040,4,326.93,0.17,1085.41,credit,CUST_2686,Premium
TXN_202510_016500,2025-10-19,REG_09,STORE_027,EMP_025,PROD_030,5,439.7,0.28,1582.92,cash,CUST_7265,VIP
TXN_202510_016501,2025-10-22,REG_06,STORE_017,EMP_006,PROD_034,2,167.32,0.25,250.98,card,CUST_2328,VIP
TXN_202510_016502,2025-10-02,REG_04,STORE_011,EMP_026,PROD_023,5,328.22,0.17,1362.11,cash,CUST_1526,Premium
TXN_202510_016503,2025-10-17,REG_05,STORE_015,EMP_005,PROD_014,3,419.2,0.04,1207.3,card,CUST_3963,Regular
TXN_202510_016504,2025-10-12,REG_06,STORE_018,EMP_006,PROD_041,1,130.48,0.06,122.65,credit,CUST_5763,New
TXN_202510_016505,2025-10-16,REG_07,STORE_020,EMP_007,PROD_039,3,302.41,0.2,725.78,cash,CUST_9188,Premium
TXN_202510_016506,2025-10-12,REG_08,STORE_023,EMP_012,PROD_016,4,422.03,0.06,1586.83,mobile,CUST_4906,New
TXN_202510_016507,2025-10-26,REG_10,STORE_030,EMP_020,PROD_039,5,480.85,0.25,1803.19,card,CUST_9257,Regular
TXN_202510_016508,2025-10-18,REG_04,STORE_010,EMP_030,PROD_006,3,359.09,0.07,1001.86,mobile,CUST_8204,New
TXN_202510_016509,2025-10-16,REG_10,STORE_029,EMP_028,PROD_022,4,10.48,0.17,34.79,card,CUST_8575,New
TXN_202510_016510,2025-10-25,REG_03,STORE_007,EMP_003,PROD_041,2,271.02,0.16,455.31,credit,CUST_6237,Regular
TXN_202510_016511,2025-10-09,REG_08,STORE_024,EMP_023,PROD_008,2,265.28,0.29,376.7,credit,CUST_3695,VIP
TXN_202510_016512,2025-10-24,REG_08,STORE_024,EMP_015,PROD_021,3,55.39,0.13,144.57,card,CUST_9387,VIP
TXN_202510_016513,2025-10-02,REG_02,STORE_004,EMP_002,PROD_047,5,357.11,0.09,1624.85,card,CUST_9773,Premium
TXN_202510_016514,2025-10-22,REG_01,STORE_002,EMP_011,PROD_026,2,191.13,0.2,305.81,credit,CUST_2706,VIP
TXN_202510_016515,2025-10-14,REG_10,STORE_028,EMP_017,PROD_011,3,11.3,0.14,29.15,card,CUST_6890,New
TXN_202510_016516,2025-10-25,REG_08,STORE_023,EMP_015,PROD_050,3,151.75,0.28,327.78,cash,CUST_9662,Regular
TXN_202510_016517,2025-10-25,REG_09,STORE_025,EMP_022,PROD_017,2,308.01,0.25,462.01,mobile,CUST_5915,Premium
TXN_202510_016518,2025-10-28,REG_08,STORE_022,EMP_012,PROD_017,2,267.44,0.17,443.95,card,CUST_6795,VIP
TXN_202510_016519,2025-10-09,REG_02,STORE_004,EMP_002,PROD_013,3,353.24,0.11,943.15,credit,CUST_1213,Premium
TXN_202510_016520,2025-10-09,REG_08,STORE_022,EMP_023,PROD_050,5,481.34,0.27,1756.89,cash,CUST_8815,New
TXN_202510_016521,2025-10-01,REG_03,STORE_008,EMP_003,PROD_005,1,172.44,0.17,143.13,credit,CUST_6638,VIP
TXN_202510_016522,2025-10-20,REG_02,STORE_005,EMP_002,PROD_042,4,373.78,0.13,1300.75,card,CUST_3050,VIP
TXN_202510_016523,2025-10-11,REG_09,STORE_025,EMP_027,PROD_041,5,16.97,0.19,68.73,cash,CUST_5644,New
TXN_202510_016524,2025-10-29,REG_08,STORE_024,EMP_008,PROD_025,3,490.53,0.02,1442.16,card,CUST_2125,VIP
TXN_202510_016525,2025-10-10,REG_10,STORE_029,EMP_028,PROD_032,3,410.36,0.14,1058.73,mobile,CUST_9519,VIP
TXN_202510_016526,2025-10-17,REG_02,STORE_006,EMP_002,PROD_049,5,305.56,0.18,1252.8,mobile,CUST_6991,VIP
TXN_202510_016527,2025-10-26,REG_10,STORE_030,EMP_013,PROD_002,2,448.97,0.15,763.25,mobile,CUST_3118,New
TXN_202510_016528,2025-10-16,REG_01,STORE_003,EMP_019,PROD_027,4,127.52,0.2,408.06,mobile,CUST_8680,Premium
TXN_202510_016529,2025-10-08,REG_08,STORE_024,EMP_008,PROD_028,2,276.43,0.29,392.53,mobile,CUST_4605,Regular
TXN_202510_016530,2025-10-04,REG_02,STORE_004,EMP_002,PROD_011,2,238.18,0.24,362.03,card,CUST_7183,Premium
TXN_202510_016531,2025-10-17,REG_06,STORE_018,EMP_006,PROD_012,4,337.75,0.05,1283.45,cash,CUST_8951,VIP
TXN_202510_016532,2025-10-14,REG_07,STORE_021,EMP_007,PROD_015,2,318.16,0.28,458.15,credit,CUST_5656,Regular
TXN_202510_016533,2025-10-14,REG_01,STORE_003,EMP_018,PROD_025,3,189.07,0.08,521.83,mobile,CUST_1900,VIP
TXN_202510_016534,2025-10-17,REG_10,STORE_029,EMP_020,PROD_021,4,291.02,0.23,896.34,cash,CUST_2616,New
TXN_202510_016535,2025-10-06,REG_03,STORE_008,EMP_014,PROD_021,1,196.71,0.19,159.34,card,CUST_9214,Regular
TXN_202510_016536,2025-10-07,REG_07,STORE_021,EMP_007,PROD_022,2,259.69,0.04,498.6,mobile,CUST_9422,New
TXN_202510_016537,2025-10-21,REG_09,STORE_025,EMP_025,PROD_034,4,108.1,0.28,311.33,credit,CUST_1256,VIP
TXN_202510_016538,2025-10-31,REG_09,STORE_027,EMP_027,PROD_048,2,469.95,0.15,798.91,mobile,CUST_4436,Regular
TXN_202510_016539,2025-10-02,REG_03,STORE_009,EMP_014,PROD_045,2,348.66,0.06,655.48,cash,CUST_8946,VIP
TXN_202510_016540,2025-10-05,REG_08,STORE_023,EMP_008,PROD_044,1,263.83,0.17,218.98,cash,CUST_6020,Premium
TXN_202510_016541,2025-10-05,REG_08,STORE_022,EMP_008,PROD_002,3,408.08,0.12,1077.33,mobile,CUST_6734,Regular
TXN_202510_016542,2025-10-18,REG_09,STORE_026,EMP_025,PROD_045,5,409.5,0.16,1719.9,mobile,CUST_3019,New
TXN_202510_016543,2025-10-23,REG_05,STORE_014,EMP_005,PROD_029,5,252.79,0.3,884.76,cash,CUST_5471,Regular
TXN_202510_016544,2025-10-26,REG_08,STORE_023,EMP_008,PROD_040,5,108.83,0.23,419.0,card,CUST_3347,New
TXN_202510_016545,2025-10-07,REG_08,STORE_024,EMP_023,PROD_036,5,73.11,0.04,350.93,card,CUST_4612,New
TXN_202510_016546,2025-10-15,REG_02,STORE_004,EMP_002,PROD_003,1,159.07,0.17,132.03,mobile,CUST_3164,Premium
TXN_202510_016547,2025-10-31,REG_07,STORE_021,EMP_007,PROD_034,4,35.05,0.18,114.96,card,CUST_4313,Premium
TXN_202510_016548,2025-10-19,REG_06,STORE_017,EMP_006,PROD_034,4,86.11,0.02,337.55,card,CUST_8018,New
TXN_202510_016549,2025-10-04,REG_08,STORE_023,EMP_023,PROD_007,5,192.45,0.07,894.89,cash,CUST_7687,VIP
TXN_202510_016550,2025-10-11,REG_10,STORE_028,EMP_010,PROD_006,3,458.55,0.05,1306.87,card,CUST_6894,Regular
TXN_202510_016551,2025-10-02,REG_07,STORE_020,EMP_007,PROD_003,3,91.49,0.27,200.36,card,CUST_9608,New
TXN_202510_016552,2025-10-16,REG_06,STORE_018,EMP_006,PROD_022,3,26.53,0.24,60.49,cash,CUST_5213,New
TXN_202510_016553,2025-10-12,REG_02,STORE_005,EMP_002,PROD_012,3,410.01,0.16,1033.23,mobile,CUST_5874,VIP
TXN_202510_016554,2025-10-13,REG_03,STORE_009,EMP_003,PROD_005,4,202.86,0.09,738.41,credit,CUST_9239,Premium
TXN_202510_016555,2025-10-28,REG_08,STORE_023,EMP_012,PROD_002,1,346.16,0.11,308.08,cash,CUST_1281,VIP
TXN_202510_016556,2025-10-05,REG_04,STORE_011,EMP_029,PROD_049,5,440.1,0.2,1760.4,mobile,CUST_5903,Regular
TXN_202510_016557,2025-10-08,REG_09,STORE_025,EMP_022,PROD_017,3,16.07,0.3,33.75,mobile,CUST_8656,VIP
TXN_202510_016558,2025-10-06,REG_06,STORE_018,EMP_006,PROD_001,5,482.69,0.23,1858.36,cash,CUST_7576,Regular
TXN_202510_016559,2025-10-26,REG_02,STORE_006,EMP_002,PROD_006,2,387.2,0.18,635.01,mobile,CUST_2510,New
TXN_202510_016560,2025-10-19,REG_02,STORE_005,EMP_002,PROD_016,5,176.52,0.1,794.34,cash,CUST_7615,Regular
TXN_202510_016561,2025-10-22,REG_03,STORE_007,EMP_014,PROD_033,3,308.91,0.01,917.46,mobile,CUST_4159,VIP
TXN_202510_016562,2025-10-07,REG_09,STORE_025,EMP_022,PROD_023,5,22.53,0.29,79.98,credit,CUST_3673,New
TXN_202510_016563,2025-10-14,REG_03,STORE_007,EMP_003,PROD_036,3,66.23,0.3,139.08,card,CUST_4689,VIP
TXN_202510_016564,2025-10-11,REG_06,STORE_016,EMP_006,PROD_007,1,435.01,0.21,343.66,cash,CUST_5108,VIP
TXN_202510_016565,2025-10-06,REG_08,STORE_022,EMP_023,PROD_015,3,360.76,0.1,974.05,credit,CUST_7975,New
TXN_202510_016566,2025-10-11,REG_07,STORE_019,EMP_007,PROD_029,3,328.86,0.04,947.12,credit,CUST_8454,New
TXN_202510_016567,2025-10-12,REG_07,STORE_019,EMP_007,PROD_029,2,131.42,0.23,202.39,card,CUST_9179,New
TXN_202510_016568,2025-10-06,REG_01,STORE_002,EMP_011,PROD_034,2,39.77,0.14,68.4,credit,CUST_9037,VIP
TXN_202510_016569,2025-10-26,REG_08,STORE_022,EMP_023,PROD_017,4,122.99,0.26,364.05,credit,CUST_6622,New
TXN_202510_016570,2025-10-17,REG_05,STORE_015,EMP_021,PROD_031,2,23.05,0.25,34.58,credit,CUST_2543,Premium
TXN_202510_016571,2025-10-28,REG_05,STORE_014,EMP_005,PROD_021,3,164.63,0.15,419.81,cash,CUST_2881,Regular
TXN_202510_016572,2025-10-28,REG_10,STORE_028,EMP_017,PROD_047,2,385.96,0.08,710.17,mobile,CUST_3543,Regular
TXN_202510_016573,2025-10-14,REG_01,STORE_003,EMP_018,PROD_043,3,295.22,0.27,646.53,credit,CUST_6716,New
TXN_202510_016574,2025-10-13,REG_03,STORE_009,EMP_003,PROD_022,5,34.56,0.27,126.14,credit,CUST_7538,New
TXN_202510_016575,2025-10-01,REG_03,STORE_008,EMP_003,PROD_033,3,64.97,0.02,191.01,credit,CUST_7580,New
TXN_202510_016576,2025-10-25,REG_06,STORE_018,EMP_006,PROD_010,1,152.05,0.25,114.04,card,CUST_4558,Premium
TXN_202510_016577,2025-10-27,REG_08,STORE_024,EMP_012,PROD_036,5,412.3,0.0,2061.5,cash,CUST_4400,Regular
TXN_202510_016578,2025-10-13,REG_06,STORE_016,EMP_006,PROD_023,4,286.38,0.18,939.33,mobile,CUST_1802,Regular
TXN_202510_016579,2025-10-15,REG_07,STORE_021,EMP_007,PROD_032,1,394.26,0.19,319.35,mobile,CUST_3021,Premium
TXN_202510_016580,2025-10-23,REG_03,STORE_009,EMP_014,PROD_040,5,240.58,0.3,842.03,mobile,CUST_7472,VIP
TXN_202510_016581,2025-10-19,REG_02,STORE_005,EMP_002,PROD_034,2,362.26,0.03,702.78,cash,CUST_4537,Regular
TXN_202510_016582,2025-10-21,REG_10,STORE_030,EMP_028,PROD_031,3,183.3,0.12,483.91,credit,CUST_8172,Regular
TXN_202510_016583,2025-10-24,REG_02,STORE_006,EMP_002,PROD_007,5,17.49,0.27,63.84,credit,CUST_9093,New
TXN_202510_016584,2025-10-16,REG_06,STORE_018,EMP_006,PROD_050,2,452.43,0.05,859.62,cash,CUST_7846,Premium
TXN_202510_016585,2025-10-17,REG_07,STORE_020,EMP_007,PROD_045,4,39.0,0.12,137.28,cash,CUST_9977,Regular
TXN_202510_016586,2025-10-27,REG_06,STORE_017,EMP_006,PROD_009,2,352.64,0.09,641.8,cash,CUST_3410,VIP
TXN_202510_016587,2025-10-09,REG_04,STORE_011,EMP_029,PROD_038,1,249.24,0.23,191.91,card,CUST_5549,New
TXN_202510_016588,2025-10-27,REG_03,STORE_008,EMP_003,PROD_005,3,335.44,0.05,956.0,credit,CUST_6999,Regular
TXN_202510_016589,2025-10-27,REG_05,STORE_015,EMP_021,PROD_040,5,473.17,0.11,2105.61,cash,CUST_1402,VIP
TXN_202510_016590,2025-10-18,REG_06,STORE_018,EMP_006,PROD_042,1,93.76,0.22,73.13,mobile,CUST_7144,VIP
TXN_202510_016591,2025-10-28,REG_02,STORE_005,EMP_002,PROD_017,5,102.58,0.29,364.16,credit,CUST_6835,New
TXN_202510_016592,2025-10-13,REG_09,STORE_026,EMP_009,PROD_031,2,419.47,0.13,729.88,credit,CUST_3778,New
TXN_202510_016593,2025-10-01,REG_02,STORE_006,EMP_002,PROD_014,4,390.48,0.14,1343.25,card,CUST_5531,Premium
TXN_202510_016594,2025-10-27,REG_08,STORE_023,EMP_008,PROD_027,1,348.85,0.08,320.94,card,CUST_9545,VIP
TXN_202510_016595,2025-10-21,REG_10,STORE_028,EMP_017,PROD_011,2,31.3,0.23,48.2,cash,CUST_3455,Premium
TXN_202510_016596,2025-10-06,REG_02,STORE_006,EMP_002,PROD_049,4,310.1,0.29,880.68,card,CUST_2120,Premium
TXN_202510_016597,2025-10-04,REG_07,STORE_019,EMP_007,PROD_011,2,233.14,0.03,452.29,card,CUST_5144,New
TXN_202510_016598,2025-10-01,REG_05,STORE_013,EMP_005,PROD_013,4,405.09,0.01,1604.16,mobile,CUST_5131,New
TXN_202510_016599,2025-10-09,REG_07,STORE_019,EMP_007,PROD_034,4,168.02,0.24,510.78,cash,CUST_8106,Regular
TXN_202510_016600,2025-10-22,REG_06,STORE_017,EMP_006,PROD_016,2,67.76,0.2,108.42,credit,CUST_5612,Premium
TXN_202510_016601,2025-10-01,REG_01,STORE_001,EMP_019,PROD_027,4,433.82,0.03,1683.22,mobile,CUST_9460,New
TXN_202510_016602,2025-10-23,REG_01,STORE_003,EMP_011,PROD_037,4,303.69,0.26,898.92,mobile,CUST_9389,Regular
TXN_202510_016603,2025-10-05,REG_03,STORE_007,EMP_014,PROD_029,3,402.41,0.12,1062.36,mobile,CUST_3661,New
TXN_202510_016604,2025-10-25,REG_04,STORE_011,EMP_004,PROD_015,5,400.99,0.13,1744.31,credit,CUST_1902,Premium
TXN_202510_016605,2025-10-03,REG_05,STORE_014,EMP_005,PROD_045,2,296.08,0.26,438.2,cash,CUST_1378,Regular
TXN_202510_016606,2025-10-14,REG_08,STORE_022,EMP_008,PROD_029,2,216.34,0.16,363.45,cash,CUST_7048,VIP
TXN_202510_016607,2025-10-10,REG_06,STORE_017,EMP_006,PROD_047,1,482.86,0.14,415.26,mobile,CUST_2802,VIP
TXN_202510_016608,2025-10-26,REG_02,STORE_006,EMP_002,PROD_042,4,133.36,0.04,512.1,credit,CUST_8091,Regular
TXN_202510_016609,2025-10-05,REG_08,STORE_022,EMP_023,PROD_042,3,73.62,0.07,205.4,credit,CUST_8123,Premium
TXN_202510_016610,2025-10-28,REG_05,STORE_015,EMP_005,PROD_014,3,497.42,0.1,1343.03,credit,CUST_6758,New
TXN_202510_016611,2025-10-31,REG_04,STORE_011,EMP_026,PROD_039,2,21.23,0.22,33.12,cash,CUST_4343,VIP
TXN_202510_016612,2025-10-18,REG_07,STORE_020,EMP_007,PROD_045,4,280.09,0.05,1064.34,cash,CUST_6348,Regular
TXN_202510_016613,2025-10-04,REG_07,STORE_020,EMP_007,PROD_027,5,324.2,0.13,1410.27,cash,CUST_9044,New
TXN_202510_016614,2025-10-13,REG_08,STORE_022,EMP_015,PROD_002,2,46.08,0.08,84.79,credit,CUST_3246,Premium
TXN_202510_016615,2025-10-19,REG_06,STORE_018,EMP_006,PROD_042,5,97.61,0.03,473.41,mobile,CUST_1606,VIP
TXN_202510_016616,2025-10-24,REG_06,STORE_016,EMP_006,PROD_012,2,72.15,0.27,105.34,credit,CUST_3215,New
TXN_202510_016617,2025-10-18,REG_07,STORE_020,EMP_007,PROD_042,4,192.18,0.0,768.72,cash,CUST_5427,Regular
TXN_202510_016618,2025-10-19,REG_01,STORE_003,EMP_011,PROD_045,1,69.38,0.28,49.95,credit,CUST_3122,Premium
TXN_202510_016619,2025-10-24,REG_03,STORE_008,EMP_014,PROD_018,5,46.87,0.21,185.14,mobile,CUST_2222,Regular
TXN_202510_016620,2025-10-30,REG_04,STORE_010,EMP_024,PROD_004,5,199.37,0.01,986.88,mobile,CUST_9244,Regular
TXN_202510_016621,2025-10-23,REG_08,STORE_023,EMP_015,PROD_024,2,13.61,0.12,23.95,mobile,CUST_5569,Regular
TXN_202510_016622,2025-10-13,REG_02,STORE_006,EMP_002,PROD_020,3,161.02,0.12,425.09,mobile,CUST_8031,Premium
TXN_202510_016623,2025-10-25,REG_02,STORE_005,EMP_002,PROD_046,2,455.73,0.06,856.77,cash,CUST_5919,New
TXN_202510_016624,2025-10-01,REG_07,STORE_020,EMP_007,PROD_040,3,471.16,0.3,989.44,mobile,CUST_1337,Premium
TXN_202510_016625,2025-10-11,REG_03,STORE_008,EMP_014,PROD_009,5,107.21,0.27,391.32,cash,CUST_1229,Regular
TXN_202510_016626,2025-10-03,REG_04,STORE_010,EMP_029,PROD_010,1,239.0,0.15,203.15,cash,CUST_3847,VIP
TXN_202510_016627,2025-10-11,REG_01,STORE_002,EMP_011,PROD_049,5,277.31,0.05,1317.22,card,CUST_1237,New
TXN_202510_016628,2025-10-20,REG_07,STORE_020,EMP_007,PROD_014,4,136.65,0.04,524.74,cash,CUST_7529,Regular
TXN_202510_016629,2025-10-18,REG_01,STORE_003,EMP_018,PROD_044,1,86.54,0.11,77.02,credit,CUST_2913,New
TXN_202510_016630,2025-10-20,REG_09,STORE_026,EMP_027,PROD_012,4,415.36,0.26,1229.47,mobile,CUST_9134,VIP
TXN_202510_016631,2025-10-24,REG_02,STORE_004,EMP_002,PROD_039,4,353.25,0.19,1144.53,card,CUST_3564,New
TXN_202510_016632,2025-10-11,REG_08,STORE_022,EMP_015,PROD_003,4,189.86,0.07,706.28,card,CUST_2881,Premium
TXN_202510_016633,2025-10-28,REG_01,STORE_001,EMP_018,PROD_050,4,35.06,0.27,102.38,mobile,CUST_8080,New
TXN_202510_016634,2025-10-02,REG_07,STORE_019,EMP_007,PROD_030,1,420.59,0.14,361.71,card,CUST_1123,Regular
TXN_202510_016635,2025-10-21,REG_01,STORE_002,EMP_018,PROD_009,3,259.3,0.1,700.11,card,CUST_7511,VIP
TXN_202510_016636,2025-10-15,REG_07,STORE_019,EMP_007,PROD_023,5,190.75,0.26,705.77,card,CUST_4059,New
TXN_202510_016637,2025-10-24,REG_10,STORE_030,EMP_010,PROD_044,3,374.61,0.25,842.87,cash,CUST_3049,Premium
TXN_202510_016638,2025-10-15,REG_02,STORE_005,EMP_002,PROD_023,1,58.63,0.13,51.01,card,CUST_3670,VIP
TXN_202510_016639,2025-10-24,REG_06,STORE_016,EMP_006,PROD_009,4,226.12,0.08,832.12,card,CUST_8263,VIP
TXN_202510_016640,2025-10-15,REG_02,STORE_006,EMP_002,PROD_042,3,207.13,0.1,559.25,mobile,CUST_1654,VIP
TXN_202510_016641,2025-10-30,REG_08,STORE_023,EMP_023,PROD_037,5,123.53,0.27,450.88,card,CUST_2970,VIP
TXN_202510_016642,2025-10-15,REG_09,STORE_025,EMP_027,PROD_020,4,239.71,0.17,795.84,credit,CUST_2337,Regular
TXN_202510_016643,2025-10-26,REG_08,STORE_022,EMP_023,PROD_047,4,19.37,0.06,72.83,card,CUST_2509,New
TXN_202510_016644,2025-10-06,REG_06,STORE_017,EMP_006,PROD_006,3,441.48,0.09,1205.24,cash,CUST_4406,Regular
TXN_202510_016645,2025-10-06,REG_01,STORE_002,EMP_001,PROD_011,1,225.45,0.11,200.65,mobile,CUST_3649,VIP
TXN_202510_016646,2025-10-13,REG_02,STORE_005,EMP_002,PROD_034,3,373.26,0.03,1086.19,card,CUST_2500,VIP
TXN_202510_016647,2025-10-18,REG_03,STORE_008,EMP_003,PROD_045,3,169.33,0.21,401.31,mobile,CUST_4145,Regular
TXN_202510_016648,2025-10-09,REG_10,STORE_030,EMP_028,PROD_048,4,95.23,0.06,358.06,mobile,CUST_7309,VIP
TXN_202510_016649,2025-10-14,REG_03,STORE_008,EMP_003,PROD_048,1,421.48,0.09,383.55,card,CUST_3690,VIP
TXN_202510_016650,2025-10-23,REG_08,STORE_023,EMP_012,PROD_001,2,216.04,0.23,332.7,card,CUST_8963,Premium
TXN_202510_016651,2025-10-05,REG_10,STORE_029,EMP_020,PROD_030,3,134.24,0.02,394.67,credit,CUST_1077,VIP
TXN_202510_016652,2025-10-30,REG_05,STORE_013,EMP_005,PROD_013,2,247.51,0.16,415.82,card,CUST_3730,New
TXN_202510_016653,2025-10-22,REG_06,STORE_017,EMP_006,PROD_023,4,105.54,0.2,337.73,card,CUST_5990,New
TXN_202510_016654,2025-10-02,REG_06,STORE_017,EMP_006,PROD_017,2,249.39,0.18,409.0,card,CUST_7800,VIP
TXN_202510_016655,2025-10-14,REG_06,STORE_017,EMP_006,PROD_014,1,145.84,0.14,125.42,cash,CUST_5291,Premium
TXN_202510_016656,2025-10-16,REG_09,STORE_027,EMP_022,PROD_011,3,422.56,0.13,1102.88,cash,CUST_6866,Regular
TXN_202510_016657,2025-10-17,REG_05,STORE_014,EMP_005,PROD_025,5,343.21,0.25,1287.04,card,CUST_8435,New
TXN_202510_016658,2025-10-15,REG_09,STORE_026,EMP_027,PROD_010,3,375.07,0.08,1035.19,cash,CUST_8633,VIP
TXN_202510_016659,2025-10-22,REG_03,STORE_009,EMP_003,PROD_020,1,485.27,0.14,417.33,mobile,CUST_5629,Regular
TXN_202510_016660,2025-10-16,REG_10,STORE_030,EMP_017,PROD_035,2,307.13,0.28,442.27,credit,CUST_7764,New
TXN_202510_016661,2025-10-07,REG_05,STORE_013,EMP_021,PROD_010,1,219.67,0.1,197.7,mobile,CUST_5894,VIP
TXN_202510_016662,2025-10-03,REG_01,STORE_003,EMP_001,PROD_040,2,82.0,0.05,155.8,cash,CUST_6516,Premium
TXN_202510_016663,2025-10-14,REG_06,STORE_017,EMP_006,PROD_017,5,36.97,0.28,133.09,mobile,CUST_8694,VIP
TXN_202510_016664,2025-10-03,REG_06,STORE_017,EMP_006,PROD_050,2,213.93,0.02,419.3,credit,CUST_2800,VIP
TXN_202510_016665,2025-10-15,REG_02,STORE_005,EMP_002,PROD_020,2,353.4,0.06,664.39,cash,CUST_8706,Regular
TXN_202510_016666,2025-10-14,REG_06,STORE_018,EMP_006,PROD_039,3,178.12,0.24,406.11,card,CUST_9486,VIP
TXN_202510_016667,2025-10-19,REG_07,STORE_020,EMP_007,PROD_013,4,308.26,0.13,1072.74,cash,CUST_5110,Premium
TXN_202510_016668,2025-10-16,REG_09,STORE_027,EMP_025,PROD_044,3,404.84,0.2,971.62,mobile,CUST_2247,VIP
TXN_202510_016669,2025-10-07,REG_04,STORE_010,EMP_016,PROD_039,1,30.84,0.01,30.53,mobile,CUST_7996,New
TXN_202510_016670,2025-10-10,REG_03,STORE_008,EMP_014,PROD_009,5,125.94,0.23,484.87,mobile,CUST_9680,Premium
TXN_202510_016671,2025-10-14,REG_01,STORE_001,EMP_011,PROD_043,2,308.21,0.1,554.78,card,CUST_9263,Premium
TXN_202510_016672,2025-10-20,REG_09,STORE_027,EMP_027,PROD_030,2,191.53,0.02,375.4,cash,CUST_3733,New
TXN_202510_016673,2025-10-19,REG_02,STORE_004,EMP_002,PROD_050,1,496.39,0.11,441.79,card,CUST_1846,New
TXN_202510_016674,2025-10-28,REG_05,STORE_015,EMP_005,PROD_025,2,300.43,0.18,492.71,credit,CUST_7817,VIP
TXN_202510_016675,2025-10-18,REG_08,STORE_024,EMP_008,PROD_018,3,221.52,0.27,485.13,cash,CUST_5425,New
TXN_202510_016676,2025-10-25,REG_06,STORE_017,EMP_006,PROD_042,4,55.05,0.21,173.96,mobile,CUST_6793,New
TXN_202510_016677,2025-10-24,REG_03,STORE_008,EMP_014,PROD_016,4,48.88,0.3,136.86,card,CUST_6375,Regular
TXN_202510_016678,2025-10-01,REG_03,STORE_008,EMP_014,PROD_003,1,368.68,0.2,294.94,mobile,CUST_8015,VIP
TXN_202510_016679,2025-10-29,REG_04,STORE_011,EMP_024,PROD_004,1,450.87,0.23,347.17,card,CUST_6152,Premium
TXN_202510_016680,2025-10-06,REG_09,STORE_025,EMP_027,PROD_026,1,122.64,0.02,120.19,cash,CUST_8851,Premium
TXN_202510_016681,2025-10-14,REG_04,STORE_012,EMP_024,PROD_005,5,366.47,0.17,1520.85,card,CUST_7448,VIP
TXN_202510_016682,2025-10-12,REG_07,STORE_019,EMP_007,PROD_033,2,403.48,0.11,718.19,credit,CUST_5031,New
TXN_202510_016683,2025-10-13,REG_05,STORE_014,EMP_021,PROD_031,4,46.33,0.27,135.28,mobile,CUST_9505,New
TXN_202510_016684,2025-10-22,REG_09,STORE_025,EMP_009,PROD_006,1,306.11,0.2,244.89,mobile,CUST_9936,Regular
TXN_202510_016685,2025-10-27,REG_02,STORE_005,EMP_002,PROD_021,1,407.74,0.25,305.81,cash,CUST_5000,Regular
TXN_202510_016686,2025-10-31,REG_04,STORE_012,EMP_004,PROD_024,4,175.56,0.26,519.66,mobile,CUST_7002,Premium
TXN_202510_016687,2025-10-06,REG_10,STORE_028,EMP_010,PROD_044,1,151.09,0.13,131.45,mobile,CUST_8026,New
TXN_202510_016688,2025-10-21,REG_04,STORE_010,EMP_026,PROD_008,3,61.79,0.03,179.81,mobile,CUST_2305,Premium
TXN_202510_016689,2025-10-10,REG_03,STORE_008,EMP_003,PROD_001,3,350.69,0.07,978.43,credit,CUST_3222,New
TXN_202510_016690,2025-10-20,REG_08,STORE_022,EMP_015,PROD_007,1,113.59,0.24,86.33,mobile,CUST_9389,New
TXN_202510_016691,2025-10-09,REG_07,STORE_021,EMP_007,PROD_041,3,153.43,0.26,340.61,credit,CUST_1185,VIP
TXN_202510_016692,2025-10-28,REG_07,STORE_020,EMP_007,PROD_024,4,462.42,0.0,1849.68,card,CUST_1651,VIP
TXN_202510_016693,2025-10-03,REG_06,STORE_018,EMP_006,PROD_017,5,43.12,0.3,150.92,cash,CUST_8529,Premium
TXN_202510_016694,2025-10-31,REG_10,STORE_029,EMP_010,PROD_043,4,314.36,0.2,1005.95,credit,CUST_5697,VIP
TXN_202510_016695,2025-10-09,REG_05,STORE_014,EMP_005,PROD_003,2,221.84,0.2,354.94,card,CUST_6102,Regular
TXN_202510_016696,2025-10-15,REG_05,STORE_014,EMP_005,PROD_048,5,154.42,0.14,664.01,cash,CUST_6160,Premium
TXN_202510_016697,2025-10-19,REG_01,STORE_002,EMP_018,PROD_036,3,491.41,0.09,1341.55,mobile,CUST_7668,Premium
TXN_202510_016698,2025-10-05,REG_07,STORE_021,EMP_007,PROD_032,5,421.86,0.08,1940.56,mobile,CUST_2404,New
TXN_202510_016699,2025-10-13,REG_05,STORE_014,EMP_021,PROD_012,5,69.93,0.04,335.66,card,CUST_9343,New
TXN_202510_016700,2025-10-05,REG_07,STORE_021,EMP_007,PROD_024,2,33.67,0.09,61.28,credit,CUST_9589,VIP
TXN_202510_016701,2025-10-23,REG_04,STORE_012,EMP_026,PROD_024,2,173.92,0.14,299.14,mobile,CUST_7378,VIP
TXN_202510_016702,2025-10-12,REG_04,STORE_012,EMP_030,PROD_011,3,145.81,0.13,380.56,mobile,CUST_4799,VIP
TXN_202510_016703,2025-10-05,REG_10,STORE_029,EMP_010,PROD_049,1,434.53,0.26,321.55,mobile,CUST_2951,Premium
TXN_202510_016704,2025-10-25,REG_05,STORE_013,EMP_021,PROD_039,1,356.28,0.06,334.9,credit,CUST_3187,VIP
TXN_202510_016705,2025-10-30,REG_08,STORE_022,EMP_008,PROD_048,1,137.2,0.03,133.08,mobile,CUST_6363,New
TXN_202510_016706,2025-10-23,REG_10,STORE_028,EMP_028,PROD_007,5,137.02,0.2,548.08,credit,CUST_5620,New
TXN_202510_016707,2025-10-21,REG_04,STORE_011,EMP_024,PROD_025,5,11.67,0.15,49.6,cash,CUST_8593,New
TXN_202510_016708,2025-10-30,REG_10,STORE_030,EMP_010,PROD_007,5,335.12,0.17,1390.75,credit,CUST_3024,Regular
TXN_202510_016709,2025-10-03,REG_10,STORE_029,EMP_010,PROD_045,5,473.96,0.24,1801.05,credit,CUST_3637,Regular
TXN_202510_016710,2025-10-29,REG_09,STORE_026,EMP_022,PROD_002,5,355.0,0.25,1331.25,credit,CUST_2399,Regular
TXN_202510_016711,2025-10-08,REG_07,STORE_019,EMP_007,PROD_033,1,48.37,0.12,42.57,credit,CUST_8479,VIP
TXN_202510_016712,2025-10-16,REG_03,STORE_007,EMP_014,PROD_033,3,111.73,0.23,258.1,card,CUST_2499,New
TXN_202510_016713,2025-10-23,REG_10,STORE_028,EMP_010,PROD_035,2,445.71,0.06,837.93,card,CUST_5430,Regular
TXN_202510_016714,2025-10-14,REG_05,STORE_014,EMP_021,PROD_040,5,245.0,0.3,857.5,cash,CUST_9086,Regular
TXN_202510_016715,2025-10-14,REG_07,STORE_020,EMP_007,PROD_014,5,315.87,0.03,1531.97,cash,CUST_2593,New
TXN_202510_016716,2025-10-23,REG_09,STORE_026,EMP_027,PROD_017,3,126.33,0.15,322.14,mobile,CUST_1305,Premium
TXN_202510_016717,2025-10-26,REG_01,STORE_002,EMP_018,PROD_021,4,144.19,0.16,484.48,card,CUST_6016,Premium
TXN_202510_016718,2025-10-12,REG_04,STORE_010,EMP_004,PROD_029,3,413.26,0.09,1128.2,cash,CUST_9961,New
TXN_202510_016719,2025-10-21,REG_05,STORE_013,EMP_005,PROD_025,1,176.59,0.08,162.46,card,CUST_5060,VIP
TXN_202510_016720,2025-10-11,REG_10,STORE_028,EMP_028,PROD_028,5,381.73,0.15,1622.35,card,CUST_6741,Regular
TXN_202510_016721,2025-10-29,REG_09,STORE_026,EMP_027,PROD_010,3,181.85,0.14,469.17,mobile,CUST_1172,Premium
TXN_202510_016722,2025-10-21,REG_02,STORE_006,EMP_002,PROD_010,4,493.51,0.09,1796.38,mobile,CUST_3003,Regular
TXN_202510_016723,2025-10-16,REG_02,STORE_006,EMP_002,PROD_041,4,342.15,0.24,1040.14,cash,CUST_6848,VIP
TXN_202510_016724,2025-10-02,REG_01,STORE_003,EMP_019,PROD_005,3,48.84,0.06,137.73,mobile,CUST_9467,VIP
TXN_202510_016725,2025-10-26,REG_03,STORE_007,EMP_014,PROD_027,1,368.1,0.24,279.76,card,CUST_6957,VIP
TXN_202510_016726,2025-10-24,REG_01,STORE_003,EMP_001,PROD_022,4,208.5,0.07,775.62,credit,CUST_4129,Regular
TXN_202510_016727,2025-10-14,REG_10,STORE_030,EMP_013,PROD_002,4,462.02,0.26,1367.58,credit,CUST_3134,New
TXN_202510_016728,2025-10-30,REG_09,STORE_026,EMP_025,PROD_044,2,311.6,0.26,461.17,cash,CUST_2770,VIP
TXN_202510_016729,2025-10-26,REG_09,STORE_025,EMP_009,PROD_026,3,421.94,0.19,1025.31,cash,CUST_3790,Regular
TXN_202510_016730,2025-10-13,REG_08,STORE_022,EMP_023,PROD_004,1,61.61,0.02,60.38,mobile,CUST_3150,New
TXN_202510_016731,2025-10-13,REG_03,STORE_008,EMP_003,PROD_011,2,494.76,0.08,910.36,mobile,CUST_7052,Regular
TXN_202510_016732,2025-10-16,REG_04,STORE_010,EMP_024,PROD_008,5,380.61,0.16,1598.56,mobile,CUST_4385,VIP
TXN_202510_016733,2025-10-29,REG_05,STORE_013,EMP_021,PROD_013,4,83.24,0.29,236.4,cash,CUST_6956,New
TXN_202510_016734,2025-10-30,REG_06,STORE_018,EMP_006,PROD_046,1,82.46,0.16,69.27,cash,CUST_1952,VIP
TXN_202510_016735,2025-10-15,REG_07,STORE_020,EMP_007,PROD_021,2,88.05,0.21,139.12,credit,CUST_7389,New
TXN_202510_016736,2025-10-25,REG_09,STORE_026,EMP_027,PROD_047,5,417.38,0.08,1919.95,mobile,CUST_8136,Regular
TXN_202510_016737,2025-10-25,REG_04,STORE_010,EMP_004,PROD_013,5,310.23,0.14,1333.99,card,CUST_7036,New
TXN_202510_016738,2025-10-25,REG_10,STORE_030,EMP_020,PROD_018,2,172.91,0.24,262.82,card,CUST_3986,Premium
TXN_202510_016739,2025-10-21,REG_10,STORE_028,EMP_020,PROD_002,1,21.26,0.12,18.71,cash,CUST_2005,New
TXN_202510_016740,2025-10-24,REG_09,STORE_027,EMP_025,PROD_018,2,25.11,0.16,42.18,card,CUST_8390,Regular
TXN_202510_016741,2025-10-17,REG_01,STORE_002,EMP_018,PROD_013,3,242.31,0.06,683.31,card,CUST_3731,New
TXN_202510_016742,2025-10-08,REG_01,STORE_001,EMP_011,PROD_010,1,387.65,0.17,321.75,credit,CUST_9612,VIP
TXN_202510_016743,2025-10-12,REG_04,STORE_010,EMP_026,PROD_021,1,379.52,0.24,288.44,cash,CUST_5098,New
TXN_202510_016744,2025-10-03,REG_04,STORE_010,EMP_030,PROD_016,5,65.28,0.02,319.87,mobile,CUST_2769,VIP
TXN_202510_016745,2025-10-03,REG_03,STORE_008,EMP_003,PROD_026,1,457.39,0.24,347.62,mobile,CUST_4715,Premium
TXN_202510_016746,2025-10-02,REG_08,STORE_022,EMP_012,PROD_020,1,148.16,0.28,106.68,cash,CUST_4258,Premium
TXN_202510_016747,2025-10-04,REG_09,STORE_027,EMP_027,PROD_034,2,223.12,0.14,383.77,cash,CUST_5049,VIP
TXN_202510_016748,2025-10-03,REG_04,STORE_012,EMP_029,PROD_050,3,17.7,0.15,45.13,mobile,CUST_7704,VIP
TXN_202510_016749,2025-10-14,REG_08,STORE_024,EMP_015,PROD_037,4,165.06,0.28,475.37,credit,CUST_3675,New
TXN_202510_016750,2025-10-13,REG_10,STORE_028,EMP_013,PROD_028,4,115.22,0.17,382.53,cash,CUST_4390,VIP
TXN_202510_016751,2025-10-30,REG_01,STORE_001,EMP_001,PROD_011,5,295.36,0.03,1432.5,credit,CUST_7623,VIP
TXN_202510_016752,2025-10-24,REG_07,STORE_020,EMP_007,PROD_015,5,261.98,0.24,995.52,cash,CUST_3761,VIP
TXN_202510_016753,2025-10-17,REG_03,STORE_008,EMP_014,PROD_022,2,190.5,0.06,358.14,mobile,CUST_9396,VIP
TXN_202510_016754,2025-10-31,REG_10,STORE_029,EMP_013,PROD_006,1,188.03,0.09,171.11,cash,CUST_9377,VIP
TXN_202510_016755,2025-10-11,REG_09,STORE_027,EMP_009,PROD_019,1,303.7,0.16,255.11,mobile,CUST_5462,New
TXN_202510_016756,2025-10-20,REG_03,STORE_009,EMP_003,PROD_012,2,88.47,0.02,173.4,credit,CUST_2623,Premium
TXN_202510_016757,2025-10-29,REG_05,STORE_014,EMP_021,PROD_003,5,490.01,0.2,1960.04,mobile,CUST_3237,Premium
TXN_202510_016758,2025-10-14,REG_07,STORE_020,EMP_007,PROD_028,3,257.19,0.01,763.85,mobile,CUST_7199,VIP
TXN_202510_016759,2025-10-21,REG_01,STORE_002,EMP_018,PROD_049,3,491.59,0.05,1401.03,credit,CUST_6356,New
TXN_202510_016760,2025-10-02,REG_07,STORE_019,EMP_007,PROD_043,1,59.24,0.05,56.28,mobile,CUST_4445,Regular
TXN_202510_016761,2025-10-19,REG_10,STORE_029,EMP_013,PROD_020,4,214.73,0.12,755.85,cash,CUST_3686,Premium
TXN_202510_016762,2025-10-05,REG_03,STORE_009,EMP_014,PROD_004,2,196.54,0.05,373.43,mobile,CUST_1263,New
TXN_202510_016763,2025-10-14,REG_01,STORE_003,EMP_011,PROD_035,5,415.62,0.18,1704.04,credit,CUST_9345,New
TXN_202510_016764,2025-10-01,REG_04,STORE_011,EMP_016,PROD_015,2,114.23,0.21,180.48,credit,CUST_7476,Regular
TXN_202510_016765,2025-10-19,REG_07,STORE_021,EMP_007,PROD_019,3,259.4,0.25,583.65,card,CUST_3168,Regular
TXN_202510_016766,2025-10-25,REG_10,STORE_029,EMP_010,PROD_029,3,370.89,0.05,1057.04,mobile,CUST_2639,VIP
TXN_202510_016767,2025-10-14,REG_03,STORE_009,EMP_014,PROD_032,3,461.62,0.29,983.25,credit,CUST_6964,New
TXN_202510_016768,2025-10-12,REG_08,STORE_024,EMP_015,PROD_038,4,45.11,0.23,138.94,cash,CUST_7934,New
TXN_202510_016769,2025-10-17,REG_06,STORE_017,EMP_006,PROD_018,2,148.17,0.19,240.04,mobile,CUST_2658,Premium
TXN_202510_016770,2025-10-16,REG_09,STORE_027,EMP_027,PROD_016,2,63.14,0.19,102.29,mobile,CUST_5572,New
TXN_202510_016771,2025-10-03,REG_08,STORE_022,EMP_012,PROD_042,1,26.34,0.29,18.7,cash,CUST_1985,New
TXN_202510_016772,2025-10-07,REG_01,STORE_001,EMP_011,PROD_042,1,292.22,0.05,277.61,cash,CUST_4904,Premium
TXN_202510_016773,2025-10-29,REG_01,STORE_003,EMP_018,PROD_033,4,345.35,0.1,1243.26,mobile,CUST_7605,Regular
TXN_202510_016774,2025-10-07,REG_05,STORE_013,EMP_021,PROD_021,3,237.67,0.04,684.49,card,CUST_4438,New
TXN_202510_016775,2025-10-11,REG_10,STORE_030,EMP_013,PROD_001,2,126.53,0.29,179.67,mobile,CUST_1533,VIP
TXN_202510_016776,2025-10-17,REG_06,STORE_017,EMP_006,PROD_045,2,32.1,0.13,55.85,card,CUST_6444,Premium
TXN_202510_016777,2025-10-25,REG_08,STORE_022,EMP_008,PROD_048,3,488.75,0.03,1422.26,mobile,CUST_6273,Regular
TXN_202510_016778,2025-10-27,REG_02,STORE_006,EMP_002,PROD_033,2,263.26,0.05,500.19,card,CUST_9041,Premium
TXN_202510_016779,2025-10-31,REG_09,STORE_026,EMP_009,PROD_031,1,206.69,0.01,204.62,card,CUST_4818,VIP
TXN_202510_016780,2025-10-15,REG_03,STORE_009,EMP_003,PROD_050,5,335.43,0.15,1425.58,card,CUST_9927,New
TXN_202510_016781,2025-10-31,REG_07,STORE_020,EMP_007,PROD_005,1,116.54,0.15,99.06,credit,CUST_5806,New
TXN_202510_016782,2025-10-21,REG_03,STORE_007,EMP_003,PROD_005,2,147.0,0.17,244.02,mobile,CUST_3502,Premium
TXN_202510_016783,2025-10-23,REG_04,STORE_011,EMP_016,PROD_012,4,10.67,0.03,41.4,card,CUST_6316,VIP
TXN_202510_016784,2025-10-27,REG_10,STORE_029,EMP_020,PROD_031,4,277.94,0.04,1067.29,card,CUST_8529,Regular
TXN_202510_016785,2025-10-31,REG_07,STORE_020,EMP_007,PROD_012,4,459.36,0.13,1598.57,mobile,CUST_6427,New
TXN_202510_016786,2025-10-13,REG_09,STORE_026,EMP_022,PROD_011,2,11.87,0.06,22.32,credit,CUST_2485,Premium
TXN_202510_016787,2025-10-05,REG_02,STORE_005,EMP_002,PROD_027,4,265.33,0.12,933.96,credit,CUST_2829,Regular
TXN_202510_016788,2025-10-04,REG_05,STORE_013,EMP_021,PROD_036,3,343.2,0.08,947.23,cash,CUST_2648,Regular
TXN_202510_016789,2025-10-28,REG_01,STORE_002,EMP_019,PROD_040,1,176.93,0.06,166.31,cash,CUST_7246,New
TXN_202510_016790,2025-10-03,REG_08,STORE_023,EMP_008,PROD_026,1,362.33,0.28,260.88,cash,CUST_5970,New
TXN_202510_016791,2025-10-26,REG_05,STORE_013,EMP_021,PROD_028,1,329.38,0.09,299.74,mobile,CUST_5920,Premium
TXN_202510_016792,2025-10-04,REG_03,STORE_007,EMP_003,PROD_013,5,393.64,0.07,1830.43,cash,CUST_6110,New
TXN_202510_016793,2025-10-09,REG_03,STORE_007,EMP_003,PROD_014,2,187.52,0.29,266.28,mobile,CUST_7901,Regular
TXN_202510_016794,2025-10-19,REG_05,STORE_013,EMP_005,PROD_034,3,171.76,0.22,401.92,card,CUST_6287,Regular
TXN_202510_016795,2025-10-26,REG_10,STORE_029,EMP_010,PROD_003,1,348.02,0.09,316.7,card,CUST_8365,New
TXN_202510_016796,2025-10-11,REG_09,STORE_027,EMP_022,PROD_036,2,431.95,0.07,803.43,credit,CUST_8070,New
TXN_202510_016797,2025-10-18,REG_07,STORE_019,EMP_007,PROD_035,1,212.77,0.18,174.47,cash,CUST_2971,Premium
TXN_202510_016798,2025-10-30,REG_01,STORE_001,EMP_018,PROD_016,4,34.87,0.03,135.3,mobile,CUST_7094,Regular
TXN_202510_016799,2025-10-07,REG_10,STORE_030,EMP_017,PROD_028,5,287.9,0.25,1079.62,cash,CUST_9631,Regular
TXN_202510_016800,2025-10-08,REG_06,STORE_016,EMP_006,PROD_027,2,397.02,0.25,595.53,mobile,CUST_2697,Premium
TXN_202510_016801,2025-10-11,REG_04,STORE_011,EMP_026,PROD_019,5,214.84,0.08,988.26,credit,CUST_2337,Premium
TXN_202510_016802,2025-10-29,REG_10,STORE_028,EMP_017,PROD_013,4,361.9,0.01,1433.12,cash,CUST_2912,Regular
TXN_202510_016803,2025-10-11,REG_06,STORE_017,EMP_006,PROD_031,4,41.33,0.04,158.71,mobile,CUST_4760,Regular
TXN_202510_016804,2025-10-04,REG_09,STORE_025,EMP_022,PROD_017,2,39.54,0.01,78.29,card,CUST_8206,New
TXN_202510_016805,2025-10-16,REG_08,STORE_024,EMP_012,PROD_021,5,90.74,0.17,376.57,credit,CUST_7908,New
TXN_202510_016806,2025-10-13,REG_05,STORE_014,EMP_005,PROD_031,5,393.0,0.09,1788.15,mobile,CUST_8621,Regular
TXN_202510_016807,2025-10-29,REG_03,STORE_008,EMP_014,PROD_034,1,432.84,0.22,337.62,card,CUST_2682,VIP
TXN_202510_016808,2025-10-21,REG_06,STORE_017,EMP_006,PROD_040,3,77.64,0.05,221.27,credit,CUST_1590,VIP
TXN_202510_016809,2025-10-19,REG_07,STORE_020,EMP_007,PROD_014,1,179.01,0.29,127.1,card,CUST_8326,VIP
TXN_202510_016810,2025-10-17,REG_08,STORE_023,EMP_023,PROD_001,3,209.58,0.28,452.69,mobile,CUST_6844,Regular
TXN_202510_016811,2025-10-15,REG_02,STORE_004,EMP_002,PROD_021,4,338.2,0.3,946.96,card,CUST_6818,VIP
TXN_202510_016812,2025-10-31,REG_03,STORE_008,EMP_003,PROD_015,1,291.16,0.05,276.6,cash,CUST_2998,VIP
TXN_202510_016813,2025-10-11,REG_02,STORE_006,EMP_002,PROD_034,3,90.58,0.19,220.11,credit,CUST_4071,New
TXN_202510_016814,2025-10-10,REG_03,STORE_008,EMP_003,PROD_023,3,179.18,0.1,483.79,credit,CUST_8324,New
TXN_202510_016815,2025-10-20,REG_04,STORE_011,EMP_026,PROD_020,5,158.96,0.1,715.32,credit,CUST_4957,Regular
TXN_202510_016816,2025-10-13,REG_10,STORE_030,EMP_013,PROD_010,1,372.84,0.27,272.17,mobile,CUST_8644,New
TXN_202510_016817,2025-10-14,REG_08,STORE_024,EMP_023,PROD_033,4,224.91,0.13,782.69,mobile,CUST_2786,VIP
TXN_202510_016818,2025-10-26,REG_10,STORE_029,EMP_010,PROD_009,5,332.97,0.01,1648.2,credit,CUST_3631,New
TXN_202510_016819,2025-10-02,REG_04,STORE_010,EMP_030,PROD_040,1,470.96,0.06,442.7,cash,CUST_3442,New
TXN_202510_016820,2025-10-24,REG_05,STORE_013,EMP_005,PROD_031,1,142.52,0.21,112.59,cash,CUST_3893,Regular
TXN_202510_016821,2025-10-03,REG_07,STORE_021,EMP_007,PROD_020,1,192.47,0.08,177.07,cash,CUST_4027,VIP
TXN_202510_016822,2025-10-02,REG_06,STORE_018,EMP_006,PROD_016,5,145.18,0.09,660.57,mobile,CUST_5830,Premium
TXN_202510_016823,2025-10-20,REG_09,STORE_027,EMP_027,PROD_006,1,141.48,0.01,140.07,card,CUST_2693,Regular
TXN_202510_016824,2025-10-10,REG_02,STORE_004,EMP_002,PROD_042,2,103.22,0.15,175.47,card,CUST_7209,Premium
TXN_202510_016825,2025-10-28,REG_09,STORE_025,EMP_027,PROD_032,4,143.86,0.08,529.4,mobile,CUST_2048,VIP
TXN_202510_016826,2025-10-16,REG_04,STORE_011,EMP_030,PROD_033,5,390.91,0.22,1524.55,cash,CUST_9518,Premium
TXN_202510_016827,2025-10-23,REG_04,STORE_011,EMP_026,PROD_030,3,301.88,0.3,633.95,cash,CUST_9382,New
TXN_202510_016828,2025-10-04,REG_06,STORE_018,EMP_006,PROD_032,3,29.38,0.24,66.99,mobile,CUST_1611,Regular
TXN_202510_016829,2025-10-01,REG_02,STORE_006,EMP_002,PROD_028,4,62.92,0.1,226.51,cash,CUST_5130,New
TXN_202510_016830,2025-10-15,REG_09,STORE_027,EMP_025,PROD_014,3,485.06,0.17,1207.8,mobile,CUST_4089,VIP
TXN_202510_016831,2025-10-08,REG_07,STORE_020,EMP_007,PROD_034,4,474.23,0.03,1840.01,credit,CUST_4829,New
TXN_202510_016832,2025-10-24,REG_06,STORE_017,EMP_006,PROD_048,4,201.55,0.06,757.83,mobile,CUST_3719,New
TXN_202510_016833,2025-10-19,REG_05,STORE_014,EMP_021,PROD_018,2,295.85,0.1,532.53,mobile,CUST_4938,Premium
TXN_202510_016834,2025-10-01,REG_02,STORE_004,EMP_002,PROD_036,2,497.61,0.24,756.37,card,CUST_6538,Premium
TXN_202510_016835,2025-10-29,REG_04,STORE_011,EMP_029,PROD_028,2,352.94,0.14,607.06,cash,CUST_2037,New
TXN_202510_016836,2025-10-31,REG_03,STORE_007,EMP_014,PROD_027,1,109.09,0.19,88.36,card,CUST_6494,VIP
TXN_202510_016837,2025-10-24,REG_06,STORE_016,EMP_006,PROD_028,5,425.91,0.29,1511.98,card,CUST_5810,New
TXN_202510_016838,2025-10-15,REG_05,STORE_015,EMP_021,PROD_012,3,165.66,0.15,422.43,card,CUST_9257,Premium
TXN_202510_016839,2025-10-21,REG_03,STORE_009,EMP_014,PROD_013,5,163.99,0.1,737.96,credit,CUST_4108,Premium
TXN_202510_016840,2025-10-16,REG_01,STORE_002,EMP_001,PROD_038,3,172.53,0.22,403.72,card,CUST_7860,VIP
TXN_202510_016841,2025-10-10,REG_10,STORE_029,EMP_010,PROD_023,2,466.68,0.21,737.35,cash,CUST_5485,Premium
TXN_202510_016842,2025-10-17,REG_01,STORE_003,EMP_018,PROD_008,2,210.44,0.21,332.5,card,CUST_4921,New
TXN_202510_016843,2025-10-03,REG_05,STORE_013,EMP_021,PROD_023,4,467.04,0.19,1513.21,mobile,CUST_7619,New
TXN_202510_016844,2025-10-02,REG_06,STORE_017,EMP_006,PROD_022,1,260.41,0.01,257.81,card,CUST_4741,New
TXN_202510_016845,2025-10-01,REG_09,STORE_027,EMP_025,PROD_015,5,134.84,0.28,485.42,mobile,CUST_5131,Regular
TXN_202510_016846,2025-10-01,REG_08,STORE_024,EMP_023,PROD_047,5,477.47,0.14,2053.12,mobile,CUST_3741,Regular
TXN_202510_016847,2025-10-10,REG_03,STORE_009,EMP_003,PROD_048,1,223.27,0.29,158.52,credit,CUST_8701,VIP
TXN_202510_016848,2025-10-02,REG_02,STORE_006,EMP_002,PROD_035,1,318.5,0.19,257.99,mobile,CUST_5268,VIP
TXN_202510_016849,2025-10-28,REG_02,STORE_004,EMP_002,PROD_045,3,381.42,0.17,949.74,credit,CUST_3703,Regular
TXN_202510_016850,2025-10-31,REG_10,STORE_029,EMP_028,PROD_014,4,250.14,0.05,950.53,card,CUST_8344,Premium
TXN_202510_016851,2025-10-08,REG_07,STORE_020,EMP_007,PROD_018,5,459.69,0.01,2275.47,mobile,CUST_5802,VIP
TXN_202510_016852,2025-10-25,REG_09,STORE_027,EMP_022,PROD_036,5,225.54,0.2,902.16,cash,CUST_6826,VIP
TXN_202510_016853,2025-10-26,REG_01,STORE_002,EMP_001,PROD_017,1,103.18,0.3,72.23,card,CUST_8118,Regular
TXN_202510_016854,2025-10-13,REG_09,STORE_027,EMP_027,PROD_035,2,320.88,0.15,545.5,mobile,CUST_8468,New
TXN_202510_016855,2025-10-23,REG_07,STORE_019,EMP_007,PROD_006,1,114.08,0.11,101.53,cash,CUST_1667,New
TXN_202510_016856,2025-10-07,REG_04,STORE_011,EMP_016,PROD_021,2,204.71,0.23,315.25,credit,CUST_6051,Premium
TXN_202510_016857,2025-10-29,REG_06,STORE_017,EMP_006,PROD_049,2,113.55,0.2,181.68,credit,CUST_1782,Regular
TXN_202510_016858,2025-10-24,REG_10,STORE_028,EMP_013,PROD_004,5,280.38,0.17,1163.58,credit,CUST_5490,Premium
TXN_202510_016859,2025-10-22,REG_04,STORE_012,EMP_029,PROD_041,2,129.59,0.01,256.59,card,CUST_6254,Premium
TXN_202510_016860,2025-10-05,REG_09,STORE_025,EMP_009,PROD_025,2,482.33,0.14,829.61,cash,CUST_5288,Premium
TXN_202510_016861,2025-10-02,REG_09,STORE_027,EMP_025,PROD_044,4,391.82,0.14,1347.86,cash,CUST_2851,Regular
TXN_202510_016862,2025-10-02,REG_07,STORE_019,EMP_007,PROD_044,4,486.53,0.08,1790.43,cash,CUST_6798,New
TXN_202510_016863,2025-10-08,REG_02,STORE_005,EMP_002,PROD_003,3,216.46,0.29,461.06,mobile,CUST_4529,New
TXN_202510_016864,2025-10-22,REG_10,STORE_028,EMP_010,PROD_023,1,489.33,0.1,440.4,mobile,CUST_1417,VIP
TXN_202510_016865,2025-10-30,REG_03,STORE_007,EMP_014,PROD_005,3,45.3,0.28,97.85,card,CUST_6831,New
TXN_202510_016866,2025-10-30,REG_07,STORE_021,EMP_007,PROD_008,4,238.48,0.03,925.3,card,CUST_6315,VIP
TXN_202510_016867,2025-10-07,REG_09,STORE_026,EMP_009,PROD_003,2,31.32,0.05,59.51,mobile,CUST_9154,New
TXN_202510_016868,2025-10-31,REG_10,STORE_030,EMP_013,PROD_037,1,410.07,0.05,389.57,cash,CUST_7229,New
TXN_202510_016869,2025-10-22,REG_07,STORE_020,EMP_007,PROD_025,3,177.93,0.06,501.76,credit,CUST_5556,New
TXN_202510_016870,2025-10-28,REG_03,STORE_007,EMP_003,PROD_023,1,80.59,0.13,70.11,mobile,CUST_3860,Premium
TXN_202510_016871,2025-10-10,REG_04,STORE_012,EMP_026,PROD_039,5,429.84,0.19,1740.85,card,CUST_7606,Premium
TXN_202510_016872,2025-10-04,REG_03,STORE_009,EMP_014,PROD_013,1,144.4,0.21,114.08,card,CUST_8813,New
TXN_202510_016873,2025-10-22,REG_10,STORE_029,EMP_028,PROD_026,5,259.61,0.13,1129.3,cash,CUST_8162,Regular
TXN_202510_016874,2025-10-15,REG_01,STORE_001,EMP_019,PROD_005,1,11.79,0.03,11.44,mobile,CUST_2886,VIP
TXN_202510_016875,2025-10-24,REG_03,STORE_009,EMP_003,PROD_013,3,167.68,0.19,407.46,card,CUST_2632,Premium
TXN_202510_016876,2025-10-19,REG_09,STORE_025,EMP_025,PROD_030,2,148.34,0.18,243.28,mobile,CUST_1711,New
TXN_202510_016877,2025-10-03,REG_07,STORE_019,EMP_007,PROD_007,4,386.03,0.19,1250.74,cash,CUST_6540,VIP
TXN_202510_016878,2025-10-25,REG_02,STORE_005,EMP_002,PROD_039,3,18.73,0.19,45.51,credit,CUST_5666,VIP
TXN_202510_016879,2025-10-04,REG_04,STORE_010,EMP_024,PROD_049,1,257.29,0.07,239.28,card,CUST_7250,New
TXN_202510_016880,2025-10-26,REG_02,STORE_004,EMP_002,PROD_032,2,479.56,0.13,834.43,cash,CUST_5864,New
TXN_202510_016881,2025-10-14,REG_06,STORE_017,EMP_006,PROD_038,3,139.96,0.08,386.29,mobile,CUST_5100,New
TXN_202510_016882,2025-10-31,REG_01,STORE_003,EMP_019,PROD_013,5,158.84,0.21,627.42,credit,CUST_6169,VIP
TXN_202510_016883,2025-10-20,REG_04,STORE_012,EMP_004,PROD_005,3,256.38,0.07,715.3,cash,CUST_1332,Regular
TXN_202510_016884,2025-10-10,REG_06,STORE_016,EMP_006,PROD_032,2,313.93,0.28,452.06,cash,CUST_3119,VIP
TXN_202510_016885,2025-10-21,REG_08,STORE_022,EMP_023,PROD_033,5,472.63,0.24,1795.99,credit,CUST_7533,New
TXN_202510_016886,2025-10-12,REG_09,STORE_025,EMP_027,PROD_002,3,450.81,0.03,1311.86,cash,CUST_4471,VIP
TXN_202510_016887,2025-10-09,REG_01,STORE_001,EMP_019,PROD_041,2,459.95,0.17,763.52,mobile,CUST_4629,VIP
TXN_202510_016888,2025-10-08,REG_04,STORE_012,EMP_004,PROD_050,1,386.56,0.27,282.19,credit,CUST_7143,New
TXN_202510_016889,2025-10-11,REG_08,STORE_024,EMP_023,PROD_023,4,457.2,0.23,1408.18,card,CUST_5692,VIP
TXN_202510_016890,2025-10-21,REG_01,STORE_001,EMP_018,PROD_022,1,79.8,0.08,73.42,cash,CUST_2772,Premium
TXN_202510_016891,2025-10-29,REG_04,STORE_010,EMP_029,PROD_024,3,375.34,0.03,1092.24,credit,CUST_5548,Premium
TXN_202510_016892,2025-10-05,REG_02,STORE_004,EMP_002,PROD_010,1,366.59,0.17,304.27,card,CUST_6765,New
TXN_202510_016893,2025-10-16,REG_02,STORE_004,EMP_002,PROD_034,1,106.21,0.13,92.4,mobile,CUST_8440,Premium
TXN_202510_016894,2025-10-30,REG_08,STORE_024,EMP_023,PROD_039,4,427.03,0.19,1383.58,card,CUST_4388,Premium
TXN_202510_016895,2025-10-14,REG_03,STORE_009,EMP_014,PROD_048,5,302.77,0.11,1347.33,mobile,CUST_8704,New
TXN_202510_016896,2025-10-29,REG_03,STORE_009,EMP_014,PROD_046,3,182.0,0.09,496.86,credit,CUST_9825,Regular
TXN_202510_016897,2025-10-07,REG_10,STORE_028,EMP_028,PROD_004,5,130.41,0.01,645.53,cash,CUST_2197,New
TXN_202510_016898,2025-10-03,REG_02,STORE_006,EMP_002,PROD_025,4,179.36,0.11,638.52,credit,CUST_5711,VIP
TXN_202510_016899,2025-10-04,REG_10,STORE_029,EMP_028,PROD_043,2,284.98,0.21,450.27,card,CUST_9842,VIP
TXN_202510_016900,2025-10-22,REG_08,STORE_022,EMP_012,PROD_021,1,28.49,0.13,24.79,card,CUST_9449,New
TXN_202510_016901,2025-10-01,REG_03,STORE_009,EMP_014,PROD_036,4,228.95,0.09,833.38,cash,CUST_9861,New
TXN_202510_016902,2025-10-27,REG_03,STORE_009,EMP_003,PROD_034,4,378.13,0.28,1089.01,credit,CUST_5731,Premium
TXN_202510_016903,2025-10-20,REG_09,STORE_026,EMP_022,PROD_022,3,447.63,0.14,1154.89,cash,CUST_5288,VIP
TXN_202510_016904,2025-10-27,REG_09,STORE_027,EMP_025,PROD_045,4,300.86,0.13,1046.99,card,CUST_9582,VIP
TXN_202510_016905,2025-10-04,REG_06,STORE_016,EMP_006,PROD_003,3,27.53,0.21,65.25,card,CUST_5770,Regular
TXN_202510_016906,2025-10-31,REG_09,STORE_026,EMP_022,PROD_005,4,14.93,0.19,48.37,card,CUST_6619,Regular
TXN_202510_016907,2025-10-20,REG_09,STORE_027,EMP_027,PROD_014,4,146.54,0.2,468.93,card,CUST_5748,VIP
TXN_202510_016908,2025-10-13,REG_05,STORE_015,EMP_005,PROD_021,5,445.01,0.05,2113.8,credit,CUST_3919,Regular
TXN_202510_016909,2025-10-27,REG_01,STORE_001,EMP_019,PROD_014,3,497.0,0.04,1431.36,credit,CUST_8039,VIP
TXN_202510_016910,2025-10-11,REG_04,STORE_011,EMP_030,PROD_012,5,136.62,0.12,601.13,credit,CUST_4314,Regular
TXN_202510_016911,2025-10-13,REG_05,STORE_013,EMP_021,PROD_014,4,364.38,0.29,1034.84,card,CUST_6974,New
TXN_202510_016912,2025-10-10,REG_08,STORE_024,EMP_023,PROD_031,5,262.98,0.17,1091.37,mobile,CUST_5705,VIP
TXN_202510_016913,2025-10-05,REG_10,STORE_030,EMP_028,PROD_023,3,28.59,0.18,70.33,mobile,CUST_1741,New
TXN_202510_016914,2025-10-05,REG_09,STORE_027,EMP_009,PROD_016,1,205.75,0.11,183.12,card,CUST_2100,New
TXN_202510_016915,2025-10-29,REG_02,STORE_006,EMP_002,PROD_036,5,391.19,0.3,1369.16,card,CUST_9457,Premium
TXN_202510_016916,2025-10-27,REG_03,STORE_008,EMP_003,PROD_039,3,300.69,0.17,748.72,card,CUST_1011,Premium
TXN_202510_016917,2025-10-06,REG_04,STORE_011,EMP_026,PROD_033,4,87.38,0.03,339.03,mobile,CUST_6916,Regular
TXN_202510_016918,2025-10-17,REG_06,STORE_018,EMP_006,PROD_039,5,69.6,0.14,299.28,credit,CUST_5209,Premium
TXN_202510_016919,2025-10-11,REG_09,STORE_025,EMP_025,PROD_028,5,105.5,0.06,495.85,card,CUST_4799,Premium
TXN_202510_016920,2025-10-04,REG_06,STORE_017,EMP_006,PROD_016,1,135.1,0.21,106.73,card,CUST_9636,Regular
TXN_202510_016921,2025-10-18,REG_08,STORE_024,EMP_012,PROD_008,1,276.17,0.29,196.08,card,CUST_2085,Regular
TXN_202510_016922,2025-10-26,REG_06,STORE_016,EMP_006,PROD_022,4,246.52,0.1,887.47,credit,CUST_7903,Premium
TXN_202510_016923,2025-10-02,REG_08,STORE_023,EMP_012,PROD_018,5,106.93,0.01,529.3,card,CUST_9663,New
TXN_202510_016924,2025-10-18,REG_05,STORE_014,EMP_005,PROD_045,4,494.44,0.17,1641.54,credit,CUST_3467,New
TXN_202510_016925,2025-10-25,REG_03,STORE_009,EMP_014,PROD_039,5,205.79,0.17,854.03,cash,CUST_7297,VIP
TXN_202510_016926,2025-10-12,REG_09,STORE_027,EMP_022,PROD_005,3,465.65,0.08,1285.19,credit,CUST_4830,VIP
TXN_202510_016927,2025-10-04,REG_01,STORE_002,EMP_018,PROD_042,5,410.88,0.19,1664.06,cash,CUST_9777,Regular
TXN_202510_016928,2025-10-28,REG_03,STORE_007,EMP_003,PROD_041,4,379.04,0.14,1303.9,card,CUST_4360,VIP
TXN_202510_016929,2025-10-25,REG_08,STORE_022,EMP_023,PROD_002,2,300.64,0.18,493.05,mobile,CUST_2509,VIP
TXN_202510_016930,2025-10-21,REG_09,STORE_025,EMP_027,PROD_046,5,49.15,0.19,199.06,credit,CUST_9747,Regular
TXN_202510_016931,2025-10-29,REG_05,STORE_014,EMP_005,PROD_035,1,218.01,0.0,218.01,mobile,CUST_2352,Premium
TXN_202510_016932,2025-10-18,REG_06,STORE_017,EMP_006,PROD_048,5,219.72,0.1,988.74,cash,CUST_6716,Premium
TXN_202510_016933,2025-10-01,REG_09,STORE_025,EMP_027,PROD_035,5,305.78,0.26,1131.39,cash,CUST_7634,VIP
TXN_202510_016934,2025-10-27,REG_04,STORE_010,EMP_024,PROD_021,3,318.5,0.06,898.17,credit,CUST_4029,Regular
TXN_202510_016935,2025-10-19,REG_07,STORE_021,EMP_007,PROD_025,2,336.71,0.1,606.08,cash,CUST_4059,Premium
TXN_202510_016936,2025-10-23,REG_08,STORE_022,EMP_008,PROD_048,2,89.83,0.11,159.9,mobile,CUST_3674,Regular
TXN_202510_016937,2025-10-04,REG_04,STORE_010,EMP_024,PROD_032,2,284.42,0.28,409.56,cash,CUST_2333,VIP
TXN_202510_016938,2025-10-07,REG_03,STORE_009,EMP_003,PROD_036,4,347.71,0.07,1293.48,cash,CUST_6651,Premium
TXN_202510_016939,2025-10-16,REG_05,STORE_013,EMP_005,PROD_034,5,102.86,0.23,396.01,cash,CUST_3113,Premium
TXN_202510_016940,2025-10-16,REG_03,STORE_008,EMP_014,PROD_023,5,57.34,0.27,209.29,mobile,CUST_8814,Premium
TXN_202510_016941,2025-10-02,REG_04,STORE_010,EMP_029,PROD_032,2,443.6,0.13,771.86,cash,CUST_7742,New
TXN_202510_016942,2025-10-28,REG_09,STORE_026,EMP_022,PROD_014,3,374.73,0.12,989.29,credit,CUST_6862,New
TXN_202510_016943,2025-10-22,REG_08,STORE_022,EMP_023,PROD_029,1,50.89,0.13,44.27,cash,CUST_5200,Premium
TXN_202510_016944,2025-10-20,REG_01,STORE_002,EMP_001,PROD_033,2,351.38,0.14,604.37,cash,CUST_7001,Premium
TXN_202510_016945,2025-10-28,REG_07,STORE_019,EMP_007,PROD_042,4,170.51,0.22,531.99,mobile,CUST_4204,Regular
TXN_202510_016946,2025-10-17,REG_05,STORE_015,EMP_005,PROD_049,2,268.91,0.28,387.23,credit,CUST_2407,VIP
TXN_202510_016947,2025-10-04,REG_02,STORE_006,EMP_002,PROD_004,5,329.47,0.19,1334.35,credit,CUST_5208,Premium
TXN_202510_016948,2025-10-20,REG_08,STORE_024,EMP_015,PROD_029,5,385.51,0.15,1638.42,cash,CUST_8182,VIP
TXN_202510_016949,2025-10-27,REG_03,STORE_009,EMP_014,PROD_027,2,22.99,0.19,37.24,mobile,CUST_7439,VIP
TXN_202510_016950,2025-10-27,REG_02,STORE_004,EMP_002,PROD_011,4,450.66,0.16,1514.22,credit,CUST_5064,Regular
TXN_202510_016951,2025-10-24,REG_08,STORE_023,EMP_012,PROD_048,1,65.85,0.02,64.53,cash,CUST_5784,Premium
TXN_202510_016952,2025-10-17,REG_04,STORE_012,EMP_030,PROD_035,5,380.41,0.1,1711.85,credit,CUST_8065,New
TXN_202510_016953,2025-10-04,REG_01,STORE_003,EMP_018,PROD_044,5,480.89,0.14,2067.83,card,CUST_6795,Regular
TXN_202510_016954,2025-10-24,REG_04,STORE_012,EMP_016,PROD_039,1,275.4,0.25,206.55,cash,CUST_4191,Regular
TXN_202510_016955,2025-10-05,REG_08,STORE_024,EMP_023,PROD_006,1,352.07,0.21,278.14,credit,CUST_1645,New
TXN_202510_016956,2025-10-01,REG_08,STORE_023,EMP_012,PROD_014,2,68.23,0.13,118.72,card,CUST_1755,Premium
TXN_202510_016957,2025-10-11,REG_09,STORE_026,EMP_025,PROD_004,3,426.01,0.05,1214.13,credit,CUST_1984,New
TXN_202510_016958,2025-10-27,REG_09,STORE_027,EMP_009,PROD_042,3,289.11,0.04,832.64,card,CUST_9553,New
TXN_202510_016959,2025-10-25,REG_04,STORE_012,EMP_026,PROD_037,5,206.76,0.1,930.42,credit,CUST_1972,Regular
TXN_202510_016960,2025-10-03,REG_07,STORE_020,EMP_007,PROD_023,5,485.82,0.1,2186.19,cash,CUST_3497,VIP
TXN_202510_016961,2025-10-21,REG_01,STORE_002,EMP_011,PROD_038,1,211.8,0.14,182.15,cash,CUST_4038,New
