transaction_id,date,region,store_id,employee_id,product_id,units,unit_price,discount,revenue,payment,customer_id,customer_segment
TXN_202312_005481,2023-12-07,REG_03,STORE_009,EMP_014,PROD_028,1,182.14,0.16,153.0,card,CUST_7329,Regular
TXN_202312_005482,2023-12-11,REG_03,STORE_009,EMP_014,PROD_004,4,452.04,0.18,1482.69,cash,CUST_2084,Regular
TXN_202312_005483,2023-12-08,REG_05,STORE_013,EMP_005,PROD_049,2,352.8,0.16,592.7,credit,CUST_7968,New
TXN_202312_005484,2023-12-14,REG_07,STORE_021,EMP_007,PROD_016,3,80.14,0.05,228.4,cash,CUST_2374,VIP
TXN_202312_005485,2023-12-30,REG_08,STORE_022,EMP_015,PROD_042,5,237.91,0.06,1118.18,card,CUST_5180,New
TXN_202312_005486,2023-12-10,REG_04,STORE_011,EMP_016,PROD_030,4,246.17,0.27,718.82,mobile,CUST_9155,Regular
TXN_202312_005487,2023-12-07,REG_06,STORE_016,EMP_006,PROD_017,3,343.39,0.29,731.42,credit,CUST_4475,Premium
TXN_202312_005488,2023-12-15,REG_07,STORE_019,EMP_007,PROD_031,5,216.64,0.23,834.06,card,CUST_7652,Regular
TXN_202312_005489,2023-12-11,REG_03,STORE_007,EMP_003,PROD_045,3,407.04,0.09,1111.22,mobile,CUST_8700,Regular
TXN_202312_005490,2023-12-19,REG_05,STORE_015,EMP_005,PROD_002,1,12.59,0.17,10.45,cash,CUST_4458,VIP
TXN_202312_005491,2023-12-24,REG_08,STORE_023,EMP_012,PROD_041,3,398.92,0.19,969.38,card,CUST_9450,VIP
TXN_202312_005492,2023-12-11,REG_08,STORE_023,EMP_015,PROD_023,2,357.13,0.2,571.41,cash,CUST_2159,Regular
TXN_202312_005493,2023-12-02,REG_07,STORE_021,EMP_007,PROD_011,5,485.2,0.0,2426.0,cash,CUST_5194,New
TXN_202312_005494,2023-12-15,REG_07,STORE_021,EMP_007,PROD_009,4,111.23,0.08,409.33,card,CUST_3272,Premium
TXN_202312_005495,2023-12-24,REG_08,STORE_022,EMP_008,PROD_037,4,323.16,0.21,1021.19,card,CUST_9117,Premium
TXN_202312_005496,2023-12-06,REG_04,STORE_011,EMP_029,PROD_029,1,166.05,0.28,119.56,cash,CUST_9012,New
TXN_202312_005497,2023-12-20,REG_01,STORE_003,EMP_011,PROD_017,2,60.79,0.03,117.93,credit,CUST_9867,Regular
TXN_202312_005498,2023-12-18,REG_05,STORE_015,EMP_021,PROD_028,4,459.09,0.09,1671.09,mobile,CUST_9723,Regular
TXN_202312_005499,2023-12-14,REG_03,STORE_008,EMP_014,PROD_006,4,174.42,0.19,565.12,mobile,CUST_6270,VIP
TXN_202312_005500,2023-12-27,REG_05,STORE_015,EMP_005,PROD_036,2,136.66,0.06,256.92,cash,CUST_8538,VIP
TXN_202312_005501,2023-12-12,REG_08,STORE_022,EMP_015,PROD_002,3,415.23,0.18,1021.47,cash,CUST_8449,New
TXN_202312_005502,2023-12-18,REG_05,STORE_014,EMP_005,PROD_004,5,45.58,0.21,180.04,mobile,CUST_7589,Regular
TXN_202312_005503,2023-12-23,REG_05,STORE_015,EMP_021,PROD_026,3,77.54,0.16,195.4,mobile,CUST_6120,New
TXN_202312_005504,2023-12-26,REG_09,STORE_026,EMP_025,PROD_024,3,435.25,0.19,1057.66,card,CUST_9083,Premium
TXN_202312_005505,2023-12-06,REG_08,STORE_023,EMP_008,PROD_048,2,302.44,0.11,538.34,mobile,CUST_1648,Premium
TXN_202312_005506,2023-12-31,REG_03,STORE_008,EMP_014,PROD_017,4,321.41,0.19,1041.37,credit,CUST_6807,VIP
TXN_202312_005507,2023-12-23,REG_04,STORE_011,EMP_030,PROD_014,2,146.3,0.29,207.75,card,CUST_4353,VIP
TXN_202312_005508,2023-12-05,REG_08,STORE_022,EMP_023,PROD_043,4,133.69,0.25,401.07,credit,CUST_6875,New
TXN_202312_005509,2023-12-06,REG_08,STORE_022,EMP_012,PROD_021,5,362.55,0.19,1468.33,credit,CUST_7711,Regular
TXN_202312_005510,2023-12-30,REG_08,STORE_022,EMP_012,PROD_036,4,245.57,0.07,913.52,credit,CUST_4705,Premium
TXN_202312_005511,2023-12-02,REG_09,STORE_025,EMP_027,PROD_021,1,257.45,0.16,216.26,credit,CUST_3801,VIP
TXN_202312_005512,2023-12-23,REG_04,STORE_010,EMP_029,PROD_034,5,50.58,0.02,247.84,card,CUST_6246,New
TXN_202312_005513,2023-12-20,REG_09,STORE_027,EMP_027,PROD_022,5,124.92,0.04,599.62,card,CUST_7978,Premium
TXN_202312_005514,2023-12-10,REG_07,STORE_020,EMP_007,PROD_012,1,101.2,0.18,82.98,card,CUST_5405,VIP
TXN_202312_005515,2023-12-25,REG_04,STORE_012,EMP_026,PROD_014,5,44.34,0.06,208.4,cash,CUST_4115,VIP
TXN_202312_005516,2023-12-13,REG_07,STORE_021,EMP_007,PROD_028,4,56.19,0.21,177.56,cash,CUST_4559,New
TXN_202312_005517,2023-12-16,REG_05,STORE_015,EMP_021,PROD_040,3,377.78,0.04,1088.01,cash,CUST_6213,VIP
TXN_202312_005518,2023-12-20,REG_10,STORE_029,EMP_028,PROD_048,4,400.53,0.28,1153.53,card,CUST_6667,Regular
TXN_202312_005519,2023-12-17,REG_05,STORE_014,EMP_021,PROD_039,2,101.09,0.29,143.55,cash,CUST_8040,Premium
TXN_202312_005520,2023-12-26,REG_02,STORE_004,EMP_002,PROD_036,5,300.64,0.06,1413.01,cash,CUST_3510,VIP
TXN_202312_005521,2023-12-19,REG_07,STORE_019,EMP_007,PROD_048,1,467.93,0.11,416.46,mobile,CUST_7158,New
TXN_202312_005522,2023-12-15,REG_03,STORE_009,EMP_014,PROD_033,1,333.0,0.09,303.03,cash,CUST_7829,Regular
TXN_202312_005523,2023-12-03,REG_03,STORE_009,EMP_003,PROD_010,5,366.17,0.25,1373.14,mobile,CUST_4750,Regular
TXN_202312_005524,2023-12-18,REG_06,STORE_017,EMP_006,PROD_025,2,301.2,0.03,584.33,cash,CUST_7968,New
TXN_202312_005525,2023-12-20,REG_03,STORE_008,EMP_003,PROD_004,3,397.22,0.04,1143.99,cash,CUST_6081,Premium
TXN_202312_005526,2023-12-14,REG_08,STORE_023,EMP_023,PROD_042,3,105.23,0.14,271.49,mobile,CUST_7765,VIP
TXN_202312_005527,2023-12-24,REG_09,STORE_027,EMP_025,PROD_001,3,491.75,0.08,1357.23,credit,CUST_5855,Regular
TXN_202312_005528,2023-12-11,REG_05,STORE_015,EMP_021,PROD_030,3,205.72,0.24,469.04,mobile,CUST_3292,New
TXN_202312_005529,2023-12-08,REG_02,STORE_004,EMP_002,PROD_047,1,309.05,0.17,256.51,card,CUST_4853,New
TXN_202312_005530,2023-12-31,REG_08,STORE_023,EMP_008,PROD_010,3,425.49,0.15,1085.0,cash,CUST_8276,VIP
TXN_202312_005531,2023-12-15,REG_04,STORE_010,EMP_004,PROD_006,4,377.64,0.28,1087.6,card,CUST_7672,VIP
TXN_202312_005532,2023-12-04,REG_09,STORE_026,EMP_009,PROD_031,3,70.42,0.2,169.01,mobile,CUST_9466,New
TXN_202312_005533,2023-12-06,REG_01,STORE_001,EMP_018,PROD_031,3,105.44,0.28,227.75,card,CUST_7898,Regular
TXN_202312_005534,2023-12-03,REG_03,STORE_008,EMP_014,PROD_023,1,36.35,0.06,34.17,mobile,CUST_3795,Regular
TXN_202312_005535,2023-12-25,REG_06,STORE_018,EMP_006,PROD_050,1,459.36,0.14,395.05,card,CUST_2928,Premium
TXN_202312_005536,2023-12-11,REG_03,STORE_009,EMP_014,PROD_040,1,12.24,0.21,9.67,cash,CUST_5318,New
TXN_202312_005537,2023-12-06,REG_02,STORE_004,EMP_002,PROD_047,2,484.45,0.13,842.94,credit,CUST_3031,Regular
TXN_202312_005538,2023-12-20,REG_07,STORE_019,EMP_007,PROD_041,3,24.38,0.25,54.86,credit,CUST_7832,New
TXN_202312_005539,2023-12-22,REG_01,STORE_002,EMP_019,PROD_004,5,250.39,0.17,1039.12,mobile,CUST_9554,Premium
TXN_202312_005540,2023-12-17,REG_07,STORE_020,EMP_007,PROD_023,1,497.52,0.29,353.24,cash,CUST_8198,VIP
TXN_202312_005541,2023-12-30,REG_06,STORE_018,EMP_006,PROD_011,2,84.01,0.12,147.86,card,CUST_3036,VIP
TXN_202312_005542,2023-12-04,REG_08,STORE_024,EMP_015,PROD_048,3,230.1,0.25,517.72,card,CUST_4685,VIP
TXN_202312_005543,2023-12-04,REG_05,STORE_013,EMP_005,PROD_006,5,245.88,0.25,922.05,credit,CUST_5724,Regular
TXN_202312_005544,2023-12-21,REG_02,STORE_004,EMP_002,PROD_020,4,496.81,0.01,1967.37,card,CUST_5285,New
TXN_202312_005545,2023-12-14,REG_03,STORE_009,EMP_014,PROD_026,5,87.17,0.22,339.96,card,CUST_7294,Premium
TXN_202312_005546,2023-12-14,REG_06,STORE_016,EMP_006,PROD_046,1,169.22,0.23,130.3,credit,CUST_1347,Premium
TXN_202312_005547,2023-12-27,REG_04,STORE_010,EMP_016,PROD_039,4,34.76,0.16,116.79,credit,CUST_9320,Regular
TXN_202312_005548,2023-12-01,REG_08,STORE_024,EMP_012,PROD_012,1,381.67,0.3,267.17,card,CUST_6836,Premium
TXN_202312_005549,2023-12-06,REG_06,STORE_018,EMP_006,PROD_022,4,341.85,0.12,1203.31,credit,CUST_4281,Regular
TXN_202312_005550,2023-12-13,REG_01,STORE_003,EMP_019,PROD_033,4,376.43,0.16,1264.8,cash,CUST_7398,New
TXN_202312_005551,2023-12-22,REG_03,STORE_007,EMP_014,PROD_017,5,481.54,0.04,2311.39,card,CUST_2657,Regular
TXN_202312_005552,2023-12-09,REG_02,STORE_006,EMP_002,PROD_010,2,375.66,0.01,743.81,mobile,CUST_9761,Regular
TXN_202312_005553,2023-12-02,REG_09,STORE_027,EMP_027,PROD_012,3,413.38,0.24,942.51,credit,CUST_1901,Regular
TXN_202312_005554,2023-12-09,REG_05,STORE_013,EMP_021,PROD_002,4,178.95,0.23,551.17,cash,CUST_4173,VIP
TXN_202312_005555,2023-12-22,REG_02,STORE_005,EMP_002,PROD_040,3,428.26,0.24,976.43,cash,CUST_7307,VIP
TXN_202312_005556,2023-12-26,REG_04,STORE_010,EMP_016,PROD_010,5,42.0,0.28,151.2,cash,CUST_1717,VIP
TXN_202312_005557,2023-12-17,REG_08,STORE_022,EMP_008,PROD_043,5,323.2,0.29,1147.36,mobile,CUST_1237,New
TXN_202312_005558,2023-12-18,REG_01,STORE_003,EMP_011,PROD_037,5,142.25,0.25,533.44,cash,CUST_4946,Regular
TXN_202312_005559,2023-12-10,REG_10,STORE_029,EMP_017,PROD_037,4,130.07,0.27,379.8,mobile,CUST_1345,Premium
TXN_202312_005560,2023-12-05,REG_01,STORE_001,EMP_001,PROD_037,5,311.09,0.28,1119.92,card,CUST_8732,Premium
TXN_202312_005561,2023-12-16,REG_04,STORE_010,EMP_016,PROD_012,5,270.31,0.11,1202.88,mobile,CUST_5187,Regular
TXN_202312_005562,2023-12-25,REG_06,STORE_016,EMP_006,PROD_001,3,174.22,0.25,392.0,cash,CUST_9314,Premium
TXN_202312_005563,2023-12-11,REG_06,STORE_016,EMP_006,PROD_046,1,284.44,0.04,273.06,credit,CUST_5878,Premium
TXN_202312_005564,2023-12-26,REG_05,STORE_014,EMP_021,PROD_012,1,290.44,0.06,273.01,mobile,CUST_2138,VIP
TXN_202312_005565,2023-12-15,REG_02,STORE_004,EMP_002,PROD_007,3,121.62,0.21,288.24,card,CUST_8905,Regular
TXN_202312_005566,2023-12-09,REG_03,STORE_007,EMP_014,PROD_033,1,464.17,0.09,422.39,credit,CUST_1736,VIP
TXN_202312_005567,2023-12-27,REG_08,STORE_022,EMP_012,PROD_025,2,420.19,0.22,655.5,card,CUST_7845,Regular
TXN_202312_005568,2023-12-14,REG_01,STORE_002,EMP_001,PROD_002,1,481.51,0.19,390.02,card,CUST_6799,Regular
TXN_202312_005569,2023-12-20,REG_02,STORE_004,EMP_002,PROD_017,3,250.16,0.04,720.46,cash,CUST_8866,New
TXN_202312_005570,2023-12-16,REG_01,STORE_001,EMP_019,PROD_012,2,189.88,0.1,341.78,cash,CUST_7303,Regular
TXN_202312_005571,2023-12-02,REG_10,STORE_028,EMP_020,PROD_011,4,347.76,0.16,1168.47,cash,CUST_3767,VIP
TXN_202312_005572,2023-12-26,REG_02,STORE_005,EMP_002,PROD_043,1,22.75,0.28,16.38,cash,CUST_9859,Regular
TXN_202312_005573,2023-12-22,REG_06,STORE_017,EMP_006,PROD_041,1,392.81,0.27,286.75,card,CUST_6453,VIP
TXN_202312_005574,2023-12-29,REG_10,STORE_030,EMP_017,PROD_044,1,246.8,0.18,202.38,cash,CUST_6127,Premium
TXN_202312_005575,2023-12-28,REG_10,STORE_028,EMP_017,PROD_045,1,157.53,0.13,137.05,credit,CUST_6787,Regular
TXN_202312_005576,2023-12-30,REG_06,STORE_018,EMP_006,PROD_014,2,465.19,0.06,874.56,cash,CUST_9469,Regular
TXN_202312_005577,2023-12-20,REG_05,STORE_014,EMP_021,PROD_043,2,154.55,0.26,228.73,cash,CUST_4609,Premium
TXN_202312_005578,2023-12-21,REG_06,STORE_017,EMP_006,PROD_031,4,246.18,0.12,866.55,credit,CUST_5662,VIP
TXN_202312_005579,2023-12-22,REG_08,STORE_022,EMP_015,PROD_007,4,39.52,0.2,126.46,card,CUST_1725,New
TXN_202312_005580,2023-12-09,REG_07,STORE_019,EMP_007,PROD_047,1,63.83,0.21,50.43,credit,CUST_3492,VIP
TXN_202312_005581,2023-12-31,REG_01,STORE_001,EMP_001,PROD_023,3,114.72,0.18,282.21,cash,CUST_3463,Premium
TXN_202312_005582,2023-12-09,REG_08,STORE_023,EMP_008,PROD_034,1,12.37,0.24,9.4,credit,CUST_9539,VIP
TXN_202312_005583,2023-12-27,REG_03,STORE_007,EMP_014,PROD_038,3,392.1,0.19,952.8,cash,CUST_7678,VIP
TXN_202312_005584,2023-12-07,REG_09,STORE_026,EMP_027,PROD_015,4,302.86,0.13,1053.95,cash,CUST_5418,Regular
TXN_202312_005585,2023-12-06,REG_04,STORE_012,EMP_024,PROD_024,2,127.06,0.16,213.46,mobile,CUST_6279,Regular
TXN_202312_005586,2023-12-16,REG_01,STORE_003,EMP_018,PROD_023,1,204.37,0.17,169.63,cash,CUST_4451,Regular
TXN_202312_005587,2023-12-17,REG_02,STORE_005,EMP_002,PROD_035,3,498.5,0.25,1121.62,mobile,CUST_5114,VIP
TXN_202312_005588,2023-12-14,REG_03,STORE_009,EMP_003,PROD_023,3,482.62,0.25,1085.89,credit,CUST_4226,Regular
TXN_202312_005589,2023-12-14,REG_05,STORE_014,EMP_021,PROD_005,5,484.49,0.27,1768.39,mobile,CUST_6260,Premium
TXN_202312_005590,2023-12-08,REG_06,STORE_017,EMP_006,PROD_021,2,171.67,0.06,322.74,mobile,CUST_4215,Regular
TXN_202312_005591,2023-12-30,REG_07,STORE_020,EMP_007,PROD_030,2,378.16,0.23,582.37,cash,CUST_3913,Premium
TXN_202312_005592,2023-12-27,REG_03,STORE_009,EMP_014,PROD_016,2,245.72,0.29,348.92,mobile,CUST_7544,Premium
TXN_202312_005593,2023-12-01,REG_03,STORE_009,EMP_003,PROD_041,1,223.8,0.27,163.37,credit,CUST_7304,Regular
TXN_202312_005594,2023-12-03,REG_01,STORE_001,EMP_001,PROD_003,5,357.07,0.17,1481.84,credit,CUST_7129,Premium
TXN_202312_005595,2023-12-17,REG_02,STORE_004,EMP_002,PROD_042,5,439.99,0.13,1913.96,card,CUST_4375,Regular
TXN_202312_005596,2023-12-19,REG_05,STORE_015,EMP_021,PROD_003,4,66.66,0.15,226.64,mobile,CUST_8007,VIP
TXN_202312_005597,2023-12-11,REG_07,STORE_019,EMP_007,PROD_018,5,420.72,0.0,2103.6,card,CUST_2588,Regular
TXN_202312_005598,2023-12-24,REG_02,STORE_006,EMP_002,PROD_048,4,154.77,0.09,563.36,credit,CUST_1279,Premium
TXN_202312_005599,2023-12-19,REG_05,STORE_015,EMP_005,PROD_039,4,435.1,0.23,1340.11,card,CUST_1224,Regular
TXN_202312_005600,2023-12-07,REG_05,STORE_015,EMP_005,PROD_015,5,10.04,0.15,42.67,cash,CUST_8616,Regular
TXN_202312_005601,2023-12-12,REG_05,STORE_014,EMP_005,PROD_050,4,462.51,0.24,1406.03,cash,CUST_1194,VIP
TXN_202312_005602,2023-12-27,REG_01,STORE_002,EMP_018,PROD_003,1,424.43,0.16,356.52,credit,CUST_1520,VIP
TXN_202312_005603,2023-12-21,REG_03,STORE_007,EMP_003,PROD_026,1,210.26,0.12,185.03,cash,CUST_7549,New
TXN_202312_005604,2023-12-07,REG_10,STORE_029,EMP_020,PROD_022,4,87.27,0.01,345.59,cash,CUST_5691,Regular
TXN_202312_005605,2023-12-04,REG_04,STORE_012,EMP_029,PROD_040,4,185.6,0.27,541.95,card,CUST_6408,VIP
TXN_202312_005606,2023-12-25,REG_05,STORE_014,EMP_021,PROD_031,3,231.22,0.08,638.17,credit,CUST_9797,Regular
TXN_202312_005607,2023-12-21,REG_02,STORE_005,EMP_002,PROD_025,5,135.74,0.14,583.68,cash,CUST_1835,VIP
TXN_202312_005608,2023-12-06,REG_05,STORE_014,EMP_021,PROD_013,2,358.8,0.1,645.84,card,CUST_4993,VIP
TXN_202312_005609,2023-12-09,REG_03,STORE_008,EMP_014,PROD_031,4,208.62,0.1,751.03,mobile,CUST_9907,Regular
TXN_202312_005610,2023-12-26,REG_09,STORE_026,EMP_025,PROD_044,4,328.76,0.06,1236.14,credit,CUST_5911,Premium
TXN_202312_005611,2023-12-29,REG_08,STORE_023,EMP_023,PROD_033,1,414.35,0.27,302.48,card,CUST_3223,VIP
TXN_202312_005612,2023-12-31,REG_04,STORE_011,EMP_024,PROD_044,2,432.55,0.06,813.19,mobile,CUST_4168,Regular
TXN_202312_005613,2023-12-23,REG_03,STORE_009,EMP_014,PROD_026,5,157.63,0.06,740.86,credit,CUST_3674,Premium
TXN_202312_005614,2023-12-18,REG_06,STORE_016,EMP_006,PROD_021,1,65.41,0.13,56.91,credit,CUST_4466,Regular
TXN_202312_005615,2023-12-27,REG_09,STORE_027,EMP_022,PROD_038,4,495.01,0.23,1524.63,mobile,CUST_6736,VIP
TXN_202312_005616,2023-12-04,REG_05,STORE_014,EMP_021,PROD_034,5,447.45,0.25,1677.94,credit,CUST_7393,Regular
TXN_202312_005617,2023-12-19,REG_03,STORE_009,EMP_014,PROD_040,5,207.44,0.2,829.76,credit,CUST_8841,Premium
TXN_202312_005618,2023-12-12,REG_01,STORE_001,EMP_018,PROD_015,2,74.1,0.23,114.11,mobile,CUST_9981,New
TXN_202312_005619,2023-12-09,REG_01,STORE_002,EMP_011,PROD_007,2,499.05,0.02,978.14,card,CUST_6370,VIP
TXN_202312_005620,2023-12-23,REG_05,STORE_014,EMP_021,PROD_048,1,489.82,0.23,377.16,card,CUST_9159,New
TXN_202312_005621,2023-12-18,REG_10,STORE_029,EMP_017,PROD_039,5,321.19,0.13,1397.18,card,CUST_2658,VIP
TXN_202312_005622,2023-12-14,REG_03,STORE_008,EMP_014,PROD_003,3,175.24,0.04,504.69,credit,CUST_9443,New
TXN_202312_005623,2023-12-19,REG_02,STORE_005,EMP_002,PROD_012,5,337.47,0.21,1333.01,mobile,CUST_5562,New
TXN_202312_005624,2023-12-15,REG_01,STORE_003,EMP_001,PROD_016,4,114.63,0.04,440.18,credit,CUST_5141,VIP
TXN_202312_005625,2023-12-20,REG_02,STORE_006,EMP_002,PROD_021,1,202.75,0.02,198.69,cash,CUST_6927,New
TXN_202312_005626,2023-12-22,REG_07,STORE_020,EMP_007,PROD_047,4,315.42,0.3,883.18,mobile,CUST_1001,New
TXN_202312_005627,2023-12-16,REG_07,STORE_021,EMP_007,PROD_050,5,120.2,0.07,558.93,cash,CUST_2484,VIP
TXN_202312_005628,2023-12-03,REG_07,STORE_021,EMP_007,PROD_001,2,37.45,0.24,56.92,card,CUST_8670,Regular
TXN_202312_005629,2023-12-22,REG_02,STORE_006,EMP_002,PROD_029,5,346.71,0.05,1646.87,card,CUST_4757,VIP
TXN_202312_005630,2023-12-08,REG_02,STORE_006,EMP_002,PROD_045,1,72.21,0.02,70.77,cash,CUST_1303,New
TXN_202312_005631,2023-12-29,REG_07,STORE_020,EMP_007,PROD_022,2,271.92,0.29,386.13,card,CUST_7373,VIP
TXN_202312_005632,2023-12-30,REG_01,STORE_003,EMP_019,PROD_046,4,385.8,0.07,1435.18,card,CUST_2101,VIP
TXN_202312_005633,2023-12-21,REG_07,STORE_020,EMP_007,PROD_018,4,387.48,0.08,1425.93,mobile,CUST_1479,New
TXN_202312_005634,2023-12-06,REG_10,STORE_029,EMP_028,PROD_038,2,322.72,0.05,613.17,credit,CUST_1154,Premium
TXN_202312_005635,2023-12-01,REG_10,STORE_028,EMP_010,PROD_002,5,23.0,0.16,96.6,mobile,CUST_7013,Regular
TXN_202312_005636,2023-12-23,REG_09,STORE_026,EMP_022,PROD_006,5,105.75,0.0,528.75,mobile,CUST_6969,Premium
TXN_202312_005637,2023-12-27,REG_10,STORE_030,EMP_013,PROD_001,5,328.38,0.22,1280.68,card,CUST_7223,Premium
TXN_202312_005638,2023-12-01,REG_01,STORE_002,EMP_011,PROD_008,4,221.86,0.11,789.82,credit,CUST_3608,New
TXN_202312_005639,2023-12-14,REG_07,STORE_019,EMP_007,PROD_013,1,123.87,0.23,95.38,card,CUST_6306,New
TXN_202312_005640,2023-12-14,REG_08,STORE_022,EMP_015,PROD_041,2,271.13,0.12,477.19,mobile,CUST_7388,VIP
TXN_202312_005641,2023-12-29,REG_01,STORE_003,EMP_011,PROD_042,4,421.39,0.2,1348.45,card,CUST_8602,Premium
TXN_202312_005642,2023-12-10,REG_09,STORE_025,EMP_009,PROD_022,2,404.52,0.06,760.5,credit,CUST_3574,Premium
TXN_202312_005643,2023-12-11,REG_01,STORE_003,EMP_011,PROD_023,3,28.41,0.14,73.3,card,CUST_8448,Regular
TXN_202312_005644,2023-12-07,REG_04,STORE_011,EMP_029,PROD_047,5,129.6,0.25,486.0,mobile,CUST_5189,Premium
TXN_202312_005645,2023-12-13,REG_05,STORE_015,EMP_005,PROD_028,2,457.55,0.05,869.35,mobile,CUST_8066,Regular
TXN_202312_005646,2023-12-27,REG_06,STORE_016,EMP_006,PROD_039,1,133.89,0.03,129.87,card,CUST_9180,Regular
TXN_202312_005647,2023-12-28,REG_07,STORE_019,EMP_007,PROD_007,4,235.65,0.27,688.1,cash,CUST_9327,New
TXN_202312_005648,2023-12-27,REG_10,STORE_029,EMP_020,PROD_040,3,311.42,0.11,831.49,mobile,CUST_2969,VIP
TXN_202312_005649,2023-12-03,REG_07,STORE_021,EMP_007,PROD_048,1,251.04,0.16,210.87,credit,CUST_5078,Premium
TXN_202312_005650,2023-12-14,REG_10,STORE_028,EMP_010,PROD_026,3,178.8,0.12,472.03,mobile,CUST_3327,VIP
TXN_202312_005651,2023-12-07,REG_10,STORE_030,EMP_017,PROD_025,5,61.83,0.09,281.33,credit,CUST_2037,Premium
TXN_202312_005652,2023-12-16,REG_09,STORE_025,EMP_027,PROD_014,4,272.32,0.21,860.53,mobile,CUST_9209,New
TXN_202312_005653,2023-12-05,REG_10,STORE_030,EMP_020,PROD_022,3,416.35,0.22,974.26,card,CUST_3962,Premium
TXN_202312_005654,2023-12-25,REG_09,STORE_027,EMP_025,PROD_004,2,88.0,0.19,142.56,credit,CUST_4499,Regular
TXN_202312_005655,2023-12-16,REG_07,STORE_021,EMP_007,PROD_028,1,383.8,0.07,356.93,credit,CUST_6523,VIP
TXN_202312_005656,2023-12-11,REG_02,STORE_004,EMP_002,PROD_032,1,136.5,0.23,105.11,cash,CUST_4341,VIP
TXN_202312_005657,2023-12-27,REG_05,STORE_013,EMP_021,PROD_015,5,102.5,0.27,374.12,card,CUST_9910,Regular
TXN_202312_005658,2023-12-25,REG_06,STORE_018,EMP_006,PROD_048,5,100.06,0.1,450.27,credit,CUST_4122,Regular
TXN_202312_005659,2023-12-16,REG_10,STORE_029,EMP_020,PROD_009,4,248.99,0.26,737.01,card,CUST_1786,VIP
TXN_202312_005660,2023-12-18,REG_07,STORE_019,EMP_007,PROD_046,1,499.98,0.29,354.99,mobile,CUST_1077,Premium
TXN_202312_005661,2023-12-14,REG_09,STORE_025,EMP_025,PROD_008,1,154.18,0.01,152.64,card,CUST_4371,New
TXN_202312_005662,2023-12-10,REG_06,STORE_016,EMP_006,PROD_047,2,46.87,0.27,68.43,card,CUST_2576,New
TXN_202312_005663,2023-12-15,REG_06,STORE_017,EMP_006,PROD_037,2,398.66,0.06,749.48,cash,CUST_6087,Premium
TXN_202312_005664,2023-12-15,REG_09,STORE_025,EMP_027,PROD_048,5,26.95,0.04,129.36,cash,CUST_2707,VIP
TXN_202312_005665,2023-12-30,REG_07,STORE_019,EMP_007,PROD_034,2,258.09,0.06,485.21,mobile,CUST_3800,Regular
TXN_202312_005666,2023-12-20,REG_03,STORE_008,EMP_003,PROD_035,2,52.26,0.14,89.89,mobile,CUST_4682,New
TXN_202312_005667,2023-12-08,REG_01,STORE_001,EMP_019,PROD_001,3,142.18,0.25,319.91,cash,CUST_8020,Premium
TXN_202312_005668,2023-12-20,REG_01,STORE_001,EMP_018,PROD_043,2,371.43,0.11,661.15,credit,CUST_6121,VIP
TXN_202312_005669,2023-12-26,REG_03,STORE_009,EMP_003,PROD_036,1,70.4,0.16,59.14,credit,CUST_8763,VIP
TXN_202312_005670,2023-12-13,REG_05,STORE_014,EMP_021,PROD_033,3,235.3,0.2,564.72,cash,CUST_2858,Premium
TXN_202312_005671,2023-12-30,REG_02,STORE_004,EMP_002,PROD_037,4,116.04,0.21,366.69,cash,CUST_2780,VIP
TXN_202312_005672,2023-12-09,REG_05,STORE_013,EMP_021,PROD_004,4,235.93,0.04,905.97,mobile,CUST_3655,Premium
TXN_202312_005673,2023-12-20,REG_02,STORE_006,EMP_002,PROD_027,5,74.46,0.02,364.85,cash,CUST_9072,VIP
TXN_202312_005674,2023-12-02,REG_06,STORE_016,EMP_006,PROD_050,2,335.69,0.23,516.96,mobile,CUST_8883,Regular
TXN_202312_005675,2023-12-07,REG_08,STORE_024,EMP_008,PROD_015,1,449.45,0.22,350.57,credit,CUST_5372,Regular
TXN_202312_005676,2023-12-08,REG_03,STORE_008,EMP_003,PROD_029,2,138.62,0.05,263.38,card,CUST_7993,New
TXN_202312_005677,2023-12-04,REG_07,STORE_019,EMP_007,PROD_047,3,447.78,0.02,1316.47,card,CUST_8492,VIP
TXN_202312_005678,2023-12-14,REG_08,STORE_022,EMP_023,PROD_044,3,118.13,0.06,333.13,mobile,CUST_6036,Premium
TXN_202312_005679,2023-12-05,REG_09,STORE_027,EMP_022,PROD_029,3,404.28,0.12,1067.3,credit,CUST_6104,New
TXN_202312_005680,2023-12-01,REG_08,STORE_023,EMP_015,PROD_020,3,332.2,0.29,707.59,mobile,CUST_2636,VIP
TXN_202312_005681,2023-12-04,REG_09,STORE_025,EMP_027,PROD_027,5,190.43,0.25,714.11,card,CUST_5694,New
TXN_202312_005682,2023-12-19,REG_02,STORE_005,EMP_002,PROD_012,1,493.26,0.24,374.88,credit,CUST_8488,VIP
TXN_202312_005683,2023-12-13,REG_03,STORE_009,EMP_003,PROD_045,3,380.61,0.26,844.95,credit,CUST_5839,New
TXN_202312_005684,2023-12-23,REG_01,STORE_001,EMP_011,PROD_048,5,189.98,0.02,930.9,mobile,CUST_1985,Regular
TXN_202312_005685,2023-12-02,REG_06,STORE_017,EMP_006,PROD_029,3,381.58,0.25,858.56,credit,CUST_3502,Premium
TXN_202312_005686,2023-12-20,REG_01,STORE_003,EMP_019,PROD_013,5,96.1,0.24,365.18,credit,CUST_4697,VIP
TXN_202312_005687,2023-12-19,REG_08,STORE_024,EMP_012,PROD_039,3,95.78,0.14,247.11,credit,CUST_8229,Premium
TXN_202312_005688,2023-12-17,REG_02,STORE_005,EMP_002,PROD_017,3,479.25,0.07,1337.11,credit,CUST_2535,VIP
TXN_202312_005689,2023-12-02,REG_01,STORE_001,EMP_011,PROD_033,4,327.95,0.13,1141.27,cash,CUST_7620,Premium
TXN_202312_005690,2023-12-04,REG_07,STORE_020,EMP_007,PROD_047,5,468.25,0.22,1826.17,card,CUST_8516,Regular
TXN_202312_005691,2023-12-14,REG_09,STORE_025,EMP_009,PROD_038,2,473.01,0.28,681.13,card,CUST_7080,Regular
TXN_202312_005692,2023-12-30,REG_09,STORE_027,EMP_022,PROD_001,2,442.4,0.21,698.99,cash,CUST_3872,Premium
TXN_202312_005693,2023-12-09,REG_07,STORE_019,EMP_007,PROD_023,1,24.94,0.04,23.94,cash,CUST_1915,VIP
TXN_202312_005694,2023-12-04,REG_06,STORE_017,EMP_006,PROD_009,2,206.88,0.15,351.7,credit,CUST_9186,Premium
TXN_202312_005695,2023-12-29,REG_10,STORE_030,EMP_010,PROD_033,4,257.28,0.01,1018.83,cash,CUST_3860,Premium
TXN_202312_005696,2023-12-28,REG_01,STORE_003,EMP_011,PROD_033,2,385.85,0.25,578.78,mobile,CUST_6080,New
TXN_202312_005697,2023-12-07,REG_08,STORE_023,EMP_008,PROD_046,5,464.31,0.02,2275.12,card,CUST_3159,VIP
TXN_202312_005698,2023-12-12,REG_01,STORE_003,EMP_019,PROD_032,1,495.58,0.08,455.93,mobile,CUST_7107,Premium
TXN_202312_005699,2023-12-27,REG_07,STORE_020,EMP_007,PROD_020,5,445.37,0.13,1937.36,mobile,CUST_4737,New
TXN_202312_005700,2023-12-03,REG_05,STORE_014,EMP_021,PROD_038,2,31.56,0.15,53.65,cash,CUST_1025,VIP
TXN_202312_005701,2023-12-15,REG_03,STORE_009,EMP_003,PROD_030,3,423.74,0.15,1080.54,mobile,CUST_5924,Regular
TXN_202312_005702,2023-12-27,REG_01,STORE_001,EMP_019,PROD_042,1,187.7,0.22,146.41,cash,CUST_3521,VIP
TXN_202312_005703,2023-12-05,REG_08,STORE_023,EMP_015,PROD_046,4,153.51,0.17,509.65,cash,CUST_9253,Regular
TXN_202312_005704,2023-12-14,REG_05,STORE_013,EMP_005,PROD_025,4,85.22,0.21,269.3,cash,CUST_4633,Premium
TXN_202312_005705,2023-12-16,REG_01,STORE_002,EMP_019,PROD_033,5,314.03,0.27,1146.21,mobile,CUST_2176,Regular
TXN_202312_005706,2023-12-05,REG_05,STORE_013,EMP_021,PROD_029,5,417.78,0.28,1504.01,credit,CUST_9304,New
TXN_202312_005707,2023-12-16,REG_03,STORE_007,EMP_014,PROD_028,2,127.27,0.24,193.45,mobile,CUST_7553,VIP
TXN_202312_005708,2023-12-11,REG_02,STORE_004,EMP_002,PROD_027,5,184.53,0.12,811.93,credit,CUST_4901,New
TXN_202312_005709,2023-12-10,REG_04,STORE_012,EMP_026,PROD_022,5,29.29,0.2,117.16,card,CUST_1872,New
TXN_202312_005710,2023-12-27,REG_06,STORE_018,EMP_006,PROD_022,2,170.78,0.23,263.0,credit,CUST_4136,Premium
TXN_202312_005711,2023-12-11,REG_02,STORE_006,EMP_002,PROD_043,4,181.58,0.05,690.0,mobile,CUST_4977,VIP
TXN_202312_005712,2023-12-28,REG_04,STORE_010,EMP_016,PROD_002,4,14.87,0.04,57.1,cash,CUST_5534,Regular
TXN_202312_005713,2023-12-29,REG_02,STORE_005,EMP_002,PROD_036,1,33.8,0.04,32.45,credit,CUST_4358,Regular
TXN_202312_005714,2023-12-21,REG_05,STORE_014,EMP_021,PROD_033,1,398.93,0.02,390.95,credit,CUST_4325,VIP
TXN_202312_005715,2023-12-23,REG_09,STORE_027,EMP_027,PROD_007,1,336.56,0.11,299.54,cash,CUST_1593,Regular
TXN_202312_005716,2023-12-13,REG_10,STORE_030,EMP_010,PROD_032,5,267.42,0.22,1042.94,card,CUST_1008,VIP
TXN_202312_005717,2023-12-25,REG_01,STORE_002,EMP_011,PROD_027,1,239.58,0.01,237.18,card,CUST_4062,New
TXN_202312_005718,2023-12-15,REG_05,STORE_015,EMP_005,PROD_033,2,219.0,0.02,429.24,mobile,CUST_8550,VIP
TXN_202312_005719,2023-12-17,REG_09,STORE_026,EMP_009,PROD_002,1,99.78,0.03,96.79,card,CUST_8889,VIP
TXN_202312_005720,2023-12-29,REG_04,STORE_010,EMP_026,PROD_024,1,136.28,0.12,119.93,mobile,CUST_4406,VIP
TXN_202312_005721,2023-12-31,REG_02,STORE_006,EMP_002,PROD_043,4,330.95,0.21,1045.8,mobile,CUST_8398,VIP
TXN_202312_005722,2023-12-01,REG_04,STORE_010,EMP_004,PROD_036,2,323.95,0.02,634.94,cash,CUST_8972,Regular
TXN_202312_005723,2023-12-03,REG_07,STORE_021,EMP_007,PROD_016,2,487.44,0.2,779.9,credit,CUST_4420,New
TXN_202312_005724,2023-12-19,REG_10,STORE_029,EMP_020,PROD_011,4,233.81,0.2,748.19,credit,CUST_6362,Premium
TXN_202312_005725,2023-12-14,REG_07,STORE_019,EMP_007,PROD_002,1,205.99,0.25,154.49,cash,CUST_5280,New
TXN_202312_005726,2023-12-07,REG_07,STORE_020,EMP_007,PROD_043,2,364.94,0.17,605.8,cash,CUST_4216,VIP
TXN_202312_005727,2023-12-27,REG_08,STORE_024,EMP_023,PROD_042,1,317.29,0.02,310.94,cash,CUST_1084,Premium
TXN_202312_005728,2023-12-11,REG_05,STORE_013,EMP_021,PROD_022,3,480.48,0.01,1427.03,cash,CUST_6777,New
TXN_202312_005729,2023-12-06,REG_04,STORE_012,EMP_024,PROD_026,2,185.67,0.02,363.91,mobile,CUST_2787,Regular
TXN_202312_005730,2023-12-17,REG_05,STORE_015,EMP_021,PROD_021,5,201.68,0.18,826.89,credit,CUST_5159,Regular
TXN_202312_005731,2023-12-23,REG_08,STORE_023,EMP_015,PROD_022,3,477.0,0.24,1087.56,credit,CUST_4568,VIP
TXN_202312_005732,2023-12-13,REG_05,STORE_015,EMP_021,PROD_008,4,136.33,0.25,408.99,cash,CUST_7458,Regular
TXN_202312_005733,2023-12-28,REG_03,STORE_008,EMP_003,PROD_001,3,273.0,0.0,819.0,credit,CUST_3362,Regular
TXN_202312_005734,2023-12-13,REG_05,STORE_013,EMP_005,PROD_033,2,161.02,0.27,235.09,credit,CUST_5214,VIP
TXN_202312_005735,2023-12-23,REG_05,STORE_015,EMP_021,PROD_029,1,12.55,0.23,9.66,mobile,CUST_2319,Regular
TXN_202312_005736,2023-12-12,REG_10,STORE_030,EMP_020,PROD_047,3,63.6,0.27,139.28,mobile,CUST_1050,Premium
TXN_202312_005737,2023-12-16,REG_10,STORE_029,EMP_028,PROD_011,1,52.79,0.04,50.68,mobile,CUST_5763,Regular
TXN_202312_005738,2023-12-22,REG_07,STORE_021,EMP_007,PROD_021,1,80.94,0.04,77.7,mobile,CUST_1891,Regular
TXN_202312_005739,2023-12-22,REG_10,STORE_028,EMP_013,PROD_049,1,358.05,0.19,290.02,credit,CUST_6897,Regular
TXN_202312_005740,2023-12-11,REG_08,STORE_022,EMP_023,PROD_016,2,264.37,0.14,454.72,cash,CUST_4357,VIP
TXN_202312_005741,2023-12-17,REG_08,STORE_024,EMP_015,PROD_044,3,430.14,0.19,1045.24,card,CUST_6366,New
TXN_202312_005742,2023-12-29,REG_10,STORE_028,EMP_028,PROD_005,2,308.19,0.03,597.89,mobile,CUST_4879,Premium
TXN_202312_005743,2023-12-25,REG_07,STORE_021,EMP_007,PROD_045,3,366.68,0.12,968.04,credit,CUST_8842,Regular
TXN_202312_005744,2023-12-04,REG_05,STORE_015,EMP_005,PROD_050,2,374.44,0.25,561.66,cash,CUST_4485,Premium
TXN_202312_005745,2023-12-04,REG_08,STORE_023,EMP_023,PROD_035,3,153.76,0.06,433.6,mobile,CUST_5874,New
TXN_202312_005746,2023-12-03,REG_10,STORE_030,EMP_013,PROD_022,1,145.28,0.29,103.15,cash,CUST_2254,New
TXN_202312_005747,2023-12-29,REG_06,STORE_017,EMP_006,PROD_018,1,231.93,0.0,231.93,cash,CUST_4493,Premium
TXN_202312_005748,2023-12-16,REG_08,STORE_022,EMP_008,PROD_016,2,405.74,0.22,632.95,credit,CUST_9865,Premium
TXN_202312_005749,2023-12-15,REG_09,STORE_026,EMP_022,PROD_045,5,423.05,0.03,2051.79,cash,CUST_1632,Premium
TXN_202312_005750,2023-12-16,REG_05,STORE_014,EMP_021,PROD_039,2,429.17,0.16,721.01,mobile,CUST_9167,Regular
TXN_202312_005751,2023-12-07,REG_02,STORE_005,EMP_002,PROD_039,3,36.9,0.25,83.02,mobile,CUST_2830,VIP
TXN_202312_005752,2023-12-03,REG_04,STORE_010,EMP_016,PROD_020,1,298.22,0.15,253.49,card,CUST_2417,New
TXN_202312_005753,2023-12-18,REG_09,STORE_027,EMP_027,PROD_049,5,310.18,0.03,1504.37,card,CUST_1743,New
TXN_202312_005754,2023-12-06,REG_08,STORE_022,EMP_015,PROD_048,1,53.7,0.18,44.03,credit,CUST_2131,New
TXN_202312_005755,2023-12-28,REG_03,STORE_007,EMP_003,PROD_023,3,252.08,0.02,741.12,credit,CUST_8774,New
TXN_202312_005756,2023-12-24,REG_06,STORE_017,EMP_006,PROD_047,1,261.58,0.22,204.03,card,CUST_4291,Premium
TXN_202312_005757,2023-12-04,REG_05,STORE_014,EMP_021,PROD_045,5,365.39,0.02,1790.41,cash,CUST_7172,Premium
TXN_202312_005758,2023-12-21,REG_07,STORE_021,EMP_007,PROD_049,1,155.58,0.06,146.25,cash,CUST_7520,VIP
TXN_202312_005759,2023-12-31,REG_05,STORE_014,EMP_005,PROD_035,4,284.83,0.21,900.06,credit,CUST_7535,New
TXN_202312_005760,2023-12-16,REG_10,STORE_029,EMP_028,PROD_026,5,224.62,0.19,909.71,card,CUST_6242,New
TXN_202312_005761,2023-12-10,REG_05,STORE_014,EMP_005,PROD_014,3,480.95,0.09,1312.99,card,CUST_7730,VIP
TXN_202312_005762,2023-12-01,REG_07,STORE_019,EMP_007,PROD_042,5,224.54,0.25,842.03,card,CUST_4073,Premium
TXN_202312_005763,2023-12-03,REG_07,STORE_019,EMP_007,PROD_012,2,148.71,0.11,264.7,card,CUST_4861,VIP
TXN_202312_005764,2023-12-03,REG_06,STORE_016,EMP_006,PROD_018,4,180.78,0.01,715.89,credit,CUST_4430,VIP
TXN_202312_005765,2023-12-31,REG_06,STORE_016,EMP_006,PROD_013,1,113.57,0.01,112.43,credit,CUST_9587,VIP
TXN_202312_005766,2023-12-06,REG_09,STORE_027,EMP_025,PROD_001,4,476.82,0.07,1773.77,card,CUST_4368,Premium
TXN_202312_005767,2023-12-05,REG_09,STORE_026,EMP_009,PROD_011,2,311.48,0.1,560.66,card,CUST_2003,Regular
TXN_202312_005768,2023-12-28,REG_08,STORE_023,EMP_012,PROD_018,1,392.16,0.06,368.63,credit,CUST_1105,Regular
TXN_202312_005769,2023-12-13,REG_09,STORE_026,EMP_022,PROD_028,2,338.82,0.27,494.68,card,CUST_4581,VIP
TXN_202312_005770,2023-12-03,REG_03,STORE_008,EMP_014,PROD_009,1,145.56,0.1,131.0,credit,CUST_1508,Premium
TXN_202312_005771,2023-12-21,REG_03,STORE_007,EMP_003,PROD_029,2,295.88,0.08,544.42,credit,CUST_1135,Premium
TXN_202312_005772,2023-12-06,REG_05,STORE_013,EMP_021,PROD_032,4,28.81,0.12,101.41,cash,CUST_3462,VIP
TXN_202312_005773,2023-12-29,REG_02,STORE_006,EMP_002,PROD_035,5,303.28,0.15,1288.94,cash,CUST_3762,Premium
TXN_202312_005774,2023-12-25,REG_05,STORE_014,EMP_005,PROD_045,3,137.89,0.26,306.12,cash,CUST_6717,Regular
TXN_202312_005775,2023-12-12,REG_07,STORE_021,EMP_007,PROD_031,1,85.16,0.22,66.42,cash,CUST_6089,VIP
TXN_202312_005776,2023-12-17,REG_02,STORE_005,EMP_002,PROD_011,3,236.76,0.1,639.25,mobile,CUST_1155,Regular
TXN_202312_005777,2023-12-23,REG_03,STORE_007,EMP_003,PROD_039,1,406.77,0.27,296.94,cash,CUST_6873,VIP
TXN_202312_005778,2023-12-03,REG_02,STORE_004,EMP_002,PROD_027,3,80.76,0.12,213.21,card,CUST_5131,Regular
TXN_202312_005779,2023-12-16,REG_07,STORE_021,EMP_007,PROD_005,2,208.01,0.15,353.62,cash,CUST_1700,VIP
TXN_202312_005780,2023-12-01,REG_06,STORE_016,EMP_006,PROD_006,2,42.93,0.12,75.56,mobile,CUST_7858,Premium
TXN_202312_005781,2023-12-09,REG_02,STORE_005,EMP_002,PROD_018,5,232.43,0.23,894.86,mobile,CUST_3367,Premium
TXN_202312_005782,2023-12-07,REG_09,STORE_027,EMP_027,PROD_031,3,311.64,0.05,888.17,cash,CUST_2832,New
TXN_202312_005783,2023-12-26,REG_03,STORE_009,EMP_003,PROD_040,4,421.54,0.13,1466.96,cash,CUST_9706,VIP
TXN_202312_005784,2023-12-21,REG_02,STORE_006,EMP_002,PROD_031,5,390.75,0.02,1914.67,mobile,CUST_1641,Premium
TXN_202312_005785,2023-12-06,REG_08,STORE_022,EMP_012,PROD_005,2,194.26,0.22,303.05,cash,CUST_3665,New
TXN_202312_005786,2023-12-29,REG_02,STORE_006,EMP_002,PROD_047,5,174.9,0.27,638.38,cash,CUST_1655,VIP
TXN_202312_005787,2023-12-04,REG_04,STORE_011,EMP_030,PROD_024,5,162.66,0.07,756.37,cash,CUST_3748,Premium
TXN_202312_005788,2023-12-20,REG_05,STORE_015,EMP_021,PROD_039,1,279.56,0.18,229.24,cash,CUST_4059,New
TXN_202312_005789,2023-12-22,REG_05,STORE_013,EMP_021,PROD_015,3,407.34,0.26,904.29,credit,CUST_6023,New
TXN_202312_005790,2023-12-30,REG_01,STORE_001,EMP_019,PROD_044,4,481.57,0.26,1425.45,card,CUST_4498,Regular
TXN_202312_005791,2023-12-08,REG_06,STORE_018,EMP_006,PROD_029,4,83.74,0.09,304.81,card,CUST_9337,VIP
TXN_202312_005792,2023-12-22,REG_09,STORE_025,EMP_025,PROD_006,1,396.9,0.26,293.71,card,CUST_9115,Premium
TXN_202312_005793,2023-12-29,REG_10,STORE_029,EMP_010,PROD_038,4,36.68,0.14,126.18,credit,CUST_5159,Regular
TXN_202312_005794,2023-12-01,REG_06,STORE_017,EMP_006,PROD_043,4,113.02,0.13,393.31,card,CUST_2163,Regular
TXN_202312_005795,2023-12-30,REG_10,STORE_029,EMP_020,PROD_011,5,107.76,0.09,490.31,credit,CUST_9275,VIP
TXN_202312_005796,2023-12-03,REG_03,STORE_008,EMP_014,PROD_023,3,321.13,0.03,934.49,credit,CUST_1962,VIP
TXN_202312_005797,2023-12-20,REG_08,STORE_024,EMP_012,PROD_031,1,359.0,0.3,251.3,credit,CUST_6135,Premium
TXN_202312_005798,2023-12-23,REG_05,STORE_015,EMP_005,PROD_023,4,50.47,0.23,155.45,mobile,CUST_1133,Regular
TXN_202312_005799,2023-12-03,REG_09,STORE_026,EMP_025,PROD_020,1,422.31,0.04,405.42,cash,CUST_1505,Premium
TXN_202312_005800,2023-12-26,REG_04,STORE_010,EMP_030,PROD_018,3,108.86,0.3,228.61,cash,CUST_6571,VIP
TXN_202312_005801,2023-12-30,REG_09,STORE_027,EMP_027,PROD_016,4,24.48,0.1,88.13,cash,CUST_7041,Regular
TXN_202312_005802,2023-12-13,REG_10,STORE_029,EMP_013,PROD_045,3,251.86,0.11,672.47,credit,CUST_6158,New
TXN_202312_005803,2023-12-22,REG_03,STORE_009,EMP_003,PROD_004,3,280.75,0.29,598.0,mobile,CUST_2217,Premium
TXN_202312_005804,2023-12-27,REG_02,STORE_006,EMP_002,PROD_034,4,284.03,0.21,897.53,mobile,CUST_9007,VIP
TXN_202312_005805,2023-12-17,REG_06,STORE_016,EMP_006,PROD_032,2,20.97,0.01,41.52,mobile,CUST_9884,VIP
TXN_202312_005806,2023-12-04,REG_07,STORE_019,EMP_007,PROD_030,4,197.03,0.17,654.14,mobile,CUST_3147,New
TXN_202312_005807,2023-12-08,REG_06,STORE_016,EMP_006,PROD_005,2,58.21,0.19,94.3,card,CUST_8008,Regular
TXN_202312_005808,2023-12-18,REG_08,STORE_023,EMP_023,PROD_031,4,184.24,0.28,530.61,mobile,CUST_5483,New
TXN_202312_005809,2023-12-11,REG_02,STORE_004,EMP_002,PROD_043,3,261.85,0.2,628.44,mobile,CUST_7769,New
TXN_202312_005810,2023-12-07,REG_09,STORE_025,EMP_027,PROD_009,4,307.59,0.28,885.86,credit,CUST_5235,Regular
TXN_202312_005811,2023-12-26,REG_02,STORE_005,EMP_002,PROD_009,1,67.05,0.2,53.64,card,CUST_4755,Premium
TXN_202312_005812,2023-12-26,REG_05,STORE_015,EMP_021,PROD_037,2,180.36,0.26,266.93,card,CUST_7243,Regular
TXN_202312_005813,2023-12-10,REG_05,STORE_014,EMP_005,PROD_032,3,79.53,0.25,178.94,card,CUST_1869,New
TXN_202312_005814,2023-12-29,REG_09,STORE_027,EMP_022,PROD_028,3,30.69,0.27,67.21,cash,CUST_2591,Premium
TXN_202312_005815,2023-12-26,REG_09,STORE_026,EMP_022,PROD_036,2,343.83,0.21,543.25,mobile,CUST_2167,New
TXN_202312_005816,2023-12-01,REG_01,STORE_002,EMP_001,PROD_028,5,43.81,0.22,170.86,card,CUST_9669,Premium
TXN_202312_005817,2023-12-18,REG_04,STORE_012,EMP_004,PROD_017,4,355.9,0.21,1124.64,card,CUST_6781,Premium
TXN_202312_005818,2023-12-09,REG_02,STORE_004,EMP_002,PROD_024,1,483.8,0.25,362.85,credit,CUST_8469,Regular
TXN_202312_005819,2023-12-05,REG_09,STORE_026,EMP_025,PROD_006,3,318.7,0.3,669.27,credit,CUST_6554,VIP
TXN_202312_005820,2023-12-30,REG_10,STORE_028,EMP_028,PROD_016,3,295.67,0.16,745.09,card,CUST_9415,New
TXN_202312_005821,2023-12-01,REG_04,STORE_011,EMP_004,PROD_040,1,372.4,0.11,331.44,mobile,CUST_3837,New
TXN_202312_005822,2023-12-09,REG_06,STORE_016,EMP_006,PROD_006,4,55.25,0.01,218.79,credit,CUST_2122,Regular
TXN_202312_005823,2023-12-04,REG_07,STORE_021,EMP_007,PROD_015,2,167.0,0.09,303.94,card,CUST_9794,Regular
TXN_202312_005824,2023-12-20,REG_09,STORE_025,EMP_022,PROD_042,3,119.57,0.25,269.03,card,CUST_4570,New
TXN_202312_005825,2023-12-01,REG_08,STORE_022,EMP_023,PROD_036,1,99.72,0.17,82.77,credit,CUST_9167,VIP
TXN_202312_005826,2023-12-13,REG_09,STORE_027,EMP_025,PROD_041,3,448.6,0.04,1291.97,credit,CUST_6940,Regular
TXN_202312_005827,2023-12-11,REG_10,STORE_029,EMP_028,PROD_025,1,266.35,0.15,226.4,cash,CUST_4614,Regular
TXN_202312_005828,2023-12-09,REG_10,STORE_029,EMP_028,PROD_048,1,158.84,0.21,125.48,mobile,CUST_9569,Premium
TXN_202312_005829,2023-12-10,REG_04,STORE_012,EMP_016,PROD_018,5,97.95,0.28,352.62,card,CUST_2008,Premium
TXN_202312_005830,2023-12-21,REG_09,STORE_025,EMP_009,PROD_010,3,33.3,0.23,76.92,mobile,CUST_9201,VIP
TXN_202312_005831,2023-12-17,REG_10,STORE_030,EMP_020,PROD_038,2,288.58,0.27,421.33,card,CUST_2774,Regular
TXN_202312_005832,2023-12-25,REG_03,STORE_009,EMP_014,PROD_021,5,331.34,0.25,1242.52,credit,CUST_2712,New
TXN_202312_005833,2023-12-06,REG_01,STORE_003,EMP_001,PROD_007,1,38.92,0.13,33.86,credit,CUST_7830,Regular
TXN_202312_005834,2023-12-06,REG_09,STORE_026,EMP_025,PROD_012,3,149.86,0.19,364.16,credit,CUST_3894,Regular
TXN_202312_005835,2023-12-06,REG_05,STORE_014,EMP_005,PROD_022,3,362.78,0.25,816.25,cash,CUST_2966,New
TXN_202312_005836,2023-12-17,REG_03,STORE_009,EMP_014,PROD_042,3,475.05,0.22,1111.62,card,CUST_1136,VIP
TXN_202312_005837,2023-12-17,REG_02,STORE_004,EMP_002,PROD_045,3,69.24,0.23,159.94,mobile,CUST_7836,New
TXN_202312_005838,2023-12-09,REG_08,STORE_024,EMP_008,PROD_010,5,167.03,0.03,810.1,credit,CUST_5605,Premium
TXN_202312_005839,2023-12-30,REG_10,STORE_028,EMP_028,PROD_035,3,68.15,0.25,153.34,card,CUST_9145,New
TXN_202312_005840,2023-12-29,REG_08,STORE_023,EMP_008,PROD_003,3,89.58,0.06,252.62,mobile,CUST_9632,Premium
TXN_202312_005841,2023-12-21,REG_06,STORE_017,EMP_006,PROD_047,4,79.42,0.15,270.03,cash,CUST_2227,VIP
TXN_202312_005842,2023-12-30,REG_04,STORE_012,EMP_024,PROD_048,3,332.01,0.19,806.78,cash,CUST_6039,New
TXN_202312_005843,2023-12-15,REG_04,STORE_011,EMP_030,PROD_035,1,338.56,0.22,264.08,mobile,CUST_1469,VIP
TXN_202312_005844,2023-12-09,REG_05,STORE_015,EMP_005,PROD_040,4,277.03,0.18,908.66,credit,CUST_5565,Regular
TXN_202312_005845,2023-12-23,REG_09,STORE_026,EMP_027,PROD_033,2,205.63,0.27,300.22,cash,CUST_5418,Premium
TXN_202312_005846,2023-12-01,REG_04,STORE_012,EMP_029,PROD_013,3,106.99,0.26,237.52,credit,CUST_9822,Regular
TXN_202312_005847,2023-12-25,REG_08,STORE_023,EMP_023,PROD_017,5,282.69,0.18,1159.03,mobile,CUST_2803,Regular
TXN_202312_005848,2023-12-28,REG_10,STORE_030,EMP_010,PROD_040,5,267.75,0.27,977.29,mobile,CUST_2966,VIP
TXN_202312_005849,2023-12-21,REG_10,STORE_028,EMP_020,PROD_030,2,223.4,0.2,357.44,mobile,CUST_6030,Regular
TXN_202312_005850,2023-12-07,REG_04,STORE_011,EMP_004,PROD_012,4,286.55,0.2,916.96,cash,CUST_5796,Regular
TXN_202312_005851,2023-12-09,REG_06,STORE_018,EMP_006,PROD_045,1,361.88,0.2,289.5,mobile,CUST_2970,New
TXN_202312_005852,2023-12-11,REG_05,STORE_013,EMP_005,PROD_011,5,16.66,0.0,83.3,cash,CUST_4844,New
TXN_202312_005853,2023-12-30,REG_07,STORE_021,EMP_007,PROD_038,2,246.33,0.02,482.81,card,CUST_1627,Premium
TXN_202312_005854,2023-12-20,REG_09,STORE_027,EMP_025,PROD_038,5,227.72,0.08,1047.51,credit,CUST_9460,Premium
TXN_202312_005855,2023-12-18,REG_07,STORE_020,EMP_007,PROD_027,4,177.4,0.0,709.6,card,CUST_4603,VIP
TXN_202312_005856,2023-12-10,REG_09,STORE_027,EMP_022,PROD_030,5,481.56,0.01,2383.72,mobile,CUST_4512,New
TXN_202312_005857,2023-12-08,REG_01,STORE_003,EMP_019,PROD_005,3,207.88,0.21,492.68,mobile,CUST_6404,Premium
TXN_202312_005858,2023-12-05,REG_02,STORE_004,EMP_002,PROD_011,4,318.76,0.14,1096.53,mobile,CUST_3358,Premium
TXN_202312_005859,2023-12-04,REG_08,STORE_024,EMP_008,PROD_028,3,457.65,0.04,1318.03,card,CUST_5246,Premium
TXN_202312_005860,2023-12-29,REG_07,STORE_021,EMP_007,PROD_008,2,415.45,0.02,814.28,mobile,CUST_6081,New
TXN_202312_005861,2023-12-18,REG_04,STORE_012,EMP_004,PROD_034,3,275.92,0.14,711.87,mobile,CUST_3791,New
TXN_202312_005862,2023-12-11,REG_09,STORE_025,EMP_027,PROD_021,3,210.7,0.11,562.57,mobile,CUST_8292,Premium
TXN_202312_005863,2023-12-17,REG_10,STORE_030,EMP_017,PROD_008,5,33.25,0.14,142.97,card,CUST_6248,Regular
TXN_202312_005864,2023-12-08,REG_02,STORE_005,EMP_002,PROD_039,1,228.55,0.07,212.55,mobile,CUST_1799,Regular
TXN_202312_005865,2023-12-19,REG_08,STORE_022,EMP_023,PROD_038,1,498.49,0.04,478.55,cash,CUST_3659,Regular
TXN_202312_005866,2023-12-16,REG_01,STORE_002,EMP_011,PROD_034,1,446.2,0.03,432.81,credit,CUST_7504,New
TXN_202312_005867,2023-12-13,REG_03,STORE_009,EMP_014,PROD_029,4,27.53,0.06,103.51,credit,CUST_9222,New
TXN_202312_005868,2023-12-20,REG_03,STORE_007,EMP_003,PROD_004,3,311.49,0.06,878.4,mobile,CUST_1787,New
TXN_202312_005869,2023-12-29,REG_03,STORE_007,EMP_014,PROD_005,5,108.42,0.06,509.57,credit,CUST_6939,VIP
TXN_202312_005870,2023-12-09,REG_10,STORE_028,EMP_017,PROD_020,4,441.56,0.25,1324.68,credit,CUST_7211,Premium
TXN_202312_005871,2023-12-01,REG_02,STORE_005,EMP_002,PROD_038,1,44.75,0.14,38.48,mobile,CUST_3876,Premium
TXN_202312_005872,2023-12-20,REG_02,STORE_004,EMP_002,PROD_009,5,289.4,0.15,1229.95,credit,CUST_9453,New
TXN_202312_005873,2023-12-11,REG_06,STORE_016,EMP_006,PROD_043,5,212.31,0.2,849.24,credit,CUST_5620,Premium
TXN_202312_005874,2023-12-30,REG_10,STORE_030,EMP_017,PROD_027,4,143.39,0.28,412.96,cash,CUST_6526,Premium
TXN_202312_005875,2023-12-27,REG_09,STORE_026,EMP_009,PROD_018,2,329.73,0.02,646.27,cash,CUST_4159,Regular
TXN_202312_005876,2023-12-19,REG_04,STORE_010,EMP_026,PROD_034,3,453.87,0.17,1130.14,credit,CUST_6770,Regular
TXN_202312_005877,2023-12-13,REG_03,STORE_007,EMP_003,PROD_042,3,27.88,0.01,82.8,mobile,CUST_9066,Regular
TXN_202312_005878,2023-12-15,REG_04,STORE_010,EMP_004,PROD_017,5,155.14,0.12,682.62,cash,CUST_7046,VIP
TXN_202312_005879,2023-12-27,REG_02,STORE_006,EMP_002,PROD_036,3,427.13,0.14,1102.0,card,CUST_5632,VIP
TXN_202312_005880,2023-12-01,REG_10,STORE_030,EMP_013,PROD_012,5,131.38,0.1,591.21,credit,CUST_3017,Premium
TXN_202312_005881,2023-12-17,REG_08,STORE_024,EMP_008,PROD_036,2,89.46,0.21,141.35,credit,CUST_2372,VIP
TXN_202312_005882,2023-12-23,REG_02,STORE_004,EMP_002,PROD_045,4,378.75,0.17,1257.45,card,CUST_8635,Regular
TXN_202312_005883,2023-12-12,REG_09,STORE_027,EMP_027,PROD_007,5,253.08,0.14,1088.24,cash,CUST_4744,Regular
TXN_202312_005884,2023-12-03,REG_05,STORE_013,EMP_021,PROD_018,3,55.04,0.06,155.21,mobile,CUST_1013,Regular
TXN_202312_005885,2023-12-22,REG_07,STORE_021,EMP_007,PROD_005,5,417.04,0.04,2001.79,credit,CUST_5901,New
TXN_202312_005886,2023-12-21,REG_07,STORE_021,EMP_007,PROD_039,5,412.18,0.29,1463.24,card,CUST_9449,Regular
TXN_202312_005887,2023-12-07,REG_08,STORE_022,EMP_008,PROD_005,4,455.55,0.1,1639.98,cash,CUST_2547,New
TXN_202312_005888,2023-12-23,REG_04,STORE_010,EMP_016,PROD_044,3,84.5,0.15,215.47,cash,CUST_8456,Regular
TXN_202312_005889,2023-12-18,REG_02,STORE_006,EMP_002,PROD_007,5,318.86,0.2,1275.44,cash,CUST_3625,Premium
TXN_202312_005890,2023-12-21,REG_09,STORE_027,EMP_025,PROD_039,4,282.15,0.26,835.16,card,CUST_5027,New
TXN_202312_005891,2023-12-07,REG_07,STORE_021,EMP_007,PROD_027,5,408.93,0.07,1901.52,credit,CUST_6648,Premium
TXN_202312_005892,2023-12-13,REG_05,STORE_013,EMP_005,PROD_001,2,457.64,0.27,668.15,card,CUST_2795,Regular
TXN_202312_005893,2023-12-19,REG_08,STORE_023,EMP_012,PROD_050,1,230.44,0.22,179.74,cash,CUST_4161,New
TXN_202312_005894,2023-12-13,REG_09,STORE_025,EMP_027,PROD_023,2,480.4,0.28,691.78,credit,CUST_3791,New
TXN_202312_005895,2023-12-03,REG_01,STORE_002,EMP_019,PROD_037,3,205.03,0.05,584.34,card,CUST_9486,Regular
TXN_202312_005896,2023-12-24,REG_07,STORE_021,EMP_007,PROD_018,1,384.9,0.26,284.83,credit,CUST_4103,Premium
TXN_202312_005897,2023-12-09,REG_08,STORE_022,EMP_008,PROD_013,2,245.4,0.06,461.35,mobile,CUST_9170,Premium
TXN_202312_005898,2023-12-19,REG_08,STORE_022,EMP_015,PROD_033,2,224.53,0.26,332.3,credit,CUST_4995,New
TXN_202312_005899,2023-12-23,REG_09,STORE_026,EMP_027,PROD_012,4,213.36,0.2,682.75,mobile,CUST_2747,Premium
TXN_202312_005900,2023-12-01,REG_02,STORE_004,EMP_002,PROD_049,5,342.64,0.04,1644.67,cash,CUST_2173,Premium
TXN_202312_005901,2023-12-03,REG_08,STORE_022,EMP_015,PROD_041,2,42.07,0.21,66.47,cash,CUST_6615,New
TXN_202312_005902,2023-12-26,REG_07,STORE_019,EMP_007,PROD_022,4,493.24,0.04,1894.04,credit,CUST_8546,Regular
TXN_202312_005903,2023-12-11,REG_04,STORE_010,EMP_024,PROD_040,5,274.45,0.18,1125.25,credit,CUST_9464,New
TXN_202312_005904,2023-12-24,REG_04,STORE_010,EMP_029,PROD_050,3,422.47,0.14,1089.97,card,CUST_4710,Regular
TXN_202312_005905,2023-12-12,REG_08,STORE_023,EMP_012,PROD_011,4,460.76,0.11,1640.31,cash,CUST_6821,Regular
TXN_202312_005906,2023-12-01,REG_02,STORE_005,EMP_002,PROD_048,3,261.99,0.27,573.76,credit,CUST_5611,New
TXN_202312_005907,2023-12-23,REG_03,STORE_008,EMP_003,PROD_043,3,250.83,0.28,541.79,card,CUST_8522,New
TXN_202312_005908,2023-12-29,REG_04,STORE_012,EMP_024,PROD_047,5,301.39,0.26,1115.14,cash,CUST_3101,Regular
TXN_202312_005909,2023-12-23,REG_06,STORE_017,EMP_006,PROD_021,3,225.79,0.08,623.18,mobile,CUST_8260,VIP
TXN_202312_005910,2023-12-05,REG_09,STORE_026,EMP_027,PROD_018,5,411.51,0.04,1975.25,mobile,CUST_5276,Premium
TXN_202312_005911,2023-12-05,REG_08,STORE_022,EMP_023,PROD_028,3,263.27,0.01,781.91,cash,CUST_8520,Regular
TXN_202312_005912,2023-12-31,REG_07,STORE_021,EMP_007,PROD_034,2,94.59,0.06,177.83,card,CUST_8004,Premium
TXN_202312_005913,2023-12-08,REG_08,STORE_024,EMP_008,PROD_049,1,484.16,0.09,440.59,card,CUST_7523,Premium
TXN_202312_005914,2023-12-10,REG_09,STORE_026,EMP_022,PROD_033,2,100.55,0.01,199.09,card,CUST_7838,Premium
TXN_202312_005915,2023-12-21,REG_03,STORE_009,EMP_014,PROD_023,1,21.95,0.27,16.02,cash,CUST_9069,Premium
TXN_202312_005916,2023-12-02,REG_10,STORE_030,EMP_010,PROD_004,1,241.73,0.18,198.22,card,CUST_5643,Premium
TXN_202312_005917,2023-12-29,REG_08,STORE_024,EMP_008,PROD_006,4,54.7,0.06,205.67,card,CUST_5715,Regular
TXN_202312_005918,2023-12-20,REG_08,STORE_024,EMP_023,PROD_050,5,300.22,0.27,1095.8,cash,CUST_9543,VIP
TXN_202312_005919,2023-12-29,REG_09,STORE_025,EMP_025,PROD_038,4,325.51,0.26,963.51,cash,CUST_3086,VIP
TXN_202312_005920,2023-12-17,REG_07,STORE_019,EMP_007,PROD_033,3,347.79,0.06,980.77,card,CUST_3746,VIP
TXN_202312_005921,2023-12-27,REG_09,STORE_027,EMP_025,PROD_043,4,131.82,0.14,453.46,cash,CUST_5664,VIP
TXN_202312_005922,2023-12-16,REG_05,STORE_015,EMP_005,PROD_025,1,171.04,0.2,136.83,card,CUST_3059,VIP
TXN_202312_005923,2023-12-23,REG_10,STORE_030,EMP_020,PROD_046,1,491.81,0.07,457.38,card,CUST_9329,VIP
TXN_202312_005924,2023-12-08,REG_04,STORE_012,EMP_024,PROD_032,5,426.68,0.11,1898.73,credit,CUST_8204,New
TXN_202312_005925,2023-12-19,REG_07,STORE_019,EMP_007,PROD_008,2,457.07,0.25,685.61,credit,CUST_2059,Regular
TXN_202312_005926,2023-12-24,REG_10,STORE_028,EMP_013,PROD_025,5,179.4,0.19,726.57,mobile,CUST_3121,Regular
TXN_202312_005927,2023-12-31,REG_09,STORE_025,EMP_027,PROD_029,4,34.11,0.25,102.33,mobile,CUST_4797,New
TXN_202312_005928,2023-12-25,REG_05,STORE_013,EMP_021,PROD_014,2,304.31,0.17,505.15,cash,CUST_8061,Regular
TXN_202312_005929,2023-12-15,REG_08,STORE_022,EMP_015,PROD_021,1,53.33,0.03,51.73,cash,CUST_7676,Premium
TXN_202312_005930,2023-12-23,REG_01,STORE_001,EMP_019,PROD_043,3,241.8,0.14,623.84,card,CUST_4966,Regular
TXN_202312_005931,2023-12-22,REG_08,STORE_023,EMP_012,PROD_021,4,76.22,0.01,301.83,mobile,CUST_8156,Premium
TXN_202312_005932,2023-12-31,REG_05,STORE_014,EMP_021,PROD_025,5,298.11,0.14,1281.87,mobile,CUST_5063,Regular
TXN_202312_005933,2023-12-05,REG_10,STORE_028,EMP_028,PROD_004,3,472.42,0.29,1006.25,cash,CUST_8768,Premium
TXN_202312_005934,2023-12-21,REG_03,STORE_007,EMP_003,PROD_005,5,58.75,0.12,258.5,credit,CUST_2717,Regular
TXN_202312_005935,2023-12-01,REG_05,STORE_015,EMP_021,PROD_046,3,322.98,0.03,939.87,credit,CUST_2527,New
TXN_202312_005936,2023-12-10,REG_06,STORE_018,EMP_006,PROD_020,1,498.04,0.0,498.04,card,CUST_8071,VIP
TXN_202312_005937,2023-12-15,REG_01,STORE_002,EMP_018,PROD_016,3,232.11,0.05,661.51,mobile,CUST_5586,Regular
TXN_202312_005938,2023-12-08,REG_10,STORE_030,EMP_010,PROD_013,5,327.64,0.22,1277.8,mobile,CUST_7428,VIP
TXN_202312_005939,2023-12-23,REG_05,STORE_014,EMP_021,PROD_007,2,171.45,0.19,277.75,mobile,CUST_3216,New
TXN_202312_005940,2023-12-08,REG_03,STORE_007,EMP_014,PROD_005,5,407.54,0.04,1956.19,card,CUST_6603,VIP
TXN_202312_005941,2023-12-30,REG_10,STORE_028,EMP_017,PROD_031,5,271.45,0.29,963.65,credit,CUST_2857,Regular
TXN_202312_005942,2023-12-06,REG_04,STORE_011,EMP_016,PROD_023,3,28.64,0.05,81.62,card,CUST_7599,Premium
TXN_202312_005943,2023-12-27,REG_09,STORE_026,EMP_027,PROD_031,3,50.98,0.15,130.0,card,CUST_5064,New
TXN_202312_005944,2023-12-26,REG_03,STORE_009,EMP_003,PROD_022,1,42.55,0.18,34.89,card,CUST_7407,VIP
TXN_202312_005945,2023-12-25,REG_09,STORE_025,EMP_022,PROD_047,2,377.22,0.02,739.35,card,CUST_3962,New
TXN_202312_005946,2023-12-07,REG_04,STORE_010,EMP_026,PROD_010,5,198.07,0.15,841.8,cash,CUST_8209,Premium
TXN_202312_005947,2023-12-31,REG_08,STORE_022,EMP_008,PROD_005,5,145.03,0.18,594.62,card,CUST_1187,Regular
TXN_202312_005948,2023-12-05,REG_09,STORE_026,EMP_025,PROD_019,4,167.21,0.09,608.64,cash,CUST_8931,Premium
TXN_202312_005949,2023-12-31,REG_10,STORE_029,EMP_020,PROD_044,2,389.5,0.16,654.36,credit,CUST_3834,Regular
TXN_202312_005950,2023-12-24,REG_07,STORE_020,EMP_007,PROD_027,5,241.15,0.02,1181.63,mobile,CUST_5811,Premium
TXN_202312_005951,2023-12-11,REG_05,STORE_013,EMP_021,PROD_035,2,33.2,0.05,63.08,card,CUST_7563,New
TXN_202312_005952,2023-12-23,REG_04,STORE_011,EMP_016,PROD_022,4,204.75,0.27,597.87,card,CUST_4904,New
TXN_202312_005953,2023-12-24,REG_02,STORE_004,EMP_002,PROD_008,3,63.62,0.13,166.05,credit,CUST_1700,VIP
TXN_202312_005954,2023-12-10,REG_04,STORE_011,EMP_016,PROD_019,2,50.69,0.28,72.99,mobile,CUST_7785,New
TXN_202312_005955,2023-12-28,REG_09,STORE_027,EMP_009,PROD_037,5,352.35,0.29,1250.84,cash,CUST_8574,Regular
TXN_202312_005956,2023-12-30,REG_08,STORE_024,EMP_023,PROD_021,2,444.65,0.26,658.08,cash,CUST_2484,VIP
TXN_202312_005957,2023-12-21,REG_10,STORE_029,EMP_010,PROD_041,4,71.24,0.1,256.46,cash,CUST_4392,Premium
TXN_202312_005958,2023-12-26,REG_02,STORE_005,EMP_002,PROD_011,3,389.16,0.24,887.28,cash,CUST_9657,VIP
TXN_202312_005959,2023-12-27,REG_07,STORE_021,EMP_007,PROD_015,1,394.19,0.24,299.58,mobile,CUST_3903,Regular
TXN_202312_005960,2023-12-13,REG_10,STORE_030,EMP_010,PROD_002,2,161.43,0.05,306.72,cash,CUST_4406,Regular
TXN_202312_005961,2023-12-25,REG_05,STORE_014,EMP_021,PROD_040,3,403.68,0.01,1198.93,cash,CUST_8005,VIP
TXN_202312_005962,2023-12-17,REG_09,STORE_026,EMP_009,PROD_018,4,349.42,0.14,1202.0,credit,CUST_9323,Premium
TXN_202312_005963,2023-12-04,REG_08,STORE_022,EMP_015,PROD_036,5,412.55,0.07,1918.36,card,CUST_8208,Regular
TXN_202312_005964,2023-12-28,REG_10,STORE_029,EMP_028,PROD_032,4,149.53,0.03,580.18,credit,CUST_4052,VIP
TXN_202312_005965,2023-12-29,REG_09,STORE_026,EMP_022,PROD_014,1,396.61,0.27,289.53,credit,CUST_4002,VIP
TXN_202312_005966,2023-12-09,REG_06,STORE_016,EMP_006,PROD_037,3,354.99,0.28,766.78,credit,CUST_1206,New
TXN_202312_005967,2023-12-30,REG_07,STORE_021,EMP_007,PROD_040,1,438.75,0.08,403.65,cash,CUST_8119,New
TXN_202312_005968,2023-12-27,REG_10,STORE_030,EMP_028,PROD_022,1,310.58,0.08,285.73,cash,CUST_1905,New
TXN_202312_005969,2023-12-30,REG_07,STORE_020,EMP_007,PROD_016,5,332.41,0.28,1196.68,card,CUST_8353,VIP
TXN_202312_005970,2023-12-08,REG_02,STORE_006,EMP_002,PROD_021,2,142.28,0.25,213.42,cash,CUST_2054,New
TXN_202312_005971,2023-12-14,REG_01,STORE_001,EMP_019,PROD_032,4,203.05,0.11,722.86,card,CUST_1204,Premium
TXN_202312_005972,2023-12-28,REG_07,STORE_021,EMP_007,PROD_014,5,319.07,0.19,1292.23,cash,CUST_7221,VIP
TXN_202312_005973,2023-12-09,REG_04,STORE_012,EMP_026,PROD_046,2,305.69,0.1,550.24,card,CUST_5302,New
TXN_202312_005974,2023-12-21,REG_07,STORE_020,EMP_007,PROD_041,1,361.09,0.27,263.6,cash,CUST_7255,VIP
TXN_202312_005975,2023-12-13,REG_04,STORE_011,EMP_024,PROD_042,3,23.92,0.2,57.41,mobile,CUST_2058,New
TXN_202312_005976,2023-12-14,REG_01,STORE_001,EMP_018,PROD_044,3,65.09,0.25,146.45,mobile,CUST_7252,Premium
TXN_202312_005977,2023-12-15,REG_08,STORE_024,EMP_015,PROD_022,2,267.38,0.15,454.55,card,CUST_3840,New
TXN_202312_005978,2023-12-08,REG_04,STORE_012,EMP_016,PROD_023,3,81.7,0.12,215.69,mobile,CUST_2085,Premium
TXN_202312_005979,2023-12-27,REG_01,STORE_003,EMP_011,PROD_001,4,220.06,0.1,792.22,credit,CUST_5946,New
TXN_202312_005980,2023-12-17,REG_09,STORE_025,EMP_022,PROD_025,5,477.63,0.11,2125.45,credit,CUST_9393,VIP
