transaction_id,date,region,store_id,employee_id,product_id,units,unit_price,discount,revenue,payment,customer_id,customer_segment
TXN_202306_002481,2023-06-07,REG_08,STORE_023,,PROD_008,1,390.19,0.08,358.97,credit,CUST_1319,VIP
TXN_202306_002482,2023-06-21,REG_09,STORE_025,EMP_022,PROD_009,3,109.8,0.11,293.17,cash,CUST_2433,Premium
TXN_202306_002483,2023-06-03,REG_08,STORE_023,EMP_015,PROD_048,1,109.73,0.14,94.37,card,CUST_8562,New
TXN_202306_002484,2023-06-14,REG_08,STORE_022,EMP_023,PROD_022,4,192.15,0.17,637.94,mobile,CUST_3977,Premium
TXN_202306_002485,2023-06-21,REG_04,STORE_011,EMP_004,PROD_006,5,128.31,0.21,506.82,mobile,CUST_6149,Regular
TXN_202306_002486,2023-06-09,REG_09,STORE_027,EMP_025,PROD_011,4,371.94,0.24,1130.7,cash,CUST_6815,Premium
TXN_202306_002487,2023-06-10,REG_02,STORE_004,EMP_002,PROD_026,4,417.08,0.16,1401.39,card,CUST_8805,Regular
TXN_202306_002488,2023-06-16,REG_07,STORE_020,EMP_007,PROD_040,5,383.15,0.29,1360.18,mobile,,VIP
TXN_202306_002489,2023-06-01,REG_02,STORE_006,EMP_002,PROD_009,4,133.99,0.28,385.89,credit,CUST_2052,New
TXN_202306_002490,2023-06-10,REG_08,STORE_024,EMP_012,PROD_001,1,383.74,0.15,326.18,cash,CUST_1954,VIP
TXN_202306_002491,2023-06-02,REG_09,STORE_025,EMP_027,PROD_044,3,263.17,0.04,757.93,card,CUST_6483,Premium
TXN_202306_002492,2023-06-22,REG_10,STORE_029,EMP_017,PROD_039,5,168.49,0.13,732.93,mobile,CUST_3607,VIP
TXN_202306_002493,2023-06-11,REG_04,STORE_012,EMP_016,PROD_022,5,19.1,0.23,73.53,mobile,CUST_1466,Regular
TXN_202306_002494,2023-06-21,REG_07,STORE_021,EMP_007,PROD_020,2,346.43,0.03,672.07,card,CUST_7948,New
TXN_202306_002495,2023-06-18,REG_07,STORE_019,EMP_007,PROD_049,4,406.85,0.13,1415.84,mobile,,VIP
TXN_202306_002496,2023-06-18,REG_10,STORE_029,EMP_028,PROD_044,5,235.56,0.12,1036.46,credit,CUST_3924,VIP
TXN_202306_002497,2023-06-04,REG_05,STORE_014,EMP_005,PROD_013,1,467.95,0.26,346.28,card,CUST_3014,VIP
TXN_202306_002498,2023-06-01,REG_02,STORE_004,,PROD_031,1,188.27,0.22,146.85,mobile,CUST_5262,Premium
TXN_202306_002499,2023-06-10,REG_03,STORE_009,EMP_014,PROD_024,5,240.49,0.05,1142.33,card,CUST_3931,Premium
TXN_202306_002500,2023-06-17,REG_06,STORE_017,EMP_006,PROD_028,5,96.27,0.09,438.03,cash,CUST_7041,VIP
TXN_202306_002501,2023-06-13,REG_09,STORE_027,EMP_025,PROD_004,1,304.03,0.1,273.63,card,CUST_8035,New
TXN_202306_002502,2023-06-16,REG_09,STORE_025,EMP_009,PROD_017,1,126.6,0.29,89.89,mobile,CUST_7613,Premium
TXN_202306_002503,2023-06-27,REG_10,STORE_029,EMP_020,PROD_013,4,206.68,0.15,702.71,card,CUST_3891,Premium
TXN_202306_002504,2023-06-09,REG_10,STORE_029,EMP_028,PROD_007,1,361.56,0.01,357.94,mobile,,Premium
TXN_202306_002505,2023-06-05,REG_07,STORE_019,EMP_007,PROD_047,3,484.32,0.23,1118.78,card,CUST_6771,Premium
TXN_202306_002506,2023-06-05,REG_03,STORE_007,EMP_014,PROD_037,1,146.32,0.0,146.32,mobile,CUST_9219,Premium
TXN_202306_002507,2023-06-03,REG_04,STORE_011,EMP_024,PROD_032,2,360.54,0.19,584.07,mobile,CUST_9472,New
TXN_202306_002508,2023-06-21,REG_03,STORE_007,EMP_014,PROD_043,3,356.67,0.23,823.91,card,,Regular
TXN_202306_002509,2023-06-15,REG_06,STORE_017,EMP_006,PROD_034,5,402.23,0.03,1950.82,card,CUST_3510,New
TXN_202306_002510,2023-06-29,REG_03,STORE_008,EMP_003,PROD_022,4,194.83,0.07,724.77,card,CUST_8065,VIP
TXN_202306_002511,2023-06-29,REG_08,STORE_024,EMP_008,PROD_009,2,371.16,0.09,675.51,credit,CUST_6417,New
TXN_202306_002512,2023-06-02,REG_07,STORE_020,,PROD_010,1,53.17,0.25,39.88,card,CUST_3908,Regular
TXN_202306_002513,2023-06-27,REG_09,STORE_025,EMP_009,PROD_049,5,123.29,0.2,493.16,card,CUST_6353,Regular
TXN_202306_002514,2023-06-27,REG_07,STORE_021,EMP_007,PROD_018,5,488.47,0.03,2369.08,cash,CUST_9772,VIP
TXN_202306_002515,2023-06-01,REG_08,STORE_024,EMP_015,PROD_041,5,124.04,0.08,570.58,card,CUST_2998,Regular
TXN_202306_002516,2023-06-06,REG_02,STORE_004,EMP_002,PROD_029,2,214.7,0.08,395.05,cash,,VIP
TXN_202306_002517,2023-06-02,REG_02,STORE_004,EMP_002,PROD_025,3,374.98,0.09,1023.7,credit,CUST_7581,Premium
TXN_202306_002518,2023-06-24,REG_01,STORE_001,,PROD_044,2,314.44,0.22,490.53,card,,Regular
TXN_202306_002519,2023-06-07,REG_08,STORE_022,EMP_015,PROD_020,3,397.31,0.1,1072.74,cash,CUST_3789,Regular
TXN_202306_002520,2023-06-24,REG_07,STORE_019,EMP_007,PROD_036,1,232.48,0.14,199.93,cash,CUST_9161,VIP
TXN_202306_002521,2023-06-30,REG_04,STORE_010,EMP_030,PROD_017,1,373.17,0.17,309.73,mobile,CUST_4782,New
TXN_202306_002522,2023-06-22,REG_02,STORE_004,EMP_002,PROD_034,1,422.11,0.06,396.78,cash,CUST_9096,New
TXN_202306_002523,2023-06-22,REG_10,STORE_029,EMP_017,PROD_013,1,128.22,0.23,98.73,cash,,VIP
TXN_202306_002524,2023-06-13,REG_10,STORE_030,EMP_010,PROD_012,5,487.05,0.29,1729.03,card,CUST_5024,Regular
TXN_202306_002525,2023-06-27,REG_04,STORE_012,EMP_030,PROD_026,3,315.03,0.17,784.42,cash,,VIP
TXN_202306_002526,2023-06-24,REG_08,STORE_024,EMP_023,PROD_027,2,252.75,0.01,500.44,credit,CUST_9422,Regular
TXN_202306_002527,2023-06-12,REG_05,STORE_013,EMP_005,PROD_003,2,144.13,0.27,210.43,mobile,CUST_4678,New
TXN_202306_002528,2023-06-26,REG_07,STORE_019,EMP_007,PROD_030,2,457.24,0.03,887.05,credit,CUST_2934,Regular
TXN_202306_002529,2023-06-28,REG_03,STORE_007,EMP_003,PROD_011,4,424.95,0.11,1512.82,cash,CUST_7470,New
TXN_202306_002530,2023-06-23,REG_01,STORE_001,EMP_001,PROD_014,2,243.43,0.03,472.25,card,CUST_3502,VIP
TXN_202306_002531,2023-06-23,REG_04,STORE_012,EMP_024,PROD_034,3,262.06,0.02,770.46,mobile,CUST_1218,New
TXN_202306_002532,2023-06-14,REG_07,STORE_019,EMP_007,PROD_041,2,213.62,0.12,375.97,cash,CUST_2725,Premium
TXN_202306_002533,2023-06-09,REG_09,STORE_027,EMP_009,PROD_009,2,219.55,0.12,386.41,card,CUST_9671,New
TXN_202306_002534,2023-06-01,REG_08,STORE_024,EMP_008,PROD_027,1,166.58,0.2,133.26,card,CUST_2957,Premium
TXN_202306_002535,2023-06-14,REG_06,STORE_016,,PROD_012,1,442.14,0.06,415.61,mobile,CUST_1849,New
TXN_202306_002536,2023-06-01,REG_05,STORE_014,EMP_005,PROD_010,4,445.25,0.04,1709.76,cash,CUST_5210,Premium
TXN_202306_002537,2023-06-21,REG_06,STORE_016,EMP_006,PROD_026,2,143.34,0.06,269.48,mobile,CUST_2363,Premium
TXN_202306_002538,2023-06-13,REG_03,STORE_008,EMP_014,PROD_009,4,94.81,0.21,299.6,mobile,CUST_9254,Premium
TXN_202306_002539,2023-06-15,REG_04,STORE_010,EMP_030,PROD_005,5,457.81,0.18,1877.02,card,CUST_9312,Premium
TXN_202306_002540,2023-06-12,REG_10,STORE_028,EMP_013,PROD_023,1,66.33,0.27,48.42,card,CUST_9724,Regular
TXN_202306_002541,2023-06-20,REG_04,STORE_010,EMP_004,PROD_032,5,471.48,0.15,2003.79,card,CUST_4343,New
TXN_202306_002542,2023-06-26,REG_02,STORE_005,EMP_002,PROD_049,1,66.51,0.3,46.56,mobile,CUST_5160,VIP
TXN_202306_002543,2023-06-16,REG_10,STORE_030,EMP_017,PROD_039,3,212.34,0.08,586.06,card,CUST_2231,VIP
TXN_202306_002544,2023-06-11,REG_05,STORE_013,EMP_021,PROD_039,5,156.66,0.17,650.14,cash,CUST_3898,VIP
TXN_202306_002545,2023-06-17,REG_09,STORE_026,EMP_025,PROD_009,1,350.99,0.13,305.36,card,,Regular
TXN_202306_002546,2023-06-01,REG_09,STORE_026,EMP_022,PROD_038,5,78.12,0.29,277.33,credit,CUST_2918,Regular
TXN_202306_002547,2023-06-12,REG_05,STORE_015,EMP_005,PROD_045,2,396.35,0.24,602.45,credit,CUST_4926,VIP
TXN_202306_002548,2023-06-12,REG_05,STORE_013,EMP_021,PROD_024,1,135.82,0.28,97.79,credit,CUST_8817,New
TXN_202306_002549,2023-06-04,REG_10,STORE_029,EMP_010,PROD_037,4,339.67,0.16,1141.29,card,CUST_8966,VIP
TXN_202306_002550,2023-06-01,REG_07,STORE_020,EMP_007,PROD_030,4,29.7,0.21,93.85,card,CUST_2517,VIP
TXN_202306_002551,2023-06-18,REG_08,STORE_022,EMP_012,PROD_026,2,499.6,0.27,729.42,card,CUST_8938,Regular
TXN_202306_002552,2023-06-25,REG_03,STORE_009,EMP_014,PROD_044,1,69.82,0.26,51.67,cash,CUST_9553,VIP
TXN_202306_002553,2023-06-13,REG_05,STORE_014,EMP_005,PROD_005,1,203.59,0.28,146.58,card,CUST_1937,VIP
TXN_202306_002554,2023-06-30,REG_02,STORE_005,EMP_002,PROD_039,5,126.79,0.16,532.52,cash,CUST_8363,Premium
TXN_202306_002555,2023-06-28,REG_05,STORE_013,EMP_005,PROD_006,3,388.94,0.02,1143.48,cash,CUST_1298,Regular
TXN_202306_002556,2023-06-16,REG_02,STORE_005,EMP_002,PROD_022,4,492.26,0.1,1772.14,mobile,CUST_9827,New
TXN_202306_002557,2023-06-17,REG_04,STORE_012,EMP_024,PROD_044,4,52.12,0.02,204.31,cash,CUST_7572,VIP
TXN_202306_002558,2023-06-06,REG_08,STORE_024,EMP_015,PROD_017,5,260.09,0.29,923.32,credit,,VIP
TXN_202306_002559,2023-06-30,REG_03,STORE_009,EMP_003,PROD_043,2,470.41,0.08,865.55,card,CUST_8107,Premium
TXN_202306_002560,2023-06-24,REG_01,STORE_002,EMP_019,PROD_044,1,45.25,0.05,42.99,card,CUST_9137,Premium
TXN_202306_002561,2023-06-29,REG_02,STORE_004,,PROD_008,1,303.22,0.07,281.99,card,CUST_7684,Regular
TXN_202306_002562,2023-06-19,REG_10,STORE_030,EMP_010,PROD_001,2,84.41,0.21,133.37,card,CUST_8900,Regular
TXN_202306_002563,2023-06-12,REG_08,STORE_022,EMP_015,PROD_031,4,309.03,0.04,1186.68,cash,CUST_2257,Regular
TXN_202306_002564,2023-06-18,REG_03,STORE_009,EMP_014,PROD_028,4,122.48,0.01,485.02,cash,CUST_5135,New
TXN_202306_002565,2023-06-14,REG_06,STORE_017,EMP_006,PROD_004,2,48.55,0.29,68.94,cash,CUST_2052,Premium
TXN_202306_002566,2023-06-05,REG_04,STORE_011,,PROD_030,2,234.23,0.13,407.56,card,CUST_2112,VIP
TXN_202306_002567,2023-06-24,REG_08,STORE_022,EMP_023,PROD_012,3,60.1,0.11,160.47,cash,CUST_4111,Regular
TXN_202306_002568,2023-06-09,REG_07,STORE_020,EMP_007,PROD_026,5,316.94,0.06,1489.62,credit,CUST_5505,VIP
TXN_202306_002569,2023-06-21,REG_09,STORE_027,EMP_022,PROD_036,3,218.19,0.15,556.38,mobile,CUST_6463,Regular
TXN_202306_002570,2023-06-16,REG_06,STORE_017,EMP_006,PROD_003,4,450.22,0.05,1710.84,card,CUST_8036,New
TXN_202306_002571,2023-06-18,REG_05,STORE_014,EMP_021,PROD_020,2,299.06,0.15,508.4,cash,CUST_6033,Regular
TXN_202306_002572,2023-06-18,REG_10,STORE_029,EMP_010,PROD_044,4,416.53,0.08,1532.83,credit,CUST_5985,Premium
TXN_202306_002573,2023-06-29,REG_10,STORE_029,,PROD_049,4,451.06,0.02,1768.16,cash,CUST_3730,New
TXN_202306_002574,2023-06-25,REG_05,STORE_015,EMP_021,PROD_008,1,248.6,0.13,216.28,card,CUST_3767,New
TXN_202306_002575,2023-06-21,REG_04,STORE_012,EMP_030,PROD_019,3,411.06,0.02,1208.52,cash,CUST_4182,New
TXN_202306_002576,2023-06-09,REG_01,STORE_003,EMP_011,PROD_009,3,93.91,0.09,256.37,card,CUST_2341,VIP
TXN_202306_002577,2023-06-09,REG_03,STORE_007,EMP_003,PROD_035,5,471.69,0.29,1674.5,card,,Premium
TXN_202306_002578,2023-06-26,REG_01,STORE_001,EMP_001,PROD_013,4,273.9,0.14,942.22,card,,Regular
TXN_202306_002579,2023-06-28,REG_10,STORE_029,EMP_017,PROD_020,2,494.55,0.21,781.39,credit,CUST_6445,VIP
TXN_202306_002580,2023-06-05,REG_04,STORE_011,EMP_029,PROD_024,1,271.16,0.11,241.33,cash,CUST_1711,Premium
TXN_202306_002581,2023-06-22,REG_10,STORE_028,EMP_028,PROD_049,1,409.0,0.01,404.91,card,CUST_4094,VIP
TXN_202306_002582,2023-06-08,REG_04,STORE_011,EMP_024,PROD_018,5,225.84,0.23,869.48,credit,CUST_5017,Premium
TXN_202306_002583,2023-06-18,REG_09,STORE_027,EMP_009,PROD_048,4,49.38,0.25,148.14,mobile,,Premium
TXN_202306_002584,2023-06-30,REG_03,STORE_008,EMP_003,PROD_032,4,431.98,0.28,1244.1,mobile,CUST_4972,Regular
TXN_202306_002585,2023-06-15,REG_04,STORE_010,,PROD_035,5,376.41,0.04,1806.77,card,CUST_2623,New
TXN_202306_002586,2023-06-02,REG_08,STORE_023,EMP_008,PROD_047,5,156.21,0.19,632.65,card,CUST_6548,Premium
TXN_202306_002587,2023-06-16,REG_06,STORE_017,EMP_006,PROD_024,4,208.75,0.21,659.65,card,CUST_6988,Premium
TXN_202306_002588,2023-06-07,REG_10,STORE_030,,PROD_019,5,365.21,0.22,1424.32,mobile,CUST_6753,Regular
TXN_202306_002589,2023-06-28,REG_01,STORE_001,EMP_018,PROD_042,5,185.23,0.19,750.18,card,CUST_7782,VIP
TXN_202306_002590,2023-06-05,REG_07,STORE_020,EMP_007,PROD_033,1,16.44,0.12,14.47,credit,CUST_5194,Regular
TXN_202306_002591,2023-06-11,REG_04,STORE_011,EMP_029,PROD_029,1,369.77,0.01,366.07,credit,CUST_7932,Premium
TXN_202306_002592,2023-06-03,REG_06,STORE_016,EMP_006,PROD_027,3,56.12,0.18,138.06,credit,CUST_3630,VIP
TXN_202306_002593,2023-06-05,REG_02,STORE_004,EMP_002,PROD_003,1,54.95,0.27,40.11,credit,CUST_6362,Regular
TXN_202306_002594,2023-06-24,REG_03,STORE_009,EMP_003,PROD_014,4,415.49,0.15,1412.67,credit,CUST_9672,Regular
TXN_202306_002595,2023-06-11,REG_03,STORE_007,EMP_014,PROD_037,5,110.95,0.28,399.42,credit,,New
TXN_202306_002596,2023-06-26,REG_05,STORE_015,EMP_005,PROD_002,2,494.14,0.18,810.39,mobile,CUST_4878,Regular
TXN_202306_002597,2023-06-12,REG_09,STORE_026,EMP_027,PROD_013,2,398.83,0.27,582.29,credit,CUST_2307,VIP
TXN_202306_002598,2023-06-05,REG_02,STORE_006,EMP_002,PROD_003,1,225.58,0.11,200.77,cash,CUST_6116,New
TXN_202306_002599,2023-06-09,REG_08,STORE_023,EMP_012,PROD_048,2,92.22,0.15,156.77,cash,CUST_1087,Regular
TXN_202306_002600,2023-06-29,REG_05,STORE_013,EMP_005,PROD_033,4,330.04,0.14,1135.34,mobile,CUST_6807,Regular
TXN_202306_002601,2023-06-13,REG_04,STORE_010,EMP_026,PROD_013,2,96.76,0.19,156.75,credit,CUST_3681,VIP
TXN_202306_002602,2023-06-23,REG_01,STORE_001,EMP_018,PROD_016,2,89.09,0.25,133.63,card,CUST_2861,New
TXN_202306_002603,2023-06-24,REG_02,STORE_006,EMP_002,PROD_042,1,306.75,0.03,297.55,mobile,CUST_2593,Premium
TXN_202306_002604,2023-06-12,REG_09,STORE_027,EMP_025,PROD_007,3,370.93,0.05,1057.15,card,,VIP
TXN_202306_002605,2023-06-10,REG_08,STORE_022,EMP_023,PROD_046,5,348.84,0.11,1552.34,mobile,CUST_9396,VIP
TXN_202306_002606,2023-06-01,REG_03,STORE_009,EMP_014,PROD_017,1,438.85,0.25,329.14,credit,CUST_7157,New
TXN_202306_002607,2023-06-19,REG_07,STORE_020,EMP_007,PROD_043,3,99.24,0.05,282.83,card,,Premium
TXN_202306_002608,2023-06-21,REG_02,STORE_006,EMP_002,PROD_012,4,66.05,0.01,261.56,credit,CUST_2746,New
TXN_202306_002609,2023-06-05,REG_10,STORE_028,EMP_010,PROD_026,3,107.45,0.26,238.54,mobile,,Premium
TXN_202306_002610,2023-06-05,REG_05,STORE_014,EMP_021,PROD_002,1,365.57,0.21,288.8,mobile,CUST_9810,New
TXN_202306_002611,2023-06-04,REG_03,STORE_009,EMP_014,PROD_046,2,221.94,0.03,430.56,cash,CUST_2443,New
TXN_202306_002612,2023-06-01,REG_10,STORE_028,EMP_010,PROD_004,5,219.22,0.19,887.84,credit,CUST_1168,New
TXN_202306_002613,2023-06-16,REG_06,STORE_017,EMP_006,PROD_048,3,483.08,0.15,1231.85,mobile,CUST_9154,Premium
TXN_202306_002614,2023-06-03,REG_08,STORE_023,EMP_008,PROD_006,1,23.88,0.21,18.87,card,CUST_6991,Regular
TXN_202306_002615,2023-06-20,REG_05,STORE_015,EMP_005,PROD_006,5,419.72,0.08,1930.71,credit,,Premium
TXN_202306_002616,2023-06-14,REG_09,STORE_026,EMP_022,PROD_038,5,321.67,0.26,1190.18,cash,CUST_4366,Premium
TXN_202306_002617,2023-06-05,REG_04,STORE_012,EMP_024,PROD_036,1,67.76,0.3,47.43,credit,CUST_6920,New
TXN_202306_002618,2023-06-27,REG_05,STORE_015,EMP_021,PROD_029,4,252.88,0.14,869.91,cash,CUST_5630,New
TXN_202306_002619,2023-06-22,REG_08,STORE_024,EMP_008,PROD_050,2,80.89,0.18,132.66,cash,CUST_4677,VIP
TXN_202306_002620,2023-06-06,REG_03,STORE_009,EMP_014,PROD_011,2,440.67,0.02,863.71,credit,CUST_1143,VIP
TXN_202306_002621,2023-06-28,REG_02,STORE_006,EMP_002,PROD_045,5,449.19,0.15,1909.06,card,CUST_7422,VIP
TXN_202306_002622,2023-06-05,REG_06,STORE_016,EMP_006,PROD_049,1,79.95,0.12,70.36,cash,CUST_5782,Premium
TXN_202306_002623,2023-06-07,REG_07,STORE_019,EMP_007,PROD_031,3,51.8,0.12,136.75,credit,CUST_6238,Regular
TXN_202306_002624,2023-06-27,REG_01,STORE_003,EMP_001,PROD_017,3,288.19,0.09,786.76,cash,CUST_5381,VIP
TXN_202306_002625,2023-06-22,REG_02,STORE_004,EMP_002,PROD_024,4,420.31,0.06,1580.37,cash,CUST_7090,Premium
TXN_202306_002626,2023-06-14,REG_04,STORE_011,EMP_004,PROD_048,5,152.45,0.23,586.93,cash,CUST_3989,VIP
TXN_202306_002627,2023-06-24,REG_03,STORE_007,EMP_003,PROD_045,2,484.33,0.05,920.23,mobile,CUST_5455,VIP
TXN_202306_002628,2023-06-18,REG_07,STORE_019,EMP_007,PROD_009,5,30.56,0.08,140.58,credit,,New
TXN_202306_002629,2023-06-06,REG_03,STORE_007,,PROD_029,2,356.08,0.02,697.92,credit,CUST_3423,Premium
TXN_202306_002630,2023-06-23,REG_09,STORE_025,EMP_025,PROD_014,3,21.98,0.17,54.73,mobile,CUST_2715,New
TXN_202306_002631,2023-06-12,REG_06,STORE_018,EMP_006,PROD_048,4,307.2,0.11,1093.63,credit,CUST_1583,VIP
TXN_202306_002632,2023-06-27,REG_06,STORE_018,EMP_006,PROD_047,4,208.27,0.14,716.45,mobile,CUST_3030,Regular
TXN_202306_002633,2023-06-01,REG_05,STORE_013,EMP_021,PROD_010,3,91.41,0.17,227.61,mobile,CUST_3985,VIP
TXN_202306_002634,2023-06-06,REG_04,STORE_011,EMP_004,PROD_012,2,474.63,0.13,825.86,card,CUST_6292,Regular
TXN_202306_002635,2023-06-10,REG_05,STORE_014,EMP_021,PROD_050,3,352.91,0.2,846.98,cash,CUST_3751,Regular
TXN_202306_002636,2023-06-10,REG_03,STORE_008,EMP_003,PROD_006,5,339.1,0.15,1441.17,credit,CUST_6056,New
TXN_202306_002637,2023-06-29,REG_03,STORE_009,EMP_003,PROD_038,5,443.43,0.17,1840.23,mobile,,VIP
TXN_202306_002638,2023-06-30,REG_03,STORE_008,EMP_003,PROD_010,2,298.13,0.23,459.12,mobile,CUST_8477,New
TXN_202306_002639,2023-06-28,REG_06,STORE_017,EMP_006,PROD_034,1,224.95,0.05,213.7,cash,CUST_3263,Regular
TXN_202306_002640,2023-06-26,REG_04,STORE_010,EMP_026,PROD_045,2,153.49,0.01,303.91,card,CUST_6981,Regular
TXN_202306_002641,2023-06-27,REG_09,STORE_026,EMP_027,PROD_016,1,191.45,0.25,143.59,credit,CUST_8061,VIP
TXN_202306_002642,2023-06-03,REG_01,STORE_002,EMP_011,PROD_041,3,345.63,0.05,985.05,credit,CUST_9591,Premium
TXN_202306_002643,2023-06-12,REG_02,STORE_005,EMP_002,PROD_007,4,282.76,0.24,859.59,card,CUST_3597,New
TXN_202306_002644,2023-06-12,REG_01,STORE_003,EMP_001,PROD_021,1,483.32,0.24,367.32,card,CUST_6372,New
TXN_202306_002645,2023-06-14,REG_07,STORE_020,,PROD_007,5,80.86,0.04,388.13,credit,CUST_3827,VIP
TXN_202306_002646,2023-06-27,REG_09,STORE_026,EMP_025,PROD_008,2,29.07,0.28,41.86,cash,CUST_5549,VIP
TXN_202306_002647,2023-06-12,REG_07,STORE_020,EMP_007,PROD_002,4,333.52,0.09,1214.01,cash,CUST_3967,New
TXN_202306_002648,2023-06-19,REG_10,STORE_028,EMP_028,PROD_040,4,141.76,0.11,504.67,card,CUST_8742,Premium
TXN_202306_002649,2023-06-07,REG_04,STORE_010,EMP_026,PROD_015,5,367.12,0.18,1505.19,credit,CUST_2720,Regular
TXN_202306_002650,2023-06-17,REG_07,STORE_021,EMP_007,PROD_012,4,456.14,0.03,1769.82,cash,CUST_7142,New
TXN_202306_002651,2023-06-05,REG_02,STORE_005,EMP_002,PROD_031,3,165.47,0.19,402.09,credit,,New
TXN_202306_002652,2023-06-06,REG_08,STORE_024,,PROD_029,1,419.77,0.07,390.39,cash,CUST_5640,Regular
TXN_202306_002653,2023-06-30,REG_07,STORE_021,EMP_007,PROD_009,1,159.65,0.24,121.33,credit,CUST_9481,VIP
TXN_202306_002654,2023-06-16,REG_09,STORE_026,EMP_027,PROD_033,3,488.94,0.17,1217.46,card,CUST_9486,New
TXN_202306_002655,2023-06-09,REG_05,STORE_015,EMP_005,PROD_009,4,346.03,0.04,1328.76,credit,,Regular
TXN_202306_002656,2023-06-11,REG_06,STORE_018,,PROD_002,1,193.03,0.02,189.17,card,CUST_2022,Premium
TXN_202306_002657,2023-06-01,REG_03,STORE_007,EMP_003,PROD_025,1,362.25,0.27,264.44,credit,,Regular
TXN_202306_002658,2023-06-09,REG_10,STORE_028,EMP_020,PROD_050,1,171.3,0.28,123.34,card,CUST_3340,VIP
TXN_202306_002659,2023-06-23,REG_08,STORE_022,EMP_015,PROD_008,3,110.05,0.01,326.85,credit,CUST_6521,Premium
TXN_202306_002660,2023-06-03,REG_07,STORE_021,EMP_007,PROD_001,4,468.59,0.12,1649.44,credit,,VIP
TXN_202306_002661,2023-06-21,REG_02,STORE_006,EMP_002,PROD_030,5,115.32,0.14,495.88,cash,CUST_8912,New
TXN_202306_002662,2023-06-08,REG_01,STORE_003,EMP_019,PROD_039,1,323.56,0.22,252.38,mobile,CUST_9426,VIP
TXN_202306_002663,2023-06-12,REG_07,STORE_020,EMP_007,PROD_014,3,480.67,0.29,1023.83,card,CUST_2675,VIP
TXN_202306_002664,2023-06-24,REG_04,STORE_012,EMP_004,PROD_026,4,403.07,0.05,1531.67,cash,CUST_9899,New
TXN_202306_002665,2023-06-01,REG_07,STORE_021,EMP_007,PROD_027,5,19.99,0.3,69.96,credit,CUST_2780,Premium
TXN_202306_002666,2023-06-04,REG_10,STORE_029,EMP_010,PROD_021,3,180.71,0.25,406.6,mobile,CUST_4581,Premium
TXN_202306_002667,2023-06-09,REG_02,STORE_005,EMP_002,PROD_045,2,222.71,0.16,374.15,mobile,CUST_3757,Regular
TXN_202306_002668,2023-06-19,REG_06,STORE_016,EMP_006,PROD_029,4,150.44,0.1,541.58,credit,CUST_4009,Regular
TXN_202306_002669,2023-06-03,REG_06,STORE_018,EMP_006,PROD_020,2,170.95,0.19,276.94,cash,CUST_5594,VIP
TXN_202306_002670,2023-06-03,REG_07,STORE_020,EMP_007,PROD_046,4,371.14,0.28,1068.88,mobile,,Premium
TXN_202306_002671,2023-06-11,REG_02,STORE_005,EMP_002,PROD_039,3,15.08,0.08,41.62,cash,,VIP
TXN_202306_002672,2023-06-30,REG_06,STORE_016,EMP_006,PROD_007,2,272.14,0.07,506.18,card,CUST_6123,Regular
TXN_202306_002673,2023-06-04,REG_09,STORE_025,EMP_027,PROD_031,2,68.84,0.3,96.38,credit,CUST_3832,New
TXN_202306_002674,2023-06-20,REG_02,STORE_005,EMP_002,PROD_002,3,393.57,0.18,968.18,credit,,Regular
TXN_202306_002675,2023-06-26,REG_01,STORE_003,EMP_018,PROD_016,5,404.66,0.2,1618.64,cash,,VIP
TXN_202306_002676,2023-06-15,REG_10,STORE_030,EMP_028,PROD_006,2,448.93,0.29,637.48,credit,CUST_4458,VIP
TXN_202306_002677,2023-06-29,REG_04,STORE_012,EMP_024,PROD_036,3,299.14,0.02,879.47,credit,CUST_9847,New
TXN_202306_002678,2023-06-25,REG_04,STORE_010,EMP_026,PROD_013,5,335.19,0.0,1675.95,cash,CUST_9397,Regular
TXN_202306_002679,2023-06-29,REG_10,STORE_029,EMP_020,PROD_020,3,186.06,0.13,485.62,cash,CUST_5731,New
TXN_202306_002680,2023-06-02,REG_06,STORE_016,EMP_006,PROD_003,1,195.95,0.01,193.99,card,CUST_9009,Premium
TXN_202306_002681,2023-06-30,REG_07,STORE_020,EMP_007,PROD_014,3,83.56,0.26,185.5,mobile,CUST_4645,VIP
TXN_202306_002682,2023-06-01,REG_01,STORE_002,,PROD_014,4,177.42,0.14,610.32,card,CUST_7966,VIP
TXN_202306_002683,2023-06-10,REG_07,STORE_021,EMP_007,PROD_003,2,281.88,0.27,411.54,credit,CUST_5260,New
TXN_202306_002684,2023-06-24,REG_10,STORE_028,EMP_017,PROD_005,4,198.75,0.27,580.35,card,CUST_8438,VIP
TXN_202306_002685,2023-06-18,REG_04,STORE_012,EMP_026,PROD_013,2,229.05,0.16,384.8,cash,,Regular
TXN_202306_002686,2023-06-19,REG_08,STORE_022,EMP_012,PROD_049,3,47.69,0.08,131.62,cash,CUST_7125,VIP
TXN_202306_002687,2023-06-08,REG_04,STORE_011,,PROD_025,1,217.76,0.2,174.21,cash,,VIP
TXN_202306_002688,2023-06-02,REG_07,STORE_020,EMP_007,PROD_016,3,272.8,0.03,793.85,credit,CUST_3408,Regular
TXN_202306_002689,2023-06-19,REG_05,STORE_013,EMP_005,PROD_034,2,84.73,0.09,154.21,credit,CUST_1176,Premium
TXN_202306_002690,2023-06-22,REG_05,STORE_013,,PROD_036,5,352.42,0.21,1392.06,cash,CUST_4415,New
TXN_202306_002691,2023-06-18,REG_10,STORE_030,EMP_013,PROD_004,1,31.55,0.21,24.92,card,CUST_3494,New
TXN_202306_002692,2023-06-20,REG_06,STORE_017,EMP_006,PROD_036,5,29.05,0.2,116.2,mobile,CUST_4547,VIP
TXN_202306_002693,2023-06-02,REG_09,STORE_027,EMP_009,PROD_038,4,278.37,0.11,991.0,card,,VIP
TXN_202306_002694,2023-06-08,REG_10,STORE_028,EMP_020,PROD_013,2,110.03,0.08,202.46,mobile,CUST_4757,New
TXN_202306_002695,2023-06-15,REG_07,STORE_019,EMP_007,PROD_014,3,375.81,0.03,1093.61,cash,CUST_8152,Regular
TXN_202306_002696,2023-06-06,REG_02,STORE_004,EMP_002,PROD_034,1,472.61,0.29,335.55,card,CUST_1485,Premium
TXN_202306_002697,2023-06-18,REG_09,STORE_026,,PROD_022,4,117.1,0.27,341.93,credit,CUST_6230,Premium
TXN_202306_002698,2023-06-30,REG_07,STORE_020,EMP_007,PROD_010,1,375.36,0.22,292.78,credit,,VIP
TXN_202306_002699,2023-06-07,REG_01,STORE_001,EMP_001,PROD_048,3,159.91,0.22,374.19,cash,CUST_9798,Regular
TXN_202306_002700,2023-06-13,REG_03,STORE_007,EMP_014,PROD_038,4,184.57,0.07,686.6,card,CUST_6231,Regular
TXN_202306_002701,2023-06-23,REG_03,STORE_009,EMP_014,PROD_035,5,386.99,0.17,1606.01,cash,CUST_4816,Premium
TXN_202306_002702,2023-06-18,REG_02,STORE_005,EMP_002,PROD_016,4,102.89,0.03,399.21,credit,CUST_5739,New
TXN_202306_002703,2023-06-04,REG_01,STORE_002,EMP_019,PROD_019,4,298.92,0.13,1040.24,cash,CUST_8733,New
TXN_202306_002704,2023-06-19,REG_08,STORE_024,EMP_023,PROD_014,4,117.33,0.24,356.68,mobile,CUST_5888,Regular
TXN_202306_002705,2023-06-27,REG_08,STORE_024,EMP_008,PROD_005,3,29.66,0.03,86.31,card,CUST_2607,Regular
TXN_202306_002706,2023-06-02,REG_04,STORE_012,EMP_024,PROD_022,5,195.13,0.05,926.87,credit,CUST_6337,New
TXN_202306_002707,2023-06-21,REG_08,STORE_023,EMP_015,PROD_030,2,413.87,0.24,629.08,mobile,CUST_4288,Premium
TXN_202306_002708,2023-06-09,REG_03,STORE_008,EMP_003,PROD_001,5,299.72,0.01,1483.61,mobile,CUST_8985,New
TXN_202306_002709,2023-06-18,REG_06,STORE_016,EMP_006,PROD_041,4,156.72,0.24,476.43,card,CUST_1354,Regular
TXN_202306_002710,2023-06-27,REG_01,STORE_003,EMP_018,PROD_001,4,148.86,0.14,512.08,cash,CUST_2968,Premium
TXN_202306_002711,2023-06-20,REG_08,STORE_023,EMP_008,PROD_049,2,58.5,0.1,105.3,mobile,CUST_9540,Regular
TXN_202306_002712,2023-06-23,REG_02,STORE_005,,PROD_042,2,293.11,0.18,480.7,cash,,VIP
TXN_202306_002713,2023-06-14,REG_05,STORE_013,EMP_021,PROD_002,1,209.9,0.22,163.72,mobile,CUST_6934,VIP
TXN_202306_002714,2023-06-07,REG_06,STORE_017,EMP_006,PROD_026,5,237.23,0.09,1079.4,credit,CUST_8056,Regular
TXN_202306_002715,2023-06-08,REG_05,STORE_014,EMP_021,PROD_046,2,130.0,0.14,223.6,card,CUST_1665,VIP
TXN_202306_002716,2023-06-07,REG_09,STORE_026,EMP_022,PROD_004,5,285.59,0.07,1327.99,credit,CUST_3087,New
TXN_202306_002717,2023-06-27,REG_03,STORE_009,EMP_014,PROD_032,3,13.25,0.25,29.81,mobile,CUST_4392,VIP
TXN_202306_002718,2023-06-05,REG_03,STORE_007,EMP_014,PROD_024,3,396.4,0.04,1141.63,card,CUST_4041,VIP
TXN_202306_002719,2023-06-11,REG_02,STORE_006,EMP_002,PROD_007,2,178.86,0.23,275.44,mobile,CUST_1980,Premium
TXN_202306_002720,2023-06-29,REG_08,STORE_024,EMP_023,PROD_041,3,38.22,0.13,99.75,mobile,CUST_4830,Premium
TXN_202306_002721,2023-06-02,REG_09,STORE_027,EMP_025,PROD_029,2,467.83,0.11,832.74,mobile,CUST_7902,Premium
TXN_202306_002722,2023-06-18,REG_08,STORE_022,EMP_012,PROD_050,4,248.89,0.04,955.74,card,CUST_6646,New
TXN_202306_002723,2023-06-04,REG_01,STORE_002,EMP_018,PROD_002,3,419.44,0.02,1233.15,cash,CUST_3488,Premium
TXN_202306_002724,2023-06-25,REG_02,STORE_006,EMP_002,PROD_010,3,296.08,0.11,790.53,credit,,Regular
TXN_202306_002725,2023-06-15,REG_10,STORE_030,EMP_010,PROD_040,4,436.82,0.21,1380.35,card,CUST_1594,VIP
TXN_202306_002726,2023-06-12,REG_09,STORE_025,EMP_009,PROD_034,3,368.15,0.09,1005.05,cash,CUST_4546,Regular
TXN_202306_002727,2023-06-02,REG_07,STORE_019,EMP_007,PROD_024,2,382.61,0.13,665.74,mobile,CUST_8409,VIP
TXN_202306_002728,2023-06-23,REG_02,STORE_006,EMP_002,PROD_029,2,82.88,0.1,149.18,mobile,CUST_3491,VIP
TXN_202306_002729,2023-06-06,REG_09,STORE_025,EMP_025,PROD_025,3,193.67,0.12,511.29,credit,CUST_7847,VIP
TXN_202306_002730,2023-06-26,REG_05,STORE_015,EMP_021,PROD_013,4,195.45,0.18,641.08,credit,CUST_2854,VIP
TXN_202306_002731,2023-06-14,REG_01,STORE_001,EMP_011,PROD_009,2,354.97,0.22,553.75,cash,CUST_4628,New
TXN_202306_002732,2023-06-13,REG_02,STORE_005,EMP_002,PROD_043,5,199.55,0.13,868.04,credit,CUST_7698,Regular
TXN_202306_002733,2023-06-08,REG_08,STORE_024,EMP_015,PROD_040,2,427.56,0.13,743.95,credit,CUST_2252,Regular
TXN_202306_002734,2023-06-07,REG_02,STORE_005,EMP_002,PROD_046,1,200.43,0.21,158.34,mobile,CUST_8009,VIP
TXN_202306_002735,2023-06-22,REG_10,STORE_029,EMP_020,PROD_019,1,314.13,0.02,307.85,card,CUST_4771,VIP
TXN_202306_002736,2023-06-06,REG_02,STORE_006,EMP_002,PROD_035,5,140.03,0.01,693.15,credit,,New
TXN_202306_002737,2023-06-12,REG_06,STORE_017,EMP_006,PROD_024,1,67.69,0.07,62.95,mobile,,VIP
TXN_202306_002738,2023-06-08,REG_08,STORE_022,EMP_008,PROD_030,3,417.41,0.24,951.69,cash,CUST_1544,Premium
TXN_202306_002739,2023-06-01,REG_01,STORE_003,,PROD_011,1,311.02,0.27,227.04,card,CUST_2868,Premium
TXN_202306_002740,2023-06-19,REG_01,STORE_001,,PROD_048,1,64.72,0.21,51.13,card,CUST_5317,New
TXN_202306_002741,2023-06-07,REG_03,STORE_007,EMP_014,PROD_008,2,95.91,0.22,149.62,cash,CUST_3958,Regular
TXN_202306_002742,2023-06-10,REG_03,STORE_007,EMP_003,PROD_031,2,141.11,0.24,214.49,card,CUST_6128,New
TXN_202306_002743,2023-06-16,REG_05,STORE_015,EMP_005,PROD_008,1,346.83,0.29,246.25,cash,CUST_6355,New
TXN_202306_002744,2023-06-16,REG_04,STORE_011,EMP_016,PROD_008,4,265.67,0.17,882.02,cash,CUST_3959,VIP
TXN_202306_002745,2023-06-26,REG_02,STORE_004,EMP_002,PROD_013,2,14.43,0.08,26.55,card,CUST_9010,Premium
TXN_202306_002746,2023-06-12,REG_09,STORE_026,EMP_025,PROD_035,2,358.51,0.27,523.42,credit,CUST_1137,VIP
TXN_202306_002747,2023-06-28,REG_05,STORE_015,,PROD_027,4,256.38,0.08,943.48,credit,CUST_1287,Regular
TXN_202306_002748,2023-06-21,REG_04,STORE_011,EMP_004,PROD_028,2,58.0,0.04,111.36,card,CUST_5807,Regular
TXN_202306_002749,2023-06-28,REG_05,STORE_015,EMP_005,PROD_009,1,482.14,0.1,433.93,card,CUST_6845,Premium
TXN_202306_002750,2023-06-23,REG_04,STORE_011,EMP_029,PROD_026,4,458.99,0.04,1762.52,mobile,CUST_4394,New
TXN_202306_002751,2023-06-11,REG_09,STORE_027,EMP_022,PROD_040,5,364.09,0.08,1674.81,cash,,Regular
TXN_202306_002752,2023-06-27,REG_02,STORE_004,EMP_002,PROD_012,2,418.22,0.27,610.6,card,CUST_3056,Regular
TXN_202306_002753,2023-06-29,REG_05,STORE_014,EMP_005,PROD_049,5,293.86,0.02,1439.91,credit,,New
TXN_202306_002754,2023-06-15,REG_02,STORE_005,EMP_002,PROD_018,1,464.25,0.15,394.61,card,,VIP
TXN_202306_002755,2023-06-16,REG_03,STORE_009,EMP_003,PROD_048,1,185.1,0.07,172.14,credit,CUST_5444,VIP
TXN_202306_002756,2023-06-05,REG_04,STORE_012,EMP_016,PROD_048,2,494.57,0.09,900.12,mobile,,Regular
TXN_202306_002757,2023-06-26,REG_08,STORE_023,EMP_015,PROD_016,5,427.59,0.15,1817.26,card,CUST_9793,VIP
TXN_202306_002758,2023-06-26,REG_04,STORE_012,EMP_004,PROD_029,4,282.08,0.15,959.07,credit,CUST_2205,VIP
TXN_202306_002759,2023-06-02,REG_07,STORE_020,EMP_007,PROD_030,3,431.1,0.12,1138.1,card,CUST_7787,VIP
TXN_202306_002760,2023-06-19,REG_09,STORE_026,EMP_027,PROD_025,5,183.32,0.05,870.77,cash,CUST_5598,New
TXN_202306_002761,2023-06-06,REG_02,STORE_006,EMP_002,PROD_025,5,473.31,0.29,1680.25,credit,CUST_4304,VIP
TXN_202306_002762,2023-06-07,REG_06,STORE_017,EMP_006,PROD_048,3,71.42,0.25,160.69,cash,CUST_4736,New
TXN_202306_002763,2023-06-20,REG_02,STORE_005,EMP_002,PROD_042,3,481.69,0.26,1069.35,cash,,Regular
TXN_202306_002764,2023-06-06,REG_06,STORE_017,EMP_006,PROD_010,3,486.44,0.1,1313.39,card,CUST_7152,Premium
TXN_202306_002765,2023-06-29,REG_05,STORE_015,EMP_005,PROD_028,5,177.55,0.1,798.98,credit,CUST_8971,VIP
TXN_202306_002766,2023-06-06,REG_10,STORE_030,EMP_020,PROD_040,4,68.98,0.15,234.53,card,,VIP
TXN_202306_002767,2023-06-16,REG_10,STORE_029,,PROD_047,1,464.13,0.24,352.74,card,CUST_8651,VIP
TXN_202306_002768,2023-06-29,REG_02,STORE_005,EMP_002,PROD_041,5,245.71,0.05,1167.12,cash,CUST_5535,Premium
TXN_202306_002769,2023-06-03,REG_07,STORE_020,,PROD_025,2,431.12,0.04,827.75,card,CUST_8199,VIP
TXN_202306_002770,2023-06-16,REG_06,STORE_018,EMP_006,PROD_039,4,141.14,0.04,541.98,mobile,CUST_2323,Premium
TXN_202306_002771,2023-06-20,REG_10,STORE_029,EMP_017,PROD_023,5,460.38,0.15,1956.62,cash,CUST_7927,Premium
TXN_202306_002772,2023-06-27,REG_08,STORE_023,EMP_008,PROD_021,3,10.78,0.06,30.4,card,CUST_9625,Premium
TXN_202306_002773,2023-06-27,REG_02,STORE_006,EMP_002,PROD_035,1,450.19,0.11,400.67,credit,CUST_6923,New
TXN_202306_002774,2023-06-05,REG_06,STORE_017,EMP_006,PROD_017,4,390.91,0.15,1329.09,mobile,CUST_6765,Premium
TXN_202306_002775,2023-06-13,REG_09,STORE_027,EMP_009,PROD_019,1,61.24,0.12,53.89,mobile,CUST_5184,Regular
TXN_202306_002776,2023-06-06,REG_06,STORE_018,EMP_006,PROD_044,1,157.03,0.12,138.19,mobile,,Premium
TXN_202306_002777,2023-06-03,REG_04,STORE_010,EMP_030,PROD_016,2,484.39,0.19,784.71,card,CUST_4567,VIP
TXN_202306_002778,2023-06-08,REG_08,STORE_023,EMP_023,PROD_018,5,341.16,0.12,1501.1,card,CUST_6585,Regular
TXN_202306_002779,2023-06-19,REG_07,STORE_019,EMP_007,PROD_001,4,472.35,0.0,1889.4,credit,CUST_4245,New
TXN_202306_002780,2023-06-26,REG_05,STORE_013,EMP_021,PROD_032,3,243.51,0.14,628.26,cash,CUST_7872,Regular
TXN_202306_002781,2023-06-16,REG_04,STORE_010,EMP_024,PROD_016,4,263.82,0.16,886.44,cash,CUST_7929,New
TXN_202306_002782,2023-06-19,REG_04,STORE_011,EMP_016,PROD_031,4,201.23,0.06,756.62,card,,VIP
TXN_202306_002783,2023-06-07,REG_02,STORE_005,EMP_002,PROD_022,5,208.93,0.27,762.59,cash,CUST_9179,VIP
TXN_202306_002784,2023-06-18,REG_09,STORE_025,EMP_009,PROD_016,1,185.89,0.11,165.44,cash,CUST_8475,VIP
TXN_202306_002785,2023-06-13,REG_05,STORE_014,EMP_021,PROD_030,4,38.53,0.04,147.96,mobile,,Regular
TXN_202306_002786,2023-06-16,REG_07,STORE_021,EMP_007,PROD_023,3,242.88,0.1,655.78,cash,,Premium
TXN_202306_002787,2023-06-06,REG_08,STORE_022,EMP_012,PROD_050,4,496.55,0.0,1986.2,cash,CUST_5043,Premium
TXN_202306_002788,2023-06-21,REG_02,STORE_006,EMP_002,PROD_030,1,375.26,0.29,266.43,card,CUST_9464,Regular
TXN_202306_002789,2023-06-18,REG_01,STORE_002,EMP_018,PROD_045,5,260.65,0.01,1290.22,card,CUST_1786,Regular
TXN_202306_002790,2023-06-14,REG_01,STORE_002,EMP_018,PROD_012,4,64.56,0.03,250.49,credit,CUST_9375,VIP
TXN_202306_002791,2023-06-26,REG_08,STORE_022,EMP_023,PROD_005,2,103.77,0.13,180.56,card,CUST_1304,Premium
TXN_202306_002792,2023-06-12,REG_01,STORE_002,EMP_001,PROD_014,4,361.81,0.17,1201.21,cash,CUST_5329,Regular
TXN_202306_002793,2023-06-29,REG_04,STORE_010,EMP_029,PROD_036,3,336.65,0.08,929.15,card,CUST_6795,Premium
TXN_202306_002794,2023-06-12,REG_06,STORE_017,,PROD_017,2,362.38,0.24,550.82,mobile,CUST_2546,Regular
TXN_202306_002795,2023-06-02,REG_07,STORE_019,EMP_007,PROD_007,5,181.86,0.12,800.18,credit,CUST_8371,VIP
TXN_202306_002796,2023-06-08,REG_03,STORE_008,,PROD_028,1,260.74,0.05,247.7,cash,CUST_7960,New
TXN_202306_002797,2023-06-02,REG_08,STORE_024,EMP_023,PROD_011,1,378.34,0.29,268.62,credit,CUST_3680,Premium
TXN_202306_002798,2023-06-09,REG_03,STORE_009,EMP_003,PROD_050,4,27.58,0.14,94.88,cash,CUST_5158,New
TXN_202306_002799,2023-06-01,REG_07,STORE_021,EMP_007,PROD_049,4,13.29,0.19,43.06,credit,CUST_9464,Regular
TXN_202306_002800,2023-06-05,REG_06,STORE_018,,PROD_041,1,270.5,0.15,229.92,cash,,Regular
TXN_202306_002801,2023-06-25,REG_02,STORE_006,EMP_002,PROD_029,2,230.76,0.27,336.91,mobile,,Premium
TXN_202306_002802,2023-06-09,REG_10,STORE_029,EMP_017,PROD_036,1,121.79,0.25,91.34,credit,CUST_1911,Regular
TXN_202306_002803,2023-06-21,REG_08,STORE_024,,PROD_019,5,420.43,0.19,1702.74,mobile,CUST_6202,Premium
TXN_202306_002804,2023-06-15,REG_03,STORE_009,EMP_003,PROD_039,3,287.88,0.05,820.46,cash,,New
TXN_202306_002805,2023-06-27,REG_05,STORE_013,EMP_021,PROD_011,1,339.48,0.2,271.58,credit,CUST_7624,VIP
TXN_202306_002806,2023-06-07,REG_05,STORE_013,EMP_021,PROD_047,2,316.02,0.08,581.48,mobile,CUST_8486,Premium
TXN_202306_002807,2023-06-27,REG_01,STORE_002,EMP_011,PROD_027,5,375.27,0.16,1576.13,mobile,CUST_9046,Regular
TXN_202306_002808,2023-06-19,REG_07,STORE_021,,PROD_044,1,132.31,0.12,116.43,card,CUST_4505,Premium
TXN_202306_002809,2023-06-20,REG_02,STORE_005,EMP_002,PROD_033,5,124.98,0.24,474.92,credit,CUST_4242,VIP
TXN_202306_002810,2023-06-11,REG_04,STORE_012,EMP_030,PROD_023,5,210.22,0.04,1009.06,cash,CUST_7297,Premium
TXN_202306_002811,2023-06-06,REG_02,STORE_004,EMP_002,PROD_011,3,422.2,0.19,1025.95,mobile,CUST_8306,New
TXN_202306_002812,2023-06-29,REG_03,STORE_008,EMP_003,PROD_029,3,382.87,0.1,1033.75,mobile,,New
TXN_202306_002813,2023-06-26,REG_09,STORE_025,EMP_022,PROD_019,3,214.27,0.23,494.96,mobile,,New
TXN_202306_002814,2023-06-05,REG_05,STORE_013,EMP_021,PROD_033,5,56.76,0.15,241.23,cash,CUST_9359,VIP
TXN_202306_002815,2023-06-29,REG_07,STORE_019,,PROD_047,3,150.49,0.17,374.72,credit,CUST_7522,VIP
TXN_202306_002816,2023-06-07,REG_04,STORE_011,EMP_029,PROD_032,2,210.03,0.25,315.05,cash,CUST_3664,VIP
TXN_202306_002817,2023-06-15,REG_08,STORE_023,EMP_015,PROD_037,5,153.97,0.22,600.48,card,CUST_9286,New
TXN_202306_002818,2023-06-05,REG_09,STORE_025,EMP_027,PROD_010,1,398.11,0.15,338.39,credit,CUST_4326,Regular
TXN_202306_002819,2023-06-27,REG_06,STORE_016,EMP_006,PROD_045,4,121.84,0.17,404.51,credit,CUST_8457,New
TXN_202306_002820,2023-06-14,REG_01,STORE_001,EMP_019,PROD_036,2,454.47,0.28,654.44,mobile,CUST_6716,Premium
TXN_202306_002821,2023-06-03,REG_09,STORE_026,EMP_027,PROD_009,2,317.47,0.26,469.86,credit,,Regular
TXN_202306_002822,2023-06-09,REG_06,STORE_018,EMP_006,PROD_033,2,416.04,0.12,732.23,cash,,Premium
TXN_202306_002823,2023-06-06,REG_08,STORE_022,EMP_015,PROD_014,4,251.98,0.29,715.62,cash,CUST_1430,New
TXN_202306_002824,2023-06-18,REG_02,STORE_005,EMP_002,PROD_009,5,239.29,0.05,1136.63,card,CUST_4852,VIP
TXN_202306_002825,2023-06-08,REG_03,STORE_007,,PROD_010,2,213.73,0.0,427.46,credit,CUST_9607,New
TXN_202306_002826,2023-06-20,REG_04,STORE_012,EMP_026,PROD_033,4,437.53,0.05,1662.61,mobile,CUST_4324,VIP
TXN_202306_002827,2023-06-22,REG_05,STORE_014,EMP_005,PROD_029,4,124.33,0.08,457.53,card,CUST_2947,Premium
TXN_202306_002828,2023-06-04,REG_05,STORE_014,EMP_021,PROD_031,1,108.08,0.01,107.0,cash,CUST_2311,Premium
TXN_202306_002829,2023-06-30,REG_04,STORE_012,EMP_016,PROD_009,3,160.24,0.26,355.73,mobile,CUST_8822,VIP
TXN_202306_002830,2023-06-21,REG_09,STORE_027,EMP_025,PROD_049,1,158.45,0.09,144.19,cash,CUST_7308,Premium
TXN_202306_002831,2023-06-18,REG_08,STORE_022,,PROD_038,2,427.41,0.22,666.76,mobile,CUST_5641,VIP
TXN_202306_002832,2023-06-11,REG_07,STORE_021,EMP_007,PROD_005,4,342.49,0.28,986.37,mobile,CUST_4274,Premium
TXN_202306_002833,2023-06-15,REG_05,STORE_013,EMP_021,PROD_036,4,444.91,0.18,1459.3,cash,CUST_2512,New
TXN_202306_002834,2023-06-27,REG_05,STORE_013,EMP_005,PROD_036,2,383.69,0.18,629.25,card,CUST_6937,Premium
TXN_202306_002835,2023-06-25,REG_07,STORE_019,EMP_007,PROD_024,4,468.44,0.21,1480.27,card,,VIP
TXN_202306_002836,2023-06-10,REG_02,STORE_004,EMP_002,PROD_020,2,370.59,0.12,652.24,card,CUST_2778,VIP
TXN_202306_002837,2023-06-09,REG_09,STORE_025,EMP_022,PROD_011,4,458.27,0.05,1741.43,credit,CUST_2225,Regular
TXN_202306_002838,2023-06-11,REG_01,STORE_001,EMP_019,PROD_049,2,243.65,0.05,462.94,cash,CUST_3412,Premium
TXN_202306_002839,2023-06-15,REG_04,STORE_012,EMP_016,PROD_012,4,30.12,0.24,91.56,credit,CUST_4550,Premium
TXN_202306_002840,2023-06-21,REG_04,STORE_012,EMP_004,PROD_030,5,290.9,0.19,1178.14,mobile,CUST_9605,New
TXN_202306_002841,2023-06-09,REG_01,STORE_001,EMP_018,PROD_031,5,235.28,0.24,894.06,mobile,CUST_6767,VIP
TXN_202306_002842,2023-06-23,REG_05,STORE_014,EMP_005,PROD_013,5,164.66,0.12,724.5,card,,New
TXN_202306_002843,2023-06-21,REG_03,STORE_007,EMP_014,PROD_046,1,441.15,0.17,366.15,mobile,CUST_4783,VIP
TXN_202306_002844,2023-06-07,REG_10,STORE_028,EMP_020,PROD_006,2,449.22,0.17,745.71,credit,CUST_8074,Premium
TXN_202306_002845,2023-06-06,REG_06,STORE_018,EMP_006,PROD_005,3,411.21,0.26,912.89,credit,CUST_1173,Premium
TXN_202306_002846,2023-06-18,REG_04,STORE_010,,PROD_007,3,224.84,0.16,566.6,cash,,Premium
TXN_202306_002847,2023-06-20,REG_10,STORE_030,EMP_020,PROD_044,5,129.6,0.29,460.08,card,CUST_4072,New
TXN_202306_002848,2023-06-12,REG_04,STORE_012,EMP_016,PROD_043,2,402.25,0.29,571.19,credit,CUST_8800,Premium
TXN_202306_002849,2023-06-05,REG_08,STORE_023,EMP_015,PROD_045,5,32.14,0.09,146.24,cash,CUST_7943,Regular
TXN_202306_002850,2023-06-13,REG_01,STORE_003,EMP_001,PROD_041,2,149.74,0.09,272.53,credit,CUST_3175,Regular
TXN_202306_002851,2023-06-10,REG_01,STORE_003,EMP_001,PROD_009,5,298.97,0.21,1180.93,card,CUST_4140,New
TXN_202306_002852,2023-06-05,REG_02,STORE_004,EMP_002,PROD_002,4,217.66,0.24,661.69,cash,,VIP
TXN_202306_002853,2023-06-18,REG_07,STORE_020,EMP_007,PROD_050,4,98.46,0.2,315.07,cash,CUST_7358,Regular
TXN_202306_002854,2023-06-12,REG_09,STORE_027,EMP_025,PROD_020,2,187.46,0.14,322.43,credit,CUST_7473,VIP
TXN_202306_002855,2023-06-13,REG_05,STORE_015,,PROD_011,4,183.58,0.16,616.83,cash,CUST_1456,VIP
TXN_202306_002856,2023-06-04,REG_06,STORE_017,EMP_006,PROD_028,5,340.77,0.13,1482.35,cash,CUST_2188,Premium
TXN_202306_002857,2023-06-09,REG_06,STORE_016,EMP_006,PROD_014,5,466.87,0.27,1704.08,card,,New
TXN_202306_002858,2023-06-22,REG_10,STORE_029,,PROD_031,3,15.09,0.24,34.41,cash,CUST_8989,New
TXN_202306_002859,2023-06-08,REG_06,STORE_016,EMP_006,PROD_028,1,300.33,0.1,270.3,mobile,CUST_1038,Regular
TXN_202306_002860,2023-06-04,REG_01,STORE_003,EMP_019,PROD_032,1,408.79,0.19,331.12,credit,CUST_2958,Premium
TXN_202306_002861,2023-06-23,REG_05,STORE_014,EMP_005,PROD_004,2,381.03,0.14,655.37,card,CUST_9109,Regular
TXN_202306_002862,2023-06-27,REG_01,STORE_002,,PROD_024,5,81.22,0.09,369.55,credit,,New
TXN_202306_002863,2023-06-15,REG_10,STORE_028,EMP_013,PROD_003,1,246.45,0.14,211.95,credit,,Premium
TXN_202306_002864,2023-06-20,REG_05,STORE_014,,PROD_012,1,371.9,0.18,304.96,card,CUST_6197,New
TXN_202306_002865,2023-06-07,REG_04,STORE_010,EMP_029,PROD_047,3,479.43,0.27,1049.95,credit,CUST_3645,Premium
TXN_202306_002866,2023-06-05,REG_06,STORE_017,EMP_006,PROD_027,1,458.5,0.2,366.8,cash,CUST_2774,Premium
TXN_202306_002867,2023-06-23,REG_03,STORE_007,EMP_014,PROD_029,3,320.97,0.05,914.76,card,CUST_1439,Regular
TXN_202306_002868,2023-06-02,REG_10,STORE_030,EMP_028,PROD_015,3,375.14,0.23,866.57,cash,CUST_1482,New
TXN_202306_002869,2023-06-30,REG_05,STORE_014,EMP_021,PROD_046,4,243.76,0.03,945.79,credit,CUST_5914,New
TXN_202306_002870,2023-06-03,REG_09,STORE_025,EMP_022,PROD_050,4,424.52,0.29,1205.64,cash,CUST_8475,VIP
TXN_202306_002871,2023-06-22,REG_02,STORE_006,EMP_002,PROD_031,2,200.66,0.18,329.08,mobile,,New
TXN_202306_002872,2023-06-13,REG_07,STORE_021,EMP_007,PROD_016,4,157.81,0.09,574.43,card,CUST_9830,VIP
TXN_202306_002873,2023-06-25,REG_03,STORE_008,EMP_014,PROD_007,2,22.12,0.04,42.47,credit,,Premium
TXN_202306_002874,2023-06-10,REG_01,STORE_002,EMP_001,PROD_049,4,340.9,0.23,1049.97,mobile,CUST_5624,VIP
TXN_202306_002875,2023-06-22,REG_04,STORE_012,EMP_016,PROD_008,3,10.66,0.12,28.14,cash,CUST_9151,Premium
TXN_202306_002876,2023-06-08,REG_07,STORE_019,EMP_007,PROD_048,1,22.51,0.27,16.43,cash,,Regular
TXN_202306_002877,2023-06-26,REG_08,STORE_024,,PROD_039,2,46.35,0.22,72.31,mobile,CUST_6761,Premium
TXN_202306_002878,2023-06-20,REG_03,STORE_008,EMP_014,PROD_044,2,176.28,0.2,282.05,cash,CUST_9062,New
TXN_202306_002879,2023-06-21,REG_04,STORE_012,EMP_030,PROD_048,1,461.15,0.07,428.87,mobile,CUST_3260,Regular
TXN_202306_002880,2023-06-12,REG_03,STORE_007,EMP_014,PROD_024,2,324.01,0.16,544.34,mobile,CUST_4663,Regular
TXN_202306_002881,2023-06-05,REG_03,STORE_009,EMP_003,PROD_024,4,373.45,0.02,1463.92,cash,,Regular
TXN_202306_002882,2023-06-08,REG_05,STORE_014,,PROD_035,3,165.52,0.17,412.14,mobile,CUST_9637,VIP
TXN_202306_002883,2023-06-11,REG_08,STORE_024,EMP_023,PROD_027,5,308.65,0.28,1111.14,cash,CUST_5270,VIP
TXN_202306_002884,2023-06-09,REG_09,STORE_026,,PROD_008,3,493.51,0.11,1317.67,card,CUST_8824,Premium
TXN_202306_002885,2023-06-05,REG_06,STORE_017,EMP_006,PROD_002,4,336.05,0.04,1290.43,credit,CUST_3244,Regular
TXN_202306_002886,2023-06-04,REG_05,STORE_013,EMP_005,PROD_045,2,284.42,0.02,557.46,credit,CUST_5326,VIP
TXN_202306_002887,2023-06-14,REG_05,STORE_013,,PROD_040,5,124.09,0.2,496.36,cash,CUST_8714,VIP
TXN_202306_002888,2023-06-07,REG_10,STORE_029,EMP_013,PROD_007,5,446.48,0.21,1763.6,mobile,CUST_9423,VIP
TXN_202306_002889,2023-06-05,REG_09,STORE_027,EMP_025,PROD_023,3,406.99,0.1,1098.87,cash,CUST_7352,VIP
TXN_202306_002890,2023-06-30,REG_08,STORE_022,EMP_012,PROD_047,2,60.81,0.25,91.22,cash,CUST_6984,New
TXN_202306_002891,2023-06-07,REG_07,STORE_020,EMP_007,PROD_006,1,422.19,0.13,367.31,mobile,CUST_4894,Premium
TXN_202306_002892,2023-06-21,REG_04,STORE_011,EMP_016,PROD_011,4,246.81,0.29,700.94,card,CUST_1355,VIP
TXN_202306_002893,2023-06-29,REG_08,STORE_023,EMP_012,PROD_024,2,478.21,0.06,899.03,card,CUST_1768,Regular
TXN_202306_002894,2023-06-28,REG_07,STORE_020,EMP_007,PROD_033,4,277.4,0.22,865.49,cash,CUST_3719,Premium
TXN_202306_002895,2023-06-23,REG_02,STORE_004,EMP_002,PROD_014,1,30.51,0.19,24.71,mobile,CUST_3170,Regular
TXN_202306_002896,2023-06-22,REG_04,STORE_011,EMP_016,PROD_033,5,366.54,0.22,1429.51,credit,CUST_9220,Premium
TXN_202306_002897,2023-06-05,REG_03,STORE_008,EMP_003,PROD_043,1,375.02,0.02,367.52,card,,VIP
TXN_202306_002898,2023-06-30,REG_06,STORE_016,EMP_006,PROD_002,1,255.8,0.27,186.73,credit,,Premium
TXN_202306_002899,2023-06-11,REG_01,STORE_002,EMP_019,PROD_025,4,220.81,0.1,794.92,credit,CUST_8847,Regular
TXN_202306_002900,2023-06-06,REG_03,STORE_007,EMP_003,PROD_025,2,59.58,0.26,88.18,cash,,Premium
TXN_202306_002901,2023-06-01,REG_04,STORE_012,EMP_030,PROD_009,5,325.64,0.23,1253.71,credit,,Premium
TXN_202306_002902,2023-06-22,REG_07,STORE_020,EMP_007,PROD_017,4,155.42,0.25,466.26,credit,CUST_5278,Premium
TXN_202306_002903,2023-06-26,REG_10,STORE_028,EMP_017,PROD_039,3,184.37,0.12,486.74,card,CUST_8565,Regular
TXN_202306_002904,2023-06-21,REG_07,STORE_019,EMP_007,PROD_049,4,27.06,0.03,104.99,credit,CUST_1328,Regular
TXN_202306_002905,2023-06-28,REG_01,STORE_001,EMP_011,PROD_026,4,365.72,0.2,1170.3,credit,CUST_7447,Premium
TXN_202306_002906,2023-06-28,REG_04,STORE_011,EMP_004,PROD_004,5,71.31,0.02,349.42,cash,,Premium
TXN_202306_002907,2023-06-01,REG_09,STORE_027,EMP_025,PROD_026,5,373.49,0.24,1419.26,cash,CUST_4270,Regular
TXN_202306_002908,2023-06-18,REG_02,STORE_005,EMP_002,PROD_046,5,36.24,0.21,143.15,card,CUST_9119,VIP
TXN_202306_002909,2023-06-07,REG_03,STORE_008,EMP_014,PROD_023,3,478.27,0.08,1320.03,cash,,Regular
TXN_202306_002910,2023-06-03,REG_03,STORE_009,EMP_014,PROD_019,3,489.12,0.06,1379.32,cash,CUST_4094,Regular
TXN_202306_002911,2023-06-23,REG_05,STORE_015,,PROD_049,2,496.45,0.0,992.9,credit,CUST_5478,Regular
TXN_202306_002912,2023-06-26,REG_03,STORE_009,EMP_003,PROD_050,3,163.82,0.25,368.59,mobile,CUST_4209,Regular
TXN_202306_002913,2023-06-24,REG_01,STORE_003,EMP_011,PROD_003,1,482.47,0.1,434.22,cash,CUST_1311,New
TXN_202306_002914,2023-06-16,REG_03,STORE_007,EMP_014,PROD_003,5,276.36,0.2,1105.44,mobile,,Premium
TXN_202306_002915,2023-06-16,REG_06,STORE_017,EMP_006,PROD_034,2,42.38,0.05,80.52,mobile,CUST_9443,Regular
TXN_202306_002916,2023-06-02,REG_04,STORE_011,EMP_004,PROD_009,1,446.89,0.05,424.55,card,CUST_1689,Premium
TXN_202306_002917,2023-06-24,REG_09,STORE_025,EMP_027,PROD_036,4,210.07,0.13,731.04,mobile,,Regular
TXN_202306_002918,2023-06-20,REG_04,STORE_010,,PROD_033,2,108.82,0.11,193.7,credit,CUST_5745,Premium
TXN_202306_002919,2023-06-13,REG_01,STORE_001,EMP_011,PROD_016,1,68.0,0.01,67.32,credit,CUST_6974,Regular
TXN_202306_002920,2023-06-03,REG_09,STORE_026,EMP_009,PROD_007,2,445.49,0.27,650.42,credit,CUST_6961,New
TXN_202306_002921,2023-06-03,REG_02,STORE_004,EMP_002,PROD_015,5,233.21,0.03,1131.07,mobile,CUST_6603,New
TXN_202306_002922,2023-06-01,REG_06,STORE_017,EMP_006,PROD_042,4,215.14,0.03,834.74,card,,Regular
TXN_202306_002923,2023-06-10,REG_04,STORE_011,EMP_030,PROD_047,2,194.54,0.17,322.94,credit,,VIP
TXN_202306_002924,2023-06-04,REG_08,STORE_022,EMP_012,PROD_029,1,324.59,0.2,259.67,card,CUST_3001,VIP
TXN_202306_002925,2023-06-27,REG_02,STORE_004,EMP_002,PROD_033,5,62.96,0.14,270.73,card,CUST_3021,VIP
TXN_202306_002926,2023-06-28,REG_06,STORE_018,EMP_006,PROD_004,1,408.43,0.02,400.26,cash,CUST_3010,Regular
TXN_202306_002927,2023-06-05,REG_05,STORE_014,EMP_021,PROD_048,3,320.44,0.12,845.96,card,,Premium
TXN_202306_002928,2023-06-28,REG_01,STORE_003,EMP_011,PROD_043,3,126.56,0.14,326.52,mobile,CUST_6045,New
TXN_202306_002929,2023-06-23,REG_03,STORE_008,EMP_003,PROD_011,4,464.49,0.01,1839.38,mobile,CUST_4249,Premium
TXN_202306_002930,2023-06-04,REG_03,STORE_008,EMP_014,PROD_014,5,287.27,0.19,1163.44,card,CUST_4843,New
TXN_202306_002931,2023-06-05,REG_01,STORE_003,,PROD_011,1,358.15,0.01,354.57,cash,CUST_2439,New
TXN_202306_002932,2023-06-14,REG_09,STORE_027,EMP_022,PROD_017,5,493.51,0.25,1850.66,card,CUST_2744,VIP
TXN_202306_002933,2023-06-11,REG_04,STORE_012,EMP_026,PROD_018,2,379.99,0.28,547.19,credit,CUST_4990,VIP
TXN_202306_002934,2023-06-19,REG_10,STORE_029,EMP_010,PROD_021,2,248.3,0.23,382.38,mobile,CUST_5732,VIP
TXN_202306_002935,2023-06-22,REG_10,STORE_029,EMP_010,PROD_048,1,432.92,0.14,372.31,card,CUST_2019,New
TXN_202306_002936,2023-06-14,REG_03,STORE_007,,PROD_023,1,29.5,0.26,21.83,credit,,Premium
TXN_202306_002937,2023-06-04,REG_05,STORE_013,EMP_021,PROD_020,2,158.77,0.18,260.38,credit,CUST_1734,New
TXN_202306_002938,2023-06-14,REG_07,STORE_021,EMP_007,PROD_048,4,204.53,0.15,695.4,mobile,,New
TXN_202306_002939,2023-06-11,REG_06,STORE_017,EMP_006,PROD_001,1,79.26,0.15,67.37,cash,,Regular
TXN_202306_002940,2023-06-15,REG_07,STORE_019,,PROD_036,1,294.74,0.22,229.9,cash,CUST_7570,Regular
TXN_202306_002941,2023-06-21,REG_05,STORE_014,EMP_021,PROD_027,4,364.91,0.22,1138.52,cash,CUST_2947,VIP
TXN_202306_002942,2023-06-19,REG_01,STORE_003,EMP_019,PROD_030,4,128.69,0.1,463.28,mobile,CUST_3615,Premium
TXN_202306_002943,2023-06-08,REG_09,STORE_025,EMP_009,PROD_038,5,27.93,0.15,118.7,mobile,CUST_3382,VIP
TXN_202306_002944,2023-06-04,REG_09,STORE_026,,PROD_009,2,247.16,0.01,489.38,credit,CUST_5820,Premium
TXN_202306_002945,2023-06-17,REG_06,STORE_016,EMP_006,PROD_025,2,147.76,0.01,292.56,card,CUST_8534,Premium
TXN_202306_002946,2023-06-20,REG_10,STORE_028,EMP_010,PROD_020,3,77.7,0.25,174.83,credit,,Regular
TXN_202306_002947,2023-06-23,REG_04,STORE_012,,PROD_032,2,140.92,0.14,242.38,cash,CUST_4118,Premium
TXN_202306_002948,2023-06-13,REG_01,STORE_003,EMP_001,PROD_002,4,446.46,0.13,1553.68,cash,CUST_1714,Regular
TXN_202306_002949,2023-06-17,REG_01,STORE_003,EMP_018,PROD_041,1,464.78,0.0,464.78,mobile,CUST_4774,New
TXN_202306_002950,2023-06-22,REG_03,STORE_007,EMP_014,PROD_008,4,203.4,0.06,764.78,card,CUST_4788,New
TXN_202306_002951,2023-06-28,REG_04,STORE_011,,PROD_012,3,323.33,0.13,843.89,card,CUST_4946,Regular
TXN_202306_002952,2023-06-09,REG_02,STORE_006,EMP_002,PROD_037,4,175.88,0.14,605.03,credit,CUST_2367,VIP
TXN_202306_002953,2023-06-30,REG_09,STORE_027,EMP_009,PROD_002,2,112.89,0.26,167.08,mobile,CUST_7331,VIP
TXN_202306_002954,2023-06-06,REG_04,STORE_012,EMP_030,PROD_035,2,314.09,0.1,565.36,cash,CUST_2686,Regular
TXN_202306_002955,2023-06-18,REG_06,STORE_016,,PROD_049,2,208.41,0.01,412.65,mobile,CUST_8850,Regular
TXN_202306_002956,2023-06-06,REG_03,STORE_009,EMP_014,PROD_006,2,401.28,0.18,658.1,card,CUST_5278,Regular
TXN_202306_002957,2023-06-10,REG_02,STORE_006,EMP_002,PROD_033,4,108.8,0.13,378.62,card,CUST_9422,Regular
TXN_202306_002958,2023-06-12,REG_05,STORE_015,EMP_021,PROD_017,5,127.39,0.16,535.04,card,CUST_3985,Regular
TXN_202306_002959,2023-06-07,REG_09,STORE_026,EMP_025,PROD_022,5,328.26,0.27,1198.15,card,CUST_5564,VIP
TXN_202306_002960,2023-06-13,REG_04,STORE_012,EMP_004,PROD_005,4,20.91,0.01,82.8,mobile,CUST_9252,New
TXN_202306_002961,2023-06-21,REG_07,STORE_019,EMP_007,PROD_013,4,330.94,0.01,1310.52,cash,CUST_2902,Regular
TXN_202306_002962,2023-06-27,REG_04,STORE_012,EMP_026,PROD_024,1,296.84,0.21,234.5,mobile,,Premium
TXN_202306_002963,2023-06-23,REG_06,STORE_017,EMP_006,PROD_028,4,205.79,0.27,600.91,mobile,CUST_1616,Regular
TXN_202306_002964,2023-06-08,REG_10,STORE_029,EMP_013,PROD_048,1,486.61,0.27,355.23,card,CUST_5718,VIP
TXN_202306_002965,2023-06-23,REG_10,STORE_030,EMP_028,PROD_029,2,286.32,0.11,509.65,mobile,CUST_4628,Premium
TXN_202306_002966,2023-06-02,REG_03,STORE_009,EMP_003,PROD_044,3,323.48,0.0,970.44,mobile,,Premium
TXN_202306_002967,2023-06-08,REG_01,STORE_001,EMP_018,PROD_005,2,301.98,0.11,537.52,cash,CUST_1150,Premium
TXN_202306_002968,2023-06-23,REG_10,STORE_028,EMP_010,PROD_041,2,379.91,0.01,752.22,mobile,CUST_8398,Premium
TXN_202306_002969,2023-06-16,REG_04,STORE_011,EMP_029,PROD_023,4,260.69,0.03,1011.48,card,CUST_7584,VIP
TXN_202306_002970,2023-06-08,REG_10,STORE_030,EMP_020,PROD_022,1,11.48,0.21,9.07,mobile,CUST_8506,VIP
TXN_202306_002971,2023-06-16,REG_05,STORE_013,EMP_021,PROD_018,5,442.2,0.2,1768.8,card,CUST_2823,Regular
TXN_202306_002972,2023-06-08,REG_04,STORE_010,,PROD_044,2,143.6,0.08,264.22,mobile,CUST_8054,Premium
TXN_202306_002973,2023-06-09,REG_03,STORE_009,EMP_003,PROD_007,2,93.28,0.15,158.58,cash,,New
TXN_202306_002974,2023-06-17,REG_04,STORE_011,EMP_026,PROD_045,4,475.6,0.22,1483.87,credit,,VIP
TXN_202306_002975,2023-06-18,REG_02,STORE_006,EMP_002,PROD_020,3,123.92,0.15,316.0,card,,VIP
TXN_202306_002976,2023-06-27,REG_08,STORE_023,EMP_012,PROD_040,3,113.29,0.0,339.87,cash,CUST_2310,New
TXN_202306_002977,2023-06-16,REG_02,STORE_005,EMP_002,PROD_016,1,246.79,0.06,231.98,card,CUST_2125,Premium
TXN_202306_002978,2023-06-21,REG_05,STORE_013,EMP_005,PROD_046,5,60.76,0.01,300.76,mobile,,VIP
TXN_202306_002979,2023-06-08,REG_08,STORE_023,EMP_012,PROD_032,2,289.46,0.02,567.34,card,CUST_5707,Regular
TXN_202306_002980,2023-06-29,REG_09,STORE_027,EMP_025,PROD_014,5,411.91,0.25,1544.66,mobile,,VIP
