transaction_id,date,region,store_id,employee_id,product_id,units,unit_price,discount,revenue,payment,customer_id,customer_segment
TXN_202511_016962,2025-11-21,REG_06,STORE_017,EMP_006,PROD_004,1,290.95,0.17,241.49,mobile,CUST_8030,New
TXN_202511_016963,2025-11-25,REG_09,STORE_026,EMP_009,PROD_006,1,93.67,0.1,84.3,credit,CUST_9226,Regular
TXN_202511_016964,2025-11-19,REG_03,STORE_009,EMP_014,PROD_046,4,106.77,0.2,341.66,cash,CUST_7307,Premium
TXN_202511_016965,2025-11-19,REG_09,STORE_026,EMP_022,PROD_030,4,181.03,0.26,535.85,card,CUST_3996,Premium
TXN_202511_016966,2025-11-27,REG_01,STORE_002,EMP_011,PROD_042,4,449.47,0.27,1312.45,cash,CUST_3060,VIP
TXN_202511_016967,2025-11-14,REG_03,STORE_008,EMP_003,PROD_037,3,237.99,0.3,499.78,credit,CUST_1371,VIP
TXN_202511_016968,2025-11-08,REG_06,STORE_018,EMP_006,PROD_028,5,17.67,0.18,72.45,cash,CUST_3021,Regular
TXN_202511_016969,2025-11-08,REG_03,STORE_007,EMP_014,PROD_015,4,295.3,0.23,909.52,cash,CUST_4324,VIP
TXN_202511_016970,2025-11-08,REG_04,STORE_012,EMP_029,PROD_012,2,198.14,0.28,285.32,cash,CUST_6545,Regular
TXN_202511_016971,2025-11-21,REG_05,STORE_013,EMP_005,PROD_042,5,32.95,0.16,138.39,credit,CUST_2491,Regular
TXN_202511_016972,2025-11-25,REG_03,STORE_009,EMP_014,PROD_002,5,336.59,0.04,1615.63,cash,CUST_8445,VIP
TXN_202511_016973,2025-11-25,REG_10,STORE_029,EMP_013,PROD_039,1,231.33,0.1,208.2,card,CUST_4725,New
TXN_202511_016974,2025-11-25,REG_05,STORE_013,EMP_005,PROD_043,3,157.21,0.25,353.72,credit,CUST_9268,VIP
TXN_202511_016975,2025-11-12,REG_03,STORE_009,EMP_014,PROD_009,5,233.21,0.19,944.5,mobile,CUST_3739,New
TXN_202511_016976,2025-11-09,REG_07,STORE_020,EMP_007,PROD_008,5,73.09,0.15,310.63,card,CUST_4434,VIP
TXN_202511_016977,2025-11-01,REG_05,STORE_014,EMP_005,PROD_015,2,167.07,0.14,287.36,credit,CUST_3140,New
TXN_202511_016978,2025-11-01,REG_09,STORE_027,EMP_022,PROD_022,5,230.39,0.04,1105.87,credit,CUST_5889,VIP
TXN_202511_016979,2025-11-26,REG_08,STORE_023,EMP_008,PROD_034,1,256.68,0.27,187.38,cash,CUST_5831,Premium
TXN_202511_016980,2025-11-05,REG_01,STORE_001,EMP_011,PROD_008,3,440.34,0.21,1043.61,mobile,CUST_3246,New
TXN_202511_016981,2025-11-06,REG_04,STORE_012,EMP_026,PROD_029,3,442.95,0.14,1142.81,cash,CUST_9538,Regular
TXN_202511_016982,2025-11-19,REG_03,STORE_008,EMP_014,PROD_012,4,494.94,0.06,1860.97,mobile,CUST_1666,VIP
TXN_202511_016983,2025-11-22,REG_05,STORE_014,EMP_005,PROD_035,5,424.25,0.16,1781.85,cash,CUST_6565,VIP
TXN_202511_016984,2025-11-25,REG_05,STORE_013,EMP_021,PROD_047,4,497.43,0.2,1591.78,cash,CUST_2315,Premium
TXN_202511_016985,2025-11-09,REG_03,STORE_007,EMP_003,PROD_020,3,209.09,0.22,489.27,cash,CUST_2363,VIP
TXN_202511_016986,2025-11-18,REG_10,STORE_029,EMP_017,PROD_033,2,32.23,0.1,58.01,credit,CUST_5227,New
TXN_202511_016987,2025-11-07,REG_07,STORE_019,EMP_007,PROD_038,1,63.97,0.2,51.18,cash,CUST_7849,VIP
TXN_202511_016988,2025-11-17,REG_04,STORE_010,EMP_029,PROD_012,4,88.58,0.1,318.89,mobile,CUST_4875,Regular
TXN_202511_016989,2025-11-08,REG_02,STORE_005,EMP_002,PROD_047,1,163.46,0.0,163.46,mobile,CUST_7128,VIP
TXN_202511_016990,2025-11-29,REG_10,STORE_030,EMP_013,PROD_004,4,318.15,0.07,1183.52,cash,CUST_6980,Premium
TXN_202511_016991,2025-11-07,REG_05,STORE_015,EMP_021,PROD_039,5,205.17,0.14,882.23,mobile,CUST_2642,VIP
TXN_202511_016992,2025-11-20,REG_01,STORE_001,EMP_019,PROD_037,4,45.56,0.07,169.48,credit,CUST_7595,New
TXN_202511_016993,2025-11-13,REG_07,STORE_021,EMP_007,PROD_042,5,418.28,0.23,1610.38,cash,CUST_3160,VIP
TXN_202511_016994,2025-11-03,REG_06,STORE_016,EMP_006,PROD_003,4,298.62,0.17,991.42,card,CUST_6078,New
TXN_202511_016995,2025-11-07,REG_04,STORE_012,EMP_030,PROD_030,2,162.51,0.21,256.77,cash,CUST_6487,New
TXN_202511_016996,2025-11-14,REG_07,STORE_020,EMP_007,PROD_005,1,409.23,0.3,286.46,card,CUST_4127,Regular
TXN_202511_016997,2025-11-06,REG_05,STORE_014,EMP_005,PROD_030,2,318.16,0.17,528.15,credit,CUST_3795,VIP
TXN_202511_016998,2025-11-21,REG_10,STORE_029,EMP_010,PROD_005,5,239.84,0.11,1067.29,mobile,CUST_1575,New
TXN_202511_016999,2025-11-11,REG_01,STORE_002,EMP_001,PROD_005,2,321.84,0.18,527.82,mobile,CUST_3382,Regular
TXN_202511_017000,2025-11-09,REG_04,STORE_011,EMP_030,PROD_031,2,462.42,0.25,693.63,credit,CUST_7773,Regular
TXN_202511_017001,2025-11-23,REG_07,STORE_020,EMP_007,PROD_019,2,96.94,0.16,162.86,cash,CUST_2871,Premium
TXN_202511_017002,2025-11-04,REG_08,STORE_023,EMP_008,PROD_026,4,106.17,0.06,399.2,cash,CUST_6688,VIP
TXN_202511_017003,2025-11-11,REG_10,STORE_030,EMP_010,PROD_043,2,158.8,0.25,238.2,cash,CUST_8276,New
TXN_202511_017004,2025-11-30,REG_03,STORE_009,EMP_003,PROD_021,4,35.1,0.26,103.9,credit,CUST_3913,Regular
TXN_202511_017005,2025-11-17,REG_09,STORE_027,EMP_022,PROD_005,1,216.39,0.22,168.78,card,CUST_6921,New
TXN_202511_017006,2025-11-11,REG_08,STORE_023,EMP_015,PROD_046,4,294.88,0.06,1108.75,mobile,CUST_3898,Premium
TXN_202511_017007,2025-11-16,REG_04,STORE_010,EMP_026,PROD_008,2,67.9,0.13,118.15,credit,CUST_3811,Premium
TXN_202511_017008,2025-11-20,REG_07,STORE_020,EMP_007,PROD_024,3,95.44,0.29,203.29,cash,CUST_3184,New
TXN_202511_017009,2025-11-23,REG_06,STORE_016,EMP_006,PROD_020,3,388.17,0.13,1013.12,card,CUST_3912,New
TXN_202511_017010,2025-11-19,REG_03,STORE_008,EMP_014,PROD_026,5,489.8,0.22,1910.22,cash,CUST_4966,Regular
TXN_202511_017011,2025-11-06,REG_04,STORE_012,EMP_004,PROD_034,4,265.6,0.12,934.91,mobile,CUST_6654,VIP
TXN_202511_017012,2025-11-25,REG_09,STORE_026,EMP_009,PROD_047,5,147.55,0.02,723.0,mobile,CUST_2647,Premium
TXN_202511_017013,2025-11-11,REG_07,STORE_020,EMP_007,PROD_040,1,257.1,0.12,226.25,credit,CUST_4236,New
TXN_202511_017014,2025-11-05,REG_09,STORE_027,EMP_027,PROD_005,3,13.34,0.07,37.22,credit,CUST_5320,Regular
TXN_202511_017015,2025-11-02,REG_02,STORE_006,EMP_002,PROD_041,3,111.35,0.17,277.26,card,CUST_9292,Regular
TXN_202511_017016,2025-11-04,REG_10,STORE_028,EMP_013,PROD_018,1,35.87,0.1,32.28,mobile,CUST_5176,Premium
TXN_202511_017017,2025-11-29,REG_05,STORE_013,EMP_005,PROD_003,4,317.79,0.16,1067.77,mobile,CUST_3561,New
TXN_202511_017018,2025-11-05,REG_07,STORE_019,EMP_007,PROD_028,3,37.56,0.17,93.52,mobile,CUST_3769,Regular
TXN_202511_017019,2025-11-27,REG_10,STORE_029,EMP_017,PROD_003,4,202.08,0.26,598.16,cash,CUST_2267,Regular
TXN_202511_017020,2025-11-16,REG_05,STORE_015,EMP_005,PROD_018,1,23.53,0.02,23.06,card,CUST_5412,VIP
TXN_202511_017021,2025-11-09,REG_03,STORE_007,EMP_014,PROD_002,3,145.32,0.06,409.8,mobile,CUST_8708,Regular
TXN_202511_017022,2025-11-24,REG_06,STORE_017,EMP_006,PROD_008,1,112.38,0.08,103.39,credit,CUST_4873,Premium
TXN_202511_017023,2025-11-05,REG_02,STORE_005,EMP_002,PROD_025,5,15.85,0.09,72.12,cash,CUST_7885,Premium
TXN_202511_017024,2025-11-29,REG_04,STORE_012,EMP_024,PROD_049,3,351.05,0.06,989.96,credit,CUST_6821,VIP
TXN_202511_017025,2025-11-20,REG_10,STORE_028,EMP_013,PROD_017,3,80.92,0.17,201.49,card,CUST_3316,Regular
TXN_202511_017026,2025-11-08,REG_08,STORE_022,EMP_015,PROD_014,1,289.37,0.19,234.39,card,CUST_5106,Regular
TXN_202511_017027,2025-11-13,REG_09,STORE_025,EMP_027,PROD_010,5,444.04,0.3,1554.14,card,CUST_8193,New
TXN_202511_017028,2025-11-27,REG_03,STORE_009,EMP_003,PROD_012,4,118.42,0.21,374.21,mobile,CUST_8297,VIP
TXN_202511_017029,2025-11-18,REG_03,STORE_008,EMP_003,PROD_014,5,485.05,0.12,2134.22,cash,CUST_8138,Premium
TXN_202511_017030,2025-11-05,REG_05,STORE_014,EMP_005,PROD_040,4,233.98,0.13,814.25,mobile,CUST_8222,New
TXN_202511_017031,2025-11-07,REG_02,STORE_006,EMP_002,PROD_014,5,304.84,0.23,1173.63,card,CUST_7839,Premium
TXN_202511_017032,2025-11-22,REG_09,STORE_025,EMP_025,PROD_019,5,118.16,0.09,537.63,card,CUST_9968,Premium
TXN_202511_017033,2025-11-14,REG_07,STORE_020,EMP_007,PROD_039,3,52.08,0.27,114.06,card,CUST_5683,VIP
TXN_202511_017034,2025-11-09,REG_04,STORE_012,EMP_024,PROD_023,3,196.11,0.07,547.15,mobile,CUST_7766,VIP
TXN_202511_017035,2025-11-14,REG_04,STORE_012,EMP_030,PROD_022,3,395.98,0.06,1116.66,cash,CUST_5070,Regular
TXN_202511_017036,2025-11-02,REG_07,STORE_019,EMP_007,PROD_037,1,343.97,0.14,295.81,mobile,CUST_1289,Premium
TXN_202511_017037,2025-11-01,REG_10,STORE_030,EMP_010,PROD_047,3,237.51,0.17,591.4,card,CUST_6968,New
TXN_202511_017038,2025-11-15,REG_08,STORE_022,EMP_008,PROD_030,2,382.15,0.24,580.87,card,CUST_8226,VIP
TXN_202511_017039,2025-11-22,REG_06,STORE_018,EMP_006,PROD_006,2,293.8,0.06,552.34,card,CUST_7699,Regular
TXN_202511_017040,2025-11-05,REG_09,STORE_025,EMP_009,PROD_040,2,266.99,0.26,395.15,card,CUST_8314,Regular
TXN_202511_017041,2025-11-25,REG_04,STORE_012,EMP_024,PROD_037,1,466.77,0.24,354.75,mobile,CUST_3036,VIP
TXN_202511_017042,2025-11-21,REG_02,STORE_005,EMP_002,PROD_020,2,499.2,0.05,948.48,cash,CUST_8736,New
TXN_202511_017043,2025-11-26,REG_03,STORE_007,EMP_003,PROD_034,4,70.17,0.14,241.38,mobile,CUST_6261,VIP
TXN_202511_017044,2025-11-10,REG_09,STORE_025,EMP_022,PROD_032,5,74.16,0.07,344.84,mobile,CUST_7959,New
TXN_202511_017045,2025-11-26,REG_02,STORE_004,EMP_002,PROD_001,1,159.72,0.0,159.72,mobile,CUST_6358,Regular
TXN_202511_017046,2025-11-24,REG_06,STORE_017,EMP_006,PROD_015,2,29.1,0.06,54.71,card,CUST_8580,Premium
TXN_202511_017047,2025-11-04,REG_02,STORE_006,EMP_002,PROD_017,3,274.46,0.14,708.11,cash,CUST_8442,Regular
TXN_202511_017048,2025-11-11,REG_10,STORE_029,EMP_028,PROD_018,2,187.33,0.19,303.47,credit,CUST_7354,Regular
TXN_202511_017049,2025-11-18,REG_04,STORE_010,EMP_030,PROD_008,4,219.72,0.19,711.89,mobile,CUST_1345,VIP
TXN_202511_017050,2025-11-24,REG_02,STORE_006,EMP_002,PROD_010,1,463.82,0.01,459.18,cash,CUST_7049,Premium
TXN_202511_017051,2025-11-23,REG_09,STORE_026,EMP_025,PROD_045,3,381.59,0.06,1076.08,card,CUST_2875,VIP
TXN_202511_017052,2025-11-25,REG_03,STORE_009,EMP_003,PROD_012,5,226.17,0.13,983.84,cash,CUST_4700,Premium
TXN_202511_017053,2025-11-13,REG_08,STORE_023,EMP_012,PROD_001,2,338.03,0.12,594.93,credit,CUST_9089,VIP
TXN_202511_017054,2025-11-12,REG_08,STORE_024,EMP_015,PROD_013,1,378.01,0.22,294.85,credit,CUST_6073,Regular
TXN_202511_017055,2025-11-22,REG_01,STORE_001,EMP_011,PROD_007,1,252.91,0.09,230.15,card,CUST_6098,Premium
TXN_202511_017056,2025-11-20,REG_04,STORE_012,EMP_004,PROD_027,5,184.98,0.06,869.41,cash,CUST_1348,Regular
TXN_202511_017057,2025-11-18,REG_05,STORE_014,EMP_021,PROD_020,1,104.72,0.12,92.15,credit,CUST_4033,New
TXN_202511_017058,2025-11-04,REG_09,STORE_026,EMP_022,PROD_040,2,415.5,0.27,606.63,cash,CUST_5912,Regular
TXN_202511_017059,2025-11-25,REG_03,STORE_008,EMP_014,PROD_034,3,277.8,0.11,741.73,credit,CUST_2011,New
TXN_202511_017060,2025-11-17,REG_06,STORE_016,EMP_006,PROD_012,5,246.72,0.26,912.86,mobile,CUST_9039,New
TXN_202511_017061,2025-11-25,REG_06,STORE_018,EMP_006,PROD_023,3,16.09,0.17,40.06,cash,CUST_9864,Premium
TXN_202511_017062,2025-11-26,REG_03,STORE_009,EMP_014,PROD_022,4,117.53,0.01,465.42,mobile,CUST_3433,Regular
TXN_202511_017063,2025-11-21,REG_07,STORE_019,EMP_007,PROD_022,4,364.43,0.17,1209.91,cash,CUST_2488,VIP
TXN_202511_017064,2025-11-10,REG_06,STORE_017,EMP_006,PROD_013,5,98.88,0.18,405.41,cash,CUST_3781,Premium
TXN_202511_017065,2025-11-04,REG_01,STORE_003,EMP_018,PROD_019,1,195.15,0.1,175.64,credit,CUST_5426,VIP
TXN_202511_017066,2025-11-10,REG_08,STORE_022,EMP_008,PROD_033,2,455.21,0.12,801.17,cash,CUST_2925,New
TXN_202511_017067,2025-11-23,REG_05,STORE_014,EMP_021,PROD_009,2,128.02,0.07,238.12,cash,CUST_4736,VIP
TXN_202511_017068,2025-11-25,REG_09,STORE_025,EMP_025,PROD_049,2,105.63,0.1,190.13,cash,CUST_8956,Regular
TXN_202511_017069,2025-11-21,REG_03,STORE_009,EMP_014,PROD_020,4,382.44,0.12,1346.19,cash,CUST_7186,Regular
TXN_202511_017070,2025-11-17,REG_08,STORE_024,EMP_023,PROD_045,2,341.4,0.28,491.62,mobile,CUST_4753,Regular
TXN_202511_017071,2025-11-20,REG_08,STORE_022,EMP_023,PROD_028,5,499.01,0.11,2220.59,card,CUST_1010,Regular
TXN_202511_017072,2025-11-23,REG_10,STORE_028,EMP_010,PROD_020,3,228.46,0.14,589.43,mobile,CUST_5580,Premium
TXN_202511_017073,2025-11-22,REG_07,STORE_021,EMP_007,PROD_030,3,94.79,0.23,218.96,cash,CUST_3732,Regular
TXN_202511_017074,2025-11-22,REG_05,STORE_015,EMP_021,PROD_049,2,184.08,0.3,257.71,card,CUST_4112,Regular
TXN_202511_017075,2025-11-23,REG_08,STORE_024,EMP_008,PROD_013,5,51.68,0.02,253.23,mobile,CUST_3232,New
TXN_202511_017076,2025-11-05,REG_07,STORE_020,EMP_007,PROD_032,5,219.0,0.13,952.65,cash,CUST_6108,VIP
TXN_202511_017077,2025-11-14,REG_06,STORE_016,EMP_006,PROD_031,2,178.87,0.25,268.31,card,CUST_8908,VIP
TXN_202511_017078,2025-11-27,REG_01,STORE_002,EMP_011,PROD_042,1,457.33,0.28,329.28,mobile,CUST_1184,Premium
TXN_202511_017079,2025-11-23,REG_03,STORE_007,EMP_014,PROD_009,4,30.3,0.11,107.87,mobile,CUST_5992,Regular
TXN_202511_017080,2025-11-30,REG_02,STORE_004,EMP_002,PROD_001,2,260.92,0.24,396.6,card,CUST_2094,VIP
TXN_202511_017081,2025-11-13,REG_06,STORE_017,EMP_006,PROD_029,2,306.5,0.2,490.4,cash,CUST_2380,Premium
TXN_202511_017082,2025-11-16,REG_08,STORE_023,EMP_015,PROD_004,2,146.91,0.05,279.13,cash,CUST_9575,New
TXN_202511_017083,2025-11-30,REG_04,STORE_012,EMP_029,PROD_010,2,472.93,0.22,737.77,cash,CUST_8964,Regular
TXN_202511_017084,2025-11-22,REG_02,STORE_006,EMP_002,PROD_036,5,437.59,0.21,1728.48,credit,CUST_7370,Regular
TXN_202511_017085,2025-11-16,REG_04,STORE_010,EMP_016,PROD_028,1,241.25,0.11,214.71,credit,CUST_1683,VIP
TXN_202511_017086,2025-11-17,REG_02,STORE_005,EMP_002,PROD_046,3,296.96,0.28,641.43,cash,CUST_3341,Regular
TXN_202511_017087,2025-11-14,REG_09,STORE_027,EMP_027,PROD_010,2,132.18,0.09,240.57,credit,CUST_3595,VIP
TXN_202511_017088,2025-11-15,REG_01,STORE_002,EMP_019,PROD_036,4,194.51,0.24,591.31,card,CUST_6771,New
TXN_202511_017089,2025-11-07,REG_08,STORE_024,EMP_008,PROD_018,1,342.67,0.24,260.43,card,CUST_7500,Regular
TXN_202511_017090,2025-11-03,REG_06,STORE_017,EMP_006,PROD_021,2,68.73,0.22,107.22,credit,CUST_9865,New
TXN_202511_017091,2025-11-22,REG_08,STORE_024,EMP_008,PROD_043,3,327.37,0.2,785.69,cash,CUST_4784,New
TXN_202511_017092,2025-11-02,REG_02,STORE_004,EMP_002,PROD_017,1,89.7,0.08,82.52,card,CUST_2442,VIP
TXN_202511_017093,2025-11-20,REG_06,STORE_018,EMP_006,PROD_004,5,415.25,0.01,2055.49,cash,CUST_6849,Premium
TXN_202511_017094,2025-11-01,REG_08,STORE_022,EMP_015,PROD_047,2,11.62,0.26,17.2,mobile,CUST_8243,Premium
TXN_202511_017095,2025-11-01,REG_02,STORE_006,EMP_002,PROD_046,4,434.51,0.12,1529.48,mobile,CUST_9112,VIP
TXN_202511_017096,2025-11-07,REG_05,STORE_014,EMP_021,PROD_033,4,217.05,0.03,842.15,card,CUST_8487,Regular
TXN_202511_017097,2025-11-28,REG_10,STORE_028,EMP_010,PROD_035,5,241.85,0.25,906.94,cash,CUST_6354,Regular
TXN_202511_017098,2025-11-15,REG_10,STORE_030,EMP_017,PROD_011,4,78.38,0.1,282.17,credit,CUST_9003,Regular
TXN_202511_017099,2025-11-27,REG_07,STORE_019,EMP_007,PROD_032,2,325.2,0.17,539.83,cash,CUST_2960,Premium
TXN_202511_017100,2025-11-06,REG_05,STORE_014,EMP_021,PROD_032,3,203.49,0.1,549.42,credit,CUST_1078,Premium
TXN_202511_017101,2025-11-14,REG_07,STORE_019,EMP_007,PROD_013,4,210.59,0.18,690.74,card,CUST_6060,Premium
TXN_202511_017102,2025-11-12,REG_07,STORE_020,EMP_007,PROD_004,1,332.63,0.16,279.41,card,CUST_4830,Regular
TXN_202511_017103,2025-11-27,REG_03,STORE_007,EMP_014,PROD_021,2,26.69,0.05,50.71,credit,CUST_5889,VIP
TXN_202511_017104,2025-11-23,REG_09,STORE_026,EMP_009,PROD_033,4,302.62,0.14,1041.01,cash,CUST_8109,Regular
TXN_202511_017105,2025-11-04,REG_08,STORE_023,EMP_015,PROD_016,1,484.24,0.22,377.71,credit,CUST_4979,Premium
TXN_202511_017106,2025-11-05,REG_07,STORE_019,EMP_007,PROD_028,2,248.46,0.1,447.23,mobile,CUST_7454,Premium
TXN_202511_017107,2025-11-21,REG_06,STORE_018,EMP_006,PROD_028,1,335.24,0.06,315.13,cash,CUST_3226,Premium
TXN_202511_017108,2025-11-12,REG_10,STORE_029,EMP_013,PROD_031,4,231.02,0.16,776.23,credit,CUST_4896,Regular
TXN_202511_017109,2025-11-28,REG_07,STORE_021,EMP_007,PROD_021,4,141.96,0.07,528.09,card,CUST_5809,Regular
TXN_202511_017110,2025-11-15,REG_08,STORE_024,EMP_012,PROD_005,2,278.17,0.3,389.44,credit,CUST_8475,Premium
TXN_202511_017111,2025-11-07,REG_02,STORE_005,EMP_002,PROD_019,1,162.07,0.08,149.1,mobile,CUST_5593,Regular
TXN_202511_017112,2025-11-19,REG_04,STORE_011,EMP_030,PROD_043,2,281.41,0.13,489.65,mobile,CUST_7692,VIP
TXN_202511_017113,2025-11-30,REG_05,STORE_015,EMP_005,PROD_001,3,287.5,0.22,672.75,mobile,CUST_2271,Premium
TXN_202511_017114,2025-11-01,REG_01,STORE_003,EMP_001,PROD_042,3,340.47,0.07,949.91,cash,CUST_3785,VIP
TXN_202511_017115,2025-11-18,REG_04,STORE_011,EMP_016,PROD_020,2,358.17,0.15,608.89,cash,CUST_1833,Premium
TXN_202511_017116,2025-11-07,REG_10,STORE_028,EMP_017,PROD_010,2,335.76,0.1,604.37,card,CUST_2276,New
TXN_202511_017117,2025-11-24,REG_01,STORE_002,EMP_019,PROD_009,1,64.39,0.07,59.88,cash,CUST_1406,Regular
TXN_202511_017118,2025-11-23,REG_09,STORE_027,EMP_025,PROD_015,3,185.43,0.1,500.66,cash,CUST_2260,Premium
TXN_202511_017119,2025-11-13,REG_05,STORE_014,EMP_021,PROD_007,2,44.84,0.27,65.47,card,CUST_8878,Premium
TXN_202511_017120,2025-11-03,REG_03,STORE_008,EMP_014,PROD_029,3,80.26,0.28,173.36,credit,CUST_4039,Premium
TXN_202511_017121,2025-11-02,REG_08,STORE_022,EMP_023,PROD_038,2,109.05,0.08,200.65,cash,CUST_9946,Regular
TXN_202511_017122,2025-11-07,REG_01,STORE_002,EMP_018,PROD_021,4,369.88,0.04,1420.34,cash,CUST_1599,VIP
TXN_202511_017123,2025-11-28,REG_03,STORE_008,EMP_003,PROD_016,5,50.42,0.29,178.99,credit,CUST_6233,Regular
TXN_202511_017124,2025-11-24,REG_10,STORE_029,EMP_020,PROD_031,5,339.44,0.06,1595.37,cash,CUST_4101,Regular
TXN_202511_017125,2025-11-28,REG_05,STORE_013,EMP_005,PROD_025,1,450.07,0.29,319.55,cash,CUST_6278,Premium
TXN_202511_017126,2025-11-13,REG_06,STORE_017,EMP_006,PROD_029,1,285.17,0.02,279.47,mobile,CUST_6666,Regular
TXN_202511_017127,2025-11-11,REG_10,STORE_029,EMP_010,PROD_032,1,148.21,0.23,114.12,card,CUST_4808,Regular
TXN_202511_017128,2025-11-02,REG_03,STORE_008,EMP_014,PROD_046,3,335.67,0.18,825.75,mobile,CUST_6346,New
TXN_202511_017129,2025-11-11,REG_08,STORE_022,EMP_012,PROD_016,4,171.61,0.17,569.75,card,CUST_8651,VIP
TXN_202511_017130,2025-11-12,REG_08,STORE_024,EMP_023,PROD_005,1,438.67,0.02,429.9,card,CUST_1637,VIP
TXN_202511_017131,2025-11-23,REG_01,STORE_003,EMP_001,PROD_018,3,383.35,0.18,943.04,card,CUST_4619,Premium
TXN_202511_017132,2025-11-22,REG_06,STORE_016,EMP_006,PROD_007,3,107.51,0.24,245.12,mobile,CUST_2676,New
TXN_202511_017133,2025-11-12,REG_01,STORE_001,EMP_019,PROD_004,1,225.46,0.0,225.46,credit,CUST_7085,Regular
TXN_202511_017134,2025-11-28,REG_02,STORE_006,EMP_002,PROD_022,1,277.61,0.28,199.88,mobile,CUST_5765,Regular
TXN_202511_017135,2025-11-14,REG_01,STORE_001,EMP_001,PROD_009,2,471.92,0.04,906.09,card,CUST_4468,VIP
TXN_202511_017136,2025-11-21,REG_09,STORE_025,EMP_009,PROD_014,3,220.69,0.16,556.14,card,CUST_9835,Premium
TXN_202511_017137,2025-11-30,REG_04,STORE_010,EMP_024,PROD_002,3,152.0,0.03,442.32,credit,CUST_6799,New
TXN_202511_017138,2025-11-08,REG_06,STORE_016,EMP_006,PROD_035,2,214.36,0.15,364.41,credit,CUST_4476,Regular
TXN_202511_017139,2025-11-19,REG_09,STORE_027,EMP_025,PROD_003,5,218.64,0.29,776.17,card,CUST_7058,Premium
TXN_202511_017140,2025-11-08,REG_02,STORE_004,EMP_002,PROD_032,3,427.22,0.29,909.98,credit,CUST_1873,VIP
TXN_202511_017141,2025-11-22,REG_06,STORE_018,EMP_006,PROD_003,4,11.98,0.2,38.34,cash,CUST_2084,Regular
TXN_202511_017142,2025-11-04,REG_02,STORE_006,EMP_002,PROD_025,4,418.15,0.14,1438.44,credit,CUST_8703,New
TXN_202511_017143,2025-11-28,REG_05,STORE_013,EMP_005,PROD_014,1,314.15,0.24,238.75,mobile,CUST_2431,VIP
TXN_202511_017144,2025-11-23,REG_04,STORE_010,EMP_026,PROD_029,2,58.22,0.13,101.3,mobile,CUST_8497,Regular
TXN_202511_017145,2025-11-06,REG_01,STORE_002,EMP_001,PROD_013,4,51.81,0.29,147.14,mobile,CUST_5246,New
TXN_202511_017146,2025-11-25,REG_09,STORE_027,EMP_009,PROD_038,5,341.6,0.01,1690.92,card,CUST_3018,Premium
TXN_202511_017147,2025-11-04,REG_04,STORE_012,EMP_026,PROD_001,4,313.46,0.19,1015.61,cash,CUST_5995,Premium
TXN_202511_017148,2025-11-10,REG_01,STORE_003,EMP_011,PROD_036,5,142.64,0.13,620.48,mobile,CUST_8867,Regular
TXN_202511_017149,2025-11-10,REG_06,STORE_016,EMP_006,PROD_037,2,232.88,0.16,391.24,credit,CUST_2912,VIP
TXN_202511_017150,2025-11-08,REG_02,STORE_006,EMP_002,PROD_006,5,52.0,0.15,221.0,credit,CUST_2601,Regular
TXN_202511_017151,2025-11-15,REG_07,STORE_020,EMP_007,PROD_011,4,77.07,0.1,277.45,credit,CUST_2470,Regular
TXN_202511_017152,2025-11-14,REG_04,STORE_010,EMP_016,PROD_020,2,330.72,0.17,549.0,cash,CUST_7272,Premium
TXN_202511_017153,2025-11-01,REG_04,STORE_012,EMP_030,PROD_031,5,294.51,0.2,1178.04,cash,CUST_8908,New
TXN_202511_017154,2025-11-28,REG_09,STORE_027,EMP_027,PROD_042,1,440.28,0.15,374.24,cash,CUST_2661,Premium
TXN_202511_017155,2025-11-08,REG_04,STORE_011,EMP_029,PROD_042,2,329.16,0.26,487.16,cash,CUST_7293,VIP
TXN_202511_017156,2025-11-24,REG_05,STORE_014,EMP_021,PROD_021,5,234.07,0.09,1065.02,credit,CUST_8998,Regular
TXN_202511_017157,2025-11-07,REG_08,STORE_024,EMP_023,PROD_029,2,54.4,0.2,87.04,credit,CUST_7824,VIP
TXN_202511_017158,2025-11-26,REG_08,STORE_023,EMP_012,PROD_029,5,178.49,0.15,758.58,credit,CUST_5554,New
TXN_202511_017159,2025-11-10,REG_10,STORE_030,EMP_017,PROD_010,4,483.37,0.2,1546.78,card,CUST_2064,Regular
TXN_202511_017160,2025-11-26,REG_05,STORE_015,EMP_021,PROD_011,5,254.75,0.13,1108.16,credit,CUST_7444,Regular
TXN_202511_017161,2025-11-03,REG_04,STORE_010,EMP_024,PROD_003,5,217.88,0.16,915.1,mobile,CUST_2281,Premium
TXN_202511_017162,2025-11-09,REG_06,STORE_016,EMP_006,PROD_035,5,257.68,0.11,1146.68,cash,CUST_8869,VIP
TXN_202511_017163,2025-11-08,REG_03,STORE_007,EMP_003,PROD_004,3,438.66,0.16,1105.42,cash,CUST_1200,New
TXN_202511_017164,2025-11-23,REG_03,STORE_007,EMP_014,PROD_023,1,10.22,0.17,8.48,mobile,CUST_3469,Regular
TXN_202511_017165,2025-11-24,REG_01,STORE_002,EMP_001,PROD_033,3,55.77,0.07,155.6,cash,CUST_8553,New
TXN_202511_017166,2025-11-01,REG_04,STORE_012,EMP_016,PROD_005,4,357.94,0.02,1403.12,cash,CUST_1099,Premium
TXN_202511_017167,2025-11-03,REG_07,STORE_020,EMP_007,PROD_040,2,58.18,0.17,96.58,mobile,CUST_7376,VIP
TXN_202511_017168,2025-11-15,REG_02,STORE_004,EMP_002,PROD_039,2,286.6,0.05,544.54,credit,CUST_9420,Premium
TXN_202511_017169,2025-11-13,REG_01,STORE_001,EMP_019,PROD_043,3,468.18,0.03,1362.4,card,CUST_4299,Regular
TXN_202511_017170,2025-11-14,REG_02,STORE_004,EMP_002,PROD_024,3,33.05,0.17,82.29,mobile,CUST_8470,New
TXN_202511_017171,2025-11-29,REG_09,STORE_027,EMP_025,PROD_048,4,106.36,0.14,365.88,card,CUST_1773,VIP
TXN_202511_017172,2025-11-30,REG_08,STORE_022,EMP_008,PROD_005,1,134.1,0.08,123.37,cash,CUST_7071,Regular
TXN_202511_017173,2025-11-24,REG_03,STORE_009,EMP_014,PROD_004,4,116.54,0.05,442.85,credit,CUST_1132,Regular
TXN_202511_017174,2025-11-27,REG_09,STORE_027,EMP_022,PROD_035,5,305.93,0.07,1422.57,mobile,CUST_7177,Regular
TXN_202511_017175,2025-11-13,REG_08,STORE_023,EMP_023,PROD_049,5,471.09,0.12,2072.8,cash,CUST_7048,New
TXN_202511_017176,2025-11-01,REG_07,STORE_021,EMP_007,PROD_048,5,491.01,0.13,2135.89,card,CUST_6852,VIP
TXN_202511_017177,2025-11-26,REG_09,STORE_026,EMP_025,PROD_018,4,350.2,0.12,1232.7,cash,CUST_8099,Regular
TXN_202511_017178,2025-11-02,REG_09,STORE_025,EMP_009,PROD_042,3,430.57,0.09,1175.46,cash,CUST_4212,VIP
TXN_202511_017179,2025-11-16,REG_10,STORE_029,EMP_013,PROD_012,5,485.56,0.24,1845.13,card,CUST_4152,New
TXN_202511_017180,2025-11-11,REG_01,STORE_001,EMP_019,PROD_003,4,98.8,0.3,276.64,mobile,CUST_9227,Regular
TXN_202511_017181,2025-11-15,REG_02,STORE_004,EMP_002,PROD_031,3,418.02,0.16,1053.41,mobile,CUST_9257,Premium
TXN_202511_017182,2025-11-07,REG_10,STORE_028,EMP_020,PROD_013,1,132.59,0.09,120.66,cash,CUST_5913,New
TXN_202511_017183,2025-11-23,REG_09,STORE_027,EMP_022,PROD_009,4,30.82,0.29,87.53,card,CUST_3167,Regular
TXN_202511_017184,2025-11-18,REG_01,STORE_001,EMP_018,PROD_022,1,219.84,0.09,200.05,credit,CUST_7477,Premium
TXN_202511_017185,2025-11-02,REG_08,STORE_022,EMP_012,PROD_008,5,46.29,0.3,162.01,credit,CUST_5109,Regular
TXN_202511_017186,2025-11-03,REG_06,STORE_018,EMP_006,PROD_041,3,10.5,0.23,24.25,mobile,CUST_2863,Regular
TXN_202511_017187,2025-11-07,REG_09,STORE_026,EMP_022,PROD_006,4,34.23,0.06,128.7,cash,CUST_8379,VIP
TXN_202511_017188,2025-11-25,REG_08,STORE_024,EMP_008,PROD_026,5,143.09,0.04,686.83,card,CUST_6615,Regular
TXN_202511_017189,2025-11-10,REG_06,STORE_017,EMP_006,PROD_022,5,465.26,0.2,1861.04,card,CUST_5597,VIP
TXN_202511_017190,2025-11-26,REG_01,STORE_002,EMP_011,PROD_036,4,351.79,0.26,1041.3,cash,CUST_7227,VIP
TXN_202511_017191,2025-11-23,REG_10,STORE_030,EMP_010,PROD_043,4,460.67,0.24,1400.44,card,CUST_8049,Regular
TXN_202511_017192,2025-11-20,REG_04,STORE_011,EMP_026,PROD_039,4,185.75,0.07,690.99,cash,CUST_3015,Premium
TXN_202511_017193,2025-11-30,REG_01,STORE_002,EMP_001,PROD_032,4,204.09,0.0,816.36,credit,CUST_5571,Premium
TXN_202511_017194,2025-11-13,REG_04,STORE_010,EMP_029,PROD_018,4,415.05,0.04,1593.79,card,CUST_3506,Regular
TXN_202511_017195,2025-11-19,REG_08,STORE_023,EMP_012,PROD_042,1,248.15,0.15,210.93,credit,CUST_9667,VIP
TXN_202511_017196,2025-11-10,REG_02,STORE_005,EMP_002,PROD_028,5,431.87,0.09,1965.01,card,CUST_8619,VIP
TXN_202511_017197,2025-11-24,REG_05,STORE_014,EMP_005,PROD_024,2,143.76,0.18,235.77,cash,CUST_5166,New
TXN_202511_017198,2025-11-26,REG_01,STORE_003,EMP_019,PROD_038,2,41.51,0.03,80.53,card,CUST_1589,Regular
TXN_202511_017199,2025-11-10,REG_02,STORE_005,EMP_002,PROD_013,5,33.0,0.11,146.85,credit,CUST_1907,Regular
TXN_202511_017200,2025-11-20,REG_03,STORE_009,EMP_003,PROD_004,4,447.7,0.12,1575.9,credit,CUST_4347,VIP
TXN_202511_017201,2025-11-10,REG_05,STORE_015,EMP_021,PROD_034,2,308.62,0.26,456.76,card,CUST_2448,Premium
TXN_202511_017202,2025-11-30,REG_05,STORE_013,EMP_005,PROD_021,4,282.08,0.11,1004.2,card,CUST_8283,VIP
TXN_202511_017203,2025-11-21,REG_08,STORE_023,EMP_012,PROD_001,4,141.16,0.15,479.94,cash,CUST_9699,Regular
TXN_202511_017204,2025-11-27,REG_03,STORE_007,EMP_014,PROD_002,1,187.71,0.3,131.4,card,CUST_7765,New
TXN_202511_017205,2025-11-02,REG_02,STORE_005,EMP_002,PROD_049,2,269.72,0.26,399.19,mobile,CUST_7532,Regular
TXN_202511_017206,2025-11-11,REG_10,STORE_030,EMP_017,PROD_023,1,139.15,0.3,97.41,cash,CUST_2546,VIP
TXN_202511_017207,2025-11-04,REG_10,STORE_030,EMP_028,PROD_011,4,468.95,0.26,1388.09,card,CUST_3964,VIP
TXN_202511_017208,2025-11-28,REG_02,STORE_005,EMP_002,PROD_036,4,431.28,0.15,1466.35,mobile,CUST_4483,New
TXN_202511_017209,2025-11-22,REG_08,STORE_023,EMP_023,PROD_015,2,444.01,0.08,816.98,credit,CUST_7256,VIP
TXN_202511_017210,2025-11-12,REG_10,STORE_029,EMP_010,PROD_030,1,54.27,0.12,47.76,card,CUST_1926,New
TXN_202511_017211,2025-11-30,REG_05,STORE_013,EMP_021,PROD_028,3,422.66,0.03,1229.94,cash,CUST_8195,Premium
TXN_202511_017212,2025-11-08,REG_01,STORE_003,EMP_018,PROD_024,3,134.25,0.26,298.03,credit,CUST_4193,Regular
TXN_202511_017213,2025-11-12,REG_01,STORE_001,EMP_001,PROD_009,3,116.29,0.24,265.14,credit,CUST_1630,VIP
TXN_202511_017214,2025-11-09,REG_09,STORE_026,EMP_022,PROD_043,4,239.05,0.02,937.08,credit,CUST_4002,Premium
TXN_202511_017215,2025-11-06,REG_10,STORE_030,EMP_010,PROD_042,3,290.5,0.02,854.07,card,CUST_4291,New
TXN_202511_017216,2025-11-02,REG_09,STORE_027,EMP_025,PROD_046,5,126.79,0.24,481.8,card,CUST_3459,VIP
TXN_202511_017217,2025-11-12,REG_02,STORE_004,EMP_002,PROD_044,4,486.22,0.12,1711.49,card,CUST_6892,VIP
TXN_202511_017218,2025-11-11,REG_04,STORE_012,EMP_030,PROD_050,5,301.82,0.2,1207.28,mobile,CUST_3407,Premium
TXN_202511_017219,2025-11-14,REG_04,STORE_012,EMP_029,PROD_001,5,217.07,0.0,1085.35,mobile,CUST_7606,Premium
TXN_202511_017220,2025-11-02,REG_10,STORE_029,EMP_017,PROD_015,1,136.84,0.18,112.21,cash,CUST_7804,VIP
TXN_202511_017221,2025-11-03,REG_02,STORE_006,EMP_002,PROD_024,3,213.99,0.13,558.51,credit,CUST_9503,Regular
TXN_202511_017222,2025-11-15,REG_02,STORE_005,EMP_002,PROD_024,3,423.41,0.04,1219.42,credit,CUST_3004,Regular
TXN_202511_017223,2025-11-15,REG_08,STORE_022,EMP_015,PROD_014,4,145.1,0.07,539.77,credit,CUST_7237,VIP
TXN_202511_017224,2025-11-02,REG_07,STORE_021,EMP_007,PROD_019,4,319.91,0.04,1228.45,cash,CUST_6362,Premium
TXN_202511_017225,2025-11-08,REG_05,STORE_015,EMP_021,PROD_010,2,477.59,0.05,907.42,cash,CUST_3090,VIP
TXN_202511_017226,2025-11-15,REG_10,STORE_029,EMP_013,PROD_005,5,469.9,0.26,1738.63,card,CUST_3841,VIP
TXN_202511_017227,2025-11-14,REG_08,STORE_022,EMP_012,PROD_013,1,27.02,0.25,20.27,mobile,CUST_9312,Premium
TXN_202511_017228,2025-11-29,REG_09,STORE_025,EMP_025,PROD_016,2,50.78,0.24,77.19,mobile,CUST_6035,New
TXN_202511_017229,2025-11-13,REG_10,STORE_030,EMP_017,PROD_018,1,204.82,0.21,161.81,mobile,CUST_2543,Premium
TXN_202511_017230,2025-11-05,REG_04,STORE_010,EMP_024,PROD_044,5,173.9,0.01,860.8,cash,CUST_8933,New
TXN_202511_017231,2025-11-17,REG_02,STORE_004,EMP_002,PROD_032,1,393.31,0.22,306.78,card,CUST_9799,Regular
TXN_202511_017232,2025-11-12,REG_06,STORE_016,EMP_006,PROD_044,1,452.3,0.28,325.66,cash,CUST_2361,Premium
TXN_202511_017233,2025-11-16,REG_03,STORE_008,EMP_003,PROD_049,4,235.68,0.0,942.72,cash,CUST_6060,Premium
TXN_202511_017234,2025-11-01,REG_08,STORE_024,EMP_023,PROD_004,5,64.14,0.28,230.9,cash,CUST_7967,Premium
TXN_202511_017235,2025-11-13,REG_03,STORE_009,EMP_003,PROD_025,5,404.17,0.16,1697.51,cash,CUST_3714,VIP
TXN_202511_017236,2025-11-23,REG_10,STORE_030,EMP_017,PROD_036,1,499.1,0.25,374.33,card,CUST_6517,Premium
TXN_202511_017237,2025-11-25,REG_10,STORE_030,EMP_028,PROD_029,1,52.07,0.26,38.53,card,CUST_9223,Regular
TXN_202511_017238,2025-11-07,REG_02,STORE_005,EMP_002,PROD_002,3,342.59,0.01,1017.49,mobile,CUST_3909,Regular
TXN_202511_017239,2025-11-21,REG_10,STORE_028,EMP_017,PROD_006,1,319.56,0.09,290.8,card,CUST_3545,VIP
TXN_202511_017240,2025-11-23,REG_04,STORE_012,EMP_024,PROD_039,1,394.46,0.28,284.01,card,CUST_5938,Premium
TXN_202511_017241,2025-11-29,REG_07,STORE_019,EMP_007,PROD_020,4,203.56,0.22,635.11,cash,CUST_5706,Regular
TXN_202511_017242,2025-11-10,REG_09,STORE_026,EMP_025,PROD_032,1,194.17,0.19,157.28,mobile,CUST_9045,Regular
TXN_202511_017243,2025-11-26,REG_02,STORE_004,EMP_002,PROD_039,5,198.4,0.29,704.32,card,CUST_5097,Premium
TXN_202511_017244,2025-11-01,REG_06,STORE_018,EMP_006,PROD_020,4,389.0,0.28,1120.32,mobile,CUST_4844,New
TXN_202511_017245,2025-11-17,REG_04,STORE_012,EMP_026,PROD_035,5,364.31,0.14,1566.53,card,CUST_9103,Regular
TXN_202511_017246,2025-11-13,REG_04,STORE_012,EMP_029,PROD_040,4,50.33,0.12,177.16,card,CUST_7376,New
TXN_202511_017247,2025-11-27,REG_10,STORE_029,EMP_017,PROD_035,3,229.1,0.29,487.98,card,CUST_9534,New
TXN_202511_017248,2025-11-21,REG_03,STORE_007,EMP_014,PROD_045,3,305.96,0.05,871.99,cash,CUST_2615,Regular
TXN_202511_017249,2025-11-03,REG_10,STORE_030,EMP_010,PROD_030,3,239.38,0.09,653.51,card,CUST_5799,Regular
TXN_202511_017250,2025-11-08,REG_07,STORE_021,EMP_007,PROD_016,4,32.87,0.22,102.55,credit,CUST_6990,New
TXN_202511_017251,2025-11-17,REG_07,STORE_020,EMP_007,PROD_009,5,153.13,0.15,650.8,cash,CUST_2688,Regular
TXN_202511_017252,2025-11-05,REG_01,STORE_001,EMP_011,PROD_011,4,388.71,0.15,1321.61,credit,CUST_5241,Regular
TXN_202511_017253,2025-11-15,REG_05,STORE_014,EMP_021,PROD_018,5,68.5,0.02,335.65,credit,CUST_3236,New
TXN_202511_017254,2025-11-13,REG_10,STORE_029,EMP_028,PROD_006,2,109.7,0.29,155.77,mobile,CUST_4610,Premium
TXN_202511_017255,2025-11-15,REG_07,STORE_020,EMP_007,PROD_001,4,413.61,0.08,1522.08,mobile,CUST_6684,Premium
TXN_202511_017256,2025-11-28,REG_07,STORE_021,EMP_007,PROD_021,1,125.87,0.3,88.11,card,CUST_7895,VIP
TXN_202511_017257,2025-11-09,REG_08,STORE_024,EMP_012,PROD_036,2,86.22,0.28,124.16,credit,CUST_9175,VIP
TXN_202511_017258,2025-11-27,REG_02,STORE_006,EMP_002,PROD_001,5,319.51,0.2,1278.04,mobile,CUST_3373,Regular
TXN_202511_017259,2025-11-08,REG_06,STORE_017,EMP_006,PROD_023,3,293.74,0.26,652.1,mobile,CUST_9512,Regular
TXN_202511_017260,2025-11-15,REG_07,STORE_021,EMP_007,PROD_004,5,143.9,0.27,525.24,card,CUST_6265,New
TXN_202511_017261,2025-11-01,REG_06,STORE_016,EMP_006,PROD_041,2,150.83,0.11,268.48,card,CUST_7598,New
TXN_202511_017262,2025-11-02,REG_07,STORE_019,EMP_007,PROD_026,2,276.13,0.11,491.51,credit,CUST_9276,VIP
TXN_202511_017263,2025-11-04,REG_05,STORE_013,EMP_005,PROD_007,5,51.73,0.03,250.89,cash,CUST_5444,VIP
TXN_202511_017264,2025-11-22,REG_03,STORE_007,EMP_014,PROD_041,1,162.96,0.1,146.66,credit,CUST_4766,New
TXN_202511_017265,2025-11-23,REG_08,STORE_024,EMP_023,PROD_031,4,51.67,0.27,150.88,credit,CUST_2057,Premium
TXN_202511_017266,2025-11-12,REG_06,STORE_016,EMP_006,PROD_013,2,404.77,0.25,607.15,mobile,CUST_4549,VIP
TXN_202511_017267,2025-11-20,REG_08,STORE_023,EMP_008,PROD_019,2,302.83,0.04,581.43,mobile,CUST_8856,Regular
TXN_202511_017268,2025-11-23,REG_03,STORE_007,EMP_014,PROD_041,4,128.97,0.2,412.7,mobile,CUST_5166,New
TXN_202511_017269,2025-11-06,REG_05,STORE_014,EMP_021,PROD_049,4,241.86,0.08,890.04,mobile,CUST_6554,Premium
TXN_202511_017270,2025-11-03,REG_03,STORE_007,EMP_014,PROD_029,4,484.89,0.11,1726.21,cash,CUST_3033,VIP
TXN_202511_017271,2025-11-21,REG_01,STORE_001,EMP_001,PROD_021,5,224.15,0.1,1008.68,cash,CUST_4931,Premium
TXN_202511_017272,2025-11-17,REG_10,STORE_030,EMP_013,PROD_015,1,255.88,0.27,186.79,cash,CUST_9096,Premium
TXN_202511_017273,2025-11-21,REG_05,STORE_013,EMP_005,PROD_004,1,196.35,0.27,143.34,mobile,CUST_2536,Regular
TXN_202511_017274,2025-11-13,REG_05,STORE_014,EMP_005,PROD_019,3,322.21,0.11,860.3,cash,CUST_9253,Regular
TXN_202511_017275,2025-11-03,REG_01,STORE_001,EMP_001,PROD_002,5,495.89,0.03,2405.07,cash,CUST_4548,New
TXN_202511_017276,2025-11-29,REG_03,STORE_009,EMP_003,PROD_017,2,14.82,0.14,25.49,cash,CUST_4740,New
TXN_202511_017277,2025-11-03,REG_03,STORE_009,EMP_014,PROD_012,2,263.72,0.25,395.58,credit,CUST_5241,New
TXN_202511_017278,2025-11-15,REG_01,STORE_001,EMP_018,PROD_030,2,292.43,0.24,444.49,card,CUST_8249,VIP
TXN_202511_017279,2025-11-19,REG_02,STORE_005,EMP_002,PROD_002,3,426.91,0.16,1075.81,credit,CUST_9323,Premium
TXN_202511_017280,2025-11-19,REG_07,STORE_020,EMP_007,PROD_031,4,422.07,0.12,1485.69,mobile,CUST_9210,Premium
TXN_202511_017281,2025-11-21,REG_02,STORE_006,EMP_002,PROD_036,1,387.32,0.07,360.21,mobile,CUST_6129,VIP
TXN_202511_017282,2025-11-15,REG_06,STORE_018,EMP_006,PROD_009,1,103.76,0.04,99.61,card,CUST_1461,Regular
TXN_202511_017283,2025-11-20,REG_05,STORE_015,EMP_021,PROD_030,4,454.57,0.09,1654.63,cash,CUST_2872,New
TXN_202511_017284,2025-11-23,REG_06,STORE_018,EMP_006,PROD_024,2,306.57,0.03,594.75,cash,CUST_3138,New
TXN_202511_017285,2025-11-12,REG_01,STORE_003,EMP_011,PROD_012,3,217.28,0.02,638.8,credit,CUST_7978,New
TXN_202511_017286,2025-11-25,REG_10,STORE_029,EMP_020,PROD_007,4,100.45,0.13,349.57,credit,CUST_1923,VIP
TXN_202511_017287,2025-11-10,REG_09,STORE_025,EMP_022,PROD_004,1,58.2,0.22,45.4,mobile,CUST_4149,VIP
TXN_202511_017288,2025-11-17,REG_01,STORE_003,EMP_018,PROD_032,1,113.07,0.13,98.37,card,CUST_2682,Premium
TXN_202511_017289,2025-11-26,REG_04,STORE_011,EMP_024,PROD_023,3,260.56,0.26,578.44,card,CUST_8625,New
TXN_202511_017290,2025-11-02,REG_05,STORE_013,EMP_005,PROD_020,2,161.34,0.13,280.73,cash,CUST_3627,Premium
TXN_202511_017291,2025-11-21,REG_05,STORE_013,EMP_021,PROD_039,4,67.44,0.05,256.27,card,CUST_5722,Regular
TXN_202511_017292,2025-11-12,REG_04,STORE_011,EMP_030,PROD_011,1,486.16,0.26,359.76,mobile,CUST_4460,Regular
TXN_202511_017293,2025-11-03,REG_07,STORE_020,EMP_007,PROD_049,3,283.67,0.12,748.89,mobile,CUST_5004,New
TXN_202511_017294,2025-11-10,REG_03,STORE_007,EMP_014,PROD_015,5,447.71,0.06,2104.24,cash,CUST_4844,Premium
TXN_202511_017295,2025-11-04,REG_04,STORE_010,EMP_016,PROD_005,4,205.06,0.07,762.82,credit,CUST_1013,Regular
TXN_202511_017296,2025-11-25,REG_09,STORE_026,EMP_022,PROD_016,1,53.69,0.06,50.47,card,CUST_1882,VIP
TXN_202511_017297,2025-11-20,REG_05,STORE_013,EMP_021,PROD_024,5,121.03,0.07,562.79,credit,CUST_4337,Regular
TXN_202511_017298,2025-11-21,REG_01,STORE_003,EMP_011,PROD_044,4,184.76,0.01,731.65,mobile,CUST_6196,New
TXN_202511_017299,2025-11-30,REG_04,STORE_011,EMP_024,PROD_010,4,351.56,0.06,1321.87,cash,CUST_4077,Premium
TXN_202511_017300,2025-11-09,REG_10,STORE_029,EMP_028,PROD_030,1,318.01,0.12,279.85,mobile,CUST_3531,VIP
TXN_202511_017301,2025-11-17,REG_01,STORE_002,EMP_011,PROD_031,2,129.9,0.16,218.23,cash,CUST_5538,Premium
TXN_202511_017302,2025-11-27,REG_01,STORE_001,EMP_018,PROD_025,1,206.83,0.08,190.28,card,CUST_7191,Premium
TXN_202511_017303,2025-11-12,REG_04,STORE_010,EMP_016,PROD_041,3,121.92,0.24,277.98,cash,CUST_6445,Premium
TXN_202511_017304,2025-11-16,REG_04,STORE_011,EMP_004,PROD_049,5,351.55,0.2,1406.2,cash,CUST_3988,Premium
TXN_202511_017305,2025-11-02,REG_01,STORE_003,EMP_001,PROD_008,5,494.1,0.07,2297.57,cash,CUST_8821,VIP
TXN_202511_017306,2025-11-23,REG_10,STORE_029,EMP_028,PROD_029,2,498.65,0.24,757.95,cash,CUST_2031,VIP
TXN_202511_017307,2025-11-28,REG_01,STORE_003,EMP_018,PROD_007,5,461.85,0.19,1870.49,cash,CUST_7520,VIP
TXN_202511_017308,2025-11-05,REG_04,STORE_012,EMP_029,PROD_034,1,52.74,0.26,39.03,credit,CUST_8687,VIP
TXN_202511_017309,2025-11-14,REG_08,STORE_024,EMP_012,PROD_022,1,424.99,0.05,403.74,credit,CUST_3400,New
TXN_202511_017310,2025-11-24,REG_04,STORE_010,EMP_026,PROD_009,3,233.46,0.15,595.32,cash,CUST_1161,VIP
TXN_202511_017311,2025-11-10,REG_02,STORE_006,EMP_002,PROD_002,5,345.42,0.27,1260.78,cash,CUST_6935,Regular
TXN_202511_017312,2025-11-22,REG_07,STORE_019,EMP_007,PROD_049,5,44.33,0.05,210.57,cash,CUST_3189,VIP
TXN_202511_017313,2025-11-06,REG_05,STORE_013,EMP_005,PROD_009,2,307.47,0.14,528.85,mobile,CUST_3798,New
TXN_202511_017314,2025-11-14,REG_06,STORE_016,EMP_006,PROD_047,2,160.91,0.06,302.51,card,CUST_8526,VIP
TXN_202511_017315,2025-11-03,REG_09,STORE_027,EMP_022,PROD_033,2,361.63,0.02,708.79,card,CUST_4109,Regular
TXN_202511_017316,2025-11-25,REG_09,STORE_026,EMP_009,PROD_031,1,310.33,0.03,301.02,card,CUST_4072,New
TXN_202511_017317,2025-11-01,REG_01,STORE_002,EMP_001,PROD_006,1,491.45,0.24,373.5,cash,CUST_7924,New
TXN_202511_017318,2025-11-10,REG_05,STORE_015,EMP_005,PROD_012,4,17.4,0.29,49.42,card,CUST_5041,Premium
TXN_202511_017319,2025-11-24,REG_02,STORE_006,EMP_002,PROD_008,3,83.41,0.01,247.73,credit,CUST_6442,New
TXN_202511_017320,2025-11-01,REG_02,STORE_006,EMP_002,PROD_005,4,383.37,0.1,1380.13,cash,CUST_8421,Premium
TXN_202511_017321,2025-11-16,REG_10,STORE_030,EMP_020,PROD_001,2,428.53,0.27,625.65,credit,CUST_1404,Regular
TXN_202511_017322,2025-11-15,REG_04,STORE_012,EMP_026,PROD_021,4,489.84,0.26,1449.93,cash,CUST_5571,VIP
TXN_202511_017323,2025-11-26,REG_05,STORE_014,EMP_021,PROD_002,4,17.37,0.06,65.31,mobile,CUST_2510,Premium
TXN_202511_017324,2025-11-16,REG_07,STORE_019,EMP_007,PROD_015,1,208.12,0.03,201.88,cash,CUST_4124,VIP
TXN_202511_017325,2025-11-05,REG_06,STORE_016,EMP_006,PROD_014,5,195.04,0.03,945.94,credit,CUST_5360,Premium
TXN_202511_017326,2025-11-08,REG_08,STORE_024,EMP_023,PROD_050,4,232.3,0.13,808.4,mobile,CUST_1188,New
TXN_202511_017327,2025-11-08,REG_09,STORE_026,EMP_025,PROD_014,2,100.18,0.06,188.34,mobile,CUST_9587,VIP
TXN_202511_017328,2025-11-19,REG_02,STORE_004,EMP_002,PROD_048,2,40.37,0.17,67.01,card,CUST_4112,New
TXN_202511_017329,2025-11-15,REG_06,STORE_018,EMP_006,PROD_040,5,258.57,0.2,1034.28,card,CUST_3462,Premium
TXN_202511_017330,2025-11-15,REG_10,STORE_030,EMP_010,PROD_045,5,367.75,0.22,1434.23,mobile,CUST_3678,New
TXN_202511_017331,2025-11-17,REG_09,STORE_025,EMP_027,PROD_002,3,92.21,0.18,226.84,credit,CUST_7867,Regular
TXN_202511_017332,2025-11-20,REG_07,STORE_019,EMP_007,PROD_019,2,172.74,0.1,310.93,cash,CUST_9696,New
TXN_202511_017333,2025-11-17,REG_10,STORE_030,EMP_013,PROD_005,4,23.83,0.09,86.74,card,CUST_6991,Regular
TXN_202511_017334,2025-11-04,REG_04,STORE_012,EMP_030,PROD_025,4,141.41,0.15,480.79,cash,CUST_8486,VIP
TXN_202511_017335,2025-11-20,REG_09,STORE_027,EMP_022,PROD_023,1,258.31,0.22,201.48,cash,CUST_9933,VIP
TXN_202511_017336,2025-11-11,REG_10,STORE_030,EMP_028,PROD_019,3,481.63,0.06,1358.2,credit,CUST_1677,Regular
TXN_202511_017337,2025-11-20,REG_09,STORE_026,EMP_009,PROD_048,2,36.96,0.09,67.27,card,CUST_8984,New
TXN_202511_017338,2025-11-20,REG_01,STORE_002,EMP_018,PROD_048,4,441.09,0.04,1693.79,cash,CUST_3341,VIP
TXN_202511_017339,2025-11-21,REG_03,STORE_007,EMP_014,PROD_037,1,27.02,0.14,23.24,mobile,CUST_7682,Premium
TXN_202511_017340,2025-11-01,REG_03,STORE_009,EMP_003,PROD_021,1,76.37,0.22,59.57,card,CUST_1064,Regular
TXN_202511_017341,2025-11-21,REG_10,STORE_028,EMP_028,PROD_050,4,314.56,0.09,1145.0,credit,CUST_5476,Regular
TXN_202511_017342,2025-11-06,REG_09,STORE_026,EMP_025,PROD_003,3,254.41,0.25,572.42,mobile,CUST_4334,New
TXN_202511_017343,2025-11-11,REG_04,STORE_011,EMP_026,PROD_032,2,240.8,0.1,433.44,card,CUST_2336,VIP
TXN_202511_017344,2025-11-23,REG_05,STORE_013,EMP_021,PROD_038,4,418.38,0.27,1221.67,card,CUST_4793,Regular
TXN_202511_017345,2025-11-14,REG_02,STORE_005,EMP_002,PROD_023,2,459.75,0.12,809.16,mobile,CUST_1744,Premium
TXN_202511_017346,2025-11-23,REG_05,STORE_013,EMP_021,PROD_010,1,118.9,0.19,96.31,cash,CUST_8619,Premium
TXN_202511_017347,2025-11-05,REG_05,STORE_014,EMP_005,PROD_029,1,27.96,0.01,27.68,credit,CUST_4477,VIP
TXN_202511_017348,2025-11-10,REG_08,STORE_024,EMP_023,PROD_009,5,204.12,0.08,938.95,mobile,CUST_1763,Premium
TXN_202511_017349,2025-11-28,REG_02,STORE_006,EMP_002,PROD_002,2,167.01,0.01,330.68,cash,CUST_7249,VIP
TXN_202511_017350,2025-11-03,REG_09,STORE_027,EMP_022,PROD_021,2,495.29,0.01,980.67,credit,CUST_7548,New
TXN_202511_017351,2025-11-27,REG_09,STORE_026,EMP_022,PROD_042,1,139.96,0.17,116.17,cash,CUST_4512,VIP
TXN_202511_017352,2025-11-10,REG_06,STORE_016,EMP_006,PROD_047,5,195.68,0.29,694.66,credit,CUST_1818,VIP
TXN_202511_017353,2025-11-23,REG_01,STORE_002,EMP_019,PROD_002,1,35.95,0.29,25.52,mobile,CUST_3101,Regular
TXN_202511_017354,2025-11-09,REG_02,STORE_004,EMP_002,PROD_018,4,252.33,0.11,898.29,mobile,CUST_8370,Regular
TXN_202511_017355,2025-11-16,REG_09,STORE_026,EMP_009,PROD_048,4,316.59,0.21,1000.42,mobile,CUST_1519,VIP
TXN_202511_017356,2025-11-02,REG_06,STORE_016,EMP_006,PROD_029,2,226.14,0.04,434.19,cash,CUST_3369,VIP
TXN_202511_017357,2025-11-09,REG_01,STORE_003,EMP_019,PROD_035,4,228.37,0.03,886.08,card,CUST_8952,New
TXN_202511_017358,2025-11-10,REG_01,STORE_001,EMP_018,PROD_014,4,136.68,0.24,415.51,cash,CUST_7025,VIP
TXN_202511_017359,2025-11-30,REG_06,STORE_016,EMP_006,PROD_033,1,464.81,0.08,427.63,card,CUST_9033,VIP
TXN_202511_017360,2025-11-28,REG_06,STORE_018,EMP_006,PROD_032,4,50.27,0.26,148.8,credit,CUST_9454,New
TXN_202511_017361,2025-11-26,REG_08,STORE_022,EMP_012,PROD_036,5,46.57,0.01,230.52,cash,CUST_4661,Regular
TXN_202511_017362,2025-11-22,REG_04,STORE_010,EMP_004,PROD_011,4,39.22,0.29,111.38,card,CUST_2322,New
TXN_202511_017363,2025-11-21,REG_03,STORE_007,EMP_014,PROD_041,5,228.66,0.27,834.61,cash,CUST_2636,Regular
TXN_202511_017364,2025-11-01,REG_03,STORE_007,EMP_014,PROD_005,1,341.14,0.24,259.27,card,CUST_4758,New
TXN_202511_017365,2025-11-21,REG_05,STORE_015,EMP_021,PROD_043,2,75.57,0.05,143.58,cash,CUST_4788,Premium
TXN_202511_017366,2025-11-19,REG_01,STORE_001,EMP_011,PROD_030,1,256.18,0.29,181.89,mobile,CUST_2923,Regular
TXN_202511_017367,2025-11-14,REG_03,STORE_009,EMP_003,PROD_005,2,324.06,0.01,641.64,cash,CUST_5899,Premium
TXN_202511_017368,2025-11-11,REG_10,STORE_028,EMP_028,PROD_040,3,294.8,0.2,707.52,credit,CUST_7901,Premium
TXN_202511_017369,2025-11-03,REG_06,STORE_018,EMP_006,PROD_046,5,416.46,0.02,2040.65,mobile,CUST_9904,New
TXN_202511_017370,2025-11-01,REG_10,STORE_030,EMP_028,PROD_034,1,342.33,0.2,273.86,mobile,CUST_2347,Regular
TXN_202511_017371,2025-11-13,REG_02,STORE_004,EMP_002,PROD_038,4,128.36,0.0,513.44,credit,CUST_7347,VIP
TXN_202511_017372,2025-11-19,REG_07,STORE_019,EMP_007,PROD_014,1,196.47,0.21,155.21,cash,CUST_9302,VIP
TXN_202511_017373,2025-11-16,REG_06,STORE_018,EMP_006,PROD_004,5,130.27,0.17,540.62,cash,CUST_3043,Regular
TXN_202511_017374,2025-11-30,REG_04,STORE_010,EMP_016,PROD_012,4,229.16,0.18,751.64,card,CUST_3225,Premium
TXN_202511_017375,2025-11-26,REG_04,STORE_010,EMP_004,PROD_002,1,464.19,0.03,450.26,cash,CUST_3906,Regular
TXN_202511_017376,2025-11-24,REG_02,STORE_006,EMP_002,PROD_045,3,357.1,0.12,942.74,credit,CUST_2706,Premium
TXN_202511_017377,2025-11-29,REG_06,STORE_016,EMP_006,PROD_007,4,346.32,0.23,1066.67,card,CUST_3505,VIP
TXN_202511_017378,2025-11-27,REG_04,STORE_012,EMP_016,PROD_003,5,25.05,0.15,106.46,card,CUST_6958,VIP
TXN_202511_017379,2025-11-08,REG_07,STORE_019,EMP_007,PROD_015,5,291.32,0.19,1179.85,card,CUST_5698,VIP
TXN_202511_017380,2025-11-23,REG_09,STORE_027,EMP_022,PROD_019,5,88.63,0.05,420.99,credit,CUST_3238,Premium
TXN_202511_017381,2025-11-19,REG_06,STORE_016,EMP_006,PROD_046,3,354.81,0.2,851.54,card,CUST_7442,VIP
TXN_202511_017382,2025-11-10,REG_07,STORE_019,EMP_007,PROD_034,5,271.48,0.28,977.33,credit,CUST_3320,VIP
TXN_202511_017383,2025-11-15,REG_01,STORE_001,EMP_011,PROD_024,1,188.33,0.22,146.9,mobile,CUST_5616,New
TXN_202511_017384,2025-11-26,REG_03,STORE_009,EMP_003,PROD_043,1,452.74,0.05,430.1,cash,CUST_5896,Regular
TXN_202511_017385,2025-11-26,REG_07,STORE_021,EMP_007,PROD_003,1,314.95,0.11,280.31,credit,CUST_6667,New
TXN_202511_017386,2025-11-14,REG_08,STORE_024,EMP_008,PROD_033,2,402.66,0.13,700.63,mobile,CUST_4192,New
TXN_202511_017387,2025-11-11,REG_02,STORE_005,EMP_002,PROD_027,3,16.49,0.13,43.04,cash,CUST_5727,VIP
TXN_202511_017388,2025-11-06,REG_03,STORE_009,EMP_014,PROD_040,1,455.78,0.21,360.07,cash,CUST_1555,Premium
TXN_202511_017389,2025-11-10,REG_02,STORE_005,EMP_002,PROD_016,5,315.56,0.06,1483.13,cash,CUST_9304,VIP
TXN_202511_017390,2025-11-30,REG_02,STORE_006,EMP_002,PROD_027,5,256.46,0.02,1256.65,mobile,CUST_4985,VIP
TXN_202511_017391,2025-11-10,REG_02,STORE_005,EMP_002,PROD_027,1,451.41,0.08,415.3,mobile,CUST_4975,VIP
TXN_202511_017392,2025-11-18,REG_01,STORE_001,EMP_018,PROD_017,5,139.0,0.05,660.25,card,CUST_4518,VIP
TXN_202511_017393,2025-11-14,REG_05,STORE_015,EMP_021,PROD_042,2,461.73,0.28,664.89,cash,CUST_9088,Premium
TXN_202511_017394,2025-11-20,REG_06,STORE_018,EMP_006,PROD_008,5,102.29,0.08,470.53,mobile,CUST_8045,Regular
TXN_202511_017395,2025-11-16,REG_04,STORE_010,EMP_004,PROD_040,3,337.21,0.27,738.49,credit,CUST_2144,Regular
TXN_202511_017396,2025-11-15,REG_09,STORE_027,EMP_025,PROD_003,2,375.11,0.25,562.66,cash,CUST_4056,VIP
TXN_202511_017397,2025-11-27,REG_06,STORE_018,EMP_006,PROD_001,4,195.86,0.1,705.1,mobile,CUST_7317,Regular
TXN_202511_017398,2025-11-26,REG_08,STORE_023,EMP_012,PROD_001,5,216.43,0.18,887.36,mobile,CUST_9374,Regular
TXN_202511_017399,2025-11-16,REG_08,STORE_023,EMP_015,PROD_035,3,189.9,0.02,558.31,mobile,CUST_2405,New
TXN_202511_017400,2025-11-07,REG_09,STORE_025,EMP_025,PROD_043,1,126.97,0.1,114.27,credit,CUST_1887,VIP
TXN_202511_017401,2025-11-02,REG_04,STORE_010,EMP_024,PROD_040,5,444.64,0.07,2067.58,cash,CUST_5614,New
TXN_202511_017402,2025-11-06,REG_06,STORE_017,EMP_006,PROD_014,1,296.38,0.24,225.25,credit,CUST_2851,Premium
TXN_202511_017403,2025-11-09,REG_05,STORE_015,EMP_005,PROD_004,3,49.7,0.14,128.23,card,CUST_4046,New
TXN_202511_017404,2025-11-23,REG_03,STORE_007,EMP_003,PROD_038,4,136.59,0.08,502.65,card,CUST_8424,New
TXN_202511_017405,2025-11-16,REG_10,STORE_028,EMP_020,PROD_042,1,205.91,0.06,193.56,card,CUST_3249,VIP
TXN_202511_017406,2025-11-24,REG_02,STORE_006,EMP_002,PROD_028,4,409.61,0.07,1523.75,card,CUST_3228,New
TXN_202511_017407,2025-11-27,REG_09,STORE_027,EMP_022,PROD_029,2,178.39,0.22,278.29,credit,CUST_3519,Premium
TXN_202511_017408,2025-11-12,REG_05,STORE_013,EMP_021,PROD_008,1,399.36,0.07,371.4,cash,CUST_6005,VIP
TXN_202511_017409,2025-11-11,REG_01,STORE_001,EMP_001,PROD_040,5,46.17,0.09,210.07,mobile,CUST_6573,VIP
TXN_202511_017410,2025-11-02,REG_01,STORE_002,EMP_001,PROD_028,5,60.76,0.14,261.27,cash,CUST_2014,Premium
TXN_202511_017411,2025-11-02,REG_04,STORE_011,EMP_004,PROD_023,4,102.32,0.01,405.19,mobile,CUST_7370,Premium
TXN_202511_017412,2025-11-15,REG_02,STORE_005,EMP_002,PROD_004,1,327.28,0.04,314.19,credit,CUST_4249,VIP
TXN_202511_017413,2025-11-20,REG_02,STORE_004,EMP_002,PROD_042,2,55.46,0.06,104.26,mobile,CUST_3363,New
TXN_202511_017414,2025-11-18,REG_09,STORE_025,EMP_025,PROD_038,1,497.12,0.26,367.87,card,CUST_6533,Premium
TXN_202511_017415,2025-11-15,REG_06,STORE_016,EMP_006,PROD_027,5,211.04,0.28,759.74,credit,CUST_3301,Premium
TXN_202511_017416,2025-11-21,REG_10,STORE_029,EMP_028,PROD_015,4,462.84,0.2,1481.09,cash,CUST_7315,Premium
TXN_202511_017417,2025-11-07,REG_07,STORE_021,EMP_007,PROD_014,4,434.55,0.26,1286.27,cash,CUST_2329,Regular
TXN_202511_017418,2025-11-20,REG_05,STORE_013,EMP_021,PROD_007,3,418.88,0.3,879.65,mobile,CUST_3716,Premium
TXN_202511_017419,2025-11-06,REG_02,STORE_004,EMP_002,PROD_039,1,144.38,0.02,141.49,mobile,CUST_5568,Premium
TXN_202511_017420,2025-11-01,REG_03,STORE_007,EMP_003,PROD_035,1,356.56,0.09,324.47,cash,CUST_2728,VIP
TXN_202511_017421,2025-11-25,REG_02,STORE_004,EMP_002,PROD_037,2,466.2,0.26,689.98,credit,CUST_6032,New
TXN_202511_017422,2025-11-26,REG_02,STORE_004,EMP_002,PROD_025,1,478.77,0.03,464.41,credit,CUST_9553,VIP
TXN_202511_017423,2025-11-15,REG_02,STORE_005,EMP_002,PROD_015,3,413.86,0.26,918.77,credit,CUST_6914,VIP
TXN_202511_017424,2025-11-18,REG_01,STORE_001,EMP_011,PROD_011,2,285.22,0.25,427.83,card,CUST_1990,VIP
TXN_202511_017425,2025-11-14,REG_09,STORE_026,EMP_022,PROD_029,1,138.07,0.08,127.02,cash,CUST_9295,Regular
TXN_202511_017426,2025-11-01,REG_08,STORE_024,EMP_015,PROD_023,4,10.5,0.29,29.82,card,CUST_1762,Premium
TXN_202511_017427,2025-11-21,REG_03,STORE_009,EMP_014,PROD_030,2,226.48,0.2,362.37,mobile,CUST_1857,VIP
TXN_202511_017428,2025-11-04,REG_09,STORE_027,EMP_025,PROD_039,5,418.56,0.26,1548.67,mobile,CUST_9058,VIP
TXN_202511_017429,2025-11-19,REG_08,STORE_023,EMP_015,PROD_017,3,491.88,0.2,1180.51,credit,CUST_4010,VIP
TXN_202511_017430,2025-11-09,REG_06,STORE_016,EMP_006,PROD_050,2,408.3,0.3,571.62,credit,CUST_6947,Regular
TXN_202511_017431,2025-11-03,REG_07,STORE_020,EMP_007,PROD_042,4,413.22,0.18,1355.36,card,CUST_1071,Premium
TXN_202511_017432,2025-11-13,REG_05,STORE_015,EMP_021,PROD_025,3,298.2,0.19,724.63,credit,CUST_8291,Regular
TXN_202511_017433,2025-11-03,REG_07,STORE_019,EMP_007,PROD_009,3,192.94,0.05,549.88,cash,CUST_2295,VIP
TXN_202511_017434,2025-11-02,REG_07,STORE_019,EMP_007,PROD_011,5,169.1,0.25,634.12,credit,CUST_7890,New
TXN_202511_017435,2025-11-01,REG_05,STORE_013,EMP_021,PROD_021,2,81.93,0.17,136.0,card,CUST_4149,Regular
TXN_202511_017436,2025-11-13,REG_05,STORE_013,EMP_021,PROD_007,2,43.27,0.12,76.16,cash,CUST_2395,Regular
TXN_202511_017437,2025-11-23,REG_09,STORE_025,EMP_022,PROD_036,3,93.16,0.18,229.17,cash,CUST_3476,VIP
TXN_202511_017438,2025-11-14,REG_02,STORE_006,EMP_002,PROD_040,1,236.97,0.14,203.79,cash,CUST_4092,Regular
TXN_202511_017439,2025-11-10,REG_09,STORE_027,EMP_009,PROD_008,3,420.72,0.3,883.51,card,CUST_3890,Regular
TXN_202511_017440,2025-11-26,REG_06,STORE_017,EMP_006,PROD_028,2,27.82,0.18,45.62,credit,CUST_1782,Regular
TXN_202511_017441,2025-11-25,REG_02,STORE_004,EMP_002,PROD_011,2,450.9,0.15,766.53,cash,CUST_3607,VIP
TXN_202511_017442,2025-11-18,REG_05,STORE_014,EMP_021,PROD_039,2,127.3,0.0,254.6,cash,CUST_9721,New
TXN_202511_017443,2025-11-15,REG_02,STORE_006,EMP_002,PROD_037,4,311.73,0.04,1197.04,mobile,CUST_8483,New
TXN_202511_017444,2025-11-05,REG_01,STORE_003,EMP_011,PROD_034,4,497.26,0.24,1511.67,cash,CUST_1452,New
TXN_202511_017445,2025-11-12,REG_08,STORE_024,EMP_023,PROD_015,2,160.65,0.04,308.45,credit,CUST_7344,New
TXN_202511_017446,2025-11-04,REG_04,STORE_012,EMP_030,PROD_038,4,33.32,0.18,109.29,cash,CUST_3483,VIP
TXN_202511_017447,2025-11-11,REG_02,STORE_004,EMP_002,PROD_042,3,296.93,0.03,864.07,card,CUST_6842,New
TXN_202511_017448,2025-11-26,REG_08,STORE_023,EMP_015,PROD_003,4,478.64,0.29,1359.34,mobile,CUST_1216,Premium
TXN_202511_017449,2025-11-22,REG_07,STORE_020,EMP_007,PROD_022,1,246.86,0.19,199.96,card,CUST_4780,VIP
TXN_202511_017450,2025-11-08,REG_02,STORE_004,EMP_002,PROD_046,3,151.06,0.1,407.86,cash,CUST_6458,Regular
TXN_202511_017451,2025-11-23,REG_05,STORE_013,EMP_021,PROD_047,1,198.15,0.05,188.24,mobile,CUST_6871,Regular
TXN_202511_017452,2025-11-22,REG_03,STORE_009,EMP_003,PROD_041,4,360.22,0.12,1267.97,mobile,CUST_8328,Regular
TXN_202511_017453,2025-11-26,REG_04,STORE_011,EMP_030,PROD_045,4,445.86,0.2,1426.75,credit,CUST_5718,Premium
TXN_202511_017454,2025-11-01,REG_03,STORE_007,EMP_014,PROD_041,2,91.66,0.01,181.49,cash,CUST_9262,VIP
TXN_202511_017455,2025-11-11,REG_02,STORE_004,EMP_002,PROD_006,4,334.78,0.06,1258.77,cash,CUST_4724,New
TXN_202511_017456,2025-11-08,REG_08,STORE_024,EMP_012,PROD_022,5,137.47,0.17,570.5,cash,CUST_6429,Premium
TXN_202511_017457,2025-11-30,REG_10,STORE_028,EMP_020,PROD_047,3,302.01,0.05,860.73,mobile,CUST_6226,Premium
TXN_202511_017458,2025-11-02,REG_04,STORE_011,EMP_004,PROD_024,4,358.11,0.22,1117.3,cash,CUST_8212,New
TXN_202511_017459,2025-11-08,REG_09,STORE_027,EMP_009,PROD_039,1,371.18,0.19,300.66,mobile,CUST_7254,Premium
TXN_202511_017460,2025-11-16,REG_03,STORE_009,EMP_014,PROD_005,4,488.36,0.29,1386.94,cash,CUST_8576,Regular
TXN_202511_017461,2025-11-24,REG_07,STORE_020,EMP_007,PROD_009,5,295.95,0.25,1109.81,cash,CUST_1901,VIP
