transaction_id,date,region,store_id,employee_id,product_id,units,unit_price,discount,revenue,payment,customer_id,customer_segment
TXN_202301_000001,2023-01-01,REG_07,STORE_020,EMP_007,PROD_024,5,481.19,0.15,2045.06,credit,CUST_7775,New
TXN_202301_000002,2023-01-10,REG_02,STORE_006,EMP_002,PROD_006,3,93.95,0.26,208.57,cash,CUST_7433,Regular
TXN_202301_000003,2023-01-30,REG_05,STORE_014,EMP_021,PROD_025,2,295.81,0.11,526.54,mobile,CUST_6803,New
TXN_202301_000004,2023-01-24,REG_04,STORE_010,EMP_029,PROD_020,5,42.35,0.16,177.87,credit,CUST_1539,VIP
TXN_202301_000005,2023-01-12,REG_05,STORE_013,EMP_005,PROD_040,2,274.11,0.17,455.02,credit,CUST_7564,VIP
TXN_202301_000006,2023-01-05,REG_08,STORE_023,EMP_008,PROD_011,4,94.65,0.17,314.24,credit,CUST_2148,Premium
TXN_202301_000007,2023-01-23,REG_04,STORE_010,EMP_030,PROD_029,2,74.66,0.21,117.96,cash,CUST_1313,New
TXN_202301_000008,2023-01-01,REG_05,STORE_014,EMP_005,PROD_042,2,328.92,0.04,631.53,credit,CUST_1329,Regular
TXN_202301_000009,2023-01-27,REG_09,STORE_027,EMP_025,PROD_050,4,29.44,0.04,113.05,card,CUST_8575,Premium
TXN_202301_000010,2023-01-18,REG_08,STORE_024,EMP_015,PROD_044,4,181.45,0.2,580.64,cash,CUST_5488,VIP
TXN_202301_000011,2023-01-16,REG_10,STORE_030,EMP_017,PROD_012,2,25.31,0.11,45.05,card,CUST_3543,Regular
TXN_202301_000012,2023-01-26,REG_01,STORE_001,EMP_019,PROD_013,3,297.24,0.3,624.2,cash,CUST_4550,Regular
TXN_202301_000013,2023-01-08,REG_10,STORE_029,EMP_013,PROD_033,4,471.25,0.07,1753.05,cash,CUST_2868,VIP
TXN_202301_000014,2023-01-21,REG_05,STORE_015,EMP_021,PROD_002,4,255.98,0.1,921.53,cash,CUST_8372,Premium
TXN_202301_000015,2023-01-12,REG_06,STORE_016,EMP_006,PROD_036,5,309.16,0.29,1097.52,credit,CUST_5734,VIP
TXN_202301_000016,2023-01-30,REG_03,STORE_007,EMP_014,PROD_013,2,344.48,0.18,564.95,cash,CUST_6887,Premium
TXN_202301_000017,2023-01-26,REG_09,STORE_027,EMP_009,PROD_045,2,369.75,0.24,562.02,cash,CUST_6129,VIP
TXN_202301_000018,2023-01-06,REG_02,STORE_005,EMP_002,PROD_012,3,338.49,0.06,954.54,credit,CUST_3592,Regular
TXN_202301_000019,2023-01-02,REG_05,STORE_015,EMP_021,PROD_037,1,252.1,0.13,219.33,card,CUST_3745,Premium
TXN_202301_000020,2023-01-24,REG_02,STORE_004,EMP_002,PROD_020,1,401.66,0.14,345.43,credit,CUST_2473,Premium
TXN_202301_000021,2023-01-28,REG_03,STORE_008,EMP_014,PROD_020,5,91.86,0.13,399.59,card,CUST_5233,Premium
TXN_202301_000022,2023-01-18,REG_03,STORE_009,EMP_014,PROD_050,5,279.56,0.29,992.44,cash,CUST_4957,New
TXN_202301_000023,2023-01-03,REG_03,STORE_008,EMP_014,PROD_026,3,226.39,0.16,570.5,credit,CUST_5882,Regular
TXN_202301_000024,2023-01-29,REG_06,STORE_018,EMP_006,PROD_015,1,172.14,0.08,158.37,cash,CUST_7981,Premium
TXN_202301_000025,2023-01-12,REG_04,STORE_012,EMP_029,PROD_043,5,82.29,0.02,403.22,card,CUST_5194,VIP
TXN_202301_000026,2023-01-06,REG_02,STORE_004,EMP_002,PROD_023,4,356.87,0.09,1299.01,credit,CUST_9786,VIP
TXN_202301_000027,2023-01-13,REG_09,STORE_026,EMP_025,PROD_035,4,269.37,0.12,948.18,cash,CUST_2137,VIP
TXN_202301_000028,2023-01-14,REG_05,STORE_013,EMP_005,PROD_025,4,21.27,0.28,61.26,card,CUST_1750,New
TXN_202301_000029,2023-01-09,REG_04,STORE_011,EMP_004,PROD_004,4,94.96,0.23,292.48,cash,CUST_8628,New
TXN_202301_000030,2023-01-01,REG_08,STORE_022,EMP_012,PROD_031,1,114.68,0.26,84.86,card,CUST_5228,Premium
TXN_202301_000031,2023-01-26,REG_04,STORE_010,EMP_016,PROD_034,2,159.24,0.14,273.89,mobile,CUST_4741,New
TXN_202301_000032,2023-01-22,REG_10,STORE_030,EMP_017,PROD_049,5,251.01,0.11,1116.99,card,CUST_8077,Premium
TXN_202301_000033,2023-01-22,REG_05,STORE_015,EMP_005,PROD_021,4,134.68,0.14,463.3,mobile,CUST_8314,VIP
TXN_202301_000034,2023-01-15,REG_10,STORE_028,EMP_028,PROD_030,4,165.32,0.1,595.15,card,CUST_8284,Premium
TXN_202301_000035,2023-01-06,REG_05,STORE_013,EMP_021,PROD_020,2,262.33,0.12,461.7,card,CUST_4177,Premium
TXN_202301_000036,2023-01-18,REG_03,STORE_007,EMP_014,PROD_021,4,316.46,0.1,1139.26,card,CUST_9075,New
TXN_202301_000037,2023-01-02,REG_01,STORE_001,EMP_011,PROD_050,2,330.3,0.14,568.12,cash,CUST_4091,Premium
TXN_202301_000038,2023-01-16,REG_08,STORE_022,EMP_012,PROD_011,1,286.06,0.04,274.62,mobile,CUST_9669,Regular
TXN_202301_000039,2023-01-10,REG_05,STORE_014,EMP_005,PROD_015,5,482.81,0.01,2389.91,credit,CUST_1505,VIP
TXN_202301_000040,2023-01-14,REG_07,STORE_021,EMP_007,PROD_003,2,25.53,0.18,41.87,mobile,CUST_3317,Regular
TXN_202301_000041,2023-01-27,REG_01,STORE_002,EMP_011,PROD_040,5,358.07,0.19,1450.18,card,CUST_7095,Premium
TXN_202301_000042,2023-01-12,REG_02,STORE_004,EMP_002,PROD_003,1,312.71,0.21,247.04,cash,CUST_5492,Premium
TXN_202301_000043,2023-01-21,REG_07,STORE_019,EMP_007,PROD_022,4,333.32,0.18,1093.29,credit,CUST_2909,Regular
TXN_202301_000044,2023-01-02,REG_07,STORE_021,EMP_007,PROD_049,3,351.45,0.21,832.94,mobile,CUST_6040,Premium
TXN_202301_000045,2023-01-28,REG_09,STORE_026,EMP_025,PROD_035,1,497.64,0.18,408.06,credit,CUST_6949,Premium
TXN_202301_000046,2023-01-30,REG_09,STORE_025,EMP_027,PROD_041,4,432.41,0.24,1314.53,cash,CUST_6758,Premium
TXN_202301_000047,2023-01-31,REG_06,STORE_018,EMP_006,PROD_042,1,307.27,0.27,224.31,mobile,CUST_5225,Regular
TXN_202301_000048,2023-01-25,REG_02,STORE_005,EMP_002,PROD_022,3,445.9,0.07,1244.06,cash,CUST_7707,Premium
TXN_202301_000049,2023-01-03,REG_05,STORE_013,EMP_005,PROD_002,3,414.91,0.1,1120.26,mobile,CUST_7331,New
TXN_202301_000050,2023-01-10,REG_06,STORE_016,EMP_006,PROD_028,1,279.22,0.2,223.38,card,CUST_2049,Premium
TXN_202301_000051,2023-01-03,REG_08,STORE_022,EMP_008,PROD_029,2,223.5,0.28,321.84,cash,CUST_9245,Regular
TXN_202301_000052,2023-01-01,REG_08,STORE_023,EMP_023,PROD_001,5,439.72,0.12,1934.77,credit,CUST_2457,Premium
TXN_202301_000053,2023-01-27,REG_08,STORE_023,EMP_012,PROD_011,2,407.58,0.01,807.01,card,CUST_8371,New
TXN_202301_000054,2023-01-27,REG_04,STORE_011,EMP_026,PROD_026,1,390.05,0.13,339.34,mobile,CUST_8903,Premium
TXN_202301_000055,2023-01-11,REG_10,STORE_030,EMP_017,PROD_037,5,89.68,0.24,340.78,cash,CUST_1160,New
TXN_202301_000056,2023-01-20,REG_03,STORE_009,EMP_014,PROD_032,4,372.82,0.09,1357.06,credit,CUST_4786,New
TXN_202301_000057,2023-01-12,REG_01,STORE_002,EMP_019,PROD_027,4,57.95,0.02,227.16,mobile,CUST_9509,Premium
TXN_202301_000058,2023-01-15,REG_05,STORE_015,EMP_005,PROD_036,1,314.12,0.24,238.73,card,CUST_8005,VIP
TXN_202301_000059,2023-01-23,REG_06,STORE_017,EMP_006,PROD_002,4,57.74,0.08,212.48,mobile,CUST_8001,Premium
TXN_202301_000060,2023-01-01,REG_04,STORE_012,EMP_030,PROD_013,3,357.05,0.24,814.07,credit,CUST_5948,Regular
TXN_202301_000061,2023-01-14,REG_02,STORE_004,EMP_002,PROD_028,5,87.52,0.25,328.2,card,CUST_6520,New
TXN_202301_000062,2023-01-25,REG_05,STORE_014,EMP_005,PROD_021,3,153.61,0.01,456.22,cash,CUST_5868,Premium
TXN_202301_000063,2023-01-24,REG_08,STORE_023,EMP_012,PROD_037,1,127.53,0.02,124.98,cash,CUST_7166,Regular
TXN_202301_000064,2023-01-29,REG_10,STORE_030,EMP_028,PROD_023,2,273.62,0.0,547.24,cash,CUST_2104,New
TXN_202301_000065,2023-01-10,REG_07,STORE_021,EMP_007,PROD_015,2,35.68,0.25,53.52,credit,CUST_1998,Premium
TXN_202301_000066,2023-01-20,REG_04,STORE_011,EMP_016,PROD_019,5,134.86,0.14,579.9,cash,CUST_8542,Premium
TXN_202301_000067,2023-01-14,REG_09,STORE_027,EMP_009,PROD_003,4,365.24,0.14,1256.43,mobile,CUST_8872,Regular
TXN_202301_000068,2023-01-09,REG_09,STORE_026,EMP_025,PROD_002,5,384.31,0.21,1518.02,card,CUST_6819,Regular
TXN_202301_000069,2023-01-02,REG_03,STORE_009,EMP_014,PROD_021,3,194.46,0.28,420.03,cash,CUST_9713,VIP
TXN_202301_000070,2023-01-31,REG_03,STORE_007,EMP_014,PROD_040,3,50.33,0.08,138.91,card,CUST_9908,Premium
TXN_202301_000071,2023-01-26,REG_01,STORE_002,EMP_011,PROD_023,1,27.62,0.1,24.86,credit,CUST_7557,VIP
TXN_202301_000072,2023-01-22,REG_02,STORE_005,EMP_002,PROD_035,3,385.24,0.09,1051.71,cash,CUST_2300,New
TXN_202301_000073,2023-01-29,REG_10,STORE_030,EMP_010,PROD_018,2,145.32,0.14,249.95,credit,CUST_4018,Premium
TXN_202301_000074,2023-01-07,REG_08,STORE_023,EMP_008,PROD_042,2,131.73,0.17,218.67,cash,CUST_3538,Regular
TXN_202301_000075,2023-01-10,REG_05,STORE_013,EMP_021,PROD_014,4,306.32,0.0,1225.28,cash,CUST_3324,New
TXN_202301_000076,2023-01-01,REG_04,STORE_010,EMP_004,PROD_003,4,471.1,0.27,1375.61,credit,CUST_7295,Regular
TXN_202301_000077,2023-01-08,REG_03,STORE_007,EMP_003,PROD_020,2,20.39,0.22,31.81,card,CUST_5534,VIP
TXN_202301_000078,2023-01-06,REG_09,STORE_027,EMP_027,PROD_049,5,310.46,0.29,1102.13,credit,CUST_6590,New
TXN_202301_000079,2023-01-14,REG_09,STORE_026,EMP_022,PROD_042,5,61.28,0.15,260.44,credit,CUST_1958,VIP
TXN_202301_000080,2023-01-30,REG_06,STORE_016,EMP_006,PROD_042,4,412.1,0.26,1219.82,credit,CUST_8872,VIP
TXN_202301_000081,2023-01-22,REG_09,STORE_026,EMP_022,PROD_037,5,65.04,0.13,282.92,mobile,CUST_6029,New
TXN_202301_000082,2023-01-13,REG_01,STORE_001,EMP_001,PROD_013,1,467.84,0.21,369.59,credit,CUST_6507,New
TXN_202301_000083,2023-01-02,REG_02,STORE_005,EMP_002,PROD_028,4,274.4,0.01,1086.62,card,CUST_5013,VIP
TXN_202301_000084,2023-01-11,REG_04,STORE_012,EMP_024,PROD_019,2,325.35,0.2,520.56,cash,CUST_1052,VIP
TXN_202301_000085,2023-01-06,REG_09,STORE_027,EMP_009,PROD_033,3,133.41,0.16,336.19,cash,CUST_6524,Premium
TXN_202301_000086,2023-01-21,REG_07,STORE_021,EMP_007,PROD_032,3,464.64,0.04,1338.16,mobile,CUST_2852,Regular
TXN_202301_000087,2023-01-24,REG_01,STORE_002,EMP_018,PROD_011,2,294.74,0.23,453.9,credit,CUST_6218,Regular
TXN_202301_000088,2023-01-23,REG_08,STORE_023,EMP_015,PROD_028,1,107.54,0.01,106.46,cash,CUST_3855,Premium
TXN_202301_000089,2023-01-10,REG_05,STORE_014,EMP_005,PROD_036,1,128.28,0.3,89.8,credit,CUST_9922,VIP
TXN_202301_000090,2023-01-01,REG_05,STORE_014,EMP_021,PROD_046,2,127.22,0.09,231.54,card,CUST_2600,VIP
TXN_202301_000091,2023-01-13,REG_01,STORE_001,EMP_019,PROD_017,4,217.14,0.16,729.59,cash,CUST_1378,Regular
TXN_202301_000092,2023-01-07,REG_10,STORE_029,EMP_013,PROD_022,2,367.63,0.13,639.68,mobile,CUST_4090,VIP
TXN_202301_000093,2023-01-06,REG_03,STORE_007,EMP_014,PROD_013,5,392.77,0.2,1571.08,mobile,CUST_9877,Premium
TXN_202301_000094,2023-01-16,REG_01,STORE_002,EMP_011,PROD_036,3,36.49,0.16,91.95,mobile,CUST_2733,VIP
TXN_202301_000095,2023-01-16,REG_03,STORE_008,EMP_014,PROD_021,1,380.07,0.01,376.27,mobile,CUST_6876,VIP
TXN_202301_000096,2023-01-29,REG_04,STORE_011,EMP_029,PROD_015,2,386.88,0.17,642.22,credit,CUST_8231,Premium
TXN_202301_000097,2023-01-31,REG_03,STORE_009,EMP_003,PROD_029,5,403.91,0.13,1757.01,credit,CUST_7129,VIP
TXN_202301_000098,2023-01-13,REG_09,STORE_025,EMP_022,PROD_041,2,247.3,0.14,425.36,mobile,CUST_7778,Premium
TXN_202301_000099,2023-01-30,REG_10,STORE_030,EMP_028,PROD_043,5,398.7,0.12,1754.28,card,CUST_6727,VIP
TXN_202301_000100,2023-01-30,REG_06,STORE_016,EMP_006,PROD_017,5,41.74,0.09,189.92,mobile,CUST_8761,VIP
TXN_202301_000101,2023-01-10,REG_08,STORE_023,EMP_008,PROD_018,2,442.09,0.0,884.18,credit,CUST_2308,VIP
TXN_202301_000102,2023-01-20,REG_07,STORE_020,EMP_007,PROD_036,4,407.02,0.13,1416.43,card,CUST_6199,New
TXN_202301_000103,2023-01-19,REG_08,STORE_024,EMP_015,PROD_019,1,348.44,0.1,313.6,cash,CUST_7716,Regular
TXN_202301_000104,2023-01-14,REG_10,STORE_028,EMP_013,PROD_011,3,497.92,0.13,1299.57,mobile,CUST_1546,VIP
TXN_202301_000105,2023-01-10,REG_08,STORE_022,EMP_015,PROD_025,5,81.21,0.12,357.32,card,CUST_7288,Premium
TXN_202301_000106,2023-01-05,REG_01,STORE_003,EMP_018,PROD_030,1,45.17,0.06,42.46,card,CUST_7727,Regular
TXN_202301_000107,2023-01-14,REG_01,STORE_001,EMP_019,PROD_024,2,234.45,0.27,342.3,credit,CUST_5058,New
TXN_202301_000108,2023-01-21,REG_08,STORE_024,EMP_023,PROD_010,3,450.35,0.12,1188.92,cash,CUST_8257,VIP
TXN_202301_000109,2023-01-24,REG_09,STORE_025,EMP_025,PROD_007,5,140.72,0.19,569.92,credit,CUST_9863,New
TXN_202301_000110,2023-01-25,REG_10,STORE_029,EMP_028,PROD_048,3,204.89,0.15,522.47,credit,CUST_6327,New
TXN_202301_000111,2023-01-08,REG_07,STORE_020,EMP_007,PROD_022,2,303.08,0.23,466.74,card,CUST_4630,Premium
TXN_202301_000112,2023-01-07,REG_01,STORE_001,EMP_018,PROD_030,4,120.67,0.28,347.53,card,CUST_7180,Premium
TXN_202301_000113,2023-01-04,REG_08,STORE_022,EMP_015,PROD_026,4,464.75,0.3,1301.3,card,CUST_3883,VIP
TXN_202301_000114,2023-01-28,REG_05,STORE_013,EMP_021,PROD_027,2,104.89,0.13,182.51,mobile,CUST_8595,Premium
TXN_202301_000115,2023-01-24,REG_03,STORE_009,EMP_003,PROD_041,1,52.19,0.08,48.01,mobile,CUST_1540,Regular
TXN_202301_000116,2023-01-31,REG_06,STORE_017,EMP_006,PROD_042,4,190.15,0.24,578.06,mobile,CUST_2232,Regular
TXN_202301_000117,2023-01-08,REG_03,STORE_007,EMP_003,PROD_046,4,271.15,0.06,1019.52,mobile,CUST_4039,VIP
TXN_202301_000118,2023-01-23,REG_04,STORE_012,EMP_016,PROD_022,1,191.3,0.29,135.82,mobile,CUST_8815,New
TXN_202301_000119,2023-01-29,REG_05,STORE_015,EMP_005,PROD_043,2,164.24,0.22,256.21,cash,CUST_7359,Premium
TXN_202301_000120,2023-01-10,REG_08,STORE_023,EMP_015,PROD_015,5,139.44,0.1,627.48,card,CUST_7527,New
TXN_202301_000121,2023-01-27,REG_01,STORE_002,EMP_011,PROD_040,1,376.72,0.24,286.31,card,CUST_4387,VIP
TXN_202301_000122,2023-01-16,REG_05,STORE_013,EMP_021,PROD_044,4,472.96,0.17,1570.23,mobile,CUST_4852,Regular
TXN_202301_000123,2023-01-07,REG_04,STORE_012,EMP_026,PROD_007,4,103.56,0.11,368.67,mobile,CUST_1377,Regular
TXN_202301_000124,2023-01-23,REG_04,STORE_011,EMP_029,PROD_041,3,206.93,0.27,453.18,cash,CUST_8488,Premium
TXN_202301_000125,2023-01-28,REG_07,STORE_019,EMP_007,PROD_031,3,446.37,0.07,1245.37,mobile,CUST_2516,Regular
TXN_202301_000126,2023-01-07,REG_08,STORE_022,EMP_012,PROD_036,1,319.45,0.21,252.37,card,CUST_2076,New
TXN_202301_000127,2023-01-24,REG_04,STORE_011,EMP_029,PROD_021,2,426.7,0.26,631.52,card,CUST_7808,VIP
TXN_202301_000128,2023-01-30,REG_05,STORE_014,EMP_021,PROD_047,2,354.49,0.25,531.74,credit,CUST_1927,VIP
TXN_202301_000129,2023-01-24,REG_10,STORE_029,EMP_028,PROD_032,1,126.72,0.03,122.92,card,CUST_4306,Regular
TXN_202301_000130,2023-01-04,REG_08,STORE_023,EMP_012,PROD_036,5,168.67,0.05,801.18,card,CUST_1596,Regular
TXN_202301_000131,2023-01-10,REG_10,STORE_028,EMP_017,PROD_028,1,281.34,0.23,216.63,card,CUST_5437,Regular
TXN_202301_000132,2023-01-21,REG_02,STORE_005,EMP_002,PROD_013,4,159.91,0.03,620.45,cash,CUST_7298,New
TXN_202301_000133,2023-01-13,REG_01,STORE_001,EMP_019,PROD_049,2,41.79,0.01,82.74,mobile,CUST_5592,Regular
TXN_202301_000134,2023-01-07,REG_07,STORE_019,EMP_007,PROD_017,3,140.03,0.29,298.26,credit,CUST_1586,Premium
TXN_202301_000135,2023-01-22,REG_10,STORE_029,EMP_020,PROD_014,5,231.77,0.18,950.26,credit,CUST_3266,New
TXN_202301_000136,2023-01-05,REG_09,STORE_027,EMP_022,PROD_029,5,481.67,0.05,2287.93,card,CUST_4550,VIP
TXN_202301_000137,2023-01-04,REG_01,STORE_003,EMP_011,PROD_027,5,169.78,0.03,823.43,cash,CUST_7412,VIP
TXN_202301_000138,2023-01-20,REG_03,STORE_008,EMP_014,PROD_036,3,222.0,0.02,652.68,mobile,CUST_6510,VIP
TXN_202301_000139,2023-01-03,REG_08,STORE_022,EMP_023,PROD_008,5,478.63,0.12,2105.97,credit,CUST_6000,VIP
TXN_202301_000140,2023-01-07,REG_03,STORE_007,EMP_014,PROD_038,4,184.78,0.21,583.9,cash,CUST_1718,New
TXN_202301_000141,2023-01-15,REG_09,STORE_025,EMP_025,PROD_039,4,485.42,0.16,1631.01,cash,CUST_8125,New
TXN_202301_000142,2023-01-22,REG_02,STORE_006,EMP_002,PROD_005,5,438.25,0.04,2103.6,cash,CUST_9476,New
TXN_202301_000143,2023-01-10,REG_03,STORE_008,EMP_014,PROD_039,2,307.26,0.12,540.78,credit,CUST_6459,Regular
TXN_202301_000144,2023-01-09,REG_08,STORE_022,EMP_012,PROD_023,5,484.97,0.08,2230.86,mobile,CUST_6786,Regular
TXN_202301_000145,2023-01-11,REG_08,STORE_022,EMP_015,PROD_038,5,100.45,0.11,447.0,credit,CUST_4181,VIP
TXN_202301_000146,2023-01-21,REG_06,STORE_018,EMP_006,PROD_049,1,329.44,0.16,276.73,credit,CUST_6969,Premium
TXN_202301_000147,2023-01-11,REG_09,STORE_025,EMP_022,PROD_003,2,451.96,0.0,903.92,cash,CUST_5187,New
TXN_202301_000148,2023-01-06,REG_07,STORE_021,EMP_007,PROD_049,5,29.03,0.17,120.47,credit,CUST_5114,New
TXN_202301_000149,2023-01-13,REG_08,STORE_023,EMP_012,PROD_002,4,489.88,0.28,1410.85,mobile,CUST_7295,New
TXN_202301_000150,2023-01-02,REG_01,STORE_003,EMP_001,PROD_034,3,389.72,0.21,923.64,card,CUST_2794,Premium
TXN_202301_000151,2023-01-22,REG_06,STORE_017,EMP_006,PROD_025,3,11.03,0.09,30.11,cash,CUST_2423,New
TXN_202301_000152,2023-01-22,REG_04,STORE_010,EMP_024,PROD_034,1,184.05,0.08,169.33,cash,CUST_2989,New
TXN_202301_000153,2023-01-03,REG_04,STORE_010,EMP_016,PROD_016,5,488.96,0.11,2175.87,mobile,CUST_3167,VIP
TXN_202301_000154,2023-01-18,REG_03,STORE_007,EMP_003,PROD_030,3,111.09,0.21,263.28,cash,CUST_7137,Regular
TXN_202301_000155,2023-01-22,REG_10,STORE_028,EMP_013,PROD_003,1,103.51,0.01,102.47,credit,CUST_1554,VIP
TXN_202301_000156,2023-01-16,REG_03,STORE_009,EMP_014,PROD_017,1,130.8,0.25,98.1,credit,CUST_3649,Premium
TXN_202301_000157,2023-01-01,REG_07,STORE_020,EMP_007,PROD_027,4,237.51,0.01,940.54,card,CUST_2927,VIP
TXN_202301_000158,2023-01-26,REG_03,STORE_008,EMP_003,PROD_004,5,248.61,0.11,1106.31,credit,CUST_8977,New
TXN_202301_000159,2023-01-31,REG_05,STORE_014,EMP_005,PROD_024,3,253.17,0.2,607.61,cash,CUST_1812,VIP
TXN_202301_000160,2023-01-27,REG_07,STORE_021,EMP_007,PROD_016,1,192.47,0.1,173.22,credit,CUST_1945,VIP
TXN_202301_000161,2023-01-27,REG_01,STORE_001,EMP_019,PROD_008,1,293.64,0.1,264.28,credit,CUST_9224,VIP
TXN_202301_000162,2023-01-07,REG_03,STORE_008,EMP_003,PROD_045,3,354.06,0.27,775.39,credit,CUST_1414,Regular
TXN_202301_000163,2023-01-17,REG_02,STORE_006,EMP_002,PROD_033,3,261.95,0.1,707.26,credit,CUST_7925,Premium
TXN_202301_000164,2023-01-31,REG_08,STORE_023,EMP_008,PROD_041,4,318.16,0.03,1234.46,mobile,CUST_3207,New
TXN_202301_000165,2023-01-29,REG_06,STORE_018,EMP_006,PROD_042,2,227.35,0.06,427.42,credit,CUST_6230,Premium
TXN_202301_000166,2023-01-29,REG_09,STORE_027,EMP_022,PROD_010,2,12.53,0.16,21.05,mobile,CUST_3438,VIP
TXN_202301_000167,2023-01-18,REG_02,STORE_004,EMP_002,PROD_013,3,372.86,0.24,850.12,mobile,CUST_4180,VIP
TXN_202301_000168,2023-01-20,REG_01,STORE_001,EMP_011,PROD_046,2,386.78,0.1,696.2,cash,CUST_2067,VIP
TXN_202301_000169,2023-01-13,REG_03,STORE_009,EMP_003,PROD_049,1,497.21,0.28,357.99,card,CUST_4070,Regular
TXN_202301_000170,2023-01-06,REG_01,STORE_001,EMP_018,PROD_039,2,216.81,0.12,381.59,credit,CUST_3470,New
TXN_202301_000171,2023-01-27,REG_02,STORE_006,EMP_002,PROD_039,5,12.54,0.15,53.29,cash,CUST_5160,Premium
TXN_202301_000172,2023-01-16,REG_04,STORE_011,EMP_004,PROD_034,5,391.97,0.09,1783.46,cash,CUST_1983,Regular
TXN_202301_000173,2023-01-21,REG_02,STORE_004,EMP_002,PROD_007,1,309.07,0.07,287.44,mobile,CUST_3728,VIP
TXN_202301_000174,2023-01-25,REG_07,STORE_019,EMP_007,PROD_027,5,35.22,0.27,128.55,cash,CUST_4098,Premium
TXN_202301_000175,2023-01-15,REG_05,STORE_014,EMP_021,PROD_026,1,106.79,0.28,76.89,mobile,CUST_2386,New
TXN_202301_000176,2023-01-08,REG_06,STORE_016,EMP_006,PROD_029,1,448.31,0.11,399.0,credit,CUST_6730,VIP
TXN_202301_000177,2023-01-11,REG_03,STORE_008,EMP_003,PROD_030,5,339.1,0.18,1390.31,cash,CUST_8818,New
TXN_202301_000178,2023-01-02,REG_09,STORE_026,EMP_022,PROD_037,5,107.29,0.12,472.08,card,CUST_6098,Premium
TXN_202301_000179,2023-01-21,REG_05,STORE_013,EMP_005,PROD_047,4,302.76,0.02,1186.82,credit,CUST_8180,VIP
TXN_202301_000180,2023-01-04,REG_01,STORE_003,EMP_018,PROD_041,5,241.35,0.14,1037.81,card,CUST_8331,VIP
TXN_202301_000181,2023-01-22,REG_01,STORE_001,EMP_011,PROD_019,3,27.54,0.29,58.66,mobile,CUST_7061,New
TXN_202301_000182,2023-01-27,REG_03,STORE_009,EMP_003,PROD_045,5,217.3,0.16,912.66,cash,CUST_2641,New
TXN_202301_000183,2023-01-15,REG_04,STORE_012,EMP_029,PROD_004,1,63.19,0.13,54.98,mobile,CUST_9334,New
TXN_202301_000184,2023-01-10,REG_03,STORE_009,EMP_003,PROD_033,4,266.1,0.16,894.1,mobile,CUST_6962,New
TXN_202301_000185,2023-01-26,REG_05,STORE_015,EMP_005,PROD_037,5,213.47,0.06,1003.31,cash,CUST_1100,Premium
TXN_202301_000186,2023-01-15,REG_01,STORE_002,EMP_001,PROD_041,4,277.48,0.09,1010.03,cash,CUST_5130,Premium
TXN_202301_000187,2023-01-24,REG_01,STORE_002,EMP_019,PROD_031,2,178.04,0.16,299.11,mobile,CUST_5089,Regular
TXN_202301_000188,2023-01-27,REG_09,STORE_025,EMP_025,PROD_015,2,422.01,0.3,590.81,cash,CUST_2188,Premium
TXN_202301_000189,2023-01-21,REG_06,STORE_017,EMP_006,PROD_009,3,170.41,0.07,475.44,mobile,CUST_2218,New
TXN_202301_000190,2023-01-05,REG_07,STORE_020,EMP_007,PROD_012,3,280.41,0.2,672.98,card,CUST_2239,Regular
TXN_202301_000191,2023-01-22,REG_10,STORE_028,EMP_020,PROD_039,4,487.02,0.28,1402.62,card,CUST_7788,Regular
TXN_202301_000192,2023-01-22,REG_10,STORE_028,EMP_017,PROD_002,2,384.61,0.05,730.76,card,CUST_2169,New
TXN_202301_000193,2023-01-26,REG_07,STORE_020,EMP_007,PROD_023,3,108.65,0.26,241.2,card,CUST_8416,VIP
TXN_202301_000194,2023-01-04,REG_09,STORE_027,EMP_027,PROD_047,2,30.39,0.07,56.53,cash,CUST_4464,VIP
TXN_202301_000195,2023-01-26,REG_09,STORE_026,EMP_022,PROD_038,1,148.4,0.15,126.14,cash,CUST_9614,VIP
TXN_202301_000196,2023-01-25,REG_03,STORE_009,EMP_014,PROD_038,4,191.55,0.22,597.64,card,CUST_4781,VIP
TXN_202301_000197,2023-01-24,REG_01,STORE_001,EMP_001,PROD_007,2,436.86,0.13,760.14,cash,CUST_2992,VIP
TXN_202301_000198,2023-01-07,REG_08,STORE_023,EMP_023,PROD_045,5,337.64,0.22,1316.8,mobile,CUST_1031,Regular
TXN_202301_000199,2023-01-04,REG_01,STORE_002,EMP_019,PROD_011,4,294.51,0.05,1119.14,cash,CUST_8132,Regular
TXN_202301_000200,2023-01-04,REG_10,STORE_028,EMP_028,PROD_047,5,387.29,0.13,1684.71,credit,CUST_5037,New
TXN_202301_000201,2023-01-25,REG_07,STORE_019,EMP_007,PROD_006,5,292.36,0.18,1198.68,credit,CUST_3489,Premium
TXN_202301_000202,2023-01-20,REG_06,STORE_016,EMP_006,PROD_029,5,40.06,0.17,166.25,cash,CUST_6544,Regular
TXN_202301_000203,2023-01-07,REG_06,STORE_016,EMP_006,PROD_021,2,278.8,0.28,401.47,cash,CUST_1587,Regular
TXN_202301_000204,2023-01-02,REG_04,STORE_010,EMP_004,PROD_028,5,341.4,0.26,1263.18,mobile,CUST_4915,New
TXN_202301_000205,2023-01-22,REG_06,STORE_016,EMP_006,PROD_012,4,189.61,0.18,621.92,credit,CUST_2923,Premium
TXN_202301_000206,2023-01-09,REG_07,STORE_019,EMP_007,PROD_017,2,120.15,0.16,201.85,cash,CUST_8837,Premium
TXN_202301_000207,2023-01-13,REG_05,STORE_013,EMP_021,PROD_043,4,160.48,0.23,494.28,mobile,CUST_2615,Premium
TXN_202301_000208,2023-01-07,REG_07,STORE_019,EMP_007,PROD_036,3,111.39,0.11,297.41,card,CUST_6504,Regular
TXN_202301_000209,2023-01-23,REG_07,STORE_021,EMP_007,PROD_045,2,385.87,0.03,748.59,mobile,CUST_6287,Premium
TXN_202301_000210,2023-01-03,REG_08,STORE_024,EMP_008,PROD_023,1,32.46,0.04,31.16,card,CUST_8146,Premium
TXN_202301_000211,2023-01-07,REG_09,STORE_027,EMP_022,PROD_007,4,34.95,0.19,113.24,mobile,CUST_9267,New
TXN_202301_000212,2023-01-28,REG_08,STORE_023,EMP_008,PROD_034,3,354.96,0.07,990.34,cash,CUST_1566,Premium
TXN_202301_000213,2023-01-07,REG_02,STORE_006,EMP_002,PROD_043,3,356.4,0.14,919.51,credit,CUST_4538,New
TXN_202301_000214,2023-01-23,REG_04,STORE_010,EMP_030,PROD_031,3,469.15,0.19,1140.03,card,CUST_3513,Premium
TXN_202301_000215,2023-01-15,REG_09,STORE_025,EMP_027,PROD_010,2,286.74,0.16,481.72,cash,CUST_4375,Premium
TXN_202301_000216,2023-01-15,REG_06,STORE_018,EMP_006,PROD_007,2,318.57,0.17,528.83,card,CUST_8102,VIP
TXN_202301_000217,2023-01-17,REG_07,STORE_020,EMP_007,PROD_008,2,56.68,0.13,98.62,card,CUST_4373,New
TXN_202301_000218,2023-01-13,REG_04,STORE_012,EMP_016,PROD_045,1,339.27,0.21,268.02,card,CUST_3091,VIP
TXN_202301_000219,2023-01-02,REG_08,STORE_022,EMP_012,PROD_014,5,456.39,0.2,1825.56,credit,CUST_9223,Premium
TXN_202301_000220,2023-01-28,REG_09,STORE_025,EMP_025,PROD_013,1,317.56,0.14,273.1,credit,CUST_7882,Premium
TXN_202301_000221,2023-01-22,REG_07,STORE_019,EMP_007,PROD_050,2,149.0,0.1,268.2,cash,CUST_8416,Regular
TXN_202301_000222,2023-01-09,REG_09,STORE_026,EMP_022,PROD_005,3,244.61,0.26,543.03,card,CUST_5363,Regular
TXN_202301_000223,2023-01-17,REG_09,STORE_026,EMP_009,PROD_041,1,19.59,0.19,15.87,card,CUST_2727,New
TXN_202301_000224,2023-01-15,REG_10,STORE_029,EMP_017,PROD_013,2,402.13,0.05,764.05,cash,CUST_5988,Premium
TXN_202301_000225,2023-01-05,REG_04,STORE_012,EMP_030,PROD_046,4,50.72,0.15,172.45,credit,CUST_1164,New
TXN_202301_000226,2023-01-26,REG_01,STORE_003,EMP_001,PROD_043,5,35.1,0.14,150.93,mobile,CUST_2958,VIP
TXN_202301_000227,2023-01-04,REG_01,STORE_001,EMP_018,PROD_050,4,88.46,0.1,318.46,cash,CUST_9219,VIP
TXN_202301_000228,2023-01-11,REG_06,STORE_016,EMP_006,PROD_035,3,46.96,0.1,126.79,mobile,CUST_4470,Premium
TXN_202301_000229,2023-01-29,REG_05,STORE_015,EMP_021,PROD_024,2,44.63,0.24,67.84,card,CUST_2213,VIP
TXN_202301_000230,2023-01-17,REG_06,STORE_018,EMP_006,PROD_037,1,334.71,0.05,317.97,card,CUST_1504,Regular
TXN_202301_000231,2023-01-15,REG_01,STORE_001,EMP_001,PROD_031,2,75.95,0.15,129.12,credit,CUST_8230,Regular
TXN_202301_000232,2023-01-04,REG_08,STORE_022,EMP_012,PROD_004,4,349.75,0.12,1231.12,credit,CUST_2513,New
TXN_202301_000233,2023-01-18,REG_05,STORE_014,EMP_021,PROD_009,5,213.66,0.13,929.42,card,CUST_4106,Premium
TXN_202301_000234,2023-01-11,REG_01,STORE_002,EMP_019,PROD_005,1,405.94,0.01,401.88,mobile,CUST_5859,New
TXN_202301_000235,2023-01-15,REG_02,STORE_006,EMP_002,PROD_037,4,135.55,0.22,422.92,mobile,CUST_7613,Regular
TXN_202301_000236,2023-01-25,REG_05,STORE_015,EMP_005,PROD_030,1,366.71,0.21,289.7,cash,CUST_9397,Regular
TXN_202301_000237,2023-01-17,REG_05,STORE_015,EMP_005,PROD_022,5,316.47,0.12,1392.47,credit,CUST_7210,New
TXN_202301_000238,2023-01-21,REG_03,STORE_008,EMP_003,PROD_016,3,301.95,0.08,833.38,cash,CUST_9115,Premium
TXN_202301_000239,2023-01-02,REG_02,STORE_006,EMP_002,PROD_042,3,122.56,0.06,345.62,mobile,CUST_6373,Regular
TXN_202301_000240,2023-01-04,REG_06,STORE_018,EMP_006,PROD_018,1,140.77,0.0,140.77,mobile,CUST_5656,Premium
TXN_202301_000241,2023-01-28,REG_08,STORE_024,EMP_015,PROD_037,2,175.35,0.25,263.02,credit,CUST_7822,Premium
TXN_202301_000242,2023-01-15,REG_06,STORE_018,EMP_006,PROD_012,3,29.26,0.21,69.35,cash,CUST_4104,New
TXN_202301_000243,2023-01-26,REG_06,STORE_016,EMP_006,PROD_032,3,338.65,0.07,944.83,cash,CUST_9490,New
TXN_202301_000244,2023-01-22,REG_01,STORE_001,EMP_011,PROD_038,5,466.88,0.17,1937.55,mobile,CUST_1496,VIP
TXN_202301_000245,2023-01-10,REG_08,STORE_023,EMP_023,PROD_025,5,24.58,0.27,89.72,card,CUST_4330,New
TXN_202301_000246,2023-01-27,REG_08,STORE_023,EMP_012,PROD_029,2,133.34,0.03,258.68,mobile,CUST_3438,Premium
TXN_202301_000247,2023-01-04,REG_10,STORE_029,EMP_010,PROD_031,2,397.0,0.03,770.18,credit,CUST_6951,Premium
TXN_202301_000248,2023-01-01,REG_03,STORE_009,EMP_014,PROD_025,2,432.62,0.08,796.02,mobile,CUST_1722,New
TXN_202301_000249,2023-01-10,REG_03,STORE_009,EMP_014,PROD_050,5,392.62,0.22,1531.22,cash,CUST_6660,Premium
TXN_202301_000250,2023-01-19,REG_07,STORE_019,EMP_007,PROD_012,2,147.16,0.19,238.4,credit,CUST_9162,New
TXN_202301_000251,2023-01-14,REG_05,STORE_013,EMP_005,PROD_025,1,330.59,0.09,300.84,card,CUST_2293,New
TXN_202301_000252,2023-01-12,REG_08,STORE_024,EMP_015,PROD_019,1,476.15,0.04,457.1,cash,CUST_5540,New
TXN_202301_000253,2023-01-03,REG_02,STORE_004,EMP_002,PROD_019,4,40.5,0.2,129.6,card,CUST_9493,VIP
TXN_202301_000254,2023-01-16,REG_04,STORE_010,EMP_029,PROD_010,2,322.11,0.01,637.78,cash,CUST_8753,New
TXN_202301_000255,2023-01-10,REG_02,STORE_006,EMP_002,PROD_050,5,473.04,0.22,1844.86,cash,CUST_5724,VIP
TXN_202301_000256,2023-01-14,REG_03,STORE_009,EMP_014,PROD_029,1,286.75,0.26,212.19,card,CUST_9440,Regular
TXN_202301_000257,2023-01-08,REG_10,STORE_028,EMP_020,PROD_025,3,400.72,0.13,1045.88,credit,CUST_4610,Premium
TXN_202301_000258,2023-01-24,REG_10,STORE_028,EMP_013,PROD_013,2,313.3,0.3,438.62,card,CUST_6129,New
TXN_202301_000259,2023-01-08,REG_02,STORE_005,EMP_002,PROD_002,5,271.02,0.06,1273.79,credit,CUST_8888,VIP
TXN_202301_000260,2023-01-03,REG_05,STORE_013,EMP_021,PROD_038,3,192.5,0.02,565.95,credit,CUST_9595,VIP
TXN_202301_000261,2023-01-11,REG_06,STORE_016,EMP_006,PROD_045,3,443.1,0.24,1010.27,mobile,CUST_8244,VIP
TXN_202301_000262,2023-01-15,REG_06,STORE_017,EMP_006,PROD_018,5,415.92,0.29,1476.52,credit,CUST_5139,Premium
TXN_202301_000263,2023-01-04,REG_09,STORE_025,EMP_022,PROD_028,4,194.7,0.19,630.83,mobile,CUST_4538,Regular
TXN_202301_000264,2023-01-18,REG_01,STORE_003,EMP_019,PROD_026,2,354.6,0.01,702.11,cash,CUST_2880,Premium
TXN_202301_000265,2023-01-26,REG_08,STORE_023,EMP_012,PROD_037,2,136.73,0.14,235.18,credit,CUST_9785,Regular
TXN_202301_000266,2023-01-28,REG_05,STORE_013,EMP_021,PROD_004,3,316.15,0.06,891.54,credit,CUST_8980,Premium
TXN_202301_000267,2023-01-17,REG_06,STORE_016,EMP_006,PROD_029,4,100.33,0.29,284.94,cash,CUST_7744,VIP
TXN_202301_000268,2023-01-01,REG_05,STORE_014,EMP_005,PROD_013,5,373.45,0.18,1531.15,mobile,CUST_5247,New
TXN_202301_000269,2023-01-16,REG_07,STORE_019,EMP_007,PROD_049,4,86.49,0.2,276.77,card,CUST_6286,Premium
TXN_202301_000270,2023-01-12,REG_06,STORE_018,EMP_006,PROD_018,2,127.08,0.16,213.49,cash,CUST_5245,Premium
TXN_202301_000271,2023-01-03,REG_09,STORE_025,EMP_025,PROD_009,2,194.98,0.09,354.86,cash,CUST_3896,New
TXN_202301_000272,2023-01-06,REG_09,STORE_025,EMP_025,PROD_032,5,385.45,0.27,1406.89,credit,CUST_1402,Premium
TXN_202301_000273,2023-01-22,REG_05,STORE_014,EMP_005,PROD_042,1,384.29,0.27,280.53,mobile,CUST_8619,New
TXN_202301_000274,2023-01-03,REG_06,STORE_017,EMP_006,PROD_050,5,82.27,0.01,407.24,credit,CUST_2793,VIP
TXN_202301_000275,2023-01-16,REG_06,STORE_017,EMP_006,PROD_036,4,10.45,0.01,41.38,mobile,CUST_9157,New
TXN_202301_000276,2023-01-05,REG_06,STORE_018,EMP_006,PROD_030,3,216.42,0.05,616.8,mobile,CUST_2968,New
TXN_202301_000277,2023-01-30,REG_03,STORE_009,EMP_014,PROD_046,3,296.09,0.17,737.26,cash,CUST_4592,Regular
TXN_202301_000278,2023-01-28,REG_08,STORE_023,EMP_008,PROD_040,4,191.88,0.26,567.96,cash,CUST_3296,Regular
TXN_202301_000279,2023-01-26,REG_03,STORE_009,EMP_003,PROD_006,5,302.2,0.17,1254.13,cash,CUST_5309,Regular
TXN_202301_000280,2023-01-23,REG_07,STORE_021,EMP_007,PROD_035,1,324.55,0.1,292.1,mobile,CUST_1761,New
TXN_202301_000281,2023-01-21,REG_07,STORE_021,EMP_007,PROD_005,2,239.38,0.23,368.65,credit,CUST_6107,Premium
TXN_202301_000282,2023-01-23,REG_07,STORE_021,EMP_007,PROD_035,1,262.68,0.11,233.79,card,CUST_2113,VIP
TXN_202301_000283,2023-01-09,REG_02,STORE_004,EMP_002,PROD_011,4,229.49,0.24,697.65,credit,CUST_3519,New
TXN_202301_000284,2023-01-25,REG_02,STORE_006,EMP_002,PROD_023,4,310.35,0.29,881.39,mobile,CUST_7187,Premium
TXN_202301_000285,2023-01-25,REG_03,STORE_008,EMP_003,PROD_044,2,287.36,0.22,448.28,credit,CUST_3359,Premium
TXN_202301_000286,2023-01-07,REG_07,STORE_020,EMP_007,PROD_014,5,70.81,0.06,332.81,cash,CUST_6349,Premium
TXN_202301_000287,2023-01-11,REG_03,STORE_008,EMP_014,PROD_020,2,262.75,0.0,525.5,cash,CUST_2288,Regular
TXN_202301_000288,2023-01-14,REG_04,STORE_012,EMP_024,PROD_010,2,305.94,0.17,507.86,credit,CUST_2915,Premium
TXN_202301_000289,2023-01-25,REG_07,STORE_021,EMP_007,PROD_040,5,393.63,0.27,1436.75,mobile,CUST_7426,VIP
TXN_202301_000290,2023-01-12,REG_02,STORE_006,EMP_002,PROD_028,4,129.54,0.01,512.98,credit,CUST_9174,Premium
TXN_202301_000291,2023-01-24,REG_07,STORE_019,EMP_007,PROD_009,2,182.84,0.01,362.02,cash,CUST_5334,Regular
TXN_202301_000292,2023-01-14,REG_09,STORE_027,EMP_027,PROD_003,3,334.74,0.15,853.59,mobile,CUST_5852,Regular
TXN_202301_000293,2023-01-12,REG_04,STORE_012,EMP_030,PROD_007,5,275.0,0.06,1292.5,card,CUST_4694,Regular
TXN_202301_000294,2023-01-08,REG_06,STORE_016,EMP_006,PROD_015,3,310.16,0.11,828.13,card,CUST_5624,Regular
TXN_202301_000295,2023-01-21,REG_08,STORE_023,EMP_012,PROD_022,5,158.54,0.1,713.43,card,CUST_6231,Premium
TXN_202301_000296,2023-01-24,REG_02,STORE_004,EMP_002,PROD_026,2,458.69,0.07,853.16,card,CUST_7846,New
TXN_202301_000297,2023-01-28,REG_06,STORE_017,EMP_006,PROD_016,4,51.42,0.29,146.03,card,CUST_9639,Premium
TXN_202301_000298,2023-01-03,REG_02,STORE_004,EMP_002,PROD_034,3,427.6,0.3,897.96,credit,CUST_7971,Premium
TXN_202301_000299,2023-01-23,REG_04,STORE_010,EMP_024,PROD_002,4,441.4,0.3,1235.92,credit,CUST_9614,Regular
TXN_202301_000300,2023-01-21,REG_08,STORE_024,EMP_008,PROD_050,5,370.26,0.02,1814.27,mobile,CUST_1620,Regular
TXN_202301_000301,2023-01-18,REG_08,STORE_023,EMP_023,PROD_045,3,36.29,0.16,91.45,cash,CUST_3773,VIP
TXN_202301_000302,2023-01-26,REG_10,STORE_029,EMP_010,PROD_027,3,118.73,0.06,334.82,cash,CUST_5359,VIP
TXN_202301_000303,2023-01-20,REG_01,STORE_001,EMP_001,PROD_017,5,383.23,0.14,1647.89,credit,CUST_9931,New
TXN_202301_000304,2023-01-10,REG_01,STORE_002,EMP_011,PROD_038,4,408.22,0.17,1355.29,credit,CUST_7969,New
TXN_202301_000305,2023-01-19,REG_04,STORE_012,EMP_029,PROD_020,4,98.62,0.16,331.36,cash,CUST_9218,VIP
TXN_202301_000306,2023-01-02,REG_06,STORE_018,EMP_006,PROD_047,4,403.12,0.08,1483.48,cash,CUST_1153,VIP
TXN_202301_000307,2023-01-29,REG_06,STORE_016,EMP_006,PROD_013,5,196.42,0.25,736.57,cash,CUST_9995,Premium
TXN_202301_000308,2023-01-14,REG_07,STORE_019,EMP_007,PROD_019,2,128.3,0.06,241.2,credit,CUST_4731,New
TXN_202301_000309,2023-01-08,REG_07,STORE_019,EMP_007,PROD_023,4,497.72,0.07,1851.52,credit,CUST_8192,VIP
TXN_202301_000310,2023-01-21,REG_09,STORE_027,EMP_027,PROD_010,5,220.63,0.2,882.52,cash,CUST_6005,Regular
TXN_202301_000311,2023-01-15,REG_04,STORE_010,EMP_016,PROD_023,1,380.48,0.02,372.87,card,CUST_1471,Regular
TXN_202301_000312,2023-01-09,REG_10,STORE_029,EMP_028,PROD_043,3,439.86,0.23,1016.08,card,CUST_7586,Regular
TXN_202301_000313,2023-01-23,REG_05,STORE_014,EMP_021,PROD_006,3,203.99,0.18,501.82,credit,CUST_9893,Regular
TXN_202301_000314,2023-01-13,REG_06,STORE_016,EMP_006,PROD_038,5,418.79,0.23,1612.34,cash,CUST_7928,Premium
TXN_202301_000315,2023-01-22,REG_10,STORE_028,EMP_017,PROD_004,4,108.4,0.12,381.57,credit,CUST_7065,Regular
TXN_202301_000316,2023-01-26,REG_09,STORE_027,EMP_009,PROD_038,2,130.12,0.21,205.59,cash,CUST_3752,Premium
TXN_202301_000317,2023-01-12,REG_02,STORE_004,EMP_002,PROD_028,1,101.57,0.26,75.16,credit,CUST_5893,Premium
TXN_202301_000318,2023-01-17,REG_04,STORE_010,EMP_026,PROD_050,3,171.94,0.1,464.24,card,CUST_3856,New
TXN_202301_000319,2023-01-07,REG_04,STORE_011,EMP_026,PROD_032,3,316.59,0.21,750.32,cash,CUST_9243,VIP
TXN_202301_000320,2023-01-06,REG_02,STORE_004,EMP_002,PROD_050,3,278.06,0.1,750.76,mobile,CUST_3183,New
TXN_202301_000321,2023-01-27,REG_02,STORE_006,EMP_002,PROD_017,1,251.72,0.27,183.76,card,CUST_4225,Premium
TXN_202301_000322,2023-01-23,REG_08,STORE_024,EMP_015,PROD_001,1,218.74,0.03,212.18,mobile,CUST_5239,Premium
TXN_202301_000323,2023-01-23,REG_01,STORE_002,EMP_018,PROD_006,2,115.68,0.11,205.91,cash,CUST_4803,VIP
TXN_202301_000324,2023-01-01,REG_09,STORE_025,EMP_027,PROD_040,3,48.39,0.28,104.52,credit,CUST_2669,Regular
TXN_202301_000325,2023-01-06,REG_05,STORE_014,EMP_005,PROD_030,5,167.35,0.09,761.44,cash,CUST_5230,Regular
TXN_202301_000326,2023-01-01,REG_05,STORE_013,EMP_005,PROD_041,1,154.62,0.29,109.78,credit,CUST_6572,New
TXN_202301_000327,2023-01-15,REG_09,STORE_026,EMP_022,PROD_037,4,199.09,0.08,732.65,cash,CUST_7777,VIP
TXN_202301_000328,2023-01-21,REG_05,STORE_015,EMP_005,PROD_036,5,466.54,0.18,1912.81,cash,CUST_9770,Regular
TXN_202301_000329,2023-01-27,REG_04,STORE_011,EMP_004,PROD_019,1,468.3,0.09,426.15,credit,CUST_3847,Regular
TXN_202301_000330,2023-01-06,REG_10,STORE_028,EMP_028,PROD_044,2,370.94,0.29,526.73,credit,CUST_3603,Premium
TXN_202301_000331,2023-01-19,REG_02,STORE_006,EMP_002,PROD_034,3,177.62,0.1,479.57,cash,CUST_1847,Regular
TXN_202301_000332,2023-01-07,REG_03,STORE_009,EMP_003,PROD_003,5,112.87,0.24,428.91,mobile,CUST_8709,New
TXN_202301_000333,2023-01-22,REG_02,STORE_006,EMP_002,PROD_021,2,251.95,0.05,478.7,cash,CUST_1717,Regular
TXN_202301_000334,2023-01-29,REG_01,STORE_002,EMP_019,PROD_008,5,276.59,0.03,1341.46,cash,CUST_8366,New
TXN_202301_000335,2023-01-22,REG_09,STORE_025,EMP_022,PROD_043,5,496.52,0.16,2085.38,credit,CUST_9917,New
TXN_202301_000336,2023-01-02,REG_09,STORE_027,EMP_027,PROD_009,2,385.32,0.13,670.46,mobile,CUST_4104,Regular
TXN_202301_000337,2023-01-11,REG_06,STORE_017,EMP_006,PROD_040,4,60.15,0.16,202.1,card,CUST_1455,VIP
TXN_202301_000338,2023-01-26,REG_09,STORE_026,EMP_022,PROD_027,2,497.56,0.13,865.75,cash,CUST_4716,Premium
TXN_202301_000339,2023-01-11,REG_08,STORE_024,EMP_015,PROD_029,4,15.88,0.21,50.18,card,CUST_4448,Premium
TXN_202301_000340,2023-01-11,REG_09,STORE_027,EMP_022,PROD_047,2,325.57,0.2,520.91,card,CUST_4163,Premium
TXN_202301_000341,2023-01-18,REG_07,STORE_019,EMP_007,PROD_046,1,381.31,0.06,358.43,card,CUST_4447,New
TXN_202301_000342,2023-01-27,REG_06,STORE_017,EMP_006,PROD_033,1,49.18,0.2,39.34,cash,CUST_3461,Regular
TXN_202301_000343,2023-01-10,REG_09,STORE_027,EMP_009,PROD_035,3,70.3,0.08,194.03,cash,CUST_5959,Premium
TXN_202301_000344,2023-01-01,REG_02,STORE_006,EMP_002,PROD_007,4,496.14,0.26,1468.57,credit,CUST_1070,Regular
TXN_202301_000345,2023-01-27,REG_05,STORE_015,EMP_005,PROD_030,2,116.1,0.2,185.76,mobile,CUST_8536,Regular
TXN_202301_000346,2023-01-16,REG_06,STORE_018,EMP_006,PROD_032,5,384.61,0.13,1673.05,card,CUST_1221,Premium
TXN_202301_000347,2023-01-07,REG_06,STORE_018,EMP_006,PROD_027,3,406.02,0.07,1132.8,mobile,CUST_3399,New
TXN_202301_000348,2023-01-10,REG_04,STORE_010,EMP_026,PROD_033,3,254.15,0.02,747.2,credit,CUST_3534,New
TXN_202301_000349,2023-01-27,REG_06,STORE_018,EMP_006,PROD_019,5,284.38,0.18,1165.96,mobile,CUST_4485,Regular
TXN_202301_000350,2023-01-14,REG_02,STORE_006,EMP_002,PROD_013,3,491.45,0.22,1149.99,credit,CUST_4943,Regular
TXN_202301_000351,2023-01-14,REG_05,STORE_014,EMP_021,PROD_049,1,227.43,0.22,177.4,card,CUST_2384,VIP
TXN_202301_000352,2023-01-24,REG_10,STORE_028,EMP_010,PROD_034,2,483.91,0.11,861.36,credit,CUST_3811,Premium
TXN_202301_000353,2023-01-20,REG_06,STORE_018,EMP_006,PROD_025,3,114.95,0.04,331.06,cash,CUST_2014,New
TXN_202301_000354,2023-01-18,REG_07,STORE_020,EMP_007,PROD_042,2,29.81,0.27,43.52,cash,CUST_9150,Regular
TXN_202301_000355,2023-01-10,REG_08,STORE_024,EMP_023,PROD_049,3,35.18,0.05,100.26,credit,CUST_1814,Regular
TXN_202301_000356,2023-01-29,REG_05,STORE_014,EMP_021,PROD_003,1,53.35,0.04,51.22,credit,CUST_7857,VIP
TXN_202301_000357,2023-01-06,REG_05,STORE_013,EMP_021,PROD_034,4,469.19,0.2,1501.41,credit,CUST_6520,Regular
TXN_202301_000358,2023-01-15,REG_07,STORE_020,EMP_007,PROD_027,1,469.07,0.12,412.78,cash,CUST_1832,Premium
TXN_202301_000359,2023-01-30,REG_03,STORE_008,EMP_014,PROD_018,4,92.08,0.3,257.82,mobile,CUST_2921,VIP
TXN_202301_000360,2023-01-28,REG_07,STORE_021,EMP_007,PROD_043,1,418.28,0.17,347.17,card,CUST_6341,VIP
TXN_202301_000361,2023-01-13,REG_06,STORE_017,EMP_006,PROD_040,4,86.13,0.19,279.06,card,CUST_7765,VIP
TXN_202301_000362,2023-01-11,REG_04,STORE_011,EMP_030,PROD_012,5,494.5,0.0,2472.5,card,CUST_7371,VIP
TXN_202301_000363,2023-01-06,REG_05,STORE_014,EMP_021,PROD_045,1,133.15,0.14,114.51,card,CUST_7657,Regular
TXN_202301_000364,2023-01-18,REG_05,STORE_014,EMP_021,PROD_007,4,101.63,0.22,317.09,credit,CUST_5226,Premium
TXN_202301_000365,2023-01-02,REG_01,STORE_003,EMP_011,PROD_044,4,276.12,0.04,1060.3,credit,CUST_2887,Premium
TXN_202301_000366,2023-01-18,REG_01,STORE_001,EMP_001,PROD_012,5,107.65,0.25,403.69,cash,CUST_9927,New
TXN_202301_000367,2023-01-08,REG_01,STORE_002,EMP_018,PROD_038,4,353.41,0.25,1060.23,card,CUST_3117,New
TXN_202301_000368,2023-01-18,REG_05,STORE_014,EMP_021,PROD_046,2,156.88,0.24,238.46,credit,CUST_1904,New
TXN_202301_000369,2023-01-08,REG_08,STORE_023,EMP_015,PROD_003,3,322.7,0.24,735.76,card,CUST_1766,VIP
TXN_202301_000370,2023-01-30,REG_04,STORE_010,EMP_029,PROD_009,4,260.9,0.12,918.37,credit,CUST_6198,VIP
TXN_202301_000371,2023-01-25,REG_02,STORE_004,EMP_002,PROD_044,4,450.02,0.21,1422.06,credit,CUST_4185,Regular
TXN_202301_000372,2023-01-05,REG_10,STORE_028,EMP_028,PROD_049,5,38.26,0.23,147.3,cash,CUST_7197,Premium
TXN_202301_000373,2023-01-18,REG_10,STORE_028,EMP_017,PROD_028,5,135.82,0.02,665.52,mobile,CUST_9072,Regular
TXN_202301_000374,2023-01-22,REG_02,STORE_005,EMP_002,PROD_015,2,84.97,0.14,146.15,card,CUST_8492,New
TXN_202301_000375,2023-01-28,REG_08,STORE_022,EMP_008,PROD_024,5,251.09,0.15,1067.13,credit,CUST_9822,VIP
TXN_202301_000376,2023-01-17,REG_04,STORE_010,EMP_026,PROD_049,2,152.09,0.19,246.39,credit,CUST_2437,Premium
TXN_202301_000377,2023-01-26,REG_01,STORE_003,EMP_001,PROD_010,1,148.48,0.26,109.88,card,CUST_9543,VIP
TXN_202301_000378,2023-01-21,REG_07,STORE_019,EMP_007,PROD_016,1,424.05,0.02,415.57,card,CUST_6356,New
TXN_202301_000379,2023-01-27,REG_01,STORE_001,EMP_019,PROD_010,4,20.63,0.23,63.54,mobile,CUST_5330,VIP
TXN_202301_000380,2023-01-26,REG_02,STORE_004,EMP_002,PROD_040,4,20.41,0.03,79.19,mobile,CUST_5560,VIP
TXN_202301_000381,2023-01-22,REG_04,STORE_012,EMP_024,PROD_001,2,353.64,0.12,622.41,mobile,CUST_4722,New
TXN_202301_000382,2023-01-14,REG_06,STORE_017,EMP_006,PROD_048,1,408.21,0.28,293.91,card,CUST_7038,VIP
TXN_202301_000383,2023-01-20,REG_01,STORE_002,EMP_018,PROD_048,1,183.4,0.0,183.4,cash,CUST_1413,Regular
TXN_202301_000384,2023-01-12,REG_04,STORE_011,EMP_029,PROD_033,4,47.91,0.02,187.81,cash,CUST_7956,New
TXN_202301_000385,2023-01-16,REG_10,STORE_029,EMP_028,PROD_002,2,317.38,0.12,558.59,mobile,CUST_9855,New
TXN_202301_000386,2023-01-30,REG_10,STORE_030,EMP_020,PROD_024,2,138.38,0.23,213.11,mobile,CUST_3635,Regular
TXN_202301_000387,2023-01-27,REG_03,STORE_009,EMP_003,PROD_044,4,115.55,0.1,415.98,card,CUST_3341,Regular
TXN_202301_000388,2023-01-01,REG_04,STORE_011,EMP_016,PROD_036,2,484.08,0.01,958.48,cash,CUST_5862,Premium
TXN_202301_000389,2023-01-03,REG_08,STORE_023,EMP_015,PROD_049,4,379.55,0.22,1184.2,card,CUST_7677,Premium
TXN_202301_000390,2023-01-25,REG_06,STORE_017,EMP_006,PROD_004,4,157.46,0.21,497.57,credit,CUST_1379,Premium
TXN_202301_000391,2023-01-24,REG_03,STORE_007,EMP_003,PROD_016,1,268.33,0.23,206.61,cash,CUST_9311,VIP
TXN_202301_000392,2023-01-04,REG_05,STORE_014,EMP_021,PROD_042,4,340.97,0.11,1213.85,card,CUST_4867,VIP
TXN_202301_000393,2023-01-26,REG_10,STORE_030,EMP_028,PROD_020,4,65.87,0.05,250.31,cash,CUST_4288,Regular
TXN_202301_000394,2023-01-15,REG_01,STORE_003,EMP_019,PROD_038,2,362.47,0.13,630.7,mobile,CUST_2977,Premium
TXN_202301_000395,2023-01-14,REG_08,STORE_023,EMP_015,PROD_007,1,174.36,0.02,170.87,cash,CUST_7128,Regular
TXN_202301_000396,2023-01-06,REG_03,STORE_009,EMP_003,PROD_006,2,408.75,0.04,784.8,card,CUST_4699,Regular
TXN_202301_000397,2023-01-04,REG_02,STORE_004,EMP_002,PROD_049,3,46.87,0.04,134.99,credit,CUST_6463,New
TXN_202301_000398,2023-01-19,REG_08,STORE_022,EMP_008,PROD_008,4,313.41,0.04,1203.49,cash,CUST_9501,New
TXN_202301_000399,2023-01-05,REG_09,STORE_027,EMP_022,PROD_011,5,37.45,0.16,157.29,cash,CUST_8267,Regular
TXN_202301_000400,2023-01-07,REG_09,STORE_026,EMP_025,PROD_017,4,319.53,0.19,1035.28,credit,CUST_8878,VIP
TXN_202301_000401,2023-01-07,REG_05,STORE_015,EMP_021,PROD_041,4,388.03,0.1,1396.91,credit,CUST_5184,Premium
TXN_202301_000402,2023-01-18,REG_10,STORE_029,EMP_017,PROD_029,5,138.1,0.07,642.16,cash,CUST_9076,Regular
TXN_202301_000403,2023-01-28,REG_05,STORE_013,EMP_005,PROD_030,2,36.76,0.23,56.61,cash,CUST_2416,Regular
TXN_202301_000404,2023-01-13,REG_07,STORE_020,EMP_007,PROD_026,3,165.23,0.04,475.86,card,CUST_7788,VIP
TXN_202301_000405,2023-01-17,REG_03,STORE_009,EMP_003,PROD_025,2,350.08,0.11,623.14,cash,CUST_2100,Premium
TXN_202301_000406,2023-01-28,REG_01,STORE_002,EMP_019,PROD_007,2,287.48,0.22,448.47,credit,CUST_3421,VIP
TXN_202301_000407,2023-01-22,REG_07,STORE_019,EMP_007,PROD_025,3,253.88,0.04,731.17,card,CUST_3808,Regular
TXN_202301_000408,2023-01-21,REG_05,STORE_015,EMP_021,PROD_011,1,303.8,0.12,267.34,mobile,CUST_9068,Premium
TXN_202301_000409,2023-01-29,REG_05,STORE_013,EMP_005,PROD_021,3,163.58,0.24,372.96,card,CUST_8758,Premium
TXN_202301_000410,2023-01-11,REG_04,STORE_011,EMP_029,PROD_043,2,410.07,0.18,672.51,credit,CUST_2676,VIP
TXN_202301_000411,2023-01-19,REG_07,STORE_021,EMP_007,PROD_008,2,147.16,0.14,253.12,card,CUST_5776,Premium
TXN_202301_000412,2023-01-21,REG_08,STORE_023,EMP_012,PROD_050,2,33.21,0.1,59.78,cash,CUST_8481,VIP
TXN_202301_000413,2023-01-23,REG_03,STORE_007,EMP_003,PROD_021,4,451.95,0.03,1753.57,cash,CUST_1901,Premium
TXN_202301_000414,2023-01-29,REG_08,STORE_022,EMP_023,PROD_026,4,171.72,0.01,680.01,card,CUST_5202,Premium
TXN_202301_000415,2023-01-30,REG_07,STORE_021,EMP_007,PROD_043,4,450.99,0.21,1425.13,credit,CUST_4479,New
TXN_202301_000416,2023-01-27,REG_01,STORE_001,EMP_018,PROD_004,1,47.35,0.05,44.98,credit,CUST_2833,New
TXN_202301_000417,2023-01-17,REG_08,STORE_024,EMP_008,PROD_044,4,34.41,0.05,130.76,credit,CUST_2906,Regular
TXN_202301_000418,2023-01-09,REG_05,STORE_013,EMP_021,PROD_031,4,490.77,0.29,1393.79,credit,CUST_3158,Premium
TXN_202301_000419,2023-01-25,REG_08,STORE_022,EMP_015,PROD_006,1,218.27,0.12,192.08,cash,CUST_7515,Regular
TXN_202301_000420,2023-01-25,REG_10,STORE_028,EMP_020,PROD_018,4,47.76,0.29,135.64,mobile,CUST_2849,VIP
TXN_202301_000421,2023-01-08,REG_10,STORE_029,EMP_020,PROD_028,4,453.41,0.16,1523.46,cash,CUST_8210,VIP
TXN_202301_000422,2023-01-10,REG_03,STORE_009,EMP_014,PROD_031,5,112.75,0.11,501.74,card,CUST_9794,Premium
TXN_202301_000423,2023-01-14,REG_07,STORE_021,EMP_007,PROD_017,2,366.32,0.23,564.13,cash,CUST_1767,Premium
TXN_202301_000424,2023-01-10,REG_03,STORE_008,EMP_003,PROD_028,3,37.9,0.19,92.1,card,CUST_8035,New
TXN_202301_000425,2023-01-30,REG_08,STORE_024,EMP_015,PROD_043,1,17.83,0.21,14.09,credit,CUST_8610,Premium
TXN_202301_000426,2023-01-09,REG_05,STORE_013,EMP_005,PROD_003,2,491.78,0.24,747.51,card,CUST_7783,Premium
TXN_202301_000427,2023-01-24,REG_04,STORE_011,EMP_024,PROD_003,1,381.94,0.05,362.84,cash,CUST_7459,Regular
TXN_202301_000428,2023-01-22,REG_02,STORE_006,EMP_002,PROD_038,4,154.06,0.18,505.32,mobile,CUST_4080,Regular
TXN_202301_000429,2023-01-20,REG_07,STORE_020,EMP_007,PROD_028,4,470.66,0.29,1336.67,credit,CUST_8381,New
TXN_202301_000430,2023-01-02,REG_08,STORE_022,EMP_015,PROD_030,5,139.78,0.16,587.08,mobile,CUST_5041,Regular
TXN_202301_000431,2023-01-27,REG_05,STORE_015,EMP_005,PROD_017,5,93.27,0.1,419.71,cash,CUST_2915,Premium
TXN_202301_000432,2023-01-28,REG_08,STORE_022,EMP_012,PROD_049,4,152.45,0.09,554.92,credit,CUST_6969,Regular
TXN_202301_000433,2023-01-13,REG_09,STORE_026,EMP_025,PROD_043,4,91.84,0.28,264.5,credit,CUST_6715,New
TXN_202301_000434,2023-01-23,REG_09,STORE_027,EMP_009,PROD_022,2,352.57,0.1,634.63,mobile,CUST_2625,New
TXN_202301_000435,2023-01-13,REG_08,STORE_023,EMP_023,PROD_010,2,254.68,0.13,443.14,mobile,CUST_4924,Regular
TXN_202301_000436,2023-01-01,REG_05,STORE_013,EMP_005,PROD_028,3,31.12,0.15,79.36,card,CUST_7365,VIP
TXN_202301_000437,2023-01-01,REG_08,STORE_024,EMP_012,PROD_003,3,152.08,0.13,396.93,cash,CUST_7593,VIP
TXN_202301_000438,2023-01-28,REG_01,STORE_003,EMP_019,PROD_050,5,281.88,0.13,1226.18,credit,CUST_7774,VIP
TXN_202301_000439,2023-01-08,REG_02,STORE_006,EMP_002,PROD_043,4,60.24,0.02,236.14,credit,CUST_6797,Premium
TXN_202301_000440,2023-01-02,REG_10,STORE_028,EMP_028,PROD_034,3,475.65,0.15,1212.91,credit,CUST_6609,Premium
TXN_202301_000441,2023-01-01,REG_09,STORE_026,EMP_022,PROD_031,1,431.97,0.16,362.85,cash,CUST_4422,VIP
TXN_202301_000442,2023-01-15,REG_01,STORE_002,EMP_019,PROD_008,3,399.64,0.12,1055.05,card,CUST_1467,Regular
TXN_202301_000443,2023-01-25,REG_02,STORE_004,EMP_002,PROD_010,3,27.62,0.2,66.29,credit,CUST_5397,New
TXN_202301_000444,2023-01-29,REG_05,STORE_014,EMP_021,PROD_014,1,224.37,0.24,170.52,credit,CUST_9973,VIP
TXN_202301_000445,2023-01-15,REG_01,STORE_003,EMP_011,PROD_045,3,125.46,0.19,304.87,card,CUST_1632,Regular
TXN_202301_000446,2023-01-24,REG_04,STORE_012,EMP_030,PROD_027,4,389.2,0.05,1478.96,card,CUST_6675,VIP
TXN_202301_000447,2023-01-14,REG_09,STORE_025,EMP_025,PROD_028,1,159.21,0.02,156.03,credit,CUST_3957,Premium
TXN_202301_000448,2023-01-03,REG_10,STORE_030,EMP_020,PROD_008,4,241.41,0.05,917.36,card,CUST_2942,Regular
TXN_202301_000449,2023-01-13,REG_04,STORE_012,EMP_024,PROD_016,5,363.17,0.05,1725.06,credit,CUST_3314,Premium
TXN_202301_000450,2023-01-27,REG_01,STORE_001,EMP_001,PROD_019,5,436.47,0.14,1876.82,mobile,CUST_4706,New
TXN_202301_000451,2023-01-24,REG_01,STORE_001,EMP_019,PROD_016,2,362.28,0.24,550.67,cash,CUST_1569,VIP
TXN_202301_000452,2023-01-07,REG_01,STORE_003,EMP_001,PROD_021,5,83.63,0.07,388.88,credit,CUST_7346,VIP
TXN_202301_000453,2023-01-21,REG_09,STORE_026,EMP_009,PROD_005,1,307.79,0.19,249.31,credit,CUST_1768,VIP
TXN_202301_000454,2023-01-05,REG_05,STORE_014,EMP_021,PROD_043,4,128.79,0.03,499.71,mobile,CUST_6251,Regular
TXN_202301_000455,2023-01-26,REG_02,STORE_004,EMP_002,PROD_018,4,364.53,0.19,1181.08,credit,CUST_4913,New
TXN_202301_000456,2023-01-13,REG_09,STORE_025,EMP_025,PROD_037,5,88.4,0.16,371.28,card,CUST_4745,VIP
TXN_202301_000457,2023-01-19,REG_05,STORE_014,EMP_005,PROD_005,1,266.06,0.21,210.19,mobile,CUST_6455,Regular
TXN_202301_000458,2023-01-30,REG_07,STORE_020,EMP_007,PROD_029,4,45.45,0.29,129.08,credit,CUST_1711,New
TXN_202301_000459,2023-01-20,REG_08,STORE_024,EMP_023,PROD_041,5,176.68,0.04,848.06,credit,CUST_2957,VIP
TXN_202301_000460,2023-01-18,REG_09,STORE_026,EMP_025,PROD_017,5,418.98,0.27,1529.28,card,CUST_2155,New
TXN_202301_000461,2023-01-30,REG_07,STORE_021,EMP_007,PROD_032,4,163.21,0.2,522.27,credit,CUST_4599,New
TXN_202301_000462,2023-01-04,REG_05,STORE_013,EMP_005,PROD_014,3,402.07,0.27,880.53,cash,CUST_4212,VIP
TXN_202301_000463,2023-01-28,REG_09,STORE_027,EMP_025,PROD_004,1,341.54,0.11,303.97,card,CUST_3488,Regular
TXN_202301_000464,2023-01-20,REG_08,STORE_022,EMP_023,PROD_050,3,292.11,0.12,771.17,mobile,CUST_7385,Premium
TXN_202301_000465,2023-01-29,REG_08,STORE_024,EMP_015,PROD_007,2,20.88,0.27,30.48,credit,CUST_6375,VIP
TXN_202301_000466,2023-01-04,REG_03,STORE_008,EMP_014,PROD_004,2,327.51,0.0,655.02,credit,CUST_6089,New
TXN_202301_000467,2023-01-17,REG_09,STORE_026,EMP_027,PROD_010,5,34.18,0.1,153.81,credit,CUST_8271,Premium
TXN_202301_000468,2023-01-04,REG_08,STORE_022,EMP_012,PROD_038,5,358.9,0.0,1794.5,cash,CUST_5476,VIP
TXN_202301_000469,2023-01-23,REG_04,STORE_010,EMP_029,PROD_009,5,90.4,0.09,411.32,card,CUST_8388,New
TXN_202301_000470,2023-01-13,REG_08,STORE_024,EMP_012,PROD_036,5,123.49,0.16,518.66,credit,CUST_1396,New
TXN_202301_000471,2023-01-21,REG_02,STORE_004,EMP_002,PROD_049,3,42.85,0.04,123.41,cash,CUST_8147,VIP
TXN_202301_000472,2023-01-06,REG_02,STORE_006,EMP_002,PROD_027,3,136.9,0.01,406.59,mobile,CUST_2930,Premium
TXN_202301_000473,2023-01-29,REG_07,STORE_021,EMP_007,PROD_020,5,208.59,0.07,969.94,card,CUST_3476,Regular
TXN_202301_000474,2023-01-20,REG_02,STORE_004,EMP_002,PROD_038,3,102.22,0.16,257.59,credit,CUST_2372,Regular
TXN_202301_000475,2023-01-05,REG_02,STORE_006,EMP_002,PROD_016,5,116.57,0.05,553.71,mobile,CUST_1751,VIP
TXN_202301_000476,2023-01-26,REG_02,STORE_006,EMP_002,PROD_006,5,232.92,0.23,896.74,credit,CUST_2200,Regular
TXN_202301_000477,2023-01-07,REG_10,STORE_030,EMP_020,PROD_020,2,124.6,0.2,199.36,card,CUST_2466,VIP
TXN_202301_000478,2023-01-31,REG_10,STORE_029,EMP_028,PROD_031,1,324.79,0.24,246.84,credit,CUST_7220,Regular
TXN_202301_000479,2023-01-22,REG_04,STORE_012,EMP_016,PROD_026,4,53.74,0.24,163.37,credit,CUST_8456,Premium
TXN_202301_000480,2023-01-15,REG_09,STORE_025,EMP_025,PROD_041,1,353.94,0.11,315.01,credit,CUST_8337,Premium
TXN_202301_000481,2023-01-19,REG_09,STORE_027,EMP_027,PROD_011,3,448.29,0.01,1331.42,mobile,CUST_9222,New
TXN_202301_000482,2023-01-13,REG_03,STORE_009,EMP_003,PROD_033,2,163.61,0.02,320.68,card,CUST_1637,VIP
TXN_202301_000483,2023-01-03,REG_10,STORE_030,EMP_017,PROD_014,5,192.3,0.15,817.27,cash,CUST_9725,Premium
TXN_202301_000484,2023-01-16,REG_04,STORE_010,EMP_030,PROD_012,3,448.59,0.26,995.87,cash,CUST_4781,VIP
TXN_202301_000485,2023-01-20,REG_10,STORE_029,EMP_028,PROD_009,2,191.99,0.01,380.14,mobile,CUST_8113,VIP
TXN_202301_000486,2023-01-02,REG_08,STORE_023,EMP_012,PROD_029,3,404.33,0.23,934.0,card,CUST_8843,VIP
TXN_202301_000487,2023-01-13,REG_04,STORE_010,EMP_024,PROD_041,2,355.56,0.17,590.23,card,CUST_1717,Regular
TXN_202301_000488,2023-01-12,REG_03,STORE_007,EMP_014,PROD_023,3,435.92,0.19,1059.29,cash,CUST_7632,Premium
TXN_202301_000489,2023-01-15,REG_05,STORE_015,EMP_021,PROD_036,2,249.33,0.03,483.7,mobile,CUST_2522,New
TXN_202301_000490,2023-01-28,REG_03,STORE_007,EMP_003,PROD_037,4,63.74,0.28,183.57,credit,CUST_2748,Premium
TXN_202301_000491,2023-01-25,REG_09,STORE_025,EMP_009,PROD_046,5,195.11,0.28,702.4,credit,CUST_4470,Regular
TXN_202301_000492,2023-01-16,REG_10,STORE_030,EMP_010,PROD_050,1,208.95,0.29,148.35,cash,CUST_3219,Premium
TXN_202301_000493,2023-01-14,REG_05,STORE_014,EMP_021,PROD_049,1,169.04,0.03,163.97,mobile,CUST_6880,Regular
TXN_202301_000494,2023-01-31,REG_05,STORE_014,EMP_021,PROD_008,5,36.33,0.11,161.67,card,CUST_6612,VIP
TXN_202301_000495,2023-01-09,REG_06,STORE_017,EMP_006,PROD_028,4,97.28,0.02,381.34,credit,CUST_6906,Premium
TXN_202301_000496,2023-01-09,REG_10,STORE_028,EMP_017,PROD_044,1,156.43,0.09,142.35,mobile,CUST_3873,Premium
TXN_202301_000497,2023-01-21,REG_03,STORE_007,EMP_014,PROD_009,5,312.08,0.0,1560.4,cash,CUST_3341,Premium
TXN_202301_000498,2023-01-19,REG_02,STORE_004,EMP_002,PROD_030,2,352.53,0.0,705.06,cash,CUST_1470,VIP
TXN_202301_000499,2023-01-21,REG_02,STORE_006,EMP_002,PROD_046,2,465.45,0.19,754.03,cash,CUST_2862,VIP
TXN_202301_000500,2023-01-04,REG_08,STORE_022,EMP_012,PROD_025,2,93.17,0.24,141.62,mobile,CUST_8103,VIP
