transaction_id,date,region,store_id,employee_id,product_id,units,unit_price,discount,revenue,payment,customer_id,customer_segment
TXN_202302_000501,2023-02-05,REG_02,STORE_004,EMP_002,PROD_026,5,228.89,0.15,972.78,credit,CUST_4701,Premium
TXN_202302_000502,2023-02-04,REG_08,STORE_023,EMP_008,PROD_031,5,380.59,0.06,1788.77,cash,CUST_2880,Regular
TXN_202302_000503,2023-02-13,REG_01,STORE_002,EMP_019,PROD_044,3,257.38,0.25,579.11,credit,CUST_7309,New
TXN_202302_000504,2023-02-10,REG_10,STORE_030,EMP_017,PROD_012,4,435.61,0.11,1550.77,cash,CUST_8652,Premium
TXN_202302_000505,2023-02-02,REG_10,STORE_029,EMP_013,PROD_021,5,45.72,0.11,203.45,mobile,CUST_5117,New
TXN_202302_000506,2023-02-26,REG_07,STORE_019,EMP_007,PROD_050,4,128.08,0.26,379.12,credit,CUST_6139,Regular
TXN_202302_000507,2023-02-15,REG_08,STORE_023,EMP_008,PROD_050,3,33.55,0.22,78.51,credit,CUST_3175,Regularbroken_data
TXN_202302_000508,2023-02-17,REG_04,STORE_011,EMP_029,PROD_020,2,384.01,0.06,721.94,credit,CUST_7433,Regular
TXN_202302_000509,2023-02-26,REG_06,STORE_018,EMP_006,PROD_029,1,401.51,0.17,333.25,cash,CUST_6080,Premium
TXN_202302_000510,2023-02-09,REG_08,STORE_022,EMP_008,PROD_049,1,164.27,0.24,124.85,mobile,CUST_2635,New
TXN_202302_000511,2023-02-13,REG_03,STORE_009,EMP_014,PROD_046,2,113.67,0.28,163.68,cash,CUST_3047,Regularbroken_data
TXN_202302_000512,2023-02-02,REG_10,STORE_029,EMP_010,PROD_025,2,159.99,0.19,259.18,credit,CUST_5169,Regular
TXN_202302_000513,2023-02-28,REG_02,STORE_005,EMP_002,PROD_042,2,271.85,0.08,500.2,card,CUST_7961,Regular
TXN_202302_000514,2023-02-01,REG_05,STORE_015,EMP_005,PROD_006,5,311.86,0.2,1247.44,cash,CUST_7018,Regular
TXN_202302_000515,2023-02-09,REG_06,STORE_016,EMP_006,PROD_021,4,76.93,0.24,233.87,cash,CUST_5516,VIP
TXN_202302_000516,2023-02-20,REG_06,STORE_018,EMP_006,PROD_009,5,370.73,0.26,1371.7,mobile,CUST_5572,Regular
TXN_202302_000517,2023-02-16,REG_07,STORE_020,EMP_007,PROD_037,1,200.0,0.19,162.0,cash,CUST_5100,Premium
TXN_202302_000518,2023-02-14,REG_10,STORE_030,EMP_028,PROD_003,2,314.77,0.24,478.45,mobile,CUST_9822,Premium
TXN_202302_000519,2023-02-28,REG_02,STORE_005,EMP_002,PROD_048,2,208.43,0.15,354.33,mobile,CUST_7741,VIP
TXN_202302_000520,2023-02-17,REG_02,STORE_004,EMP_002,PROD_023,1,13.09,0.23,10.08,cash,CUST_8460,Premium
TXN_202302_000521,2023-02-06,REG_09,STORE_027,EMP_022,PROD_018,3,233.03,0.11,622.19,credit,CUST_3332,Premium
TXN_202302_000522,2023-02-15,REG_01,STORE_003,EMP_011,PROD_004,3,113.68,0.08,313.76,credit,CUST_4240,New
TXN_202302_000523,2023-02-21,REG_02,STORE_005,EMP_002,PROD_048,2,13.72,0.14,23.6,cash,CUST_9693,Premium
TXN_202302_000524,2023-02-09,REG_09,STORE_026,EMP_022,PROD_025,4,108.1,0.0,432.4,mobile,CUST_8059,New
TXN_202302_000525,2023-02-03,REG_02,STORE_004,EMP_002,PROD_011,1,439.28,0.1,395.35,cash,CUST_8310,New
TXN_202302_000526,2023-02-10,REG_07,STORE_020,EMP_007,PROD_046,3,365.11,0.04,1051.52,mobile,CUST_8669,Premium
TXN_202302_000527,2023-02-07,REG_03,STORE_007,EMP_003,PROD_007,5,11.62,0.03,56.36,card,CUST_9862,New
TXN_202302_000528,2023-02-24,REG_01,STORE_001,EMP_011,PROD_005,1,72.24,0.13,62.85,mobile,CUST_7192,New
TXN_202302_000529,2023-02-06,REG_03,STORE_007,EMP_003,PROD_030,2,229.59,0.2,367.34,mobile,CUST_1440,Regular
TXN_202302_000530,2023-02-22,REG_10,STORE_029,EMP_028,PROD_041,4,62.09,0.29,176.34,card,CUST_8081,Premium
TXN_202302_000531,2023-02-05,REG_08,STORE_024,EMP_012,PROD_034,1,151.21,0.17,125.5,cash,CUST_7692,VIP
TXN_202302_000532,2023-02-14,REG_01,STORE_001,EMP_019,PROD_049,3,15.96,0.23,36.87,mobile,CUST_9531,VIPbroken_data
TXN_202302_000533,2023-02-13,REG_10,STORE_030,EMP_028,PROD_022,5,468.31,0.28,1685.92,credit,CUST_6611,New
TXN_202302_000534,2023-02-02,REG_09,STORE_026,EMP_027,PROD_020,4,121.1,0.24,368.14,cash,CUST_6911,Premium
TXN_202302_000535,2023-02-25,REG_01,STORE_001,EMP_011,PROD_037,4,395.03,0.13,1374.7,cash,CUST_3563,Regular
TXN_202302_000536,2023-02-12,REG_10,STORE_028,EMP_017,PROD_019,5,351.72,0.29,1248.61,cash,CUST_5153,VIP
TXN_202302_000537,2023-02-19,REG_04,STORE_010,EMP_004,PROD_040,2,312.72,0.27,456.57,mobile,CUST_4665,Regular
TXN_202302_000538,2023-02-05,REG_02,STORE_005,EMP_002,PROD_050,5,86.82,0.28,312.55,cash,CUST_7214,Premium
TXN_202302_000539,2023-02-21,REG_06,STORE_016,EMP_006,PROD_002,1,226.85,0.02,222.31,cash,CUST_4489,Premium
TXN_202302_000540,2023-02-09,REG_01,STORE_002,EMP_011,PROD_033,5,150.07,0.29,532.75,card,CUST_9139,Premiumbroken_data
TXN_202302_000541,2023-02-03,REG_07,STORE_020,EMP_007,PROD_035,5,448.92,0.22,1750.79,card,CUST_1680,VIP
TXN_202302_000542,2023-02-20,REG_09,STORE_026,EMP_025,PROD_030,2,296.61,0.01,587.29,card,CUST_9647,Premium
TXN_202302_000543,2023-02-21,REG_06,STORE_017,EMP_006,PROD_029,1,207.26,0.11,184.46,card,CUST_9600,Premium
TXN_202302_000544,2023-02-26,REG_03,STORE_009,EMP_003,PROD_027,4,442.53,0.28,1274.49,credit,CUST_4339,VIP
TXN_202302_000545,2023-02-14,REG_06,STORE_018,EMP_006,PROD_001,5,215.43,0.23,829.41,card,CUST_2019,Premium
TXN_202302_000546,2023-02-27,REG_08,STORE_022,EMP_015,PROD_029,2,138.27,0.19,224.0,card,CUST_6550,Regular
TXN_202302_000547,2023-02-22,REG_09,STORE_026,EMP_009,PROD_031,1,126.27,0.22,98.49,credit,CUST_3204,Newbroken_data
TXN_202302_000548,2023-02-11,REG_10,STORE_028,EMP_013,PROD_015,5,86.27,0.16,362.33,credit,CUST_2469,Regular
TXN_202302_000549,2023-02-05,REG_06,STORE_018,EMP_006,PROD_026,1,219.96,0.1,197.96,cash,CUST_7750,Premium
TXN_202302_000550,2023-02-20,REG_08,STORE_023,EMP_012,PROD_044,1,183.67,0.09,167.14,credit,CUST_3831,Regular
TXN_202302_000551,2023-02-10,REG_03,STORE_009,EMP_003,PROD_022,2,493.8,0.12,869.09,credit,CUST_5545,New
TXN_202302_000552,2023-02-09,REG_04,STORE_012,EMP_026,PROD_025,5,37.41,0.19,151.51,cash,CUST_7713,Regular
TXN_202302_000553,2023-02-03,REG_08,STORE_024,EMP_008,PROD_043,1,32.22,0.14,27.71,cash,CUST_6009,New
TXN_202302_000554,2023-02-16,REG_02,STORE_006,EMP_002,PROD_008,5,446.49,0.18,1830.61,credit,CUST_3679,VIP
TXN_202302_000555,2023-02-27,REG_10,STORE_029,EMP_013,PROD_001,3,485.33,0.02,1426.87,cash,CUST_2321,New
TXN_202302_000556,2023-02-04,REG_08,STORE_022,EMP_012,PROD_004,2,239.68,0.23,369.11,cash,CUST_8899,VIP
TXN_202302_000557,2023-02-04,REG_10,STORE_028,EMP_010,PROD_001,5,437.14,0.01,2163.84,cash,CUST_4653,VIP
TXN_202302_000558,2023-02-09,REG_01,STORE_001,EMP_011,PROD_038,4,280.64,0.18,920.5,cash,CUST_3971,Premium
TXN_202302_000559,2023-02-24,REG_10,STORE_028,EMP_020,PROD_003,4,358.99,0.06,1349.8,mobile,CUST_6144,Premium
TXN_202302_000560,2023-02-10,REG_07,STORE_019,EMP_007,PROD_006,4,413.04,0.26,1222.6,credit,CUST_9752,Regular
TXN_202302_000561,2023-02-07,REG_07,STORE_021,EMP_007,PROD_033,1,214.26,0.23,164.98,mobile,CUST_2311,Premium
TXN_202302_000562,2023-02-26,REG_10,STORE_028,EMP_013,PROD_018,3,164.03,0.15,418.28,card,CUST_9876,Premium
TXN_202302_000563,2023-02-11,REG_03,STORE_007,EMP_014,PROD_009,3,291.38,0.27,638.12,credit,CUST_2815,Premium
TXN_202302_000564,2023-02-12,REG_05,STORE_014,EMP_021,PROD_048,1,453.19,0.08,416.93,credit,CUST_3483,Newbroken_data
TXN_202302_000565,2023-02-20,REG_08,STORE_023,EMP_023,PROD_021,1,354.94,0.01,351.39,cash,CUST_2113,Regular
TXN_202302_000566,2023-02-11,REG_05,STORE_013,EMP_005,PROD_014,3,112.77,0.27,246.97,credit,CUST_5711,New
TXN_202302_000567,2023-02-18,REG_09,STORE_026,EMP_009,PROD_025,1,175.39,0.16,147.33,mobile,CUST_8856,Regular
TXN_202302_000568,2023-02-11,REG_04,STORE_012,EMP_024,PROD_010,4,36.89,0.24,112.15,credit,CUST_9728,New
TXN_202302_000569,2023-02-07,REG_07,STORE_019,EMP_007,PROD_020,4,488.18,0.26,1445.01,mobile,CUST_2751,Regular
TXN_202302_000570,2023-02-09,REG_06,STORE_017,EMP_006,PROD_047,1,57.61,0.15,48.97,cash,CUST_9024,Regular
TXN_202302_000571,2023-02-17,REG_03,STORE_009,EMP_014,PROD_036,5,343.95,0.13,1496.18,credit,CUST_4316,VIP
TXN_202302_000572,2023-02-21,REG_04,STORE_011,EMP_016,PROD_018,5,56.21,0.0,281.05,mobile,CUST_4684,Regular
TXN_202302_000573,2023-02-12,REG_08,STORE_023,EMP_023,PROD_043,1,359.85,0.13,313.07,cash,CUST_9242,VIP
TXN_202302_000574,2023-02-01,REG_05,STORE_014,EMP_005,PROD_018,5,492.02,0.28,1771.27,card,CUST_5547,VIP
TXN_202302_000575,2023-02-08,REG_04,STORE_012,EMP_026,PROD_041,4,372.4,0.07,1385.33,mobile,CUST_3816,VIP
TXN_202302_000576,2023-02-02,REG_09,STORE_026,EMP_025,PROD_037,2,168.55,0.17,279.79,card,CUST_7943,Premium
TXN_202302_000577,2023-02-22,REG_07,STORE_020,EMP_007,PROD_011,3,174.18,0.12,459.84,credit,CUST_2096,Regularbroken_data
TXN_202302_000578,2023-02-21,REG_07,STORE_021,EMP_007,PROD_034,5,226.26,0.25,848.47,cash,CUST_7974,VIP
TXN_202302_000579,2023-02-18,REG_08,STORE_024,EMP_008,PROD_036,2,263.41,0.01,521.55,card,CUST_1871,New
TXN_202302_000580,2023-02-25,REG_02,STORE_004,EMP_002,PROD_037,1,457.23,0.12,402.36,mobile,CUST_3918,Regular
TXN_202302_000581,2023-02-26,REG_02,STORE_004,EMP_002,PROD_013,3,232.86,0.09,635.71,cash,CUST_1653,Premiumbroken_data
TXN_202302_000582,2023-02-07,REG_08,STORE_024,EMP_008,PROD_030,1,288.63,0.25,216.47,credit,CUST_3435,Premium
TXN_202302_000583,2023-02-12,REG_06,STORE_017,EMP_006,PROD_029,2,76.94,0.11,136.95,mobile,CUST_5713,Premium
TXN_202302_000584,2023-02-08,REG_07,STORE_019,EMP_007,PROD_040,1,133.2,0.27,97.24,cash,CUST_1649,VIP
TXN_202302_000585,2023-02-03,REG_10,STORE_030,EMP_028,PROD_018,2,318.84,0.28,459.13,cash,CUST_7022,Premium
TXN_202302_000586,2023-02-05,REG_04,STORE_010,EMP_030,PROD_045,4,441.74,0.24,1342.89,mobile,CUST_2306,Premium
TXN_202302_000587,2023-02-11,REG_02,STORE_005,EMP_002,PROD_038,1,191.54,0.03,185.79,mobile,CUST_5368,Premium
TXN_202302_000588,2023-02-19,REG_01,STORE_001,EMP_011,PROD_036,3,130.31,0.2,312.74,credit,CUST_8632,VIP
TXN_202302_000589,2023-02-18,REG_01,STORE_002,EMP_011,PROD_010,1,399.02,0.25,299.26,credit,CUST_8696,Regular
TXN_202302_000590,2023-02-18,REG_05,STORE_015,EMP_005,PROD_046,4,61.09,0.08,224.81,credit,CUST_3814,Regularbroken_data
TXN_202302_000591,2023-02-07,REG_03,STORE_007,EMP_003,PROD_030,1,229.55,0.28,165.28,card,CUST_9120,Regular
TXN_202302_000592,2023-02-13,REG_09,STORE_025,EMP_025,PROD_023,5,296.47,0.21,1171.06,mobile,CUST_3895,VIP
TXN_202302_000593,2023-02-02,REG_04,STORE_010,EMP_004,PROD_050,2,327.16,0.08,601.97,mobile,CUST_9234,Regular
TXN_202302_000594,2023-02-19,REG_10,STORE_029,EMP_010,PROD_030,1,126.18,0.28,90.85,mobile,CUST_6929,Regular
TXN_202302_000595,2023-02-27,REG_09,STORE_027,EMP_025,PROD_030,5,124.55,0.22,485.75,mobile,CUST_7266,VIP
TXN_202302_000596,2023-02-14,REG_02,STORE_005,EMP_002,PROD_044,1,161.12,0.3,112.78,cash,CUST_9542,New
TXN_202302_000597,2023-02-19,REG_04,STORE_011,EMP_016,PROD_035,4,170.0,0.12,598.4,credit,CUST_6504,VIP
TXN_202302_000598,2023-02-28,REG_01,STORE_003,EMP_011,PROD_024,2,49.89,0.12,87.81,cash,CUST_9202,New
TXN_202302_000599,2023-02-22,REG_08,STORE_022,EMP_008,PROD_030,1,352.39,0.17,292.48,cash,CUST_7037,New
TXN_202302_000600,2023-02-28,REG_05,STORE_014,EMP_021,PROD_019,1,67.12,0.08,61.75,credit,CUST_8197,Premium
TXN_202302_000601,2023-02-04,REG_01,STORE_002,EMP_018,PROD_027,5,295.71,0.16,1241.98,credit,CUST_7113,Premium
TXN_202302_000602,2023-02-02,REG_10,STORE_028,EMP_020,PROD_011,5,150.6,0.29,534.63,card,CUST_7953,Premium
TXN_202302_000603,2023-02-03,REG_02,STORE_006,EMP_002,PROD_001,3,181.99,0.0,545.97,credit,CUST_5230,Regular
TXN_202302_000604,2023-02-03,REG_09,STORE_025,EMP_027,PROD_025,3,338.22,0.27,740.7,mobile,CUST_6981,VIP
TXN_202302_000605,2023-02-23,REG_08,STORE_022,EMP_008,PROD_013,1,110.08,0.05,104.58,cash,CUST_4680,Regular
TXN_202302_000606,2023-02-26,REG_09,STORE_025,EMP_027,PROD_009,2,77.62,0.14,133.51,credit,CUST_6752,New
TXN_202302_000607,2023-02-25,REG_10,STORE_030,EMP_020,PROD_014,1,124.16,0.21,98.09,credit,CUST_1447,VIP
TXN_202302_000608,2023-02-15,REG_06,STORE_016,EMP_006,PROD_001,1,128.06,0.1,115.25,credit,CUST_2631,New
TXN_202302_000609,2023-02-17,REG_05,STORE_013,EMP_021,PROD_044,1,180.56,0.12,158.89,credit,CUST_1018,VIP
TXN_202302_000610,2023-02-22,REG_01,STORE_002,EMP_018,PROD_038,4,123.68,0.19,400.72,mobile,CUST_8979,VIPbroken_data
TXN_202302_000611,2023-02-01,REG_07,STORE_021,EMP_007,PROD_025,2,439.71,0.16,738.71,mobile,CUST_9822,New
TXN_202302_000612,2023-02-27,REG_01,STORE_003,EMP_001,PROD_041,5,226.72,0.08,1042.91,card,CUST_5804,New
TXN_202302_000613,2023-02-03,REG_01,STORE_001,EMP_018,PROD_049,1,194.0,0.02,190.12,card,CUST_2660,VIP
TXN_202302_000614,2023-02-18,REG_04,STORE_010,EMP_030,PROD_012,3,365.26,0.08,1008.12,credit,CUST_5933,Premiumbroken_data
TXN_202302_000615,2023-02-20,REG_04,STORE_012,EMP_016,PROD_033,1,400.22,0.16,336.18,card,CUST_6939,Regular
TXN_202302_000616,2023-02-03,REG_02,STORE_004,EMP_002,PROD_047,4,145.51,0.21,459.81,cash,CUST_6274,New
TXN_202302_000617,2023-02-07,REG_04,STORE_010,EMP_024,PROD_033,4,328.29,0.24,998.0,mobile,CUST_9518,New
TXN_202302_000618,2023-02-06,REG_02,STORE_005,EMP_002,PROD_003,2,416.3,0.11,741.01,card,CUST_7051,Premium
TXN_202302_000619,2023-02-18,REG_09,STORE_026,EMP_027,PROD_046,3,184.52,0.22,431.78,cash,CUST_2105,Regular
TXN_202302_000620,2023-02-15,REG_09,STORE_027,EMP_009,PROD_048,1,112.24,0.21,88.67,credit,CUST_6566,VIP
TXN_202302_000621,2023-02-07,REG_04,STORE_010,EMP_029,PROD_015,5,166.26,0.07,773.11,mobile,CUST_5829,Regular
TXN_202302_000622,2023-02-25,REG_03,STORE_008,EMP_014,PROD_012,3,257.21,0.25,578.72,cash,CUST_2710,New
TXN_202302_000623,2023-02-17,REG_02,STORE_006,EMP_002,PROD_024,2,122.5,0.16,205.8,credit,CUST_6671,Premium
TXN_202302_000624,2023-02-08,REG_04,STORE_010,EMP_029,PROD_028,1,276.2,0.18,226.48,mobile,CUST_6563,New
TXN_202302_000625,2023-02-14,REG_10,STORE_028,EMP_017,PROD_042,4,175.25,0.28,504.72,credit,CUST_4686,New
TXN_202302_000626,2023-02-23,REG_07,STORE_020,EMP_007,PROD_029,1,225.47,0.2,180.38,card,CUST_9630,Regular
TXN_202302_000627,2023-02-18,REG_05,STORE_014,EMP_005,PROD_041,4,433.59,0.12,1526.24,credit,CUST_7936,New
TXN_202302_000628,2023-02-11,REG_09,STORE_026,EMP_022,PROD_040,3,381.66,0.1,1030.48,cash,CUST_2869,Premium
TXN_202302_000629,2023-02-10,REG_04,STORE_012,EMP_024,PROD_050,3,392.66,0.06,1107.3,credit,CUST_4575,Regular
TXN_202302_000630,2023-02-12,REG_03,STORE_007,EMP_003,PROD_019,1,334.47,0.15,284.3,card,CUST_4406,Regularbroken_data
TXN_202302_000631,2023-02-01,REG_10,STORE_028,EMP_028,PROD_042,5,336.24,0.26,1244.09,cash,CUST_5040,VIP
TXN_202302_000632,2023-02-03,REG_10,STORE_029,EMP_020,PROD_015,5,213.62,0.05,1014.69,credit,CUST_3461,Regular
TXN_202302_000633,2023-02-08,REG_06,STORE_016,EMP_006,PROD_034,1,63.08,0.15,53.62,card,CUST_1188,Regular
TXN_202302_000634,2023-02-03,REG_09,STORE_026,EMP_022,PROD_050,4,487.3,0.1,1754.28,mobile,CUST_3460,Regular
TXN_202302_000635,2023-02-16,REG_09,STORE_027,EMP_027,PROD_030,5,69.4,0.26,256.78,mobile,CUST_3830,Premium
TXN_202302_000636,2023-02-10,REG_04,STORE_010,EMP_026,PROD_004,3,358.27,0.05,1021.07,credit,CUST_3330,Regular
TXN_202302_000637,2023-02-25,REG_03,STORE_008,EMP_014,PROD_038,4,203.59,0.01,806.22,credit,CUST_8301,Regular
TXN_202302_000638,2023-02-11,REG_03,STORE_007,EMP_014,PROD_012,5,426.0,0.13,1853.1,credit,CUST_4615,Regularbroken_data
TXN_202302_000639,2023-02-03,REG_04,STORE_011,EMP_029,PROD_043,1,29.15,0.14,25.07,credit,CUST_1867,Regular
TXN_202302_000640,2023-02-07,REG_02,STORE_006,EMP_002,PROD_043,5,414.73,0.14,1783.34,cash,CUST_8855,Regular
TXN_202302_000641,2023-02-22,REG_03,STORE_008,EMP_003,PROD_034,1,263.43,0.13,229.18,card,CUST_2792,VIP
TXN_202302_000642,2023-02-20,REG_05,STORE_015,EMP_021,PROD_032,5,106.65,0.13,463.93,card,CUST_3265,Regular
TXN_202302_000643,2023-02-25,REG_08,STORE_022,EMP_023,PROD_022,3,466.39,0.1,1259.25,card,CUST_2966,VIP
TXN_202302_000644,2023-02-10,REG_07,STORE_019,EMP_007,PROD_032,1,297.11,0.13,258.49,credit,CUST_1779,Regular
TXN_202302_000645,2023-02-17,REG_01,STORE_003,EMP_011,PROD_011,2,378.89,0.04,727.47,credit,CUST_4865,New
TXN_202302_000646,2023-02-08,REG_04,STORE_010,EMP_029,PROD_008,5,32.53,0.04,156.14,cash,CUST_9910,Premium
TXN_202302_000647,2023-02-09,REG_05,STORE_014,EMP_005,PROD_006,4,54.27,0.27,158.47,card,CUST_4543,Regular
TXN_202302_000648,2023-02-16,REG_05,STORE_013,EMP_021,PROD_013,4,143.17,0.06,538.32,card,CUST_9693,VIP
TXN_202302_000649,2023-02-02,REG_09,STORE_027,EMP_009,PROD_016,5,446.17,0.2,1784.68,credit,CUST_9812,Regular
TXN_202302_000650,2023-02-14,REG_06,STORE_018,EMP_006,PROD_027,5,148.19,0.25,555.71,mobile,CUST_1865,Regular
TXN_202302_000651,2023-02-05,REG_03,STORE_007,EMP_003,PROD_022,3,422.77,0.17,1052.7,mobile,CUST_8921,Premium
TXN_202302_000652,2023-02-08,REG_07,STORE_020,EMP_007,PROD_037,2,151.09,0.22,235.7,mobile,CUST_2753,Premium
TXN_202302_000653,2023-02-09,REG_06,STORE_017,EMP_006,PROD_007,4,485.28,0.13,1688.77,cash,CUST_4300,New
TXN_202302_000654,2023-02-08,REG_06,STORE_018,EMP_006,PROD_025,4,375.34,0.04,1441.31,card,CUST_4846,New
TXN_202302_000655,2023-02-12,REG_05,STORE_013,EMP_005,PROD_008,4,179.94,0.07,669.38,card,CUST_8696,Regular
TXN_202302_000656,2023-02-22,REG_05,STORE_014,EMP_005,PROD_032,2,281.6,0.15,478.72,cash,CUST_5043,New
TXN_202302_000657,2023-02-21,REG_06,STORE_016,EMP_006,PROD_019,3,156.51,0.25,352.15,card,CUST_2639,VIP
TXN_202302_000658,2023-02-07,REG_08,STORE_024,EMP_023,PROD_049,5,437.66,0.1,1969.47,card,CUST_9834,Premium
TXN_202302_000659,2023-02-01,REG_09,STORE_025,EMP_022,PROD_022,5,364.26,0.14,1566.32,mobile,CUST_2299,VIP
TXN_202302_000660,2023-02-18,REG_03,STORE_008,EMP_003,PROD_032,1,98.66,0.22,76.95,credit,CUST_5937,Premium
TXN_202302_000661,2023-02-23,REG_07,STORE_021,EMP_007,PROD_005,2,46.51,0.15,79.07,cash,CUST_9175,VIP
TXN_202302_000662,2023-02-10,REG_05,STORE_013,EMP_005,PROD_001,3,282.89,0.27,619.53,mobile,CUST_1475,Regular
TXN_202302_000663,2023-02-08,REG_06,STORE_018,EMP_006,PROD_049,5,139.08,0.16,584.14,credit,CUST_7078,Regular
TXN_202302_000664,2023-02-17,REG_09,STORE_027,EMP_027,PROD_002,2,155.78,0.1,280.4,card,CUST_9440,VIP
TXN_202302_000665,2023-02-07,REG_01,STORE_002,EMP_019,PROD_028,1,157.63,0.06,148.17,credit,CUST_9539,New
TXN_202302_000666,2023-02-23,REG_04,STORE_012,EMP_016,PROD_040,5,494.63,0.13,2151.64,credit,CUST_7313,Premium
TXN_202302_000667,2023-02-06,REG_09,STORE_026,EMP_027,PROD_026,3,112.46,0.14,290.15,credit,CUST_5618,Regular
TXN_202302_000668,2023-02-16,REG_08,STORE_024,EMP_012,PROD_008,5,213.67,0.1,961.51,cash,CUST_7162,New
TXN_202302_000669,2023-02-12,REG_04,STORE_010,EMP_024,PROD_005,2,32.08,0.06,60.31,credit,CUST_6676,New
TXN_202302_000670,2023-02-21,REG_04,STORE_011,EMP_016,PROD_001,5,268.05,0.25,1005.19,mobile,CUST_5379,New
TXN_202302_000671,2023-02-21,REG_01,STORE_001,EMP_018,PROD_039,2,226.94,0.09,413.03,cash,CUST_5700,VIP
TXN_202302_000672,2023-02-22,REG_10,STORE_030,EMP_017,PROD_010,2,18.14,0.21,28.66,cash,CUST_2097,New
TXN_202302_000673,2023-02-25,REG_10,STORE_028,EMP_013,PROD_004,3,492.4,0.29,1048.81,cash,CUST_5768,New
TXN_202302_000674,2023-02-25,REG_10,STORE_029,EMP_028,PROD_048,5,395.82,0.25,1484.32,mobile,CUST_5204,New
TXN_202302_000675,2023-02-12,REG_07,STORE_020,EMP_007,PROD_001,3,252.17,0.19,612.77,cash,CUST_2570,Regular
TXN_202302_000676,2023-02-13,REG_02,STORE_005,EMP_002,PROD_019,2,16.48,0.03,31.97,card,CUST_9012,VIP
TXN_202302_000677,2023-02-11,REG_05,STORE_015,EMP_021,PROD_038,4,211.93,0.22,661.22,mobile,CUST_2883,New
TXN_202302_000678,2023-02-15,REG_05,STORE_013,EMP_021,PROD_030,3,154.0,0.24,351.12,credit,CUST_4802,Premium
TXN_202302_000679,2023-02-21,REG_08,STORE_023,EMP_015,PROD_040,4,85.65,0.25,256.95,credit,CUST_2336,VIPbroken_data
TXN_202302_000680,2023-02-17,REG_07,STORE_019,EMP_007,PROD_005,3,274.48,0.17,683.46,card,CUST_7190,New
TXN_202302_000681,2023-02-14,REG_08,STORE_023,EMP_023,PROD_043,4,174.91,0.25,524.73,credit,CUST_9561,VIP
TXN_202302_000682,2023-02-10,REG_02,STORE_005,EMP_002,PROD_020,2,392.85,0.13,683.56,card,CUST_1055,Premium
TXN_202302_000683,2023-02-03,REG_07,STORE_021,EMP_007,PROD_032,1,383.68,0.08,352.99,credit,CUST_9769,New
TXN_202302_000684,2023-02-06,REG_10,STORE_030,EMP_020,PROD_032,4,230.18,0.18,754.99,cash,CUST_4925,Regular
TXN_202302_000685,2023-02-28,REG_02,STORE_005,EMP_002,PROD_018,3,42.74,0.22,100.01,card,CUST_7310,VIP
TXN_202302_000686,2023-02-15,REG_08,STORE_022,EMP_015,PROD_043,4,64.46,0.23,198.54,credit,CUST_5611,Regular
TXN_202302_000687,2023-02-25,REG_02,STORE_004,EMP_002,PROD_013,5,380.63,0.27,1389.3,mobile,CUST_8872,Regular
TXN_202302_000688,2023-02-16,REG_09,STORE_027,EMP_027,PROD_001,5,25.67,0.06,120.65,mobile,CUST_6778,Regular
TXN_202302_000689,2023-02-10,REG_02,STORE_004,EMP_002,PROD_002,1,374.04,0.27,273.05,credit,CUST_2823,Premium
TXN_202302_000690,2023-02-28,REG_06,STORE_016,EMP_006,PROD_035,5,206.2,0.13,896.97,mobile,CUST_6439,Regular
TXN_202302_000691,2023-02-09,REG_01,STORE_003,EMP_018,PROD_028,3,21.95,0.18,54.0,cash,CUST_2178,Premium
TXN_202302_000692,2023-02-14,REG_08,STORE_024,EMP_015,PROD_040,2,412.88,0.22,644.09,cash,CUST_5643,Regular
TXN_202302_000693,2023-02-08,REG_06,STORE_017,EMP_006,PROD_048,5,297.16,0.04,1426.37,mobile,CUST_2250,Regular
TXN_202302_000694,2023-02-22,REG_06,STORE_017,EMP_006,PROD_033,1,457.53,0.24,347.72,cash,CUST_6875,VIP
TXN_202302_000695,2023-02-12,REG_03,STORE_007,EMP_014,PROD_016,3,456.42,0.05,1300.8,cash,CUST_7893,Premium
TXN_202302_000696,2023-02-25,REG_06,STORE_017,EMP_006,PROD_027,3,223.84,0.12,590.94,cash,CUST_3196,VIP
TXN_202302_000697,2023-02-24,REG_02,STORE_006,EMP_002,PROD_041,2,242.33,0.18,397.42,cash,CUST_6496,New
TXN_202302_000698,2023-02-21,REG_10,STORE_030,EMP_020,PROD_033,3,380.94,0.2,914.26,card,CUST_1298,VIP
TXN_202302_000699,2023-02-04,REG_02,STORE_005,EMP_002,PROD_015,3,235.75,0.19,572.87,mobile,CUST_9601,Premium
TXN_202302_000700,2023-02-21,REG_08,STORE_022,EMP_015,PROD_007,3,213.76,0.2,513.02,credit,CUST_3654,VIP
TXN_202302_000701,2023-02-26,REG_07,STORE_021,EMP_007,PROD_018,5,26.52,0.02,129.95,card,CUST_4116,Regular
TXN_202302_000702,2023-02-14,REG_02,STORE_006,EMP_002,PROD_036,3,389.35,0.02,1144.69,credit,CUST_5768,Regular
TXN_202302_000703,2023-02-05,REG_07,STORE_019,EMP_007,PROD_009,2,32.97,0.12,58.03,card,CUST_4938,New
TXN_202302_000704,2023-02-08,REG_03,STORE_007,EMP_003,PROD_048,2,459.56,0.18,753.68,card,CUST_4520,New
TXN_202302_000705,2023-02-28,REG_07,STORE_019,EMP_007,PROD_036,4,468.51,0.15,1592.93,credit,CUST_6090,VIP
TXN_202302_000706,2023-02-07,REG_03,STORE_008,EMP_014,PROD_006,2,129.8,0.07,241.43,mobile,CUST_2024,VIP
TXN_202302_000707,2023-02-18,REG_02,STORE_004,EMP_002,PROD_041,5,356.87,0.04,1712.98,card,CUST_8094,New
TXN_202302_000708,2023-02-13,REG_09,STORE_027,EMP_009,PROD_046,3,136.52,0.17,339.93,cash,CUST_3825,Premiumbroken_data
TXN_202302_000709,2023-02-12,REG_02,STORE_005,EMP_002,PROD_049,2,222.54,0.08,409.47,mobile,CUST_7347,VIP
TXN_202302_000710,2023-02-14,REG_09,STORE_027,EMP_022,PROD_011,2,396.88,0.03,769.95,credit,CUST_5414,Premium
TXN_202302_000711,2023-02-08,REG_06,STORE_017,EMP_006,PROD_048,4,415.13,0.16,1394.84,card,CUST_4803,VIP
TXN_202302_000712,2023-02-18,REG_02,STORE_004,EMP_002,PROD_018,3,262.12,0.12,692.0,mobile,CUST_3083,New
TXN_202302_000713,2023-02-02,REG_01,STORE_002,EMP_019,PROD_037,2,312.42,0.29,443.64,credit,CUST_9074,Premium
TXN_202302_000714,2023-02-26,REG_03,STORE_007,EMP_003,PROD_018,3,301.08,0.22,704.53,credit,CUST_2107,Regular
TXN_202302_000715,2023-02-13,REG_10,STORE_030,EMP_028,PROD_043,2,144.63,0.21,228.52,cash,CUST_9172,Regular
TXN_202302_000716,2023-02-17,REG_04,STORE_012,EMP_026,PROD_024,5,35.37,0.07,164.47,cash,CUST_1257,VIP
TXN_202302_000717,2023-02-19,REG_02,STORE_005,EMP_002,PROD_011,5,233.56,0.05,1109.41,credit,CUST_2718,Regular
TXN_202302_000718,2023-02-25,REG_09,STORE_025,EMP_022,PROD_012,3,325.44,0.28,702.95,card,CUST_5758,Regular
TXN_202302_000719,2023-02-13,REG_01,STORE_001,EMP_011,PROD_015,3,463.74,0.16,1168.62,cash,CUST_3032,VIPbroken_data
TXN_202302_000720,2023-02-02,REG_10,STORE_030,EMP_010,PROD_029,3,360.87,0.09,985.18,card,CUST_6848,VIP
TXN_202302_000721,2023-02-15,REG_04,STORE_012,EMP_016,PROD_027,5,354.01,0.01,1752.35,card,CUST_9364,VIP
TXN_202302_000722,2023-02-06,REG_01,STORE_003,EMP_011,PROD_007,1,462.03,0.2,369.62,cash,CUST_1204,Regular
TXN_202302_000723,2023-02-10,REG_08,STORE_024,EMP_008,PROD_014,5,195.93,0.25,734.74,cash,CUST_7638,New
TXN_202302_000724,2023-02-09,REG_02,STORE_006,EMP_002,PROD_025,4,255.41,0.12,899.04,card,CUST_9085,VIP
TXN_202302_000725,2023-02-21,REG_03,STORE_007,EMP_003,PROD_046,2,327.98,0.01,649.4,credit,CUST_7836,Regular
TXN_202302_000726,2023-02-03,REG_07,STORE_019,EMP_007,PROD_039,1,180.06,0.28,129.64,cash,CUST_5593,VIPbroken_data
TXN_202302_000727,2023-02-16,REG_07,STORE_020,EMP_007,PROD_007,2,352.09,0.19,570.39,card,CUST_9928,Premium
TXN_202302_000728,2023-02-04,REG_04,STORE_012,EMP_030,PROD_023,3,488.38,0.18,1201.41,mobile,CUST_1524,VIP
TXN_202302_000729,2023-02-23,REG_02,STORE_005,EMP_002,PROD_029,3,449.94,0.18,1106.85,mobile,CUST_9053,Premiumbroken_data
TXN_202302_000730,2023-02-08,REG_08,STORE_023,EMP_023,PROD_047,3,125.41,0.22,293.46,cash,CUST_8119,New
TXN_202302_000731,2023-02-09,REG_01,STORE_003,EMP_018,PROD_001,3,55.22,0.18,135.84,cash,CUST_6334,Regular
TXN_202302_000732,2023-02-09,REG_09,STORE_025,EMP_027,PROD_026,2,71.26,0.09,129.69,card,CUST_2510,VIP
TXN_202302_000733,2023-02-16,REG_09,STORE_027,EMP_027,PROD_007,4,129.18,0.18,423.71,mobile,CUST_3384,New
TXN_202302_000734,2023-02-07,REG_05,STORE_015,EMP_005,PROD_015,4,362.86,0.24,1103.09,cash,CUST_2866,Regular
TXN_202302_000735,2023-02-03,REG_02,STORE_005,EMP_002,PROD_021,1,189.72,0.18,155.57,credit,CUST_5903,VIP
TXN_202302_000736,2023-02-28,REG_07,STORE_021,EMP_007,PROD_039,3,391.73,0.17,975.41,credit,CUST_8988,VIP
TXN_202302_000737,2023-02-02,REG_08,STORE_022,EMP_012,PROD_018,1,201.78,0.04,193.71,card,CUST_4673,Regular
TXN_202302_000738,2023-02-17,REG_09,STORE_025,EMP_009,PROD_010,4,305.5,0.1,1099.8,mobile,CUST_7223,New
TXN_202302_000739,2023-02-03,REG_04,STORE_010,EMP_030,PROD_048,3,28.48,0.28,61.52,card,CUST_2379,VIP
TXN_202302_000740,2023-02-04,REG_01,STORE_001,EMP_011,PROD_050,5,218.91,0.15,930.37,card,CUST_7118,Newbroken_data
TXN_202302_000741,2023-02-11,REG_03,STORE_008,EMP_003,PROD_015,2,418.99,0.05,796.08,card,CUST_9087,New
TXN_202302_000742,2023-02-17,REG_09,STORE_026,EMP_025,PROD_021,3,380.14,0.14,980.76,credit,CUST_5607,Premium
TXN_202302_000743,2023-02-14,REG_10,STORE_030,EMP_020,PROD_014,3,350.53,0.19,851.79,mobile,CUST_8206,Regular
TXN_202302_000744,2023-02-28,REG_06,STORE_016,EMP_006,PROD_003,1,499.63,0.3,349.74,card,CUST_2051,New
TXN_202302_000745,2023-02-03,REG_04,STORE_010,EMP_004,PROD_026,2,43.15,0.04,82.85,card,CUST_2126,New
TXN_202302_000746,2023-02-01,REG_07,STORE_019,EMP_007,PROD_027,1,333.87,0.23,257.08,card,CUST_2843,Premium
TXN_202302_000747,2023-02-26,REG_05,STORE_014,EMP_021,PROD_020,1,459.1,0.02,449.92,card,CUST_2339,New
TXN_202302_000748,2023-02-25,REG_08,STORE_023,EMP_008,PROD_035,2,419.46,0.01,830.53,mobile,CUST_8461,Premium
TXN_202302_000749,2023-02-03,REG_03,STORE_008,EMP_014,PROD_028,4,344.86,0.24,1048.37,mobile,CUST_2917,VIP
TXN_202302_000750,2023-02-16,REG_09,STORE_027,EMP_022,PROD_044,2,363.4,0.28,523.3,credit,CUST_4322,VIP
TXN_202302_000751,2023-02-05,REG_04,STORE_011,EMP_004,PROD_003,4,405.49,0.23,1248.91,credit,CUST_3182,New
TXN_202302_000752,2023-02-18,REG_08,STORE_022,EMP_015,PROD_019,1,440.22,0.18,360.98,credit,CUST_5304,New
TXN_202302_000753,2023-02-19,REG_07,STORE_020,EMP_007,PROD_050,2,392.85,0.14,675.7,card,CUST_6550,VIP
TXN_202302_000754,2023-02-12,REG_08,STORE_024,EMP_012,PROD_004,3,472.48,0.3,992.21,cash,CUST_7298,VIP
TXN_202302_000755,2023-02-21,REG_08,STORE_022,EMP_023,PROD_017,1,45.43,0.18,37.25,mobile,CUST_7045,VIP
TXN_202302_000756,2023-02-24,REG_08,STORE_024,EMP_012,PROD_042,2,387.65,0.09,705.52,cash,CUST_2153,Premium
TXN_202302_000757,2023-02-06,REG_04,STORE_012,EMP_024,PROD_042,3,440.86,0.09,1203.55,mobile,CUST_3743,New
TXN_202302_000758,2023-02-17,REG_05,STORE_014,EMP_021,PROD_015,4,137.01,0.18,449.39,credit,CUST_5016,Premium
TXN_202302_000759,2023-02-25,REG_10,STORE_030,EMP_020,PROD_022,1,378.66,0.19,306.71,card,CUST_4843,New
TXN_202302_000760,2023-02-03,REG_06,STORE_016,EMP_006,PROD_017,4,426.17,0.03,1653.54,credit,CUST_4018,New
TXN_202302_000761,2023-02-18,REG_04,STORE_011,EMP_024,PROD_035,3,98.32,0.26,218.27,card,CUST_6300,Premium
TXN_202302_000762,2023-02-22,REG_09,STORE_025,EMP_022,PROD_048,5,97.75,0.21,386.11,credit,CUST_2964,Regular
TXN_202302_000763,2023-02-14,REG_09,STORE_026,EMP_022,PROD_040,2,320.62,0.19,519.4,card,CUST_7058,Regular
TXN_202302_000764,2023-02-02,REG_03,STORE_008,EMP_014,PROD_048,5,32.58,0.23,125.43,card,CUST_4195,VIP
TXN_202302_000765,2023-02-27,REG_09,STORE_025,EMP_022,PROD_029,5,131.36,0.03,637.1,credit,CUST_4457,New
TXN_202302_000766,2023-02-08,REG_02,STORE_005,EMP_002,PROD_041,1,380.41,0.18,311.94,mobile,CUST_6490,Premium
TXN_202302_000767,2023-02-04,REG_01,STORE_002,EMP_018,PROD_010,3,463.04,0.01,1375.23,card,CUST_7949,Regular
TXN_202302_000768,2023-02-19,REG_09,STORE_027,EMP_022,PROD_006,3,409.14,0.06,1153.77,credit,CUST_1811,New
TXN_202302_000769,2023-02-26,REG_02,STORE_005,EMP_002,PROD_012,2,153.93,0.27,224.74,cash,CUST_3821,Regularbroken_data
TXN_202302_000770,2023-02-07,REG_08,STORE_024,EMP_023,PROD_020,1,131.04,0.1,117.94,credit,CUST_4840,Premium
TXN_202302_000771,2023-02-23,REG_05,STORE_014,EMP_005,PROD_011,2,326.14,0.19,528.35,card,CUST_8351,Regular
TXN_202302_000772,2023-02-21,REG_03,STORE_008,EMP_003,PROD_020,3,74.54,0.18,183.37,cash,CUST_7468,Premium
TXN_202302_000773,2023-02-07,REG_10,STORE_030,EMP_028,PROD_003,1,445.22,0.11,396.25,card,CUST_7151,Newbroken_data
TXN_202302_000774,2023-02-18,REG_07,STORE_019,EMP_007,PROD_023,1,348.3,0.14,299.54,mobile,CUST_6752,Premium
TXN_202302_000775,2023-02-13,REG_03,STORE_009,EMP_003,PROD_037,2,376.56,0.19,610.03,credit,CUST_5605,Premium
TXN_202302_000776,2023-02-20,REG_07,STORE_020,EMP_007,PROD_009,3,305.51,0.1,824.88,cash,CUST_5329,Regular
TXN_202302_000777,2023-02-09,REG_09,STORE_026,EMP_027,PROD_025,4,16.36,0.06,61.51,cash,CUST_8558,New
TXN_202302_000778,2023-02-08,REG_01,STORE_003,EMP_019,PROD_013,3,286.63,0.16,722.31,mobile,CUST_4255,Regular
TXN_202302_000779,2023-02-05,REG_02,STORE_004,EMP_002,PROD_003,3,286.94,0.23,662.83,card,CUST_6134,New
TXN_202302_000780,2023-02-16,REG_09,STORE_026,EMP_022,PROD_016,2,425.14,0.25,637.71,card,CUST_9581,VIP
TXN_202302_000781,2023-02-20,REG_04,STORE_011,EMP_004,PROD_038,4,375.7,0.23,1157.16,mobile,CUST_3616,Regular
TXN_202302_000782,2023-02-24,REG_04,STORE_011,EMP_004,PROD_048,1,149.27,0.25,111.95,credit,CUST_1958,VIP
TXN_202302_000783,2023-02-05,REG_02,STORE_004,EMP_002,PROD_029,1,370.53,0.15,314.95,card,CUST_1549,New
TXN_202302_000784,2023-02-05,REG_10,STORE_028,EMP_013,PROD_044,2,146.92,0.07,273.27,mobile,CUST_9311,New
TXN_202302_000785,2023-02-06,REG_06,STORE_016,EMP_006,PROD_019,2,414.17,0.14,712.37,mobile,CUST_7810,New
TXN_202302_000786,2023-02-05,REG_07,STORE_019,EMP_007,PROD_031,3,495.08,0.14,1277.31,credit,CUST_7521,New
TXN_202302_000787,2023-02-13,REG_09,STORE_027,EMP_027,PROD_023,2,369.05,0.09,671.67,cash,CUST_8879,Regularbroken_data
TXN_202302_000788,2023-02-07,REG_08,STORE_023,EMP_023,PROD_028,5,275.35,0.03,1335.45,card,CUST_5412,Premium
TXN_202302_000789,2023-02-04,REG_08,STORE_023,EMP_008,PROD_028,1,227.83,0.03,221.0,credit,CUST_6058,New
TXN_202302_000790,2023-02-03,REG_05,STORE_015,EMP_005,PROD_033,4,333.25,0.29,946.43,card,CUST_1168,VIP
TXN_202302_000791,2023-02-20,REG_09,STORE_025,EMP_027,PROD_001,1,232.18,0.1,208.96,mobile,CUST_5200,New
TXN_202302_000792,2023-02-17,REG_07,STORE_020,EMP_007,PROD_010,5,494.55,0.28,1780.38,cash,CUST_2912,Premium
TXN_202302_000793,2023-02-19,REG_04,STORE_012,EMP_016,PROD_009,4,127.08,0.25,381.24,mobile,CUST_7133,Regular
TXN_202302_000794,2023-02-18,REG_07,STORE_021,EMP_007,PROD_038,3,259.12,0.23,598.57,cash,CUST_5304,Regularbroken_data
TXN_202302_000795,2023-02-16,REG_01,STORE_001,EMP_019,PROD_017,1,73.65,0.04,70.7,mobile,CUST_8228,VIP
TXN_202302_000796,2023-02-02,REG_07,STORE_019,EMP_007,PROD_039,2,431.12,0.01,853.62,mobile,CUST_8383,Premium
TXN_202302_000797,2023-02-22,REG_03,STORE_009,EMP_014,PROD_044,5,151.66,0.26,561.14,credit,CUST_7560,Premium
TXN_202302_000798,2023-02-11,REG_10,STORE_028,EMP_010,PROD_038,4,196.15,0.05,745.37,cash,CUST_2018,Regular
TXN_202302_000799,2023-02-09,REG_09,STORE_027,EMP_022,PROD_008,2,378.07,0.01,748.58,mobile,CUST_4359,Regular
TXN_202302_000800,2023-02-01,REG_06,STORE_016,EMP_006,PROD_034,1,366.91,0.02,359.57,card,CUST_1121,New
TXN_202302_000801,2023-02-22,REG_06,STORE_017,EMP_006,PROD_030,5,486.8,0.23,1874.18,credit,CUST_1561,New
TXN_202302_000802,2023-02-27,REG_04,STORE_010,EMP_030,PROD_023,5,447.39,0.18,1834.3,mobile,CUST_8018,New
TXN_202302_000803,2023-02-06,REG_02,STORE_004,EMP_002,PROD_030,5,15.54,0.18,63.71,credit,CUST_6724,New
TXN_202302_000804,2023-02-22,REG_01,STORE_001,EMP_018,PROD_034,2,245.78,0.13,427.66,card,CUST_5036,VIP
TXN_202302_000805,2023-02-14,REG_01,STORE_001,EMP_019,PROD_009,2,417.48,0.05,793.21,cash,CUST_9667,New
TXN_202302_000806,2023-02-20,REG_08,STORE_024,EMP_023,PROD_004,5,496.1,0.03,2406.09,card,CUST_1122,Premium
TXN_202302_000807,2023-02-20,REG_10,STORE_028,EMP_013,PROD_006,3,227.72,0.04,655.83,mobile,CUST_1208,Premium
TXN_202302_000808,2023-02-12,REG_05,STORE_015,EMP_005,PROD_016,3,433.29,0.09,1182.88,card,CUST_4615,Regular
TXN_202302_000809,2023-02-02,REG_07,STORE_020,EMP_007,PROD_033,2,38.24,0.21,60.42,mobile,CUST_7745,VIP
TXN_202302_000810,2023-02-17,REG_01,STORE_003,EMP_011,PROD_009,2,230.82,0.02,452.41,cash,CUST_9673,Premium
TXN_202302_000811,2023-02-11,REG_07,STORE_020,EMP_007,PROD_002,2,307.57,0.05,584.38,cash,CUST_4933,VIP
TXN_202302_000812,2023-02-28,REG_06,STORE_018,EMP_006,PROD_042,2,477.82,0.26,707.17,mobile,CUST_8307,Regular
TXN_202302_000813,2023-02-03,REG_05,STORE_013,EMP_021,PROD_021,1,151.14,0.07,140.56,mobile,CUST_4074,VIP
TXN_202302_000814,2023-02-28,REG_09,STORE_027,EMP_009,PROD_028,2,111.54,0.09,203.0,card,CUST_8843,Premium
TXN_202302_000815,2023-02-02,REG_02,STORE_004,EMP_002,PROD_041,2,323.46,0.08,595.17,credit,CUST_4801,Premium
TXN_202302_000816,2023-02-17,REG_05,STORE_014,EMP_021,PROD_003,4,28.68,0.1,103.25,card,CUST_3956,VIP
TXN_202302_000817,2023-02-16,REG_01,STORE_002,EMP_018,PROD_002,3,51.32,0.2,123.17,credit,CUST_4663,Premium
TXN_202302_000818,2023-02-16,REG_02,STORE_004,EMP_002,PROD_002,1,377.09,0.25,282.82,credit,CUST_6241,VIPbroken_data
TXN_202302_000819,2023-02-24,REG_02,STORE_005,EMP_002,PROD_002,3,396.74,0.29,845.06,cash,CUST_8857,Premium
TXN_202302_000820,2023-02-26,REG_02,STORE_004,EMP_002,PROD_019,4,159.72,0.12,562.21,card,CUST_3349,Regular
TXN_202302_000821,2023-02-02,REG_04,STORE_012,EMP_004,PROD_003,4,138.82,0.29,394.25,cash,CUST_6401,VIP
TXN_202302_000822,2023-02-21,REG_07,STORE_021,EMP_007,PROD_048,3,110.58,0.23,255.44,credit,CUST_3230,New
TXN_202302_000823,2023-02-04,REG_08,STORE_023,EMP_012,PROD_039,2,258.85,0.03,502.17,mobile,CUST_5254,New
TXN_202302_000824,2023-02-02,REG_09,STORE_026,EMP_009,PROD_025,4,339.23,0.21,1071.97,cash,CUST_5628,Regular
TXN_202302_000825,2023-02-05,REG_08,STORE_022,EMP_008,PROD_028,2,177.43,0.3,248.4,card,CUST_6922,VIP
TXN_202302_000826,2023-02-10,REG_07,STORE_019,EMP_007,PROD_023,1,175.85,0.12,154.75,card,CUST_3502,New
TXN_202302_000827,2023-02-01,REG_01,STORE_003,EMP_011,PROD_016,4,442.19,0.02,1733.38,card,CUST_6160,Regular
TXN_202302_000828,2023-02-05,REG_06,STORE_017,EMP_006,PROD_027,3,455.99,0.18,1121.74,credit,CUST_6411,Regular
TXN_202302_000829,2023-02-11,REG_02,STORE_004,EMP_002,PROD_017,1,235.7,0.13,205.06,cash,CUST_5706,Premium
TXN_202302_000830,2023-02-06,REG_05,STORE_014,EMP_021,PROD_025,4,69.44,0.08,255.54,credit,CUST_6297,New
TXN_202302_000831,2023-02-17,REG_09,STORE_026,EMP_027,PROD_020,5,101.45,0.2,405.8,mobile,CUST_6553,VIP
TXN_202302_000832,2023-02-03,REG_02,STORE_005,EMP_002,PROD_006,2,437.5,0.27,638.75,card,CUST_6014,New
TXN_202302_000833,2023-02-02,REG_07,STORE_021,EMP_007,PROD_013,3,346.58,0.11,925.37,mobile,CUST_5751,VIP
TXN_202302_000834,2023-02-20,REG_08,STORE_023,EMP_023,PROD_048,2,198.76,0.28,286.21,card,CUST_5327,Premium
TXN_202302_000835,2023-02-10,REG_04,STORE_010,EMP_026,PROD_002,4,182.78,0.16,614.14,credit,CUST_8960,Premium
TXN_202302_000836,2023-02-24,REG_08,STORE_024,EMP_008,PROD_030,2,336.28,0.16,564.95,credit,CUST_4922,VIP
TXN_202302_000837,2023-02-12,REG_05,STORE_015,EMP_021,PROD_025,2,237.52,0.03,460.79,cash,CUST_2838,VIP
TXN_202302_000838,2023-02-23,REG_08,STORE_024,EMP_008,PROD_048,2,388.74,0.14,668.63,cash,CUST_5704,New
TXN_202302_000839,2023-02-19,REG_05,STORE_013,EMP_005,PROD_029,2,349.72,0.25,524.58,card,CUST_4872,New
TXN_202302_000840,2023-02-23,REG_09,STORE_025,EMP_009,PROD_043,4,388.39,0.29,1103.03,card,CUST_7830,VIP
TXN_202302_000841,2023-02-26,REG_02,STORE_006,EMP_002,PROD_010,1,384.09,0.28,276.54,credit,CUST_9510,Regular
TXN_202302_000842,2023-02-06,REG_03,STORE_007,EMP_003,PROD_044,2,258.87,0.03,502.21,mobile,CUST_9994,Regular
TXN_202302_000843,2023-02-15,REG_04,STORE_011,EMP_024,PROD_050,3,204.37,0.04,588.59,cash,CUST_9043,VIP
TXN_202302_000844,2023-02-19,REG_01,STORE_002,EMP_019,PROD_009,4,149.81,0.21,473.4,mobile,CUST_6639,VIP
TXN_202302_000845,2023-02-05,REG_09,STORE_025,EMP_022,PROD_020,1,236.47,0.04,227.01,mobile,CUST_3591,Premium
TXN_202302_000846,2023-02-07,REG_02,STORE_005,EMP_002,PROD_040,5,415.86,0.03,2016.92,credit,CUST_9164,VIP
TXN_202302_000847,2023-02-07,REG_03,STORE_008,EMP_014,PROD_049,4,399.98,0.18,1311.93,card,CUST_9092,Premiumbroken_data
TXN_202302_000848,2023-02-03,REG_05,STORE_014,EMP_021,PROD_033,5,238.87,0.05,1134.63,card,CUST_3165,Premium
TXN_202302_000849,2023-02-05,REG_10,STORE_028,EMP_017,PROD_008,3,451.37,0.17,1123.91,credit,CUST_3681,Regular
TXN_202302_000850,2023-02-17,REG_03,STORE_007,EMP_003,PROD_011,2,175.7,0.2,281.12,credit,CUST_3131,Premium
TXN_202302_000851,2023-02-09,REG_03,STORE_008,EMP_014,PROD_030,3,201.14,0.04,579.28,credit,CUST_2529,New
TXN_202302_000852,2023-02-19,REG_03,STORE_009,EMP_014,PROD_049,4,320.62,0.12,1128.58,mobile,CUST_7247,Regular
TXN_202302_000853,2023-02-18,REG_08,STORE_024,EMP_023,PROD_030,1,227.73,0.08,209.51,cash,CUST_7157,Premium
TXN_202302_000854,2023-02-15,REG_04,STORE_010,EMP_024,PROD_025,2,64.83,0.27,94.65,card,CUST_5394,VIP
TXN_202302_000855,2023-02-20,REG_09,STORE_025,EMP_027,PROD_026,3,440.33,0.19,1070.0,card,CUST_4380,VIP
TXN_202302_000856,2023-02-26,REG_06,STORE_017,EMP_006,PROD_027,2,448.49,0.21,708.61,mobile,CUST_4458,VIP
TXN_202302_000857,2023-02-04,REG_08,STORE_022,EMP_023,PROD_009,2,343.76,0.03,666.89,cash,CUST_1499,VIP
TXN_202302_000858,2023-02-01,REG_06,STORE_017,EMP_006,PROD_016,4,171.54,0.15,583.24,cash,CUST_5517,Regular
TXN_202302_000859,2023-02-02,REG_04,STORE_010,EMP_024,PROD_016,3,266.03,0.26,590.59,card,CUST_4102,Regular
TXN_202302_000860,2023-02-09,REG_03,STORE_007,EMP_003,PROD_005,1,442.44,0.01,438.02,credit,CUST_9280,VIPbroken_data
TXN_202302_000861,2023-02-05,REG_03,STORE_009,EMP_003,PROD_026,1,50.49,0.15,42.92,card,CUST_9380,VIP
TXN_202302_000862,2023-02-20,REG_04,STORE_012,EMP_030,PROD_027,2,397.42,0.0,794.84,cash,CUST_8933,New
TXN_202302_000863,2023-02-15,REG_06,STORE_018,EMP_006,PROD_020,1,299.69,0.2,239.75,credit,CUST_3439,Regular
TXN_202302_000864,2023-02-24,REG_07,STORE_020,EMP_007,PROD_011,1,45.99,0.01,45.53,credit,CUST_6511,Premium
TXN_202302_000865,2023-02-15,REG_05,STORE_015,EMP_005,PROD_027,5,236.49,0.1,1064.21,credit,CUST_7589,Regular
TXN_202302_000866,2023-02-10,REG_05,STORE_015,EMP_021,PROD_001,3,336.35,0.01,998.96,card,CUST_9025,VIP
TXN_202302_000867,2023-02-12,REG_06,STORE_016,EMP_006,PROD_042,5,143.16,0.21,565.48,card,CUST_5152,VIP
TXN_202302_000868,2023-02-19,REG_06,STORE_017,EMP_006,PROD_019,2,100.41,0.27,146.6,credit,CUST_2610,VIP
TXN_202302_000869,2023-02-09,REG_01,STORE_003,EMP_011,PROD_002,5,130.75,0.1,588.38,mobile,CUST_4405,Regular
TXN_202302_000870,2023-02-05,REG_03,STORE_007,EMP_003,PROD_020,3,96.43,0.02,283.5,card,CUST_8161,Regular
TXN_202302_000871,2023-02-18,REG_01,STORE_003,EMP_019,PROD_031,4,387.5,0.08,1426.0,card,CUST_6095,Premium
TXN_202302_000872,2023-02-25,REG_10,STORE_029,EMP_028,PROD_041,1,391.92,0.09,356.65,card,CUST_2969,Regular
TXN_202302_000873,2023-02-16,REG_06,STORE_017,EMP_006,PROD_017,3,186.65,0.05,531.95,mobile,CUST_4093,New
TXN_202302_000874,2023-02-18,REG_04,STORE_012,EMP_016,PROD_037,5,291.12,0.09,1324.6,card,CUST_5989,Premiumbroken_data
TXN_202302_000875,2023-02-02,REG_01,STORE_001,EMP_011,PROD_003,3,287.73,0.04,828.66,cash,CUST_9240,Regular
TXN_202302_000876,2023-02-06,REG_08,STORE_023,EMP_023,PROD_014,3,276.77,0.22,647.64,card,CUST_3841,Premium
TXN_202302_000877,2023-02-03,REG_03,STORE_007,EMP_003,PROD_034,3,353.13,0.24,805.14,credit,CUST_5920,Premium
TXN_202302_000878,2023-02-16,REG_05,STORE_014,EMP_021,PROD_009,2,456.66,0.27,666.72,cash,CUST_5445,Premium
TXN_202302_000879,2023-02-03,REG_09,STORE_025,EMP_025,PROD_010,4,191.52,0.02,750.76,mobile,CUST_2010,Regular
TXN_202302_000880,2023-02-20,REG_04,STORE_010,EMP_016,PROD_029,5,81.28,0.19,329.18,credit,CUST_5826,Regular
TXN_202302_000881,2023-02-26,REG_08,STORE_023,EMP_023,PROD_013,4,349.13,0.09,1270.83,mobile,CUST_7370,Premiumbroken_data
TXN_202302_000882,2023-02-21,REG_04,STORE_012,EMP_029,PROD_034,1,365.75,0.04,351.12,credit,CUST_8054,Regular
TXN_202302_000883,2023-02-22,REG_04,STORE_011,EMP_024,PROD_034,3,221.72,0.17,552.08,credit,CUST_4376,Regular
TXN_202302_000884,2023-02-03,REG_08,STORE_022,EMP_012,PROD_019,4,308.04,0.29,874.83,mobile,CUST_3242,VIP
TXN_202302_000885,2023-02-17,REG_04,STORE_011,EMP_029,PROD_005,3,73.43,0.0,220.29,mobile,CUST_6293,VIP
TXN_202302_000886,2023-02-16,REG_06,STORE_017,EMP_006,PROD_008,5,259.5,0.29,921.22,mobile,CUST_7420,Premium
TXN_202302_000887,2023-02-10,REG_06,STORE_017,EMP_006,PROD_019,1,245.73,0.08,226.07,mobile,CUST_1705,Premiumbroken_data
TXN_202302_000888,2023-02-26,REG_03,STORE_009,EMP_003,PROD_048,4,381.33,0.14,1311.78,cash,CUST_6045,Regular
TXN_202302_000889,2023-02-03,REG_04,STORE_012,EMP_029,PROD_047,1,385.32,0.02,377.61,cash,CUST_1312,New
TXN_202302_000890,2023-02-19,REG_07,STORE_019,EMP_007,PROD_031,3,418.5,0.15,1067.17,card,CUST_1023,Premium
TXN_202302_000891,2023-02-04,REG_02,STORE_005,EMP_002,PROD_009,3,310.51,0.08,857.01,card,CUST_4299,VIP
TXN_202302_000892,2023-02-05,REG_05,STORE_014,EMP_005,PROD_043,4,12.99,0.08,47.8,card,CUST_6897,VIP
TXN_202302_000893,2023-02-27,REG_10,STORE_029,EMP_017,PROD_041,1,214.07,0.12,188.38,mobile,CUST_5155,New
TXN_202302_000894,2023-02-19,REG_09,STORE_025,EMP_025,PROD_031,2,405.89,0.27,592.6,cash,CUST_9482,New
TXN_202302_000895,2023-02-13,REG_01,STORE_003,EMP_018,PROD_021,5,131.43,0.18,538.86,cash,CUST_9842,New
TXN_202302_000896,2023-02-03,REG_08,STORE_023,EMP_023,PROD_044,2,55.37,0.02,108.53,credit,CUST_4233,VIP
TXN_202302_000897,2023-02-08,REG_05,STORE_015,EMP_021,PROD_005,3,31.44,0.09,85.83,credit,CUST_9954,Regular
TXN_202302_000898,2023-02-05,REG_07,STORE_019,EMP_007,PROD_021,4,434.85,0.22,1356.73,credit,CUST_4418,Premium
TXN_202302_000899,2023-02-09,REG_01,STORE_003,EMP_019,PROD_004,3,372.41,0.0,1117.23,cash,CUST_8765,New
TXN_202302_000900,2023-02-17,REG_10,STORE_029,EMP_010,PROD_042,5,386.75,0.02,1895.08,credit,CUST_4128,New
TXN_202302_000901,2023-02-17,REG_02,STORE_006,EMP_002,PROD_029,2,30.37,0.27,44.34,mobile,CUST_5716,New
TXN_202302_000902,2023-02-14,REG_03,STORE_008,EMP_003,PROD_037,1,118.23,0.04,113.5,cash,CUST_2908,New
TXN_202302_000903,2023-02-16,REG_07,STORE_021,EMP_007,PROD_008,4,116.23,0.0,464.92,credit,CUST_7188,Premium
TXN_202302_000904,2023-02-21,REG_04,STORE_012,EMP_016,PROD_023,5,441.73,0.23,1700.66,card,CUST_5461,Premium
TXN_202302_000905,2023-02-25,REG_02,STORE_006,EMP_002,PROD_016,5,452.9,0.12,1992.76,cash,CUST_8138,Premium
TXN_202302_000906,2023-02-20,REG_01,STORE_002,EMP_011,PROD_011,2,270.8,0.15,460.36,cash,CUST_9758,Premium
TXN_202302_000907,2023-02-14,REG_04,STORE_011,EMP_016,PROD_021,4,492.15,0.03,1909.54,credit,CUST_8202,New
TXN_202302_000908,2023-02-23,REG_02,STORE_004,EMP_002,PROD_028,4,385.55,0.14,1326.29,card,CUST_1893,VIP
TXN_202302_000909,2023-02-11,REG_08,STORE_024,EMP_012,PROD_044,4,40.52,0.21,128.04,card,CUST_1321,Regular
TXN_202302_000910,2023-02-14,REG_08,STORE_024,EMP_023,PROD_027,2,103.55,0.29,147.04,credit,CUST_4623,VIP
TXN_202302_000911,2023-02-06,REG_04,STORE_011,EMP_029,PROD_040,1,14.14,0.29,10.04,card,CUST_1849,Regular
TXN_202302_000912,2023-02-04,REG_10,STORE_030,EMP_028,PROD_025,5,159.75,0.3,559.12,cash,CUST_7245,VIP
TXN_202302_000913,2023-02-26,REG_06,STORE_018,EMP_006,PROD_006,2,110.77,0.04,212.68,card,CUST_6335,VIP
TXN_202302_000914,2023-02-23,REG_03,STORE_008,EMP_014,PROD_015,5,253.85,0.16,1066.17,cash,CUST_6618,Premiumbroken_data
TXN_202302_000915,2023-02-22,REG_10,STORE_030,EMP_028,PROD_001,4,436.39,0.18,1431.36,credit,CUST_3863,VIP
TXN_202302_000916,2023-02-02,REG_07,STORE_021,EMP_007,PROD_030,1,274.85,0.24,208.89,card,CUST_9853,New
TXN_202302_000917,2023-02-20,REG_06,STORE_017,EMP_006,PROD_012,3,91.9,0.17,228.83,credit,CUST_8943,Premium
TXN_202302_000918,2023-02-08,REG_04,STORE_010,EMP_030,PROD_020,3,92.8,0.21,219.94,mobile,CUST_3770,Premium
TXN_202302_000919,2023-02-05,REG_02,STORE_006,EMP_002,PROD_038,5,250.2,0.23,963.27,cash,CUST_9552,New
TXN_202302_000920,2023-02-21,REG_06,STORE_017,EMP_006,PROD_044,5,470.96,0.2,1883.84,mobile,CUST_5440,VIP
TXN_202302_000921,2023-02-05,REG_10,STORE_029,EMP_017,PROD_017,2,339.81,0.09,618.45,mobile,CUST_5493,VIP
TXN_202302_000922,2023-02-21,REG_01,STORE_002,EMP_011,PROD_012,4,426.57,0.24,1296.77,credit,CUST_4145,VIP
TXN_202302_000923,2023-02-26,REG_05,STORE_015,EMP_021,PROD_034,4,465.23,0.13,1619.0,mobile,CUST_4381,Regular
TXN_202302_000924,2023-02-28,REG_05,STORE_013,EMP_021,PROD_019,5,12.2,0.23,46.97,credit,CUST_3151,Premium
TXN_202302_000925,2023-02-04,REG_05,STORE_013,EMP_021,PROD_044,5,323.97,0.2,1295.88,credit,CUST_1630,New
TXN_202302_000926,2023-02-07,REG_09,STORE_027,EMP_025,PROD_041,2,108.78,0.07,202.33,credit,CUST_7907,New
TXN_202302_000927,2023-02-09,REG_01,STORE_003,EMP_018,PROD_025,4,464.53,0.3,1300.68,credit,CUST_8414,VIP
TXN_202302_000928,2023-02-08,REG_09,STORE_026,EMP_022,PROD_020,2,73.32,0.03,142.24,mobile,CUST_4080,Regular
TXN_202302_000929,2023-02-17,REG_09,STORE_026,EMP_022,PROD_002,1,407.53,0.15,346.4,mobile,CUST_9078,New
TXN_202302_000930,2023-02-15,REG_10,STORE_028,EMP_020,PROD_034,4,178.79,0.29,507.76,card,CUST_9143,VIP
TXN_202302_000931,2023-02-15,REG_08,STORE_022,EMP_012,PROD_031,5,90.56,0.09,412.05,cash,CUST_7198,New
TXN_202302_000932,2023-02-25,REG_06,STORE_016,EMP_006,PROD_033,5,418.46,0.09,1903.99,credit,CUST_5309,New
TXN_202302_000933,2023-02-15,REG_03,STORE_008,EMP_014,PROD_048,3,348.75,0.24,795.15,mobile,CUST_4320,VIP
TXN_202302_000934,2023-02-07,REG_01,STORE_003,EMP_018,PROD_042,1,183.76,0.07,170.9,cash,CUST_5425,Regular
TXN_202302_000935,2023-02-24,REG_06,STORE_017,EMP_006,PROD_047,3,264.15,0.23,610.19,mobile,CUST_4733,Premium
TXN_202302_000936,2023-02-11,REG_03,STORE_008,EMP_014,PROD_010,4,124.1,0.01,491.44,cash,CUST_5316,Regular
TXN_202302_000937,2023-02-12,REG_01,STORE_003,EMP_011,PROD_037,5,369.16,0.12,1624.3,credit,CUST_3018,New
TXN_202302_000938,2023-02-19,REG_08,STORE_023,EMP_023,PROD_031,3,156.77,0.27,343.33,card,CUST_6016,New
TXN_202302_000939,2023-02-03,REG_08,STORE_023,EMP_023,PROD_045,2,13.13,0.0,26.26,credit,CUST_5515,VIP
TXN_202302_000940,2023-02-10,REG_09,STORE_025,EMP_022,PROD_016,2,486.56,0.19,788.23,cash,CUST_1781,Premium
TXN_202302_000941,2023-02-14,REG_06,STORE_018,EMP_006,PROD_033,5,69.88,0.09,317.95,card,CUST_3554,VIP
TXN_202302_000942,2023-02-07,REG_09,STORE_025,EMP_022,PROD_048,5,280.26,0.02,1373.27,cash,CUST_4189,VIP
TXN_202302_000943,2023-02-17,REG_04,STORE_011,EMP_029,PROD_043,4,416.28,0.25,1248.84,cash,CUST_4404,VIP
TXN_202302_000944,2023-02-13,REG_10,STORE_030,EMP_013,PROD_038,1,252.41,0.16,212.02,cash,CUST_7362,New
TXN_202302_000945,2023-02-02,REG_10,STORE_029,EMP_020,PROD_033,4,170.39,0.16,572.51,card,CUST_7305,Premium
TXN_202302_000946,2023-02-20,REG_01,STORE_003,EMP_019,PROD_037,5,350.12,0.05,1663.07,credit,CUST_5641,Premium
TXN_202302_000947,2023-02-04,REG_03,STORE_008,EMP_003,PROD_016,2,120.31,0.18,197.31,card,CUST_3979,New
TXN_202302_000948,2023-02-10,REG_06,STORE_018,EMP_006,PROD_024,5,392.52,0.22,1530.83,card,CUST_5549,Premium
TXN_202302_000949,2023-02-07,REG_01,STORE_001,EMP_019,PROD_019,5,136.46,0.04,655.01,mobile,CUST_4588,New
TXN_202302_000950,2023-02-17,REG_07,STORE_021,EMP_007,PROD_022,3,472.32,0.13,1232.76,card,CUST_8413,VIP
TXN_202302_000951,2023-02-16,REG_03,STORE_008,EMP_014,PROD_019,2,360.96,0.2,577.54,credit,CUST_6952,Regular
TXN_202302_000952,2023-02-04,REG_02,STORE_005,EMP_002,PROD_007,3,416.28,0.25,936.63,credit,CUST_1509,Regular
TXN_202302_000953,2023-02-18,REG_04,STORE_010,EMP_024,PROD_030,5,129.49,0.1,582.71,cash,CUST_1052,New
TXN_202302_000954,2023-02-12,REG_04,STORE_011,EMP_024,PROD_035,3,91.08,0.15,232.25,credit,CUST_3220,Premium
TXN_202302_000955,2023-02-13,REG_06,STORE_017,EMP_006,PROD_047,5,166.9,0.04,801.12,mobile,CUST_3735,Premiumbroken_data
TXN_202302_000956,2023-02-10,REG_09,STORE_025,EMP_025,PROD_011,2,363.96,0.03,706.08,card,CUST_6437,VIP
TXN_202302_000957,2023-02-01,REG_05,STORE_014,EMP_021,PROD_037,1,71.45,0.2,57.16,cash,CUST_7318,New
TXN_202302_000958,2023-02-17,REG_07,STORE_021,EMP_007,PROD_018,2,176.98,0.1,318.56,cash,CUST_7390,Premium
TXN_202302_000959,2023-02-01,REG_08,STORE_023,EMP_008,PROD_028,2,447.28,0.06,840.89,cash,CUST_2818,VIP
TXN_202302_000960,2023-02-14,REG_03,STORE_007,EMP_003,PROD_010,1,469.19,0.26,347.2,mobile,CUST_9142,New
TXN_202302_000961,2023-02-28,REG_03,STORE_007,EMP_003,PROD_036,2,106.55,0.16,179.0,mobile,CUST_2986,VIP
TXN_202302_000962,2023-02-16,REG_08,STORE_023,EMP_008,PROD_020,1,72.41,0.15,61.55,credit,CUST_2492,Regular
TXN_202302_000963,2023-02-28,REG_05,STORE_015,EMP_021,PROD_030,5,48.88,0.0,244.4,cash,CUST_6162,Regular
TXN_202302_000964,2023-02-21,REG_07,STORE_021,EMP_007,PROD_017,3,411.85,0.24,939.02,mobile,CUST_9903,VIP
TXN_202302_000965,2023-02-25,REG_10,STORE_029,EMP_013,PROD_018,4,433.89,0.2,1388.45,credit,CUST_9312,Premium
TXN_202302_000966,2023-02-12,REG_07,STORE_020,EMP_007,PROD_013,2,125.47,0.21,198.24,card,CUST_9846,Regular
TXN_202302_000967,2023-02-01,REG_02,STORE_006,EMP_002,PROD_017,4,437.91,0.06,1646.54,credit,CUST_5224,Premium
TXN_202302_000968,2023-02-09,REG_03,STORE_009,EMP_003,PROD_043,4,397.7,0.09,1447.63,credit,CUST_3455,Regular
TXN_202302_000969,2023-02-10,REG_10,STORE_028,EMP_013,PROD_050,5,266.36,0.21,1052.12,cash,CUST_8001,Regular
TXN_202302_000970,2023-02-02,REG_05,STORE_015,EMP_005,PROD_004,5,285.75,0.24,1085.85,credit,CUST_1308,VIP
TXN_202302_000971,2023-02-11,REG_01,STORE_001,EMP_011,PROD_046,4,396.78,0.13,1380.79,cash,CUST_7587,New
TXN_202302_000972,2023-02-25,REG_04,STORE_012,EMP_026,PROD_009,5,364.23,0.03,1766.52,card,CUST_6063,New
TXN_202302_000973,2023-02-21,REG_01,STORE_002,EMP_018,PROD_024,1,378.6,0.14,325.6,mobile,CUST_8943,VIP
TXN_202302_000974,2023-02-18,REG_01,STORE_001,EMP_018,PROD_043,3,393.74,0.29,838.67,credit,CUST_6208,New
TXN_202302_000975,2023-02-08,REG_03,STORE_009,EMP_003,PROD_023,5,451.25,0.02,2211.12,credit,CUST_8175,Regular
TXN_202302_000976,2023-02-19,REG_04,STORE_010,EMP_024,PROD_012,3,90.92,0.17,226.39,credit,CUST_5990,Premium
TXN_202302_000977,2023-02-03,REG_03,STORE_007,EMP_014,PROD_048,2,401.68,0.18,658.76,credit,CUST_8361,New
TXN_202302_000978,2023-02-19,REG_07,STORE_021,EMP_007,PROD_041,4,448.62,0.3,1256.14,card,CUST_8984,VIP
TXN_202302_000979,2023-02-23,REG_04,STORE_010,EMP_016,PROD_046,4,143.02,0.13,497.71,card,CUST_2411,Premium
TXN_202302_000980,2023-02-03,REG_09,STORE_027,EMP_022,PROD_013,1,380.33,0.13,330.89,cash,CUST_4281,New
TXN_202302_000981,2023-02-15,REG_06,STORE_018,EMP_006,PROD_034,2,371.43,0.07,690.86,credit,CUST_7534,Regular
TXN_202302_000982,2023-02-17,REG_10,STORE_029,EMP_017,PROD_028,3,48.28,0.06,136.15,card,CUST_4815,Regular
TXN_202302_000983,2023-02-01,REG_08,STORE_022,EMP_023,PROD_020,3,437.18,0.0,1311.54,card,CUST_8531,VIP
TXN_202302_000984,2023-02-01,REG_07,STORE_021,EMP_007,PROD_001,5,103.25,0.29,366.54,mobile,CUST_8608,Premium
TXN_202302_000985,2023-02-24,REG_08,STORE_022,EMP_008,PROD_013,2,145.9,0.23,224.69,credit,CUST_4189,New
TXN_202302_000986,2023-02-18,REG_02,STORE_005,EMP_002,PROD_015,4,152.22,0.06,572.35,card,CUST_7782,Premium
TXN_202302_000987,2023-02-01,REG_05,STORE_014,EMP_021,PROD_005,3,83.32,0.13,217.47,cash,CUST_5178,Premium
TXN_202302_000988,2023-02-15,REG_05,STORE_015,EMP_021,PROD_026,5,472.14,0.23,1817.74,credit,CUST_5647,VIP
TXN_202302_000989,2023-02-15,REG_07,STORE_021,EMP_007,PROD_029,4,180.63,0.26,534.66,cash,CUST_7340,Premium
TXN_202302_000990,2023-02-17,REG_09,STORE_025,EMP_022,PROD_024,4,83.96,0.09,305.61,mobile,CUST_2174,Regular
TXN_202302_000991,2023-02-26,REG_02,STORE_005,EMP_002,PROD_046,2,469.03,0.03,909.92,cash,CUST_9710,Premium
TXN_202302_000992,2023-02-09,REG_07,STORE_020,EMP_007,PROD_030,2,413.53,0.06,777.44,credit,CUST_1995,Premium
TXN_202302_000993,2023-02-19,REG_09,STORE_027,EMP_009,PROD_013,1,449.9,0.03,436.4,card,CUST_6684,Premium
TXN_202302_000994,2023-02-25,REG_08,STORE_024,EMP_023,PROD_014,3,284.06,0.03,826.61,credit,CUST_4744,New
TXN_202302_000995,2023-02-17,REG_06,STORE_016,EMP_006,PROD_027,3,479.94,0.0,1439.82,mobile,CUST_8774,Regular
TXN_202302_000996,2023-02-15,REG_04,STORE_010,EMP_030,PROD_008,2,437.75,0.08,805.46,card,CUST_9733,Regular
TXN_202302_000997,2023-02-09,REG_10,STORE_029,EMP_013,PROD_023,4,98.36,0.09,358.03,credit,CUST_4225,Regular
TXN_202302_000998,2023-02-18,REG_04,STORE_011,EMP_016,PROD_044,4,497.66,0.08,1831.39,mobile,CUST_6678,Premium
TXN_202302_000999,2023-02-02,REG_03,STORE_007,EMP_003,PROD_024,1,189.74,0.02,185.95,mobile,CUST_2842,Premium
TXN_202302_001000,2023-02-23,REG_03,STORE_009,EMP_003,PROD_004,3,368.28,0.01,1093.79,credit,CUST_4899,VIP
