transaction_id,date,region,store_id,employee_id,product_id,units,unit_price,discount,revenue,payment,customer_id,customer_segment
TXN_202304_001501,2023-04-24,REG_03,STORE_007,EMP_003,PROD_048,2,293.21,0.01,580.56,cash,CUST_2421,New
TXN_202304_001501,2023-04-29,REG_08,STORE_024,EMP_023,PROD_015,3,278.2,0.04,801.22,credit,CUST_4429,New
TXN_202304_001502,2023-04-05,REG_01,STORE_001,EMP_011,PROD_009,1,165.06,0.2,132.05,mobile,CUST_8767,VIP
TXN_202304_001503,2023-04-26,REG_06,STORE_016,EMP_006,PROD_010,2,490.72,0.2,785.15,cash,CUST_3296,Premium
TXN_202304_001504,2023-04-26,REG_01,STORE_001,EMP_019,PROD_038,4,77.14,0.01,305.47,credit,CUST_9328,New
TXN_202304_001505,2023-04-13,REG_03,STORE_008,EMP_014,PROD_040,2,381.47,0.02,747.68,card,CUST_3762,New
TXN_202304_001506,2023-04-04,REG_09,STORE_025,EMP_022,PROD_015,1,425.97,0.14,366.33,cash,CUST_5714,Regular
TXN_202304_001507,2023-04-10,REG_05,STORE_015,EMP_021,PROD_011,4,350.5,0.12,1233.76,cash,CUST_2390,New
TXN_202304_001508,2023-04-29,REG_01,STORE_003,EMP_001,PROD_035,4,143.37,0.06,539.07,credit,CUST_6014,Regular
TXN_202304_001504,2023-04-18,REG_08,STORE_023,EMP_008,PROD_008,1,349.17,0.26,258.39,card,CUST_3549,Regular
TXN_202304_001509,2023-04-01,REG_06,STORE_016,EMP_006,PROD_021,4,352.5,0.21,1113.9,card,CUST_9581,VIP
TXN_202304_001510,2023-04-02,REG_04,STORE_010,EMP_024,PROD_019,2,434.05,0.16,729.2,cash,CUST_9816,New
TXN_202304_001511,2023-04-09,REG_02,STORE_004,EMP_002,PROD_026,4,134.65,0.14,463.2,credit,CUST_1587,VIP
TXN_202304_001512,2023-04-13,REG_08,STORE_023,EMP_015,PROD_022,4,76.0,0.12,267.52,cash,CUST_8157,VIP
TXN_202304_001513,2023-04-25,REG_07,STORE_019,EMP_007,PROD_049,5,249.01,0.08,1145.45,cash,CUST_7577,New
TXN_202304_001514,2023-04-09,REG_10,STORE_029,EMP_010,PROD_040,1,92.78,0.01,91.85,card,CUST_8221,New
TXN_202304_001506,2023-04-12,REG_05,STORE_014,EMP_021,PROD_022,4,137.28,0.06,516.17,credit,CUST_1283,Regular
TXN_202304_001515,2023-04-18,REG_10,STORE_029,EMP_010,PROD_015,1,298.21,0.08,274.35,mobile,CUST_5465,New
TXN_202304_001516,2023-04-22,REG_06,STORE_016,EMP_006,PROD_008,4,190.67,0.23,587.26,credit,CUST_9077,Regular
TXN_202304_001517,2023-04-12,REG_01,STORE_001,EMP_018,PROD_019,2,141.25,0.25,211.88,credit,CUST_8648,Premium
TXN_202304_001518,2023-04-27,REG_10,STORE_029,EMP_013,PROD_033,2,377.67,0.25,566.5,credit,CUST_6864,VIP
TXN_202304_001519,2023-04-19,REG_01,STORE_003,EMP_018,PROD_018,3,357.1,0.13,932.03,cash,CUST_9977,VIP
TXN_202304_001520,2023-04-30,REG_10,STORE_028,EMP_028,PROD_036,2,431.79,0.16,725.41,mobile,CUST_9648,Premium
TXN_202304_001521,2023-04-23,REG_04,STORE_010,EMP_016,PROD_044,1,89.24,0.24,67.82,mobile,CUST_9972,New
TXN_202304_001522,2023-04-03,REG_02,STORE_005,EMP_002,PROD_047,5,345.99,0.2,1383.96,mobile,CUST_6471,New
TXN_202304_001523,2023-04-24,REG_09,STORE_026,EMP_022,PROD_031,5,112.47,0.05,534.23,card,CUST_4838,New
TXN_202304_001524,2023-04-04,REG_01,STORE_002,EMP_019,PROD_012,5,247.34,0.16,1038.83,card,CUST_7324,Premium
TXN_202304_001525,2023-04-16,REG_07,STORE_019,EMP_007,PROD_016,3,204.65,0.03,595.53,credit,CUST_7326,Regular
TXN_202304_001526,2023-04-06,REG_06,STORE_018,EMP_006,PROD_016,3,96.1,0.12,253.7,card,CUST_4230,Premium
TXN_202304_001527,2023-04-14,REG_06,STORE_018,EMP_006,PROD_026,3,435.95,0.29,928.57,credit,CUST_4498,Premium
TXN_202304_001528,2023-04-08,REG_03,STORE_007,EMP_003,PROD_028,2,223.46,0.26,330.72,credit,CUST_2073,New
TXN_202304_001529,2023-04-04,REG_04,STORE_012,EMP_029,PROD_034,4,370.61,0.13,1289.72,mobile,CUST_4909,Regular
TXN_202304_001530,2023-04-24,REG_08,STORE_023,EMP_008,PROD_002,2,374.51,0.14,644.16,mobile,CUST_9847,Premium
TXN_202304_001531,2023-04-08,REG_01,STORE_003,EMP_011,PROD_049,2,182.5,0.12,321.2,mobile,CUST_7169,VIP
TXN_202304_001532,2023-04-27,REG_04,STORE_010,EMP_016,PROD_022,2,425.2,0.21,671.82,cash,CUST_4967,Premium
TXN_202304_001533,2023-04-21,REG_05,STORE_015,EMP_021,PROD_038,5,420.49,0.29,1492.74,mobile,CUST_8066,Regular
TXN_202304_001534,2023-04-04,REG_01,STORE_001,EMP_011,PROD_012,1,322.14,0.16,270.6,credit,CUST_4448,Premium
TXN_202304_001535,2023-04-02,REG_03,STORE_007,EMP_014,PROD_026,2,262.27,0.1,472.09,credit,CUST_7014,Regular
TXN_202304_001536,2023-04-30,REG_10,STORE_029,EMP_020,PROD_035,2,10.73,0.15,18.24,cash,CUST_4102,Premium
TXN_202304_001520,2023-04-22,REG_06,STORE_016,EMP_006,PROD_027,3,35.08,0.05,99.98,cash,CUST_8360,Premium
TXN_202304_001537,2023-04-11,REG_04,STORE_010,EMP_024,PROD_006,2,49.68,0.19,80.48,cash,CUST_8858,Regular
TXN_202304_001538,2023-04-11,REG_10,STORE_030,EMP_020,PROD_014,1,123.6,0.17,102.59,credit,CUST_4759,VIP
TXN_202304_001539,2023-04-26,REG_04,STORE_010,EMP_030,PROD_022,5,69.39,0.29,246.33,card,CUST_9486,New
TXN_202304_001540,2023-04-06,REG_06,STORE_017,EMP_006,PROD_033,4,492.78,0.15,1675.45,cash,CUST_5615,VIP
TXN_202304_001541,2023-04-10,REG_08,STORE_023,EMP_012,PROD_008,2,92.11,0.17,152.9,cash,CUST_8687,Premium
TXN_202304_001542,2023-04-17,REG_01,STORE_001,EMP_018,PROD_044,5,358.31,0.29,1272.0,cash,CUST_3765,New
TXN_202304_001543,2023-04-11,REG_07,STORE_020,EMP_007,PROD_030,4,52.96,0.19,171.59,credit,CUST_9597,Regular
TXN_202304_001544,2023-04-09,REG_08,STORE_024,EMP_008,PROD_018,2,324.13,0.19,525.09,mobile,CUST_1526,VIP
TXN_202304_001545,2023-04-21,REG_02,STORE_004,EMP_002,PROD_026,3,92.32,0.15,235.42,mobile,CUST_8435,VIP
TXN_202304_001546,2023-04-08,REG_09,STORE_025,EMP_027,PROD_046,5,107.86,0.22,420.65,card,CUST_1061,Regular
TXN_202304_001547,2023-04-26,REG_07,STORE_019,EMP_007,PROD_009,2,446.75,0.11,795.22,mobile,CUST_8501,Premium
TXN_202304_001548,2023-04-17,REG_06,STORE_017,EMP_006,PROD_001,4,90.3,0.1,325.08,card,CUST_3335,VIP
TXN_202304_001549,2023-04-13,REG_03,STORE_008,EMP_003,PROD_045,3,431.88,0.21,1023.56,mobile,CUST_5348,Regular
TXN_202304_001550,2023-04-01,REG_04,STORE_012,EMP_030,PROD_012,3,77.29,0.12,204.05,mobile,CUST_1524,VIP
TXN_202304_001551,2023-04-18,REG_08,STORE_023,EMP_015,PROD_025,2,46.52,0.09,84.67,mobile,CUST_4825,VIP
TXN_202304_001552,2023-04-09,REG_10,STORE_029,EMP_010,PROD_047,4,203.56,0.02,797.96,mobile,CUST_3096,VIP
TXN_202304_001553,2023-04-12,REG_06,STORE_018,EMP_006,PROD_018,1,421.76,0.25,316.32,cash,CUST_4645,VIP
TXN_202304_001554,2023-04-01,REG_05,STORE_014,EMP_021,PROD_036,1,263.93,0.12,232.26,cash,CUST_6600,Premium
TXN_202304_001555,2023-04-28,REG_01,STORE_003,EMP_019,PROD_003,4,171.95,0.28,495.22,credit,CUST_8386,Regular
TXN_202304_001556,2023-04-15,REG_09,STORE_026,EMP_009,PROD_016,5,397.38,0.15,1688.87,credit,CUST_5799,New
TXN_202304_001557,2023-04-23,REG_02,STORE_005,EMP_002,PROD_043,5,216.83,0.01,1073.31,cash,CUST_6499,New
TXN_202304_001558,2023-04-27,REG_04,STORE_012,EMP_026,PROD_030,4,49.11,0.19,159.12,card,CUST_8744,VIP
TXN_202304_001559,2023-04-07,REG_03,STORE_009,EMP_003,PROD_040,4,89.42,0.08,329.07,cash,CUST_4617,Premium
TXN_202304_001560,2023-04-25,REG_03,STORE_007,EMP_014,PROD_044,4,92.18,0.08,339.22,credit,CUST_4524,New
TXN_202304_001561,2023-04-21,REG_05,STORE_013,EMP_005,PROD_037,2,496.86,0.1,894.35,mobile,CUST_7947,Premium
TXN_202304_001562,2023-04-17,REG_05,STORE_015,EMP_021,PROD_042,5,230.65,0.23,888.0,cash,CUST_3713,Premium
TXN_202304_001563,2023-04-11,REG_07,STORE_021,EMP_007,PROD_024,5,417.33,0.14,1794.52,cash,CUST_5067,New
TXN_202304_001564,2023-04-09,REG_01,STORE_002,EMP_001,PROD_025,5,38.27,0.11,170.3,cash,CUST_1620,Premium
TXN_202304_001565,2023-04-01,REG_01,STORE_001,EMP_018,PROD_029,2,136.82,0.2,218.91,mobile,CUST_4790,Premium
TXN_202304_001566,2023-04-05,REG_09,STORE_025,EMP_009,PROD_032,2,298.54,0.25,447.81,card,CUST_9002,VIP
TXN_202304_001555,2023-04-25,REG_05,STORE_014,EMP_021,PROD_003,2,270.25,0.12,475.64,card,CUST_8153,Premium
TXN_202304_001567,2023-04-26,REG_04,STORE_012,EMP_026,PROD_003,1,416.31,0.06,391.33,mobile,CUST_9151,New
TXN_202304_001568,2023-04-21,REG_02,STORE_005,EMP_002,PROD_022,5,54.98,0.15,233.66,mobile,CUST_9231,New
TXN_202304_001569,2023-04-23,REG_07,STORE_021,EMP_007,PROD_031,3,434.08,0.18,1067.84,credit,CUST_9826,Premium
TXN_202304_001570,2023-04-07,REG_01,STORE_002,EMP_001,PROD_003,5,388.73,0.14,1671.54,credit,CUST_4232,New
TXN_202304_001571,2023-04-16,REG_10,STORE_028,EMP_013,PROD_004,1,50.1,0.16,42.08,card,CUST_7875,Regular
TXN_202304_001572,2023-04-23,REG_03,STORE_009,EMP_003,PROD_001,1,94.41,0.26,69.86,card,CUST_6128,Premium
TXN_202304_001573,2023-04-01,REG_08,STORE_022,EMP_008,PROD_009,2,393.41,0.27,574.38,card,CUST_8378,VIP
TXN_202304_001574,2023-04-24,REG_10,STORE_028,EMP_017,PROD_030,5,248.77,0.19,1007.52,mobile,CUST_6256,Premium
TXN_202304_001575,2023-04-23,REG_08,STORE_022,EMP_008,PROD_014,4,208.73,0.12,734.73,mobile,CUST_6864,Premium
TXN_202304_001576,2023-04-29,REG_08,STORE_024,EMP_023,PROD_024,3,494.64,0.15,1261.33,credit,CUST_2081,VIP
TXN_202304_001577,2023-04-26,REG_10,STORE_028,EMP_017,PROD_006,3,181.04,0.2,434.5,credit,CUST_5681,Regular
TXN_202304_001578,2023-04-18,REG_10,STORE_029,EMP_028,PROD_017,4,135.91,0.13,472.97,cash,CUST_6583,New
TXN_202304_001579,2023-04-10,REG_04,STORE_010,EMP_024,PROD_048,4,226.93,0.02,889.57,mobile,CUST_7398,Premium
TXN_202304_001580,2023-04-13,REG_08,STORE_023,EMP_012,PROD_041,5,89.31,0.26,330.45,credit,CUST_7264,Premium
TXN_202304_001581,2023-04-09,REG_01,STORE_003,EMP_019,PROD_040,4,362.5,0.05,1377.5,credit,CUST_2582,Premium
TXN_202304_001582,2023-04-17,REG_08,STORE_024,EMP_023,PROD_009,5,207.43,0.15,881.58,card,CUST_9594,Premium
TXN_202304_001583,2023-04-30,REG_06,STORE_018,EMP_006,PROD_016,4,361.32,0.09,1315.2,cash,CUST_2678,Regular
TXN_202304_001584,2023-04-04,REG_07,STORE_020,EMP_007,PROD_037,1,165.9,0.08,152.63,card,CUST_5760,New
TXN_202304_001585,2023-04-22,REG_03,STORE_009,EMP_003,PROD_015,1,265.43,0.24,201.73,credit,CUST_6076,Regular
TXN_202304_001586,2023-04-09,REG_06,STORE_018,EMP_006,PROD_031,4,463.68,0.0,1854.72,credit,CUST_9174,VIP
TXN_202304_001587,2023-04-30,REG_01,STORE_001,EMP_018,PROD_003,4,384.12,0.19,1244.55,mobile,CUST_8506,Regular
TXN_202304_001588,2023-04-09,REG_04,STORE_011,EMP_030,PROD_034,3,488.51,0.14,1260.36,card,CUST_3701,Premium
TXN_202304_001589,2023-04-10,REG_09,STORE_026,EMP_025,PROD_010,3,147.27,0.11,393.21,cash,CUST_7059,Premium
TXN_202304_001590,2023-04-18,REG_01,STORE_002,EMP_011,PROD_019,4,149.93,0.19,485.77,credit,CUST_6675,Premium
TXN_202304_001591,2023-04-17,REG_07,STORE_019,EMP_007,PROD_047,1,176.28,0.2,141.02,cash,CUST_7219,VIP
TXN_202304_001592,2023-04-03,REG_02,STORE_006,EMP_002,PROD_035,2,110.02,0.18,180.43,card,CUST_4648,VIP
TXN_202304_001593,2023-04-18,REG_10,STORE_029,EMP_010,PROD_031,4,346.8,0.02,1359.46,cash,CUST_1893,New
TXN_202304_001594,2023-04-18,REG_01,STORE_003,EMP_011,PROD_014,4,62.3,0.1,224.28,cash,CUST_9875,New
TXN_202304_001595,2023-04-01,REG_09,STORE_026,EMP_027,PROD_022,4,302.71,0.23,932.35,credit,CUST_3815,VIP
TXN_202304_001596,2023-04-22,REG_01,STORE_002,EMP_011,PROD_042,4,101.69,0.22,317.27,mobile,CUST_7241,Premium
TXN_202304_001597,2023-04-09,REG_05,STORE_015,EMP_021,PROD_047,2,201.27,0.25,301.91,credit,CUST_6186,Regular
TXN_202304_001598,2023-04-06,REG_02,STORE_004,EMP_002,PROD_012,5,50.04,0.19,202.66,cash,CUST_4502,New
TXN_202304_001599,2023-04-26,REG_03,STORE_009,EMP_014,PROD_035,5,115.17,0.29,408.85,cash,CUST_6320,New
TXN_202304_001600,2023-04-09,REG_08,STORE_024,EMP_023,PROD_008,3,417.54,0.04,1202.52,cash,CUST_3881,Premium
TXN_202304_001601,2023-04-05,REG_07,STORE_020,EMP_007,PROD_025,1,489.65,0.11,435.79,credit,CUST_3768,Regular
TXN_202304_001602,2023-04-30,REG_05,STORE_013,EMP_005,PROD_039,4,423.49,0.28,1219.65,card,CUST_7491,New
TXN_202304_001603,2023-04-09,REG_06,STORE_016,EMP_006,PROD_010,3,252.11,0.29,536.99,credit,CUST_6886,New
TXN_202304_001604,2023-04-08,REG_08,STORE_023,EMP_023,PROD_039,5,237.21,0.1,1067.44,credit,CUST_7624,VIP
TXN_202304_001605,2023-04-20,REG_08,STORE_022,EMP_012,PROD_009,4,282.51,0.24,858.83,card,CUST_9851,Premium
TXN_202304_001606,2023-04-04,REG_06,STORE_017,EMP_006,PROD_037,4,32.74,0.26,96.91,credit,CUST_4149,VIP
TXN_202304_001607,2023-04-25,REG_08,STORE_023,EMP_015,PROD_001,2,394.3,0.17,654.54,mobile,CUST_7730,Regular
TXN_202304_001608,2023-04-15,REG_04,STORE_011,EMP_004,PROD_021,5,129.76,0.06,609.87,credit,CUST_5546,Premium
TXN_202304_001609,2023-04-11,REG_07,STORE_019,EMP_007,PROD_005,4,373.59,0.14,1285.15,card,CUST_9398,Regular
TXN_202304_001610,2023-04-11,REG_07,STORE_020,EMP_007,PROD_014,3,328.89,0.15,838.67,credit,CUST_4897,Regular
TXN_202304_001611,2023-04-20,REG_07,STORE_019,EMP_007,PROD_026,4,286.77,0.06,1078.26,credit,CUST_1235,VIP
TXN_202304_001612,2023-04-20,REG_02,STORE_005,EMP_002,PROD_022,4,405.95,0.27,1185.37,mobile,CUST_1991,Regular
TXN_202304_001613,2023-04-21,REG_04,STORE_010,EMP_024,PROD_009,2,426.46,0.18,699.39,credit,CUST_6108,Premium
TXN_202304_001614,2023-04-02,REG_05,STORE_013,EMP_021,PROD_047,5,430.62,0.1,1937.79,cash,CUST_4663,Regular
TXN_202304_001615,2023-04-10,REG_05,STORE_015,EMP_021,PROD_024,2,219.69,0.11,391.05,cash,CUST_8208,New
TXN_202304_001547,2023-04-04,REG_06,STORE_017,EMP_006,PROD_007,5,294.99,0.03,1430.7,card,CUST_4238,Regular
TXN_202304_001616,2023-04-15,REG_09,STORE_025,EMP_025,PROD_038,4,217.44,0.23,669.72,mobile,CUST_8817,New
TXN_202304_001617,2023-04-14,REG_02,STORE_005,EMP_002,PROD_046,4,455.62,0.17,1512.66,mobile,CUST_9494,Premium
TXN_202304_001618,2023-04-04,REG_08,STORE_024,EMP_008,PROD_044,4,148.44,0.18,486.88,card,CUST_9146,VIP
TXN_202304_001619,2023-04-09,REG_10,STORE_028,EMP_013,PROD_038,3,79.63,0.13,207.83,credit,CUST_8979,VIP
TXN_202304_001620,2023-04-17,REG_10,STORE_030,EMP_013,PROD_036,1,345.3,0.18,283.15,card,CUST_9606,New
TXN_202304_001621,2023-04-11,REG_06,STORE_017,EMP_006,PROD_020,3,44.28,0.14,114.24,cash,CUST_5459,VIP
TXN_202304_001622,2023-04-04,REG_10,STORE_028,EMP_020,PROD_004,4,69.76,0.05,265.09,cash,CUST_6980,Premium
TXN_202304_001623,2023-04-29,REG_03,STORE_007,EMP_003,PROD_017,4,59.21,0.16,198.95,cash,CUST_3363,VIP
TXN_202304_001624,2023-04-25,REG_02,STORE_005,EMP_002,PROD_042,2,405.95,0.22,633.28,credit,CUST_1023,VIP
TXN_202304_001625,2023-04-16,REG_02,STORE_005,EMP_002,PROD_020,1,398.27,0.26,294.72,credit,CUST_3855,Premium
TXN_202304_001626,2023-04-03,REG_03,STORE_007,EMP_014,PROD_018,3,414.1,0.24,944.15,card,CUST_4339,Regular
TXN_202304_001627,2023-04-07,REG_05,STORE_015,EMP_021,PROD_011,4,388.74,0.24,1181.77,card,CUST_4174,VIP
TXN_202304_001628,2023-04-25,REG_06,STORE_017,EMP_006,PROD_028,5,438.55,0.29,1556.85,credit,CUST_4616,VIP
TXN_202304_001629,2023-04-20,REG_04,STORE_010,EMP_024,PROD_036,5,164.74,0.07,766.04,cash,CUST_3769,VIP
TXN_202304_001630,2023-04-24,REG_03,STORE_007,EMP_014,PROD_019,4,104.01,0.02,407.72,credit,CUST_2549,VIP
TXN_202304_001631,2023-04-05,REG_09,STORE_027,EMP_025,PROD_032,3,482.87,0.08,1332.72,card,CUST_1447,Regular
TXN_202304_001632,2023-04-10,REG_02,STORE_004,EMP_002,PROD_022,3,136.33,0.07,380.36,card,CUST_9582,VIP
TXN_202304_001633,2023-04-13,REG_04,STORE_011,EMP_024,PROD_008,4,181.05,0.24,550.39,card,CUST_8097,New
TXN_202304_001634,2023-04-13,REG_04,STORE_010,EMP_024,PROD_014,5,148.54,0.12,653.58,mobile,CUST_6349,VIP
TXN_202304_001635,2023-04-12,REG_04,STORE_010,EMP_026,PROD_039,5,75.52,0.12,332.29,cash,CUST_6883,New
TXN_202304_001636,2023-04-13,REG_07,STORE_020,EMP_007,PROD_015,2,249.62,0.16,419.36,cash,CUST_2710,Premium
TXN_202304_001637,2023-04-10,REG_08,STORE_022,EMP_012,PROD_042,3,379.37,0.14,978.77,mobile,CUST_9377,New
TXN_202304_001638,2023-04-30,REG_06,STORE_016,EMP_006,PROD_012,5,230.36,0.13,1002.07,card,CUST_5673,New
TXN_202304_001639,2023-04-06,REG_05,STORE_015,EMP_005,PROD_046,2,394.58,0.23,607.65,credit,CUST_4202,New
TXN_202304_001640,2023-04-28,REG_08,STORE_024,EMP_023,PROD_031,3,13.83,0.04,39.83,cash,CUST_8423,Regular
TXN_202304_001641,2023-04-03,REG_08,STORE_024,EMP_015,PROD_021,4,480.95,0.05,1827.61,credit,CUST_5217,Regular
TXN_202304_001642,2023-04-26,REG_07,STORE_020,EMP_007,PROD_013,5,146.08,0.02,715.79,cash,CUST_7529,New
TXN_202304_001643,2023-04-05,REG_04,STORE_012,EMP_030,PROD_043,3,482.96,0.23,1115.64,mobile,CUST_8139,Premium
TXN_202304_001644,2023-04-19,REG_01,STORE_001,EMP_011,PROD_011,1,497.79,0.16,418.14,credit,CUST_1943,Regular
TXN_202304_001645,2023-04-13,REG_03,STORE_007,EMP_014,PROD_016,1,254.12,0.14,218.54,card,CUST_1455,Premium
TXN_202304_001646,2023-04-28,REG_10,STORE_028,EMP_020,PROD_048,2,353.6,0.1,636.48,cash,CUST_1329,VIP
TXN_202304_001647,2023-04-25,REG_04,STORE_011,EMP_016,PROD_049,2,495.77,0.28,713.91,card,CUST_7115,Premium
TXN_202304_001648,2023-04-12,REG_04,STORE_011,EMP_026,PROD_038,5,50.43,0.05,239.54,credit,CUST_1299,Premium
TXN_202304_001649,2023-04-09,REG_05,STORE_015,EMP_021,PROD_032,4,70.54,0.12,248.3,cash,CUST_7279,Regular
TXN_202304_001650,2023-04-26,REG_06,STORE_016,EMP_006,PROD_032,5,273.12,0.27,996.89,card,CUST_1836,New
TXN_202304_001651,2023-04-20,REG_09,STORE_026,EMP_009,PROD_035,2,272.52,0.26,403.33,card,CUST_8739,Regular
TXN_202304_001542,2023-04-13,REG_09,STORE_025,EMP_027,PROD_005,4,394.51,0.0,1578.04,cash,CUST_1255,VIP
TXN_202304_001652,2023-04-26,REG_01,STORE_003,EMP_011,PROD_040,2,251.41,0.03,487.74,card,CUST_9285,VIP
TXN_202304_001653,2023-04-10,REG_07,STORE_020,EMP_007,PROD_032,1,272.8,0.02,267.34,mobile,CUST_9365,Regular
TXN_202304_001654,2023-04-05,REG_09,STORE_025,EMP_009,PROD_036,5,139.58,0.14,600.19,cash,CUST_1991,VIP
TXN_202304_001655,2023-04-24,REG_02,STORE_006,EMP_002,PROD_007,3,169.83,0.19,412.69,card,CUST_8176,Premium
TXN_202304_001656,2023-04-11,REG_09,STORE_025,EMP_027,PROD_007,4,82.38,0.02,322.93,credit,CUST_6390,New
TXN_202304_001657,2023-04-27,REG_01,STORE_001,EMP_018,PROD_011,5,385.28,0.16,1618.18,mobile,CUST_7249,New
TXN_202304_001658,2023-04-02,REG_06,STORE_017,EMP_006,PROD_047,5,422.94,0.08,1945.52,credit,CUST_4407,New
TXN_202304_001659,2023-04-05,REG_02,STORE_006,EMP_002,PROD_022,5,396.11,0.28,1426.0,card,CUST_3358,VIP
TXN_202304_001660,2023-04-27,REG_04,STORE_010,EMP_004,PROD_001,1,142.55,0.23,109.76,card,CUST_8241,New
TXN_202304_001661,2023-04-06,REG_05,STORE_013,EMP_005,PROD_006,2,406.21,0.21,641.81,card,CUST_5013,VIP
TXN_202304_001662,2023-04-30,REG_07,STORE_019,EMP_007,PROD_038,2,495.81,0.18,813.13,credit,CUST_9280,Premium
TXN_202304_001663,2023-04-28,REG_08,STORE_022,EMP_023,PROD_013,2,325.88,0.13,567.03,cash,CUST_9895,Regular
TXN_202304_001664,2023-04-07,REG_10,STORE_030,EMP_017,PROD_041,1,218.24,0.08,200.78,cash,CUST_5198,Regular
TXN_202304_001665,2023-04-24,REG_07,STORE_019,EMP_007,PROD_043,2,104.5,0.23,160.93,cash,CUST_5551,New
TXN_202304_001666,2023-04-25,REG_01,STORE_002,EMP_001,PROD_002,5,80.49,0.1,362.2,credit,CUST_1050,Premium
TXN_202304_001667,2023-04-29,REG_04,STORE_012,EMP_026,PROD_034,1,401.76,0.11,357.57,cash,CUST_2335,VIP
TXN_202304_001668,2023-04-10,REG_04,STORE_010,EMP_004,PROD_032,2,231.28,0.15,393.18,credit,CUST_3514,VIP
TXN_202304_001669,2023-04-14,REG_09,STORE_026,EMP_027,PROD_025,4,281.54,0.29,799.57,card,CUST_2845,Premium
TXN_202304_001670,2023-04-07,REG_01,STORE_002,EMP_019,PROD_006,1,196.29,0.18,160.96,credit,CUST_9184,Regular
TXN_202304_001671,2023-04-30,REG_07,STORE_021,EMP_007,PROD_049,1,372.89,0.26,275.94,credit,CUST_4195,Premium
TXN_202304_001672,2023-04-18,REG_05,STORE_014,EMP_021,PROD_047,2,285.36,0.12,502.23,cash,CUST_2464,VIP
TXN_202304_001673,2023-04-07,REG_10,STORE_029,EMP_013,PROD_047,4,248.99,0.13,866.49,mobile,CUST_9284,Regular
TXN_202304_001674,2023-04-19,REG_04,STORE_012,EMP_030,PROD_009,4,437.7,0.02,1715.78,credit,CUST_2457,VIP
TXN_202304_001675,2023-04-06,REG_04,STORE_010,EMP_024,PROD_041,3,160.15,0.17,398.77,mobile,CUST_3035,New
TXN_202304_001676,2023-04-23,REG_05,STORE_015,EMP_005,PROD_012,2,347.16,0.07,645.72,mobile,CUST_2793,Premium
TXN_202304_001677,2023-04-21,REG_01,STORE_001,EMP_001,PROD_006,5,357.56,0.29,1269.34,cash,CUST_7252,Premium
TXN_202304_001678,2023-04-27,REG_06,STORE_018,EMP_006,PROD_023,3,114.28,0.11,305.13,credit,CUST_3870,VIP
TXN_202304_001679,2023-04-25,REG_03,STORE_007,EMP_014,PROD_015,1,391.83,0.07,364.4,mobile,CUST_6131,Premium
TXN_202304_001680,2023-04-25,REG_07,STORE_019,EMP_007,PROD_004,4,445.41,0.25,1336.23,mobile,CUST_8205,VIP
TXN_202304_001681,2023-04-20,REG_08,STORE_024,EMP_023,PROD_015,5,411.9,0.24,1565.22,card,CUST_5562,VIP
TXN_202304_001682,2023-04-06,REG_06,STORE_016,EMP_006,PROD_050,1,340.81,0.29,241.98,cash,CUST_2944,New
TXN_202304_001683,2023-04-08,REG_06,STORE_017,EMP_006,PROD_033,1,211.97,0.25,158.98,card,CUST_3304,New
TXN_202304_001649,2023-04-13,REG_08,STORE_022,EMP_012,PROD_030,1,117.69,0.01,116.51,cash,CUST_9249,VIP
TXN_202304_001684,2023-04-21,REG_05,STORE_013,EMP_005,PROD_030,5,23.74,0.19,96.15,credit,CUST_3724,Premium
TXN_202304_001685,2023-04-16,REG_07,STORE_021,EMP_007,PROD_007,5,395.68,0.23,1523.37,credit,CUST_3867,Premium
TXN_202304_001686,2023-04-28,REG_04,STORE_012,EMP_026,PROD_016,2,401.65,0.2,642.64,cash,CUST_3148,Premium
TXN_202304_001687,2023-04-04,REG_03,STORE_007,EMP_003,PROD_046,5,404.2,0.07,1879.53,cash,CUST_5386,Premium
TXN_202304_001688,2023-04-09,REG_04,STORE_010,EMP_024,PROD_025,1,110.06,0.21,86.95,credit,CUST_3606,Regular
TXN_202304_001689,2023-04-05,REG_02,STORE_006,EMP_002,PROD_005,2,313.58,0.21,495.46,cash,CUST_4122,Premium
TXN_202304_001690,2023-04-09,REG_08,STORE_024,EMP_015,PROD_012,4,34.44,0.16,115.72,mobile,CUST_2219,VIP
TXN_202304_001691,2023-04-28,REG_01,STORE_002,EMP_011,PROD_032,3,169.42,0.04,487.93,card,CUST_8540,Premium
TXN_202304_001692,2023-04-24,REG_10,STORE_029,EMP_013,PROD_001,2,455.6,0.3,637.84,cash,CUST_8234,New
TXN_202304_001693,2023-04-19,REG_05,STORE_014,EMP_005,PROD_004,5,61.68,0.1,277.56,credit,CUST_7573,New
TXN_202304_001694,2023-04-30,REG_03,STORE_007,EMP_014,PROD_044,3,403.55,0.1,1089.59,cash,CUST_6228,New
TXN_202304_001695,2023-04-04,REG_06,STORE_018,EMP_006,PROD_020,2,456.87,0.25,685.31,credit,CUST_4287,Premium
TXN_202304_001696,2023-04-20,REG_05,STORE_015,EMP_021,PROD_025,4,139.44,0.21,440.63,credit,CUST_1745,Premium
TXN_202304_001697,2023-04-02,REG_07,STORE_019,EMP_007,PROD_045,3,144.96,0.16,365.3,mobile,CUST_7197,Premium
TXN_202304_001698,2023-04-25,REG_08,STORE_022,EMP_023,PROD_043,3,488.47,0.04,1406.79,mobile,CUST_5701,Regular
TXN_202304_001699,2023-04-20,REG_08,STORE_023,EMP_023,PROD_038,1,336.37,0.24,255.64,card,CUST_1217,VIP
TXN_202304_001700,2023-04-15,REG_09,STORE_025,EMP_022,PROD_049,5,136.82,0.2,547.28,cash,CUST_3075,Regular
TXN_202304_001701,2023-04-27,REG_07,STORE_021,EMP_007,PROD_014,5,157.52,0.13,685.21,credit,CUST_3055,New
TXN_202304_001702,2023-04-19,REG_05,STORE_013,EMP_005,PROD_003,1,224.01,0.27,163.53,cash,CUST_1280,New
TXN_202304_001568,2023-04-20,REG_09,STORE_027,EMP_022,PROD_014,5,61.95,0.24,235.41,cash,CUST_1844,Premium
TXN_202304_001703,2023-04-16,REG_01,STORE_001,EMP_019,PROD_046,2,438.49,0.02,859.44,card,CUST_6870,Premium
TXN_202304_001704,2023-04-25,REG_09,STORE_026,EMP_022,PROD_040,2,282.97,0.29,401.82,mobile,CUST_5502,Premium
TXN_202304_001705,2023-04-08,REG_10,STORE_028,EMP_013,PROD_006,3,240.45,0.24,548.23,mobile,CUST_2093,Regular
TXN_202304_001706,2023-04-13,REG_09,STORE_027,EMP_025,PROD_032,3,292.33,0.27,640.2,card,CUST_4492,Regular
TXN_202304_001707,2023-04-02,REG_06,STORE_018,EMP_006,PROD_025,2,361.61,0.12,636.43,credit,CUST_1002,Regular
TXN_202304_001708,2023-04-16,REG_10,STORE_028,EMP_013,PROD_035,3,248.84,0.07,694.26,mobile,CUST_4180,Premium
TXN_202304_001709,2023-04-16,REG_04,STORE_011,EMP_024,PROD_010,5,45.82,0.24,174.12,card,CUST_1062,New
TXN_202304_001710,2023-04-12,REG_06,STORE_017,EMP_006,PROD_009,2,135.41,0.19,219.36,mobile,CUST_4294,Premium
TXN_202304_001711,2023-04-13,REG_09,STORE_027,EMP_027,PROD_033,5,60.56,0.0,302.8,cash,CUST_5172,Regular
TXN_202304_001712,2023-04-15,REG_02,STORE_005,EMP_002,PROD_009,1,337.84,0.07,314.19,cash,CUST_5200,New
TXN_202304_001690,2023-04-21,REG_02,STORE_004,EMP_002,PROD_028,2,72.22,0.04,138.66,card,CUST_8629,VIP
TXN_202304_001713,2023-04-03,REG_04,STORE_012,EMP_024,PROD_034,3,61.88,0.22,144.8,credit,CUST_5064,Premium
TXN_202304_001714,2023-04-28,REG_06,STORE_016,EMP_006,PROD_050,2,66.11,0.23,101.81,card,CUST_2175,Premium
TXN_202304_001715,2023-04-07,REG_03,STORE_009,EMP_003,PROD_036,3,104.36,0.11,278.64,card,CUST_2422,VIP
TXN_202304_001716,2023-04-06,REG_09,STORE_026,EMP_009,PROD_004,4,320.93,0.02,1258.05,mobile,CUST_8557,Premium
TXN_202304_001717,2023-04-02,REG_01,STORE_002,EMP_019,PROD_002,3,356.29,0.14,919.23,credit,CUST_7341,Premium
TXN_202304_001718,2023-04-10,REG_05,STORE_014,EMP_021,PROD_016,4,114.71,0.03,445.07,cash,CUST_4657,Premium
TXN_202304_001719,2023-04-15,REG_04,STORE_011,EMP_026,PROD_044,1,65.1,0.16,54.68,cash,CUST_2204,Regular
TXN_202304_001720,2023-04-26,REG_05,STORE_015,EMP_005,PROD_014,3,383.13,0.13,999.97,card,CUST_9024,Regular
TXN_202304_001721,2023-04-21,REG_03,STORE_008,EMP_014,PROD_049,5,13.18,0.17,54.7,credit,CUST_5076,New
TXN_202304_001722,2023-04-15,REG_09,STORE_026,EMP_022,PROD_028,5,221.64,0.17,919.81,mobile,CUST_3547,VIP
TXN_202304_001513,2023-04-24,REG_06,STORE_016,EMP_006,PROD_029,2,410.82,0.25,616.23,card,CUST_6514,New
TXN_202304_001723,2023-04-15,REG_01,STORE_003,EMP_011,PROD_034,3,42.93,0.04,123.64,cash,CUST_5837,Premium
TXN_202304_001724,2023-04-13,REG_07,STORE_021,EMP_007,PROD_021,5,181.98,0.18,746.12,mobile,CUST_2793,Regular
TXN_202304_001725,2023-04-20,REG_07,STORE_020,EMP_007,PROD_045,2,474.47,0.04,910.98,credit,CUST_1685,Premium
TXN_202304_001726,2023-04-14,REG_03,STORE_009,EMP_003,PROD_027,4,214.06,0.17,710.68,card,CUST_6754,New
TXN_202304_001727,2023-04-18,REG_01,STORE_003,EMP_001,PROD_009,4,484.11,0.18,1587.88,mobile,CUST_5575,Regular
TXN_202304_001728,2023-04-30,REG_01,STORE_001,EMP_019,PROD_042,1,221.66,0.27,161.81,mobile,CUST_5538,New
TXN_202304_001729,2023-04-12,REG_10,STORE_029,EMP_017,PROD_008,1,340.37,0.06,319.95,card,CUST_2794,VIP
TXN_202304_001730,2023-04-21,REG_07,STORE_019,EMP_007,PROD_010,3,271.09,0.14,699.41,mobile,CUST_9815,Premium
TXN_202304_001731,2023-04-19,REG_02,STORE_004,EMP_002,PROD_006,1,79.65,0.19,64.52,card,CUST_3224,Premium
TXN_202304_001732,2023-04-17,REG_05,STORE_013,EMP_021,PROD_023,1,440.28,0.14,378.64,cash,CUST_9567,Premium
TXN_202304_001733,2023-04-08,REG_10,STORE_028,EMP_017,PROD_006,2,141.69,0.27,206.87,credit,CUST_4492,Premium
TXN_202304_001734,2023-04-20,REG_08,STORE_022,EMP_023,PROD_016,3,107.67,0.14,277.79,cash,CUST_6843,Regular
TXN_202304_001735,2023-04-21,REG_08,STORE_022,EMP_012,PROD_004,1,282.22,0.05,268.11,mobile,CUST_4013,VIP
TXN_202304_001736,2023-04-16,REG_03,STORE_008,EMP_003,PROD_035,5,326.78,0.02,1601.22,card,CUST_9926,Premium
TXN_202304_001737,2023-04-04,REG_10,STORE_028,EMP_010,PROD_045,3,25.96,0.28,56.07,credit,CUST_3318,Premium
TXN_202304_001738,2023-04-22,REG_07,STORE_019,EMP_007,PROD_002,4,44.13,0.15,150.04,card,CUST_2054,Premium
TXN_202304_001739,2023-04-23,REG_02,STORE_005,EMP_002,PROD_020,4,481.24,0.11,1713.21,card,CUST_1888,VIP
TXN_202304_001740,2023-04-09,REG_05,STORE_014,EMP_021,PROD_048,4,69.31,0.06,260.61,credit,CUST_1295,VIP
TXN_202304_001741,2023-04-28,REG_03,STORE_007,EMP_014,PROD_045,3,479.22,0.24,1092.62,credit,CUST_4842,New
TXN_202304_001742,2023-04-19,REG_08,STORE_023,EMP_023,PROD_050,2,94.32,0.27,137.71,credit,CUST_8243,New
TXN_202304_001743,2023-04-24,REG_10,STORE_029,EMP_017,PROD_043,3,480.85,0.07,1341.57,cash,CUST_5611,Regular
TXN_202304_001744,2023-04-20,REG_03,STORE_009,EMP_014,PROD_013,3,483.42,0.04,1392.25,cash,CUST_3182,Premium
TXN_202304_001745,2023-04-26,REG_03,STORE_008,EMP_003,PROD_043,5,392.94,0.1,1768.23,mobile,CUST_5337,Regular
TXN_202304_001746,2023-04-25,REG_10,STORE_029,EMP_013,PROD_030,4,69.47,0.18,227.86,card,CUST_8939,VIP
TXN_202304_001747,2023-04-07,REG_05,STORE_014,EMP_005,PROD_036,4,402.34,0.09,1464.52,cash,CUST_9080,VIP
TXN_202304_001748,2023-04-01,REG_02,STORE_004,EMP_002,PROD_005,1,311.06,0.02,304.84,cash,CUST_9065,VIP
TXN_202304_001749,2023-04-21,REG_04,STORE_010,EMP_016,PROD_041,3,333.27,0.13,869.83,card,CUST_9476,VIP
TXN_202304_001750,2023-04-29,REG_10,STORE_030,EMP_013,PROD_020,2,268.52,0.22,418.89,credit,CUST_4841,Regular
TXN_202304_001751,2023-04-10,REG_03,STORE_007,EMP_003,PROD_005,2,354.64,0.16,595.8,cash,CUST_7727,VIP
TXN_202304_001752,2023-04-13,REG_06,STORE_017,EMP_006,PROD_026,4,95.03,0.0,380.12,credit,CUST_4550,VIP
TXN_202304_001753,2023-04-27,REG_02,STORE_006,EMP_002,PROD_019,2,378.83,0.29,537.94,credit,CUST_3648,VIP
TXN_202304_001754,2023-04-23,REG_07,STORE_021,EMP_007,PROD_017,3,488.93,0.18,1202.77,cash,CUST_3286,Premium
TXN_202304_001755,2023-04-07,REG_03,STORE_009,EMP_014,PROD_042,4,421.96,0.2,1350.27,mobile,CUST_3798,VIP
TXN_202304_001756,2023-04-07,REG_09,STORE_026,EMP_009,PROD_005,5,68.72,0.24,261.14,cash,CUST_8204,Regular
TXN_202304_001757,2023-04-24,REG_02,STORE_004,EMP_002,PROD_047,1,468.85,0.27,342.26,cash,CUST_3653,Premium
TXN_202304_001758,2023-04-13,REG_09,STORE_027,EMP_027,PROD_017,3,150.25,0.16,378.63,credit,CUST_7032,Regular
TXN_202304_001759,2023-04-11,REG_03,STORE_009,EMP_003,PROD_026,1,149.02,0.27,108.78,card,CUST_1065,New
TXN_202304_001607,2023-04-03,REG_06,STORE_016,EMP_006,PROD_043,2,118.96,0.23,183.2,cash,CUST_8782,New
TXN_202304_001715,2023-04-22,REG_01,STORE_001,EMP_018,PROD_004,1,264.23,0.0,264.23,mobile,CUST_9035,VIP
TXN_202304_001760,2023-04-19,REG_04,STORE_010,EMP_024,PROD_002,2,349.77,0.16,587.61,card,CUST_8016,New
TXN_202304_001761,2023-04-08,REG_09,STORE_027,EMP_025,PROD_002,4,87.53,0.27,255.59,credit,CUST_7583,Premium
TXN_202304_001762,2023-04-10,REG_08,STORE_024,EMP_023,PROD_046,2,446.48,0.27,651.86,credit,CUST_8161,New
TXN_202304_001763,2023-04-19,REG_08,STORE_023,EMP_015,PROD_012,1,231.95,0.0,231.95,mobile,CUST_1146,VIP
TXN_202304_001764,2023-04-14,REG_03,STORE_009,EMP_003,PROD_011,2,62.22,0.0,124.44,credit,CUST_7357,Regular
TXN_202304_001765,2023-04-09,REG_06,STORE_018,EMP_006,PROD_008,3,355.28,0.07,991.23,card,CUST_1182,Premium
TXN_202304_001766,2023-04-19,REG_01,STORE_002,EMP_001,PROD_004,3,126.87,0.05,361.58,mobile,CUST_8783,Premium
TXN_202304_001767,2023-04-30,REG_04,STORE_012,EMP_016,PROD_049,5,114.27,0.21,451.37,credit,CUST_5420,VIP
TXN_202304_001768,2023-04-27,REG_07,STORE_019,EMP_007,PROD_030,4,129.03,0.15,438.7,card,CUST_3221,New
TXN_202304_001769,2023-04-17,REG_03,STORE_008,EMP_003,PROD_033,5,487.03,0.14,2094.23,mobile,CUST_4698,Premium
TXN_202304_001770,2023-04-13,REG_06,STORE_016,EMP_006,PROD_038,1,402.0,0.29,285.42,card,CUST_5475,VIP
TXN_202304_001771,2023-04-11,REG_02,STORE_005,EMP_002,PROD_025,2,261.74,0.23,403.08,credit,CUST_3647,VIP
TXN_202304_001772,2023-04-10,REG_10,STORE_029,EMP_028,PROD_001,3,209.72,0.02,616.58,mobile,CUST_8104,Regular
TXN_202304_001773,2023-04-20,REG_07,STORE_021,EMP_007,PROD_040,5,463.42,0.04,2224.42,cash,CUST_6212,VIP
TXN_202304_001597,2023-04-09,REG_04,STORE_010,EMP_030,PROD_040,2,122.83,0.04,235.83,credit,CUST_7930,VIP
TXN_202304_001774,2023-04-15,REG_01,STORE_001,EMP_001,PROD_021,4,212.01,0.25,636.03,card,CUST_5954,VIP
TXN_202304_001775,2023-04-28,REG_05,STORE_015,EMP_021,PROD_001,3,349.81,0.23,808.06,mobile,CUST_1983,VIP
TXN_202304_001776,2023-04-26,REG_05,STORE_015,EMP_005,PROD_026,1,45.01,0.04,43.21,mobile,CUST_8779,Premium
TXN_202304_001777,2023-04-18,REG_04,STORE_010,EMP_004,PROD_048,3,73.49,0.01,218.27,card,CUST_4211,New
TXN_202304_001778,2023-04-10,REG_09,STORE_027,EMP_027,PROD_047,1,296.51,0.21,234.24,credit,CUST_3480,New
TXN_202304_001779,2023-04-16,REG_04,STORE_010,EMP_026,PROD_012,4,391.54,0.12,1378.22,card,CUST_9617,Premium
TXN_202304_001780,2023-04-22,REG_02,STORE_006,EMP_002,PROD_019,2,418.32,0.16,702.78,mobile,CUST_3799,Premium
TXN_202304_001781,2023-04-25,REG_10,STORE_028,EMP_028,PROD_035,1,440.36,0.22,343.48,card,CUST_9021,VIP
TXN_202304_001782,2023-04-20,REG_01,STORE_001,EMP_011,PROD_004,3,124.53,0.19,302.61,card,CUST_1052,VIP
TXN_202304_001783,2023-04-28,REG_05,STORE_014,EMP_021,PROD_012,3,366.61,0.02,1077.83,card,CUST_9447,Premium
TXN_202304_001784,2023-04-26,REG_07,STORE_020,EMP_007,PROD_032,1,490.51,0.09,446.36,card,CUST_6315,New
TXN_202304_001785,2023-04-05,REG_04,STORE_012,EMP_016,PROD_015,2,303.8,0.23,467.85,card,CUST_7331,New
TXN_202304_001786,2023-04-30,REG_06,STORE_017,EMP_006,PROD_002,4,67.2,0.25,201.6,cash,CUST_1987,VIP
TXN_202304_001654,2023-04-25,REG_08,STORE_023,EMP_015,PROD_033,3,95.22,0.14,245.67,mobile,CUST_4119,New
TXN_202304_001787,2023-04-25,REG_07,STORE_019,EMP_007,PROD_043,1,171.82,0.17,142.61,mobile,CUST_5930,New
TXN_202304_001788,2023-04-19,REG_04,STORE_012,EMP_004,PROD_023,4,174.48,0.12,614.17,card,CUST_6696,Regular
TXN_202304_001789,2023-04-11,REG_09,STORE_026,EMP_022,PROD_040,2,261.57,0.22,408.05,credit,CUST_7364,Regular
TXN_202304_001556,2023-04-06,REG_01,STORE_003,EMP_018,PROD_002,5,297.77,0.24,1131.53,mobile,CUST_8118,New
TXN_202304_001790,2023-04-14,REG_08,STORE_022,EMP_023,PROD_005,3,107.35,0.22,251.2,card,CUST_2182,Premium
TXN_202304_001791,2023-04-09,REG_04,STORE_011,EMP_024,PROD_005,3,62.0,0.03,180.42,mobile,CUST_7507,Regular
TXN_202304_001792,2023-04-27,REG_06,STORE_016,EMP_006,PROD_050,3,455.93,0.18,1121.59,cash,CUST_2069,VIP
TXN_202304_001793,2023-04-04,REG_08,STORE_022,EMP_012,PROD_044,2,52.95,0.04,101.66,cash,CUST_2920,VIP
TXN_202304_001794,2023-04-24,REG_01,STORE_003,EMP_001,PROD_009,5,330.24,0.04,1585.15,cash,CUST_9211,Regular
TXN_202304_001795,2023-04-09,REG_07,STORE_019,EMP_007,PROD_037,2,318.3,0.1,572.94,mobile,CUST_8425,Premium
TXN_202304_001796,2023-04-26,REG_06,STORE_017,EMP_006,PROD_032,4,296.48,0.13,1031.75,cash,CUST_4408,Premium
TXN_202304_001797,2023-04-16,REG_01,STORE_001,EMP_011,PROD_023,1,340.89,0.2,272.71,card,CUST_7312,Regular
TXN_202304_001798,2023-04-06,REG_05,STORE_014,EMP_005,PROD_033,5,249.32,0.01,1234.13,cash,CUST_3691,Regular
TXN_202304_001799,2023-04-29,REG_01,STORE_003,EMP_011,PROD_043,1,424.17,0.21,335.09,card,CUST_6265,Premium
TXN_202304_001800,2023-04-08,REG_10,STORE_029,EMP_013,PROD_033,3,252.83,0.19,614.38,cash,CUST_5794,Premium
TXN_202304_001727,2023-04-14,REG_06,STORE_018,EMP_006,PROD_008,2,473.27,0.03,918.14,card,CUST_8730,Regular
TXN_202304_001801,2023-04-15,REG_02,STORE_006,EMP_002,PROD_025,4,124.51,0.16,418.35,credit,CUST_7071,Regular
TXN_202304_001802,2023-04-01,REG_05,STORE_014,EMP_005,PROD_045,2,176.78,0.27,258.1,card,CUST_1118,Premium
TXN_202304_001803,2023-04-06,REG_09,STORE_026,EMP_025,PROD_004,4,81.74,0.19,264.84,cash,CUST_4209,VIP
TXN_202304_001804,2023-04-16,REG_08,STORE_022,EMP_023,PROD_023,3,171.88,0.09,469.23,mobile,CUST_2577,Regular
TXN_202304_001805,2023-04-07,REG_01,STORE_003,EMP_019,PROD_045,5,320.01,0.09,1456.05,card,CUST_3602,VIP
TXN_202304_001806,2023-04-29,REG_08,STORE_023,EMP_012,PROD_019,1,394.64,0.06,370.96,mobile,CUST_6871,Premium
TXN_202304_001807,2023-04-24,REG_04,STORE_012,EMP_004,PROD_012,1,151.13,0.09,137.53,credit,CUST_1123,VIP
TXN_202304_001808,2023-04-08,REG_07,STORE_019,EMP_007,PROD_015,2,44.72,0.17,74.24,card,CUST_5721,New
TXN_202304_001809,2023-04-21,REG_09,STORE_027,EMP_025,PROD_021,3,30.34,0.3,63.71,credit,CUST_3985,VIP
TXN_202304_001810,2023-04-14,REG_07,STORE_021,EMP_007,PROD_002,2,217.56,0.3,304.58,cash,CUST_3774,Premium
TXN_202304_001811,2023-04-04,REG_06,STORE_018,EMP_006,PROD_034,2,200.68,0.13,349.18,credit,CUST_5035,New
TXN_202304_001812,2023-04-29,REG_06,STORE_016,EMP_006,PROD_009,2,484.89,0.17,804.92,credit,CUST_4156,VIP
TXN_202304_001813,2023-04-25,REG_05,STORE_013,EMP_005,PROD_030,3,298.19,0.12,787.22,cash,CUST_4745,VIP
TXN_202304_001814,2023-04-25,REG_06,STORE_016,EMP_006,PROD_039,5,165.81,0.14,712.98,card,CUST_7579,Regular
TXN_202304_001815,2023-04-22,REG_08,STORE_024,EMP_023,PROD_040,5,260.61,0.06,1224.87,mobile,CUST_6889,VIP
TXN_202304_001816,2023-04-22,REG_03,STORE_007,EMP_014,PROD_029,1,262.15,0.15,222.83,cash,CUST_3658,VIP
TXN_202304_001817,2023-04-03,REG_05,STORE_013,EMP_021,PROD_050,1,327.79,0.04,314.68,cash,CUST_6847,Regular
TXN_202304_001818,2023-04-21,REG_07,STORE_020,EMP_007,PROD_023,3,128.88,0.07,359.58,card,CUST_7673,VIP
TXN_202304_001819,2023-04-29,REG_01,STORE_001,EMP_001,PROD_039,4,399.95,0.25,1199.85,credit,CUST_8922,Premium
TXN_202304_001820,2023-04-12,REG_07,STORE_021,EMP_007,PROD_013,2,483.44,0.1,870.19,mobile,CUST_6153,New
TXN_202304_001821,2023-04-22,REG_09,STORE_025,EMP_025,PROD_013,3,20.49,0.0,61.47,credit,CUST_9310,Premium
TXN_202304_001822,2023-04-06,REG_02,STORE_006,EMP_002,PROD_011,3,164.71,0.1,444.72,mobile,CUST_5329,New
TXN_202304_001823,2023-04-25,REG_04,STORE_010,EMP_004,PROD_002,5,230.04,0.17,954.67,cash,CUST_2001,Premium
TXN_202304_001824,2023-04-21,REG_09,STORE_026,EMP_022,PROD_001,5,234.74,0.06,1103.28,mobile,CUST_2264,Regular
TXN_202304_001825,2023-04-07,REG_06,STORE_016,EMP_006,PROD_021,4,278.68,0.25,836.04,credit,CUST_6455,Regular
TXN_202304_001826,2023-04-30,REG_01,STORE_002,EMP_011,PROD_006,2,344.09,0.27,502.37,cash,CUST_2677,Premium
TXN_202304_001827,2023-04-08,REG_09,STORE_026,EMP_027,PROD_009,4,107.7,0.02,422.18,credit,CUST_4198,Premium
TXN_202304_001828,2023-04-13,REG_02,STORE_006,EMP_002,PROD_044,4,373.66,0.12,1315.28,mobile,CUST_6247,New
TXN_202304_001829,2023-04-04,REG_05,STORE_015,EMP_021,PROD_018,1,394.21,0.06,370.56,credit,CUST_3556,Premium
TXN_202304_001830,2023-04-16,REG_08,STORE_022,EMP_008,PROD_030,1,151.27,0.07,140.68,cash,CUST_6488,New
TXN_202304_001831,2023-04-21,REG_06,STORE_016,EMP_006,PROD_046,3,436.95,0.21,1035.57,cash,CUST_1204,VIP
TXN_202304_001788,2023-04-10,REG_05,STORE_013,EMP_021,PROD_028,3,346.11,0.2,830.66,mobile,CUST_8978,New
TXN_202304_001832,2023-04-09,REG_06,STORE_018,EMP_006,PROD_036,1,244.16,0.17,202.65,cash,CUST_9466,New
TXN_202304_001833,2023-04-16,REG_10,STORE_030,EMP_010,PROD_028,3,285.8,0.1,771.66,cash,CUST_9043,Regular
TXN_202304_001834,2023-04-04,REG_05,STORE_015,EMP_021,PROD_028,3,388.17,0.02,1141.22,credit,CUST_4994,Premium
TXN_202304_001835,2023-04-03,REG_05,STORE_015,EMP_021,PROD_013,1,138.68,0.15,117.88,credit,CUST_7694,Regular
TXN_202304_001836,2023-04-21,REG_05,STORE_013,EMP_005,PROD_047,2,429.47,0.24,652.79,mobile,CUST_1849,Premium
TXN_202304_001837,2023-04-19,REG_06,STORE_018,EMP_006,PROD_015,5,99.74,0.25,374.02,card,CUST_3805,Premium
TXN_202304_001838,2023-04-19,REG_05,STORE_013,EMP_021,PROD_039,3,489.03,0.15,1247.03,cash,CUST_2373,Regular
TXN_202304_001839,2023-04-19,REG_04,STORE_010,EMP_024,PROD_003,4,450.95,0.2,1443.04,mobile,CUST_4036,Premium
TXN_202304_001840,2023-04-30,REG_04,STORE_011,EMP_024,PROD_036,5,45.54,0.02,223.15,card,CUST_6232,Premium
TXN_202304_001841,2023-04-09,REG_08,STORE_023,EMP_023,PROD_033,1,285.09,0.08,262.28,credit,CUST_3152,Premium
TXN_202304_001842,2023-04-20,REG_01,STORE_001,EMP_018,PROD_049,2,375.37,0.05,713.2,cash,CUST_7467,Regular
TXN_202304_001843,2023-04-11,REG_07,STORE_020,EMP_007,PROD_043,3,374.38,0.02,1100.68,credit,CUST_6634,Regular
TXN_202304_001844,2023-04-09,REG_04,STORE_011,EMP_024,PROD_038,4,226.86,0.22,707.8,credit,CUST_8993,Regular
TXN_202304_001845,2023-04-24,REG_07,STORE_019,EMP_007,PROD_041,2,378.05,0.26,559.51,cash,CUST_4979,Premium
TXN_202304_001846,2023-04-08,REG_07,STORE_019,EMP_007,PROD_004,3,413.75,0.26,918.52,credit,CUST_5301,New
TXN_202304_001847,2023-04-19,REG_04,STORE_012,EMP_030,PROD_039,3,314.6,0.3,660.66,mobile,CUST_7470,Premium
TXN_202304_001848,2023-04-13,REG_10,STORE_030,EMP_017,PROD_023,4,405.79,0.11,1444.61,cash,CUST_7255,VIP
TXN_202304_001849,2023-04-10,REG_07,STORE_020,EMP_007,PROD_042,4,133.07,0.25,399.21,credit,CUST_4558,New
TXN_202304_001850,2023-04-30,REG_10,STORE_029,EMP_013,PROD_022,5,75.91,0.13,330.21,credit,CUST_2921,VIP
TXN_202304_001851,2023-04-10,REG_06,STORE_017,EMP_006,PROD_036,4,175.44,0.14,603.51,credit,CUST_1042,New
TXN_202304_001852,2023-04-19,REG_07,STORE_020,EMP_007,PROD_032,2,340.63,0.11,606.32,cash,CUST_5048,New
TXN_202304_001853,2023-04-14,REG_02,STORE_004,EMP_002,PROD_021,1,445.31,0.12,391.87,card,CUST_2848,Premium
TXN_202304_001854,2023-04-09,REG_01,STORE_003,EMP_019,PROD_014,2,149.69,0.24,227.53,credit,CUST_9927,VIP
TXN_202304_001855,2023-04-10,REG_10,STORE_030,EMP_017,PROD_018,1,198.1,0.13,172.35,card,CUST_2968,Premium
TXN_202304_001856,2023-04-26,REG_06,STORE_018,EMP_006,PROD_038,1,392.37,0.04,376.68,card,CUST_8128,VIP
TXN_202304_001857,2023-04-18,REG_02,STORE_005,EMP_002,PROD_030,2,480.85,0.27,702.04,cash,CUST_1898,Regular
TXN_202304_001858,2023-04-25,REG_02,STORE_005,EMP_002,PROD_018,3,73.69,0.08,203.38,card,CUST_1060,VIP
TXN_202304_001859,2023-04-04,REG_04,STORE_011,EMP_016,PROD_019,1,452.2,0.02,443.16,credit,CUST_7737,VIP
TXN_202304_001860,2023-04-27,REG_09,STORE_025,EMP_022,PROD_010,3,283.44,0.05,807.8,mobile,CUST_6762,VIP
TXN_202304_001861,2023-04-18,REG_08,STORE_024,EMP_012,PROD_021,3,489.92,0.21,1161.11,card,CUST_1518,Premium
TXN_202304_001862,2023-04-11,REG_05,STORE_015,EMP_021,PROD_003,5,358.76,0.1,1614.42,mobile,CUST_4017,Premium
TXN_202304_001694,2023-04-19,REG_05,STORE_014,EMP_005,PROD_046,3,445.7,0.18,1096.42,mobile,CUST_1556,Regular
TXN_202304_001863,2023-04-06,REG_08,STORE_024,EMP_015,PROD_011,4,408.68,0.22,1275.08,card,CUST_4714,VIP
TXN_202304_001864,2023-04-03,REG_05,STORE_014,EMP_021,PROD_046,4,289.1,0.3,809.48,credit,CUST_3321,VIP
TXN_202304_001865,2023-04-16,REG_02,STORE_004,EMP_002,PROD_027,5,67.66,0.05,321.38,card,CUST_4341,Premium
TXN_202304_001866,2023-04-27,REG_01,STORE_001,EMP_001,PROD_035,5,93.31,0.01,461.88,card,CUST_6521,Premium
TXN_202304_001867,2023-04-22,REG_04,STORE_011,EMP_004,PROD_017,2,280.61,0.26,415.3,credit,CUST_9985,VIP
TXN_202304_001868,2023-04-19,REG_01,STORE_002,EMP_001,PROD_025,3,465.85,0.29,992.26,mobile,CUST_6388,Premium
TXN_202304_001869,2023-04-02,REG_06,STORE_016,EMP_006,PROD_032,1,377.76,0.02,370.2,credit,CUST_8866,VIP
TXN_202304_001870,2023-04-17,REG_05,STORE_013,EMP_021,PROD_013,1,350.49,0.26,259.36,credit,CUST_2298,VIP
TXN_202304_001871,2023-04-12,REG_03,STORE_009,EMP_003,PROD_015,2,54.79,0.03,106.29,mobile,CUST_3572,New
TXN_202304_001872,2023-04-16,REG_06,STORE_016,EMP_006,PROD_045,4,250.14,0.14,860.48,credit,CUST_6237,VIP
TXN_202304_001873,2023-04-27,REG_09,STORE_026,EMP_025,PROD_019,5,18.01,0.05,85.55,cash,CUST_2386,New
TXN_202304_001874,2023-04-17,REG_06,STORE_016,EMP_006,PROD_024,4,302.8,0.09,1102.19,credit,CUST_4588,Premium
TXN_202304_001875,2023-04-27,REG_07,STORE_021,EMP_007,PROD_026,3,299.13,0.1,807.65,cash,CUST_4001,VIP
TXN_202304_001876,2023-04-30,REG_08,STORE_024,EMP_008,PROD_001,4,138.24,0.01,547.43,cash,CUST_5889,Premium
TXN_202304_001748,2023-04-15,REG_10,STORE_028,EMP_013,PROD_006,1,13.97,0.04,13.41,card,CUST_7486,New
TXN_202304_001877,2023-04-12,REG_07,STORE_020,EMP_007,PROD_045,4,291.97,0.07,1086.13,credit,CUST_1155,Regular
TXN_202304_001878,2023-04-08,REG_04,STORE_010,EMP_030,PROD_043,5,479.37,0.04,2300.98,mobile,CUST_7497,Regular
TXN_202304_001879,2023-04-25,REG_01,STORE_003,EMP_018,PROD_022,4,153.94,0.16,517.24,credit,CUST_8145,Regular
TXN_202304_001880,2023-04-02,REG_09,STORE_025,EMP_009,PROD_039,1,89.43,0.27,65.28,cash,CUST_8106,Regular
TXN_202304_001881,2023-04-08,REG_03,STORE_008,EMP_014,PROD_031,3,126.98,0.27,278.09,mobile,CUST_9393,VIP
TXN_202304_001882,2023-04-16,REG_07,STORE_021,EMP_007,PROD_014,3,11.95,0.03,34.77,card,CUST_1611,Regular
TXN_202304_001883,2023-04-17,REG_06,STORE_018,EMP_006,PROD_017,4,47.02,0.28,135.42,mobile,CUST_9232,VIP
TXN_202304_001884,2023-04-05,REG_04,STORE_010,EMP_004,PROD_033,5,475.63,0.3,1664.7,credit,CUST_6185,Regular
TXN_202304_001885,2023-04-09,REG_07,STORE_019,EMP_007,PROD_021,5,455.17,0.0,2275.85,mobile,CUST_8280,New
TXN_202304_001886,2023-04-23,REG_01,STORE_001,EMP_001,PROD_010,5,358.15,0.01,1772.84,card,CUST_2297,Premium
TXN_202304_001887,2023-04-26,REG_04,STORE_010,EMP_016,PROD_037,4,408.52,0.25,1225.56,card,CUST_1410,Premium
TXN_202304_001888,2023-04-17,REG_01,STORE_001,EMP_001,PROD_037,3,127.05,0.14,327.79,card,CUST_7369,New
TXN_202304_001889,2023-04-26,REG_01,STORE_003,EMP_001,PROD_033,1,281.44,0.29,199.82,cash,CUST_6971,New
TXN_202304_001890,2023-04-26,REG_07,STORE_019,EMP_007,PROD_027,1,15.34,0.16,12.89,mobile,CUST_1617,Premium
TXN_202304_001891,2023-04-10,REG_09,STORE_026,EMP_025,PROD_037,1,30.28,0.25,22.71,mobile,CUST_8147,Premium
TXN_202304_001892,2023-04-18,REG_03,STORE_009,EMP_014,PROD_034,1,180.54,0.21,142.63,credit,CUST_6904,Regular
TXN_202304_001893,2023-04-07,REG_04,STORE_010,EMP_029,PROD_050,1,476.91,0.12,419.68,card,CUST_1939,VIP
TXN_202304_001894,2023-04-26,REG_09,STORE_026,EMP_009,PROD_005,1,469.31,0.06,441.15,card,CUST_4131,New
TXN_202304_001895,2023-04-12,REG_01,STORE_001,EMP_018,PROD_029,5,365.15,0.0,1825.75,card,CUST_2648,Premium
TXN_202304_001514,2023-04-16,REG_08,STORE_023,EMP_012,PROD_045,4,147.4,0.07,548.33,cash,CUST_1704,Regular
TXN_202304_001896,2023-04-20,REG_08,STORE_022,EMP_008,PROD_001,2,270.53,0.05,514.01,cash,CUST_5678,New
TXN_202304_001897,2023-04-08,REG_01,STORE_003,EMP_001,PROD_033,3,344.46,0.19,837.04,card,CUST_6585,Premium
TXN_202304_001898,2023-04-05,REG_04,STORE_010,EMP_024,PROD_021,3,342.11,0.21,810.8,mobile,CUST_8551,Premium
TXN_202304_001899,2023-04-11,REG_04,STORE_012,EMP_016,PROD_004,5,158.71,0.0,793.55,credit,CUST_8698,Regular
TXN_202304_001900,2023-04-01,REG_08,STORE_024,EMP_012,PROD_031,5,286.79,0.14,1233.2,credit,CUST_8198,Regular
TXN_202304_001901,2023-04-19,REG_08,STORE_024,EMP_012,PROD_037,5,231.13,0.21,912.96,card,CUST_5974,Regular
TXN_202304_001902,2023-04-28,REG_01,STORE_002,EMP_001,PROD_036,1,102.69,0.01,101.66,card,CUST_5875,Regular
TXN_202304_001903,2023-04-29,REG_08,STORE_024,EMP_008,PROD_041,4,189.19,0.01,749.19,cash,CUST_6993,Premium
TXN_202304_001904,2023-04-05,REG_07,STORE_021,EMP_007,PROD_044,5,426.51,0.1,1919.3,mobile,CUST_5118,VIP
TXN_202304_001905,2023-04-15,REG_05,STORE_013,EMP_021,PROD_007,5,41.57,0.3,145.49,card,CUST_5206,New
TXN_202304_001906,2023-04-05,REG_10,STORE_028,EMP_028,PROD_046,3,47.23,0.27,103.43,cash,CUST_1682,Premium
TXN_202304_001907,2023-04-01,REG_01,STORE_003,EMP_011,PROD_033,1,110.63,0.1,99.57,mobile,CUST_1537,New
TXN_202304_001908,2023-04-03,REG_08,STORE_023,EMP_015,PROD_016,1,87.81,0.29,62.35,credit,CUST_2493,Premium
TXN_202304_001909,2023-04-07,REG_10,STORE_030,EMP_020,PROD_050,2,340.85,0.15,579.45,card,CUST_5944,VIP
TXN_202304_001910,2023-04-15,REG_01,STORE_002,EMP_018,PROD_003,5,184.9,0.08,850.54,credit,CUST_6777,VIP
TXN_202304_001911,2023-04-10,REG_09,STORE_025,EMP_027,PROD_036,2,220.18,0.28,317.06,card,CUST_6102,VIP
TXN_202304_001912,2023-04-15,REG_05,STORE_015,EMP_021,PROD_043,3,228.07,0.01,677.37,credit,CUST_1349,Regular
TXN_202304_001913,2023-04-14,REG_01,STORE_001,EMP_019,PROD_009,3,177.76,0.21,421.29,card,CUST_6552,VIP
TXN_202304_001914,2023-04-24,REG_08,STORE_024,EMP_012,PROD_041,4,150.86,0.08,555.16,mobile,CUST_6444,Regular
TXN_202304_001606,2023-04-15,REG_03,STORE_007,EMP_014,PROD_031,5,100.29,0.15,426.23,credit,CUST_4103,New
TXN_202304_001745,2023-04-21,REG_01,STORE_002,EMP_018,PROD_029,1,43.42,0.09,39.51,card,CUST_2696,VIP
TXN_202304_001611,2023-04-17,REG_10,STORE_028,EMP_010,PROD_021,3,336.42,0.12,888.15,cash,CUST_2853,New
TXN_202304_001517,2023-04-12,REG_06,STORE_016,EMP_006,PROD_019,4,200.36,0.06,753.35,cash,CUST_1882,New
TXN_202304_001915,2023-04-24,REG_09,STORE_026,EMP_009,PROD_010,5,304.87,0.09,1387.16,card,CUST_8383,Premium
TXN_202304_001916,2023-04-26,REG_01,STORE_003,EMP_019,PROD_026,2,104.05,0.07,193.53,card,CUST_1590,New
TXN_202304_001917,2023-04-14,REG_03,STORE_008,EMP_003,PROD_030,1,233.8,0.0,233.8,mobile,CUST_6861,New
TXN_202304_001918,2023-04-16,REG_07,STORE_019,EMP_007,PROD_022,5,90.83,0.15,386.03,credit,CUST_1080,New
TXN_202304_001919,2023-04-07,REG_03,STORE_008,EMP_014,PROD_038,3,425.96,0.04,1226.76,card,CUST_8340,Regular
TXN_202304_001920,2023-04-24,REG_09,STORE_027,EMP_027,PROD_041,2,64.6,0.25,96.9,mobile,CUST_7027,New
TXN_202304_001921,2023-04-03,REG_09,STORE_025,EMP_009,PROD_035,1,91.47,0.05,86.9,mobile,CUST_6769,Regular
TXN_202304_001922,2023-04-24,REG_05,STORE_013,EMP_021,PROD_020,4,44.11,0.15,149.97,credit,CUST_9837,Premium
TXN_202304_001923,2023-04-29,REG_04,STORE_010,EMP_029,PROD_038,2,336.01,0.2,537.62,credit,CUST_9348,Regular
TXN_202304_001924,2023-04-25,REG_02,STORE_006,EMP_002,PROD_004,3,120.9,0.05,344.57,mobile,CUST_8904,Premium
TXN_202304_001925,2023-04-30,REG_06,STORE_017,EMP_006,PROD_033,1,41.76,0.1,37.58,cash,CUST_9728,VIP
TXN_202304_001926,2023-04-03,REG_10,STORE_030,EMP_010,PROD_022,4,246.24,0.08,906.16,credit,CUST_1137,Regular
TXN_202304_001927,2023-04-10,REG_09,STORE_025,EMP_022,PROD_014,5,283.64,0.24,1077.83,credit,CUST_4621,VIP
TXN_202304_001928,2023-04-05,REG_04,STORE_011,EMP_029,PROD_040,5,485.05,0.17,2012.96,card,CUST_3899,Premium
TXN_202304_001929,2023-04-15,REG_08,STORE_023,EMP_012,PROD_049,3,102.15,0.18,251.29,credit,CUST_7335,Regular
TXN_202304_001930,2023-04-22,REG_08,STORE_024,EMP_015,PROD_004,1,187.33,0.02,183.58,card,CUST_5818,VIP
TXN_202304_001931,2023-04-27,REG_06,STORE_018,EMP_006,PROD_043,5,458.28,0.07,2131.0,credit,CUST_8250,Regular
TXN_202304_001932,2023-04-13,REG_02,STORE_004,EMP_002,PROD_046,4,236.95,0.02,928.84,card,CUST_4404,New
TXN_202304_001933,2023-04-25,REG_06,STORE_016,EMP_006,PROD_025,5,147.62,0.08,679.05,cash,CUST_9947,Premium
TXN_202304_001934,2023-04-11,REG_05,STORE_015,EMP_021,PROD_044,2,295.79,0.18,485.1,cash,CUST_2480,Regular
TXN_202304_001935,2023-04-13,REG_01,STORE_003,EMP_019,PROD_035,2,102.61,0.14,176.49,credit,CUST_7884,New
TXN_202304_001936,2023-04-27,REG_09,STORE_026,EMP_025,PROD_050,5,422.7,0.14,1817.61,mobile,CUST_3891,VIP
TXN_202304_001937,2023-04-27,REG_05,STORE_015,EMP_021,PROD_004,3,327.0,0.14,843.66,card,CUST_6457,New
TXN_202304_001938,2023-04-01,REG_01,STORE_002,EMP_018,PROD_046,4,235.76,0.13,820.44,card,CUST_2271,Regular
TXN_202304_001939,2023-04-30,REG_02,STORE_004,EMP_002,PROD_017,3,42.48,0.14,109.6,card,CUST_5315,Premium
TXN_202304_001940,2023-04-21,REG_08,STORE_022,EMP_023,PROD_001,2,77.2,0.1,138.96,cash,CUST_6628,New
TXN_202304_001941,2023-04-12,REG_01,STORE_002,EMP_011,PROD_043,1,363.71,0.05,345.52,card,CUST_4565,Regular
TXN_202304_001942,2023-04-21,REG_08,STORE_022,EMP_023,PROD_025,4,61.07,0.26,180.77,mobile,CUST_8281,Regular
TXN_202304_001943,2023-04-03,REG_09,STORE_027,EMP_009,PROD_017,4,316.97,0.07,1179.13,cash,CUST_4373,Regular
TXN_202304_001944,2023-04-22,REG_01,STORE_003,EMP_011,PROD_022,1,57.25,0.11,50.95,cash,CUST_3534,New
TXN_202304_001945,2023-04-25,REG_10,STORE_028,EMP_017,PROD_034,1,15.01,0.22,11.71,mobile,CUST_6073,Premium
TXN_202304_001946,2023-04-21,REG_01,STORE_001,EMP_011,PROD_029,5,108.05,0.0,540.25,credit,CUST_7754,VIP
TXN_202304_001947,2023-04-20,REG_09,STORE_025,EMP_009,PROD_034,3,352.73,0.29,751.31,card,CUST_6726,VIP
TXN_202304_001948,2023-04-04,REG_02,STORE_006,EMP_002,PROD_015,4,225.8,0.26,668.37,credit,CUST_6797,Premium
TXN_202304_001949,2023-04-08,REG_06,STORE_018,EMP_006,PROD_008,5,422.21,0.14,1815.5,credit,CUST_8811,Regular
TXN_202304_001950,2023-04-07,REG_05,STORE_015,EMP_021,PROD_033,5,277.43,0.26,1026.49,cash,CUST_9447,New
TXN_202304_001951,2023-04-11,REG_07,STORE_020,EMP_007,PROD_042,2,208.51,0.04,400.34,card,CUST_9498,Premium
TXN_202304_001952,2023-04-06,REG_04,STORE_011,EMP_024,PROD_003,1,165.17,0.18,135.44,cash,CUST_1417,Regular
TXN_202304_001953,2023-04-07,REG_10,STORE_029,EMP_010,PROD_044,5,115.98,0.29,411.73,cash,CUST_7106,Regular
TXN_202304_001954,2023-04-05,REG_07,STORE_019,EMP_007,PROD_029,3,29.54,0.27,64.69,credit,CUST_4333,New
TXN_202304_001955,2023-04-13,REG_10,STORE_030,EMP_017,PROD_040,5,68.87,0.15,292.7,credit,CUST_7324,VIP
TXN_202304_001956,2023-04-22,REG_03,STORE_009,EMP_014,PROD_029,4,66.84,0.28,192.5,cash,CUST_1324,Premium
TXN_202304_001957,2023-04-28,REG_09,STORE_025,EMP_009,PROD_039,1,158.18,0.26,117.05,credit,CUST_3041,Premium
TXN_202304_001958,2023-04-11,REG_08,STORE_023,EMP_015,PROD_007,5,158.67,0.01,785.42,mobile,CUST_4203,Regular
TXN_202304_001959,2023-04-04,REG_10,STORE_028,EMP_020,PROD_010,1,430.76,0.24,327.38,card,CUST_2426,Premium
TXN_202304_001960,2023-04-12,REG_10,STORE_030,EMP_013,PROD_035,5,376.9,0.01,1865.65,credit,CUST_3957,VIP
TXN_202304_001961,2023-04-29,REG_07,STORE_019,EMP_007,PROD_012,1,388.93,0.02,381.15,cash,CUST_3739,Regular
TXN_202304_001962,2023-04-20,REG_02,STORE_006,EMP_002,PROD_035,3,175.37,0.3,368.28,cash,CUST_1329,VIP
TXN_202304_001963,2023-04-27,REG_03,STORE_007,EMP_003,PROD_024,4,105.1,0.09,382.56,mobile,CUST_6643,VIP
TXN_202304_001964,2023-04-06,REG_10,STORE_028,EMP_020,PROD_022,3,468.7,0.02,1377.98,card,CUST_3062,Regular
TXN_202304_001965,2023-04-25,REG_06,STORE_017,EMP_006,PROD_012,3,223.66,0.14,577.04,card,CUST_1105,VIP
TXN_202304_001966,2023-04-03,REG_05,STORE_015,EMP_005,PROD_020,3,364.0,0.3,764.4,credit,CUST_7739,VIP
TXN_202304_001967,2023-04-08,REG_03,STORE_009,EMP_003,PROD_018,2,60.38,0.05,114.72,cash,CUST_6976,Premium
TXN_202304_001968,2023-04-01,REG_05,STORE_014,EMP_021,PROD_028,1,59.71,0.14,51.35,cash,CUST_2831,New
TXN_202304_001969,2023-04-28,REG_05,STORE_014,EMP_021,PROD_037,3,358.19,0.18,881.15,cash,CUST_1334,New
TXN_202304_001970,2023-04-20,REG_07,STORE_021,EMP_007,PROD_018,4,427.88,0.09,1557.48,cash,CUST_2333,New
TXN_202304_001971,2023-04-26,REG_09,STORE_027,EMP_022,PROD_013,4,440.44,0.16,1479.88,mobile,CUST_9774,Premium
TXN_202304_001972,2023-04-06,REG_03,STORE_009,EMP_014,PROD_006,4,360.28,0.16,1210.54,cash,CUST_9165,Regular
TXN_202304_001973,2023-04-19,REG_08,STORE_023,EMP_012,PROD_044,1,294.15,0.06,276.5,card,CUST_1415,Regular
TXN_202304_001974,2023-04-17,REG_08,STORE_024,EMP_012,PROD_005,2,268.65,0.28,386.86,card,CUST_4441,Regular
TXN_202304_001975,2023-04-14,REG_05,STORE_014,EMP_021,PROD_029,1,84.19,0.28,60.62,card,CUST_8171,Regular
TXN_202304_001976,2023-04-05,REG_04,STORE_012,EMP_016,PROD_027,5,455.6,0.28,1640.16,card,CUST_1013,VIP
TXN_202304_001977,2023-04-08,REG_08,STORE_024,EMP_023,PROD_025,1,74.29,0.13,64.63,mobile,CUST_3319,Premium
TXN_202304_001978,2023-04-24,REG_08,STORE_024,EMP_008,PROD_023,5,190.63,0.02,934.09,mobile,CUST_5963,Premium
TXN_202304_001979,2023-04-09,REG_08,STORE_023,EMP_008,PROD_042,4,73.04,0.03,283.4,card,CUST_1496,VIP
TXN_202304_001980,2023-04-19,REG_03,STORE_007,EMP_003,PROD_025,2,255.46,0.12,449.61,mobile,CUST_3928,VIP
