transaction_id,date,region,store_id,employee_id,product_id,units,unit_price,discount,revenue,payment,customer_id,customer_segment
TXN_202402_006481,2024-02-18,REG_05,STORE_013,EMP_021,PROD_010,3,163.19,0.19,396.55,credit,CUST_1752,VIP
TXN_202402_006482,2024-02-13,REG_07,STORE_019,EMP_007,PROD_017,2,341.07,0.15,579.82,cash,CUST_9515,Regular
TXN_202402_006483,2024-02-22,REG_03,STORE_008,EMP_014,PROD_005,3,428.93,0.1,1158.11,credit,CUST_4699,Regular
TXN_202402_006484,2024-02-11,REG_01,STORE_003,EMP_019,PROD_033,5,338.18,0.07,1572.54,credit,CUST_4610,Regular
TXN_202402_006485,2024-02-07,REG_08,STORE_022,EMP_012,PROD_034,5,453.39,0.08,2085.59,credit,CUST_8804,Premium
TXN_202402_006486,2024-02-24,REG_07,STORE_020,EMP_007,PROD_018,2,348.18,0.13,605.83,credit,CUST_3511,Premium
TXN_202402_006487,2024-02-16,REG_02,STORE_004,EMP_002,PROD_031,5,33.9,0.28,122.04,cash,CUST_6502,VIP
TXN_202402_006488,2024-02-18,REG_06,STORE_018,EMP_006,PROD_046,1,57.84,0.08,53.21,cash,CUST_7479,Regular
TXN_202402_006489,2024-02-28,REG_09,STORE_027,EMP_027,PROD_009,3,210.0,0.09,573.3,cash,CUST_2534,Premium
TXN_202402_006490,2024-02-10,REG_03,STORE_007,EMP_003,PROD_006,3,98.82,0.28,213.45,credit,CUST_9185,VIP
TXN_202402_006491,2024-02-24,REG_03,STORE_007,EMP_003,PROD_035,1,329.54,0.1,296.59,cash,CUST_1619,Regular
TXN_202402_006492,2024-02-06,REG_05,STORE_014,EMP_005,PROD_024,5,444.34,0.04,2132.83,mobile,CUST_4637,Premium
TXN_202402_006493,2024-02-06,REG_05,STORE_013,EMP_005,PROD_029,4,444.7,0.05,1689.86,mobile,CUST_8887,Regular
TXN_202402_006494,2024-02-26,REG_06,STORE_017,EMP_006,PROD_034,5,423.12,0.11,1882.88,mobile,CUST_5225,New
TXN_202402_006495,2024-02-10,REG_09,STORE_027,EMP_027,PROD_016,4,408.44,0.05,1552.07,mobile,CUST_8291,VIP
TXN_202402_006496,2024-02-09,REG_09,STORE_026,EMP_025,PROD_003,3,17.48,0.02,51.39,card,CUST_2293,VIP
TXN_202402_006497,2024-02-22,REG_09,STORE_026,EMP_025,PROD_025,5,294.91,0.04,1415.57,mobile,CUST_5851,VIP
TXN_202402_006498,2024-02-07,REG_09,STORE_025,EMP_027,PROD_003,4,57.41,0.18,188.3,cash,CUST_7828,Regular
TXN_202402_006499,2024-02-26,REG_10,STORE_028,EMP_013,PROD_030,1,307.66,0.07,286.12,cash,CUST_8903,VIP
TXN_202402_006500,2024-02-10,REG_06,STORE_018,EMP_006,PROD_034,4,63.56,0.12,223.73,cash,CUST_9827,VIP
TXN_202402_006501,2024-02-26,REG_10,STORE_029,EMP_010,PROD_025,5,462.56,0.09,2104.65,cash,CUST_6638,Premium
TXN_202402_006502,2024-02-14,REG_08,STORE_023,EMP_008,PROD_008,4,479.0,0.24,1456.16,credit,CUST_8708,New
TXN_202402_006503,2024-02-27,REG_10,STORE_028,EMP_020,PROD_022,2,347.2,0.02,680.51,mobile,CUST_8218,Premium
TXN_202402_006504,2024-02-19,REG_07,STORE_019,EMP_007,PROD_012,2,356.75,0.15,606.48,credit,CUST_2816,New
TXN_202402_006505,2024-02-12,REG_05,STORE_015,EMP_021,PROD_027,5,113.78,0.29,403.92,credit,CUST_6761,New
TXN_202402_006506,2024-02-15,REG_02,STORE_004,EMP_002,PROD_033,2,307.83,0.15,523.31,cash,CUST_2286,New
TXN_202402_006507,2024-02-11,REG_09,STORE_025,EMP_009,PROD_037,1,490.86,0.09,446.68,credit,CUST_4681,VIP
TXN_202402_006508,2024-02-26,REG_08,STORE_022,EMP_012,PROD_033,5,341.05,0.21,1347.15,card,CUST_8800,VIP
TXN_202402_006509,2024-02-10,REG_07,STORE_021,EMP_007,PROD_015,3,313.9,0.2,753.36,card,CUST_5540,Premium
TXN_202402_006510,2024-02-27,REG_04,STORE_010,EMP_004,PROD_045,2,80.29,0.19,130.07,card,CUST_1858,VIP
TXN_202402_006511,2024-02-27,REG_03,STORE_009,EMP_003,PROD_034,5,258.21,0.21,1019.93,credit,CUST_9858,VIP
TXN_202402_006512,2024-02-07,REG_07,STORE_021,EMP_007,PROD_043,2,249.53,0.08,459.14,credit,CUST_7636,VIP
TXN_202402_006513,2024-02-03,REG_03,STORE_009,EMP_003,PROD_044,1,468.31,0.12,412.11,cash,CUST_8457,Premium
TXN_202402_006514,2024-02-16,REG_03,STORE_009,EMP_003,PROD_023,3,116.6,0.12,307.82,credit,CUST_6780,VIP
TXN_202402_006515,2024-02-01,REG_02,STORE_004,EMP_002,PROD_029,2,217.76,0.19,352.77,cash,CUST_2714,Regular
TXN_202402_006516,2024-02-26,REG_06,STORE_018,EMP_006,PROD_033,2,243.36,0.1,438.05,cash,CUST_5727,New
TXN_202402_006517,2024-02-22,REG_04,STORE_011,EMP_030,PROD_013,3,451.56,0.29,961.82,card,CUST_6253,New
TXN_202402_006518,2024-02-11,REG_08,STORE_024,EMP_015,PROD_035,5,283.13,0.07,1316.55,cash,CUST_7831,Regular
TXN_202402_006519,2024-02-20,REG_08,STORE_024,EMP_012,PROD_016,4,499.78,0.15,1699.25,cash,CUST_8740,VIP
TXN_202402_006520,2024-02-24,REG_06,STORE_018,EMP_006,PROD_039,3,489.41,0.15,1248.0,card,CUST_2928,Regular
TXN_202402_006521,2024-02-22,REG_10,STORE_028,EMP_028,PROD_050,1,257.97,0.2,206.38,cash,CUST_8372,New
TXN_202402_006522,2024-02-14,REG_08,STORE_023,EMP_015,PROD_006,4,104.7,0.21,330.85,credit,CUST_3108,Premium
TXN_202402_006523,2024-02-19,REG_06,STORE_017,EMP_006,PROD_040,5,306.23,0.14,1316.79,card,CUST_4922,Premium
TXN_202402_006524,2024-02-22,REG_02,STORE_004,EMP_002,PROD_001,4,65.17,0.17,216.36,card,CUST_9198,New
TXN_202402_006525,2024-02-07,REG_09,STORE_025,EMP_009,PROD_050,1,445.01,0.1,400.51,credit,CUST_1970,New
TXN_202402_006526,2024-02-21,REG_02,STORE_004,EMP_002,PROD_045,4,362.44,0.16,1217.8,cash,CUST_2454,Regular
TXN_202402_006527,2024-02-28,REG_05,STORE_013,EMP_005,PROD_007,3,34.4,0.04,99.07,credit,CUST_1317,Regular
TXN_202402_006528,2024-02-20,REG_01,STORE_003,EMP_001,PROD_013,3,17.26,0.21,40.91,credit,CUST_3862,New
TXN_202402_006529,2024-02-29,REG_06,STORE_017,EMP_006,PROD_005,5,257.27,0.04,1234.9,mobile,CUST_7110,VIP
TXN_202402_006530,2024-02-05,REG_04,STORE_011,EMP_016,PROD_032,5,401.18,0.18,1644.84,cash,CUST_3072,Premium
TXN_202402_006531,2024-02-25,REG_09,STORE_027,EMP_022,PROD_038,4,226.38,0.15,769.69,cash,CUST_1452,Regular
TXN_202402_006532,2024-02-14,REG_06,STORE_017,EMP_006,PROD_047,2,173.8,0.3,243.32,mobile,CUST_5185,Regular
TXN_202402_006533,2024-02-20,REG_08,STORE_024,EMP_023,PROD_034,3,212.95,0.15,543.02,credit,CUST_9928,New
TXN_202402_006534,2024-02-27,REG_08,STORE_023,EMP_015,PROD_030,4,107.05,0.04,411.07,mobile,CUST_4696,VIP
TXN_202402_006535,2024-02-04,REG_09,STORE_026,EMP_027,PROD_041,1,284.33,0.06,267.27,cash,CUST_4522,VIP
TXN_202402_006536,2024-02-15,REG_01,STORE_002,EMP_001,PROD_040,5,70.42,0.17,292.24,credit,CUST_5217,VIP
TXN_202402_006537,2024-02-15,REG_05,STORE_014,EMP_021,PROD_044,2,175.46,0.21,277.23,cash,CUST_1175,Regular
TXN_202402_006538,2024-02-22,REG_10,STORE_028,EMP_020,PROD_016,1,248.82,0.15,211.5,cash,CUST_8149,New
TXN_202402_006539,2024-02-27,REG_02,STORE_006,EMP_002,PROD_031,4,411.34,0.24,1250.47,cash,CUST_8328,VIP
TXN_202402_006540,2024-02-01,REG_05,STORE_015,EMP_021,PROD_015,1,104.08,0.29,73.9,cash,CUST_5972,Regular
TXN_202402_006541,2024-02-16,REG_10,STORE_028,EMP_013,PROD_031,3,340.69,0.18,838.1,credit,CUST_5302,VIP
TXN_202402_006542,2024-02-16,REG_04,STORE_012,EMP_026,PROD_021,3,28.22,0.16,71.11,credit,CUST_3253,VIP
TXN_202402_006543,2024-02-03,REG_03,STORE_008,EMP_003,PROD_035,3,133.35,0.08,368.05,cash,CUST_5273,Regular
TXN_202402_006544,2024-02-21,REG_07,STORE_020,EMP_007,PROD_047,3,338.09,0.26,750.56,credit,CUST_8903,VIP
TXN_202402_006545,2024-02-16,REG_06,STORE_017,EMP_006,PROD_002,1,340.68,0.06,320.24,cash,CUST_4645,VIP
TXN_202402_006546,2024-02-27,REG_10,STORE_030,EMP_028,PROD_010,4,286.87,0.15,975.36,card,CUST_8405,Premium
TXN_202402_006547,2024-02-03,REG_10,STORE_030,EMP_010,PROD_019,3,323.02,0.22,755.87,credit,CUST_8804,Premium
TXN_202402_006548,2024-02-11,REG_04,STORE_012,EMP_016,PROD_033,3,486.77,0.04,1401.9,mobile,CUST_6561,New
TXN_202402_006549,2024-02-25,REG_04,STORE_010,EMP_026,PROD_007,3,430.99,0.2,1034.38,card,CUST_1435,New
TXN_202402_006550,2024-02-27,REG_07,STORE_019,EMP_007,PROD_025,5,174.06,0.19,704.94,mobile,CUST_7689,Regular
TXN_202402_006551,2024-02-20,REG_07,STORE_021,EMP_007,PROD_021,3,71.14,0.22,166.47,mobile,CUST_3986,Regular
TXN_202402_006552,2024-02-09,REG_07,STORE_019,EMP_007,PROD_018,3,339.01,0.25,762.77,cash,CUST_5809,New
TXN_202402_006553,2024-02-13,REG_03,STORE_008,EMP_014,PROD_017,1,25.94,0.22,20.23,mobile,CUST_6920,New
TXN_202402_006554,2024-02-12,REG_06,STORE_017,EMP_006,PROD_004,1,10.05,0.28,7.24,cash,CUST_2330,Regular
TXN_202402_006555,2024-02-27,REG_01,STORE_002,EMP_018,PROD_033,5,404.14,0.07,1879.25,credit,CUST_7333,VIP
TXN_202402_006556,2024-02-28,REG_05,STORE_014,EMP_021,PROD_040,1,121.98,0.16,102.46,credit,CUST_2665,Premium
TXN_202402_006557,2024-02-21,REG_08,STORE_022,EMP_008,PROD_035,4,377.93,0.22,1179.14,card,CUST_4205,VIP
TXN_202402_006558,2024-02-09,REG_09,STORE_025,EMP_027,PROD_009,2,391.33,0.04,751.35,mobile,CUST_5274,VIP
TXN_202402_006559,2024-02-10,REG_08,STORE_023,EMP_008,PROD_006,2,334.11,0.0,668.22,mobile,CUST_3069,VIP
TXN_202402_006560,2024-02-27,REG_09,STORE_026,EMP_025,PROD_037,2,171.75,0.16,288.54,cash,CUST_7193,Premium
TXN_202402_006561,2024-02-22,REG_06,STORE_017,EMP_006,PROD_015,2,441.14,0.08,811.7,mobile,CUST_9061,Regular
TXN_202402_006562,2024-02-12,REG_01,STORE_003,EMP_018,PROD_036,5,248.76,0.1,1119.42,cash,CUST_1972,New
TXN_202402_006563,2024-02-17,REG_09,STORE_025,EMP_027,PROD_012,3,312.71,0.28,675.45,card,CUST_9874,Premium
TXN_202402_006564,2024-02-08,REG_09,STORE_027,EMP_025,PROD_011,2,113.07,0.29,160.56,card,CUST_3820,Premium
TXN_202402_006565,2024-02-10,REG_05,STORE_013,EMP_021,PROD_014,4,386.23,0.12,1359.53,mobile,CUST_2773,VIP
TXN_202402_006566,2024-02-06,REG_07,STORE_019,EMP_007,PROD_045,1,403.61,0.02,395.54,cash,CUST_9064,VIP
TXN_202402_006567,2024-02-24,REG_02,STORE_006,EMP_002,PROD_015,5,79.3,0.29,281.51,mobile,CUST_9066,New
TXN_202402_006568,2024-02-23,REG_06,STORE_017,EMP_006,PROD_039,4,56.68,0.28,163.24,mobile,CUST_7069,Premium
TXN_202402_006569,2024-02-03,REG_05,STORE_014,EMP_005,PROD_010,4,255.19,0.27,745.15,mobile,CUST_2371,New
TXN_202402_006570,2024-02-19,REG_01,STORE_002,EMP_018,PROD_028,5,212.77,0.04,1021.3,credit,CUST_2240,New
TXN_202402_006571,2024-02-12,REG_05,STORE_013,EMP_005,PROD_037,2,469.12,0.05,891.33,card,CUST_9940,New
TXN_202402_006572,2024-02-12,REG_06,STORE_017,EMP_006,PROD_049,5,246.29,0.05,1169.88,card,CUST_7665,New
TXN_202402_006573,2024-02-13,REG_02,STORE_004,EMP_002,PROD_031,5,213.83,0.05,1015.69,cash,CUST_8415,VIP
TXN_202402_006574,2024-02-21,REG_03,STORE_008,EMP_003,PROD_019,4,252.68,0.19,818.68,mobile,CUST_3321,VIP
TXN_202402_006575,2024-02-28,REG_02,STORE_005,EMP_002,PROD_037,4,36.74,0.06,138.14,card,CUST_3999,New
TXN_202402_006576,2024-02-16,REG_10,STORE_029,EMP_028,PROD_047,4,325.09,0.23,1001.28,mobile,CUST_6651,New
TXN_202402_006577,2024-02-16,REG_07,STORE_020,EMP_007,PROD_042,3,319.87,0.14,825.26,card,CUST_4364,Regular
TXN_202402_006578,2024-02-23,REG_07,STORE_021,EMP_007,PROD_023,4,20.63,0.05,78.39,card,CUST_7263,New
TXN_202402_006579,2024-02-16,REG_05,STORE_014,EMP_021,PROD_050,3,303.06,0.06,854.63,credit,CUST_2033,New
TXN_202402_006580,2024-02-23,REG_03,STORE_007,EMP_003,PROD_014,3,275.81,0.22,645.4,credit,CUST_8911,Premium
TXN_202402_006581,2024-02-18,REG_04,STORE_012,EMP_026,PROD_025,1,167.76,0.02,164.4,credit,CUST_6018,New
TXN_202402_006582,2024-02-25,REG_01,STORE_003,EMP_001,PROD_048,5,270.75,0.21,1069.46,cash,CUST_2470,Premium
TXN_202402_006583,2024-02-20,REG_09,STORE_027,EMP_025,PROD_009,5,478.06,0.11,2127.37,card,CUST_8928,Premium
TXN_202402_006584,2024-02-04,REG_02,STORE_004,EMP_002,PROD_005,1,136.97,0.29,97.25,cash,CUST_2034,Regular
TXN_202402_006585,2024-02-12,REG_08,STORE_022,EMP_012,PROD_041,3,149.43,0.16,376.56,cash,CUST_5410,New
TXN_202402_006586,2024-02-07,REG_08,STORE_024,EMP_012,PROD_010,3,215.79,0.18,530.84,cash,CUST_1737,New
TXN_202402_006587,2024-02-28,REG_06,STORE_016,EMP_006,PROD_040,4,117.35,0.26,347.36,credit,CUST_5755,Regular
TXN_202402_006588,2024-02-01,REG_07,STORE_019,EMP_007,PROD_006,4,457.57,0.06,1720.46,cash,CUST_2958,VIP
TXN_202402_006589,2024-02-07,REG_07,STORE_020,EMP_007,PROD_024,4,414.61,0.28,1194.08,credit,CUST_5163,VIP
TXN_202402_006590,2024-02-23,REG_02,STORE_004,EMP_002,PROD_022,3,21.93,0.07,61.18,card,CUST_9242,VIP
TXN_202402_006591,2024-02-11,REG_07,STORE_021,EMP_007,PROD_044,5,478.4,0.14,2057.12,mobile,CUST_5452,Regular
TXN_202402_006592,2024-02-07,REG_06,STORE_017,EMP_006,PROD_030,2,57.31,0.09,104.3,cash,CUST_6960,New
TXN_202402_006593,2024-02-13,REG_05,STORE_013,EMP_005,PROD_013,4,88.67,0.17,294.38,card,CUST_7952,Premium
TXN_202402_006594,2024-02-23,REG_05,STORE_013,EMP_005,PROD_044,5,286.77,0.07,1333.48,mobile,CUST_9142,New
TXN_202402_006595,2024-02-17,REG_04,STORE_010,EMP_004,PROD_012,3,244.15,0.22,571.31,cash,CUST_6243,New
TXN_202402_006596,2024-02-15,REG_08,STORE_022,EMP_023,PROD_026,3,80.76,0.01,239.86,credit,CUST_3504,VIP
TXN_202402_006597,2024-02-13,REG_05,STORE_014,EMP_005,PROD_016,5,161.7,0.27,590.21,card,CUST_7807,Premium
TXN_202402_006598,2024-02-25,REG_04,STORE_010,EMP_029,PROD_016,1,482.56,0.14,415.0,credit,CUST_5524,Regular
TXN_202402_006599,2024-02-19,REG_09,STORE_027,EMP_027,PROD_039,4,35.58,0.03,138.05,mobile,CUST_1590,Regular
TXN_202402_006600,2024-02-27,REG_10,STORE_029,EMP_013,PROD_030,5,80.84,0.12,355.7,mobile,CUST_8732,VIP
TXN_202402_006601,2024-02-12,REG_06,STORE_018,EMP_006,PROD_029,5,370.08,0.26,1369.3,card,CUST_6970,Premium
TXN_202402_006602,2024-02-29,REG_03,STORE_009,EMP_003,PROD_016,5,240.2,0.19,972.81,card,CUST_9202,Premium
TXN_202402_006603,2024-02-20,REG_02,STORE_004,EMP_002,PROD_011,3,151.23,0.05,431.01,cash,CUST_2889,New
TXN_202402_006604,2024-02-18,REG_05,STORE_014,EMP_021,PROD_016,1,81.43,0.05,77.36,cash,CUST_7407,Premium
TXN_202402_006605,2024-02-13,REG_08,STORE_024,EMP_015,PROD_006,1,318.78,0.24,242.27,card,CUST_1460,Premium
TXN_202402_006606,2024-02-07,REG_09,STORE_026,EMP_009,PROD_040,2,32.16,0.21,50.81,credit,CUST_8371,Regular
TXN_202402_006607,2024-02-19,REG_10,STORE_030,EMP_028,PROD_042,1,175.8,0.02,172.28,mobile,CUST_6130,Regular
TXN_202402_006608,2024-02-09,REG_02,STORE_005,EMP_002,PROD_028,4,244.37,0.02,957.93,credit,CUST_7742,New
TXN_202402_006609,2024-02-27,REG_06,STORE_016,EMP_006,PROD_049,5,239.6,0.15,1018.3,mobile,CUST_6627,New
TXN_202402_006610,2024-02-11,REG_03,STORE_007,EMP_003,PROD_039,1,140.95,0.09,128.26,cash,CUST_4135,Regular
TXN_202402_006611,2024-02-25,REG_06,STORE_017,EMP_006,PROD_003,2,429.77,0.08,790.78,credit,CUST_1167,Premium
TXN_202402_006612,2024-02-27,REG_08,STORE_024,EMP_012,PROD_034,4,131.91,0.01,522.36,card,CUST_5884,New
TXN_202402_006613,2024-02-15,REG_06,STORE_016,EMP_006,PROD_016,4,63.43,0.27,185.22,cash,CUST_3051,VIP
TXN_202402_006614,2024-02-11,REG_09,STORE_025,EMP_009,PROD_040,2,489.61,0.22,763.79,card,CUST_5232,VIP
TXN_202402_006615,2024-02-07,REG_04,STORE_012,EMP_024,PROD_049,3,425.5,0.2,1021.2,mobile,CUST_2611,Premium
TXN_202402_006616,2024-02-25,REG_03,STORE_009,EMP_003,PROD_011,2,223.02,0.03,432.66,credit,CUST_8079,New
TXN_202402_006617,2024-02-22,REG_05,STORE_014,EMP_005,PROD_043,4,281.15,0.13,978.4,card,CUST_4997,VIP
TXN_202402_006618,2024-02-29,REG_10,STORE_028,EMP_013,PROD_031,2,472.38,0.03,916.42,card,CUST_9354,Premium
TXN_202402_006619,2024-02-13,REG_07,STORE_019,EMP_007,PROD_020,4,439.92,0.1,1583.71,cash,CUST_6772,Regular
TXN_202402_006620,2024-02-26,REG_06,STORE_016,EMP_006,PROD_015,4,416.29,0.25,1248.87,cash,CUST_7343,VIP
TXN_202402_006621,2024-02-24,REG_09,STORE_027,EMP_009,PROD_030,5,132.78,0.12,584.23,mobile,CUST_1103,Premium
TXN_202402_006622,2024-02-16,REG_07,STORE_020,EMP_007,PROD_001,1,353.13,0.24,268.38,card,CUST_5638,New
TXN_202402_006623,2024-02-11,REG_03,STORE_009,EMP_003,PROD_049,1,138.11,0.25,103.58,card,CUST_1457,Premium
TXN_202402_006624,2024-02-03,REG_05,STORE_015,EMP_005,PROD_009,3,255.59,0.23,590.41,credit,CUST_3006,Regular
TXN_202402_006625,2024-02-26,REG_07,STORE_019,EMP_007,PROD_027,2,127.13,0.24,193.24,credit,CUST_2325,New
TXN_202402_006626,2024-02-10,REG_04,STORE_010,EMP_026,PROD_006,2,309.28,0.13,538.15,card,CUST_5792,Premium
TXN_202402_006627,2024-02-03,REG_08,STORE_023,EMP_015,PROD_043,3,102.95,0.22,240.9,mobile,CUST_5316,New
TXN_202402_006628,2024-02-20,REG_05,STORE_014,EMP_021,PROD_028,3,373.73,0.1,1009.07,card,CUST_6860,VIP
TXN_202402_006629,2024-02-20,REG_09,STORE_026,EMP_025,PROD_004,5,271.18,0.15,1152.52,cash,CUST_4553,New
TXN_202402_006630,2024-02-11,REG_05,STORE_013,EMP_005,PROD_006,4,192.37,0.28,554.03,cash,CUST_7680,VIP
TXN_202402_006631,2024-02-03,REG_04,STORE_010,EMP_004,PROD_043,3,53.1,0.17,132.22,mobile,CUST_6311,Regular
TXN_202402_006632,2024-02-08,REG_03,STORE_008,EMP_014,PROD_004,5,287.67,0.03,1395.2,card,CUST_4453,New
TXN_202402_006633,2024-02-09,REG_09,STORE_026,EMP_022,PROD_034,5,433.38,0.02,2123.56,cash,CUST_3968,VIP
TXN_202402_006634,2024-02-24,REG_07,STORE_020,EMP_007,PROD_050,1,383.54,0.04,368.2,cash,CUST_8337,VIP
TXN_202402_006635,2024-02-10,REG_01,STORE_001,EMP_019,PROD_040,2,68.37,0.28,98.45,mobile,CUST_4698,Regular
TXN_202402_006636,2024-02-18,REG_08,STORE_022,EMP_008,PROD_030,3,220.42,0.09,601.75,credit,CUST_6092,Regular
TXN_202402_006637,2024-02-07,REG_05,STORE_013,EMP_005,PROD_019,1,78.13,0.27,57.03,card,CUST_7014,Premium
TXN_202402_006638,2024-02-14,REG_01,STORE_003,EMP_019,PROD_039,4,213.11,0.06,801.29,credit,CUST_2939,New
TXN_202402_006639,2024-02-01,REG_08,STORE_022,EMP_008,PROD_050,1,415.36,0.0,415.36,mobile,CUST_6997,Regular
TXN_202402_006640,2024-02-18,REG_02,STORE_006,EMP_002,PROD_018,2,459.14,0.11,817.27,card,CUST_5384,New
TXN_202402_006641,2024-02-26,REG_10,STORE_030,EMP_020,PROD_026,5,351.19,0.21,1387.2,credit,CUST_1331,New
TXN_202402_006642,2024-02-22,REG_10,STORE_029,EMP_013,PROD_022,2,151.38,0.11,269.46,card,CUST_5613,Premium
TXN_202402_006643,2024-02-01,REG_03,STORE_009,EMP_003,PROD_020,3,174.93,0.18,430.33,card,CUST_4538,New
TXN_202402_006644,2024-02-20,REG_06,STORE_016,EMP_006,PROD_033,2,245.36,0.24,372.95,cash,CUST_4516,VIP
TXN_202402_006645,2024-02-08,REG_01,STORE_003,EMP_018,PROD_006,3,207.28,0.04,596.97,credit,CUST_3999,Regular
TXN_202402_006646,2024-02-20,REG_09,STORE_026,EMP_027,PROD_031,5,275.02,0.11,1223.84,mobile,CUST_8800,New
TXN_202402_006647,2024-02-09,REG_02,STORE_006,EMP_002,PROD_039,1,451.22,0.13,392.56,credit,CUST_7386,Regular
TXN_202402_006648,2024-02-01,REG_03,STORE_009,EMP_014,PROD_009,3,247.64,0.01,735.49,cash,CUST_6436,Regular
TXN_202402_006649,2024-02-08,REG_02,STORE_006,EMP_002,PROD_031,1,296.23,0.23,228.1,credit,CUST_1100,New
TXN_202402_006650,2024-02-08,REG_08,STORE_024,EMP_015,PROD_005,4,484.09,0.15,1645.91,card,CUST_2918,Premium
TXN_202402_006651,2024-02-08,REG_06,STORE_017,EMP_006,PROD_014,3,422.58,0.19,1026.87,card,CUST_7816,VIP
TXN_202402_006652,2024-02-13,REG_06,STORE_018,EMP_006,PROD_049,4,489.9,0.14,1685.26,credit,CUST_4800,Premium
TXN_202402_006653,2024-02-21,REG_06,STORE_018,EMP_006,PROD_046,5,214.4,0.11,954.08,mobile,CUST_6560,VIP
TXN_202402_006654,2024-02-26,REG_02,STORE_004,EMP_002,PROD_045,5,38.72,0.15,164.56,mobile,CUST_9505,Regular
TXN_202402_006655,2024-02-19,REG_07,STORE_020,EMP_007,PROD_027,4,285.36,0.21,901.74,cash,CUST_5836,New
TXN_202402_006656,2024-02-16,REG_05,STORE_013,EMP_005,PROD_049,1,395.36,0.25,296.52,credit,CUST_8282,VIP
TXN_202402_006657,2024-02-24,REG_01,STORE_003,EMP_011,PROD_041,2,80.03,0.12,140.85,cash,CUST_4634,Premium
TXN_202402_006658,2024-02-01,REG_05,STORE_013,EMP_021,PROD_014,4,344.77,0.25,1034.31,mobile,CUST_1825,New
TXN_202402_006659,2024-02-24,REG_01,STORE_003,EMP_011,PROD_038,4,124.69,0.04,478.81,mobile,CUST_5487,Regular
TXN_202402_006660,2024-02-02,REG_06,STORE_018,EMP_006,PROD_042,5,262.0,0.27,956.3,cash,CUST_6954,Premium
TXN_202402_006661,2024-02-21,REG_05,STORE_015,EMP_005,PROD_006,2,85.71,0.09,155.99,credit,CUST_9198,VIP
TXN_202402_006662,2024-02-24,REG_08,STORE_022,EMP_012,PROD_035,2,225.36,0.24,342.55,cash,CUST_7275,Premium
TXN_202402_006663,2024-02-19,REG_09,STORE_026,EMP_022,PROD_034,5,442.16,0.05,2100.26,cash,CUST_2521,New
TXN_202402_006664,2024-02-13,REG_09,STORE_025,EMP_025,PROD_043,5,26.19,0.07,121.78,mobile,CUST_8425,Premium
TXN_202402_006665,2024-02-07,REG_06,STORE_017,EMP_006,PROD_015,1,415.49,0.26,307.46,card,CUST_3051,Premium
TXN_202402_006666,2024-02-26,REG_04,STORE_012,EMP_026,PROD_029,3,179.27,0.21,424.87,card,CUST_1321,Regular
TXN_202402_006667,2024-02-29,REG_08,STORE_024,EMP_015,PROD_011,5,424.13,0.06,1993.41,card,CUST_4831,New
TXN_202402_006668,2024-02-13,REG_04,STORE_012,EMP_024,PROD_029,1,103.79,0.04,99.64,mobile,CUST_6837,Premium
TXN_202402_006669,2024-02-05,REG_10,STORE_028,EMP_020,PROD_047,4,89.71,0.12,315.78,credit,CUST_4380,New
TXN_202402_006670,2024-02-18,REG_09,STORE_027,EMP_022,PROD_013,2,53.91,0.21,85.18,credit,CUST_6947,New
TXN_202402_006671,2024-02-28,REG_06,STORE_016,EMP_006,PROD_001,2,55.26,0.18,90.63,cash,CUST_7551,New
TXN_202402_006672,2024-02-12,REG_01,STORE_003,EMP_018,PROD_021,3,97.68,0.27,213.92,credit,CUST_4376,Regular
TXN_202402_006673,2024-02-05,REG_06,STORE_018,EMP_006,PROD_029,4,10.07,0.08,37.06,cash,CUST_9314,New
TXN_202402_006674,2024-02-20,REG_10,STORE_029,EMP_020,PROD_028,5,106.49,0.01,527.13,mobile,CUST_7464,Premium
TXN_202402_006675,2024-02-04,REG_06,STORE_017,EMP_006,PROD_027,3,135.3,0.26,300.37,mobile,CUST_5623,VIP
TXN_202402_006676,2024-02-21,REG_03,STORE_008,EMP_003,PROD_044,4,361.46,0.29,1026.55,cash,CUST_4255,Premium
TXN_202402_006677,2024-02-24,REG_02,STORE_005,EMP_002,PROD_032,2,386.72,0.26,572.35,cash,CUST_5723,New
TXN_202402_006678,2024-02-29,REG_08,STORE_024,EMP_012,PROD_028,4,34.88,0.24,106.04,credit,CUST_8170,Regular
TXN_202402_006679,2024-02-07,REG_01,STORE_002,EMP_019,PROD_007,2,367.35,0.25,551.03,mobile,CUST_3857,New
TXN_202402_006680,2024-02-12,REG_10,STORE_030,EMP_017,PROD_049,5,203.47,0.17,844.4,credit,CUST_9931,VIP
TXN_202402_006681,2024-02-29,REG_06,STORE_017,EMP_006,PROD_035,3,37.66,0.0,112.98,cash,CUST_8631,New
TXN_202402_006682,2024-02-12,REG_04,STORE_011,EMP_004,PROD_031,1,408.08,0.26,301.98,credit,CUST_1587,VIP
TXN_202402_006683,2024-02-12,REG_05,STORE_013,EMP_021,PROD_023,5,442.54,0.26,1637.4,cash,CUST_2150,VIP
TXN_202402_006684,2024-02-01,REG_04,STORE_010,EMP_030,PROD_001,1,396.59,0.13,345.03,mobile,CUST_5849,Regular
TXN_202402_006685,2024-02-15,REG_02,STORE_004,EMP_002,PROD_045,5,494.53,0.24,1879.21,card,CUST_5012,Premium
TXN_202402_006686,2024-02-06,REG_10,STORE_029,EMP_017,PROD_010,2,33.25,0.21,52.54,card,CUST_7663,Premium
TXN_202402_006687,2024-02-12,REG_10,STORE_028,EMP_013,PROD_031,3,351.38,0.02,1033.06,mobile,CUST_6358,Regular
TXN_202402_006688,2024-02-08,REG_04,STORE_011,EMP_016,PROD_050,3,251.86,0.15,642.24,mobile,CUST_7571,New
TXN_202402_006689,2024-02-17,REG_06,STORE_017,EMP_006,PROD_047,5,438.24,0.0,2191.2,cash,CUST_5922,Regular
TXN_202402_006690,2024-02-28,REG_02,STORE_006,EMP_002,PROD_006,4,35.99,0.28,103.65,card,CUST_9175,New
TXN_202402_006691,2024-02-10,REG_02,STORE_005,EMP_002,PROD_038,1,238.41,0.05,226.49,cash,CUST_4043,Regular
TXN_202402_006692,2024-02-02,REG_06,STORE_016,EMP_006,PROD_021,5,84.24,0.17,349.6,mobile,CUST_7013,VIP
TXN_202402_006693,2024-02-05,REG_10,STORE_029,EMP_020,PROD_050,5,379.84,0.03,1842.22,card,CUST_8740,VIP
TXN_202402_006694,2024-02-02,REG_09,STORE_025,EMP_025,PROD_036,2,112.98,0.27,164.95,cash,CUST_4747,Regular
TXN_202402_006695,2024-02-27,REG_07,STORE_021,EMP_007,PROD_002,5,318.53,0.05,1513.02,card,CUST_4043,New
TXN_202402_006696,2024-02-22,REG_02,STORE_004,EMP_002,PROD_025,1,227.6,0.1,204.84,credit,CUST_9470,VIP
TXN_202402_006697,2024-02-07,REG_06,STORE_018,EMP_006,PROD_038,3,84.13,0.17,209.48,mobile,CUST_5858,New
TXN_202402_006698,2024-02-26,REG_07,STORE_020,EMP_007,PROD_018,4,437.34,0.01,1731.87,card,CUST_9668,Regular
TXN_202402_006699,2024-02-09,REG_06,STORE_018,EMP_006,PROD_033,5,200.69,0.25,752.59,credit,CUST_3384,VIP
TXN_202402_006700,2024-02-07,REG_06,STORE_017,EMP_006,PROD_042,1,273.59,0.09,248.97,mobile,CUST_6858,Regular
TXN_202402_006701,2024-02-13,REG_05,STORE_015,EMP_005,PROD_027,2,444.77,0.13,773.9,mobile,CUST_9998,Premium
TXN_202402_006702,2024-02-03,REG_10,STORE_028,EMP_013,PROD_008,3,241.92,0.19,587.87,cash,CUST_9120,New
TXN_202402_006703,2024-02-07,REG_08,STORE_023,EMP_015,PROD_018,5,251.96,0.1,1133.82,card,CUST_8723,VIP
TXN_202402_006704,2024-02-05,REG_07,STORE_020,EMP_007,PROD_023,3,267.59,0.05,762.63,card,CUST_4715,VIP
TXN_202402_006705,2024-02-19,REG_01,STORE_003,EMP_011,PROD_038,5,222.12,0.16,932.9,mobile,CUST_7339,New
TXN_202402_006706,2024-02-18,REG_02,STORE_006,EMP_002,PROD_034,3,198.81,0.07,554.68,mobile,CUST_2414,New
TXN_202402_006707,2024-02-10,REG_08,STORE_023,EMP_012,PROD_001,2,252.75,0.07,470.11,credit,CUST_5685,VIP
TXN_202402_006708,2024-02-25,REG_04,STORE_011,EMP_030,PROD_036,3,116.87,0.12,308.54,mobile,CUST_9498,Regular
TXN_202402_006709,2024-02-04,REG_03,STORE_008,EMP_003,PROD_049,4,323.39,0.09,1177.14,card,CUST_7935,New
TXN_202402_006710,2024-02-22,REG_05,STORE_015,EMP_021,PROD_016,3,18.5,0.02,54.39,card,CUST_6633,Regular
TXN_202402_006711,2024-02-13,REG_10,STORE_030,EMP_010,PROD_015,3,99.62,0.04,286.91,mobile,CUST_1782,Premium
TXN_202402_006712,2024-02-05,REG_04,STORE_010,EMP_004,PROD_036,2,359.58,0.12,632.86,credit,CUST_8732,VIP
TXN_202402_006713,2024-02-16,REG_09,STORE_026,EMP_027,PROD_020,2,261.3,0.16,438.98,card,CUST_4065,VIP
TXN_202402_006714,2024-02-25,REG_06,STORE_017,EMP_006,PROD_003,3,342.04,0.02,1005.6,cash,CUST_3020,VIP
TXN_202402_006715,2024-02-10,REG_02,STORE_006,EMP_002,PROD_035,3,402.61,0.14,1038.73,credit,CUST_3117,VIP
TXN_202402_006716,2024-02-02,REG_04,STORE_012,EMP_016,PROD_026,1,482.95,0.12,425.0,cash,CUST_8373,New
TXN_202402_006717,2024-02-08,REG_10,STORE_029,EMP_010,PROD_006,5,366.1,0.02,1793.89,mobile,CUST_7282,Regular
TXN_202402_006718,2024-02-07,REG_04,STORE_010,EMP_004,PROD_030,1,276.31,0.02,270.78,cash,CUST_2743,Premium
TXN_202402_006719,2024-02-12,REG_03,STORE_008,EMP_003,PROD_029,5,43.19,0.26,159.8,card,CUST_7713,Premium
TXN_202402_006720,2024-02-25,REG_10,STORE_030,EMP_017,PROD_048,3,127.17,0.21,301.39,cash,CUST_4477,Premium
TXN_202402_006721,2024-02-04,REG_07,STORE_019,EMP_007,PROD_043,1,459.84,0.07,427.65,mobile,CUST_1021,New
TXN_202402_006722,2024-02-10,REG_02,STORE_004,EMP_002,PROD_033,4,492.23,0.02,1929.54,cash,CUST_5509,VIP
TXN_202402_006723,2024-02-02,REG_01,STORE_002,EMP_011,PROD_005,4,345.78,0.25,1037.34,card,CUST_3134,Regular
TXN_202402_006724,2024-02-05,REG_02,STORE_006,EMP_002,PROD_013,1,358.68,0.16,301.29,mobile,CUST_5691,Premium
TXN_202402_006725,2024-02-26,REG_02,STORE_005,EMP_002,PROD_037,3,118.13,0.2,283.51,credit,CUST_8911,New
TXN_202402_006726,2024-02-26,REG_10,STORE_028,EMP_028,PROD_027,1,225.52,0.23,173.65,credit,CUST_9143,New
TXN_202402_006727,2024-02-06,REG_01,STORE_002,EMP_018,PROD_007,1,73.7,0.15,62.65,cash,CUST_6906,VIP
TXN_202402_006728,2024-02-28,REG_08,STORE_022,EMP_015,PROD_036,4,406.05,0.27,1185.67,mobile,CUST_1111,New
TXN_202402_006729,2024-02-13,REG_09,STORE_026,EMP_025,PROD_003,4,124.93,0.14,429.76,mobile,CUST_1526,Premium
TXN_202402_006730,2024-02-11,REG_05,STORE_013,EMP_021,PROD_043,1,114.78,0.16,96.42,cash,CUST_3649,New
TXN_202402_006731,2024-02-25,REG_06,STORE_016,EMP_006,PROD_038,5,126.83,0.09,577.08,cash,CUST_7030,VIP
TXN_202402_006732,2024-02-13,REG_01,STORE_003,EMP_001,PROD_022,3,490.66,0.12,1295.34,cash,CUST_7540,New
TXN_202402_006733,2024-02-15,REG_03,STORE_007,EMP_014,PROD_044,3,296.99,0.22,694.96,cash,CUST_1965,Regular
TXN_202402_006734,2024-02-03,REG_02,STORE_006,EMP_002,PROD_037,2,158.92,0.29,225.67,cash,CUST_4840,VIP
TXN_202402_006735,2024-02-09,REG_01,STORE_001,EMP_019,PROD_035,2,119.97,0.23,184.75,credit,CUST_1297,Premium
TXN_202402_006736,2024-02-08,REG_01,STORE_003,EMP_001,PROD_042,5,304.24,0.2,1216.96,credit,CUST_7490,Regular
TXN_202402_006737,2024-02-14,REG_05,STORE_014,EMP_021,PROD_047,4,25.85,0.27,75.48,credit,CUST_8483,VIP
TXN_202402_006738,2024-02-13,REG_02,STORE_004,EMP_002,PROD_017,4,219.83,0.22,685.87,card,CUST_3548,VIP
TXN_202402_006739,2024-02-18,REG_03,STORE_008,EMP_014,PROD_034,3,135.97,0.1,367.12,card,CUST_9086,VIP
TXN_202402_006740,2024-02-09,REG_01,STORE_002,EMP_018,PROD_022,1,497.58,0.2,398.06,card,CUST_2957,Premium
TXN_202402_006741,2024-02-01,REG_05,STORE_013,EMP_021,PROD_046,3,171.04,0.15,436.15,mobile,CUST_1473,New
TXN_202402_006742,2024-02-29,REG_10,STORE_028,EMP_028,PROD_022,2,468.55,0.11,834.02,cash,CUST_6814,Regular
TXN_202402_006743,2024-02-23,REG_07,STORE_019,EMP_007,PROD_036,2,451.07,0.14,775.84,cash,CUST_1460,Regular
TXN_202402_006744,2024-02-07,REG_03,STORE_007,EMP_014,PROD_011,1,132.69,0.23,102.17,card,CUST_4770,New
TXN_202402_006745,2024-02-22,REG_05,STORE_013,EMP_021,PROD_047,4,268.04,0.25,804.12,cash,CUST_6848,New
TXN_202402_006746,2024-02-04,REG_05,STORE_013,EMP_021,PROD_006,4,90.83,0.14,312.46,credit,CUST_9686,New
TXN_202402_006747,2024-02-17,REG_06,STORE_018,EMP_006,PROD_041,4,47.68,0.09,173.56,mobile,CUST_3837,Regular
TXN_202402_006748,2024-02-16,REG_05,STORE_013,EMP_005,PROD_036,4,302.22,0.04,1160.52,credit,CUST_6265,VIP
TXN_202402_006749,2024-02-24,REG_08,STORE_024,EMP_008,PROD_015,4,295.95,0.12,1041.74,credit,CUST_4626,Regular
TXN_202402_006750,2024-02-25,REG_08,STORE_024,EMP_023,PROD_015,2,85.97,0.22,134.11,card,CUST_1185,Premium
TXN_202402_006751,2024-02-16,REG_06,STORE_018,EMP_006,PROD_037,5,11.56,0.03,56.07,credit,CUST_4113,VIP
TXN_202402_006752,2024-02-03,REG_05,STORE_015,EMP_021,PROD_033,3,63.33,0.15,161.49,mobile,CUST_2702,Premium
TXN_202402_006753,2024-02-04,REG_07,STORE_019,EMP_007,PROD_033,4,391.02,0.14,1345.11,cash,CUST_7605,New
TXN_202402_006754,2024-02-04,REG_09,STORE_027,EMP_009,PROD_022,4,372.87,0.09,1357.25,credit,CUST_1905,VIP
TXN_202402_006755,2024-02-10,REG_01,STORE_003,EMP_011,PROD_022,2,470.94,0.1,847.69,cash,CUST_1508,VIP
TXN_202402_006756,2024-02-13,REG_03,STORE_007,EMP_014,PROD_042,5,77.79,0.27,283.93,card,CUST_2346,Regular
TXN_202402_006757,2024-02-16,REG_04,STORE_012,EMP_016,PROD_023,5,169.15,0.04,811.92,cash,CUST_8730,Regular
TXN_202402_006758,2024-02-01,REG_03,STORE_007,EMP_014,PROD_047,5,25.79,0.2,103.16,mobile,CUST_7979,Regular
TXN_202402_006759,2024-02-14,REG_10,STORE_030,EMP_020,PROD_023,5,155.53,0.08,715.44,credit,CUST_3212,Regular
TXN_202402_006760,2024-02-11,REG_06,STORE_018,EMP_006,PROD_022,4,182.45,0.15,620.33,cash,CUST_3696,New
TXN_202402_006761,2024-02-22,REG_04,STORE_011,EMP_016,PROD_027,2,397.56,0.08,731.51,card,CUST_8347,New
TXN_202402_006762,2024-02-06,REG_08,STORE_024,EMP_008,PROD_005,1,215.71,0.08,198.45,cash,CUST_6380,Premium
TXN_202402_006763,2024-02-08,REG_08,STORE_023,EMP_015,PROD_040,2,55.26,0.26,81.78,credit,CUST_2889,VIP
TXN_202402_006764,2024-02-29,REG_06,STORE_017,EMP_006,PROD_014,5,75.51,0.28,271.84,cash,CUST_1766,New
TXN_202402_006765,2024-02-29,REG_10,STORE_028,EMP_010,PROD_029,4,367.86,0.06,1383.15,cash,CUST_2906,Premium
TXN_202402_006766,2024-02-07,REG_03,STORE_008,EMP_003,PROD_050,4,427.17,0.15,1452.38,card,CUST_7322,Regular
TXN_202402_006767,2024-02-29,REG_03,STORE_007,EMP_014,PROD_047,1,332.78,0.19,269.55,credit,CUST_2051,Regular
TXN_202402_006768,2024-02-14,REG_10,STORE_028,EMP_013,PROD_021,5,461.72,0.01,2285.51,mobile,CUST_7074,Regular
TXN_202402_006769,2024-02-01,REG_03,STORE_009,EMP_014,PROD_011,2,211.5,0.26,313.02,credit,CUST_6982,Regular
TXN_202402_006770,2024-02-16,REG_05,STORE_014,EMP_005,PROD_002,2,255.64,0.09,465.26,mobile,CUST_4751,Premium
TXN_202402_006771,2024-02-26,REG_04,STORE_010,EMP_029,PROD_031,2,381.61,0.25,572.41,cash,CUST_2971,New
TXN_202402_006772,2024-02-09,REG_07,STORE_021,EMP_007,PROD_006,1,234.6,0.19,190.03,credit,CUST_9866,Regular
TXN_202402_006773,2024-02-26,REG_01,STORE_003,EMP_001,PROD_044,1,46.07,0.3,32.25,cash,CUST_5047,Premium
TXN_202402_006774,2024-02-26,REG_02,STORE_004,EMP_002,PROD_035,5,105.32,0.12,463.41,cash,CUST_1106,New
TXN_202402_006775,2024-02-09,REG_08,STORE_023,EMP_023,PROD_040,4,388.47,0.21,1227.57,cash,CUST_2684,Regular
TXN_202402_006776,2024-02-20,REG_05,STORE_015,EMP_021,PROD_037,1,175.49,0.25,131.62,card,CUST_5358,VIP
TXN_202402_006777,2024-02-26,REG_08,STORE_023,EMP_012,PROD_023,3,63.33,0.28,136.79,card,CUST_5031,Premium
TXN_202402_006778,2024-02-10,REG_04,STORE_010,EMP_016,PROD_043,1,348.2,0.18,285.52,cash,CUST_9581,New
TXN_202402_006779,2024-02-21,REG_09,STORE_027,EMP_025,PROD_045,1,224.56,0.19,181.89,cash,CUST_1589,Premium
TXN_202402_006780,2024-02-16,REG_03,STORE_009,EMP_003,PROD_020,4,274.71,0.08,1010.93,cash,CUST_8275,Premium
TXN_202402_006781,2024-02-05,REG_01,STORE_002,EMP_011,PROD_007,4,184.39,0.0,737.56,credit,CUST_3041,Premium
TXN_202402_006782,2024-02-16,REG_02,STORE_006,EMP_002,PROD_014,1,91.4,0.19,74.03,card,CUST_9701,Premium
TXN_202402_006783,2024-02-18,REG_07,STORE_019,EMP_007,PROD_049,4,239.25,0.23,736.89,cash,CUST_4046,Premium
TXN_202402_006784,2024-02-26,REG_07,STORE_021,EMP_007,PROD_044,3,103.01,0.14,265.77,credit,CUST_6374,Regular
TXN_202402_006785,2024-02-07,REG_03,STORE_007,EMP_014,PROD_004,1,248.62,0.28,179.01,credit,CUST_7410,New
TXN_202402_006786,2024-02-29,REG_06,STORE_017,EMP_006,PROD_031,5,67.79,0.07,315.22,mobile,CUST_6109,Premium
TXN_202402_006787,2024-02-21,REG_05,STORE_013,EMP_021,PROD_016,5,386.31,0.23,1487.29,mobile,CUST_8133,New
TXN_202402_006788,2024-02-11,REG_10,STORE_030,EMP_013,PROD_032,2,377.69,0.22,589.2,credit,CUST_1463,Regular
TXN_202402_006789,2024-02-13,REG_07,STORE_019,EMP_007,PROD_012,4,36.21,0.04,139.05,mobile,CUST_4132,New
TXN_202402_006790,2024-02-18,REG_01,STORE_003,EMP_019,PROD_042,4,159.08,0.28,458.15,cash,CUST_4128,Premium
TXN_202402_006791,2024-02-15,REG_02,STORE_006,EMP_002,PROD_043,5,443.85,0.24,1686.63,mobile,CUST_8226,Regular
TXN_202402_006792,2024-02-17,REG_07,STORE_020,EMP_007,PROD_018,2,467.95,0.0,935.9,cash,CUST_6560,VIP
TXN_202402_006793,2024-02-21,REG_08,STORE_023,EMP_012,PROD_014,3,372.73,0.26,827.46,cash,CUST_1153,Premium
TXN_202402_006794,2024-02-20,REG_02,STORE_006,EMP_002,PROD_023,1,465.66,0.14,400.47,cash,CUST_4451,Regular
TXN_202402_006795,2024-02-14,REG_01,STORE_003,EMP_019,PROD_002,2,189.11,0.16,317.7,cash,CUST_2723,New
TXN_202402_006796,2024-02-11,REG_01,STORE_003,EMP_019,PROD_050,4,474.5,0.23,1461.46,card,CUST_9685,VIP
TXN_202402_006797,2024-02-17,REG_09,STORE_026,EMP_027,PROD_042,3,212.51,0.13,554.65,mobile,CUST_2905,Premium
TXN_202402_006798,2024-02-21,REG_05,STORE_015,EMP_021,PROD_042,2,244.31,0.24,371.35,mobile,CUST_5187,Premium
TXN_202402_006799,2024-02-05,REG_03,STORE_008,EMP_003,PROD_044,5,71.48,0.23,275.2,credit,CUST_5205,Regular
TXN_202402_006800,2024-02-20,REG_06,STORE_016,EMP_006,PROD_023,4,109.68,0.12,386.07,cash,CUST_9559,Premium
TXN_202402_006801,2024-02-15,REG_09,STORE_025,EMP_022,PROD_004,4,15.91,0.14,54.73,credit,CUST_7978,New
TXN_202402_006802,2024-02-03,REG_08,STORE_023,EMP_012,PROD_039,5,462.93,0.24,1759.13,credit,CUST_8814,Regular
TXN_202402_006803,2024-02-23,REG_01,STORE_003,EMP_019,PROD_029,5,174.49,0.02,855.0,credit,CUST_6977,VIP
TXN_202402_006804,2024-02-24,REG_06,STORE_018,EMP_006,PROD_013,2,22.79,0.04,43.76,credit,CUST_2280,New
TXN_202402_006805,2024-02-20,REG_07,STORE_019,EMP_007,PROD_001,3,416.11,0.09,1135.98,credit,CUST_5466,Regular
TXN_202402_006806,2024-02-12,REG_01,STORE_003,EMP_001,PROD_011,3,123.3,0.26,273.73,cash,CUST_3893,Premium
TXN_202402_006807,2024-02-02,REG_07,STORE_021,EMP_007,PROD_020,3,406.95,0.29,866.8,card,CUST_8084,New
TXN_202402_006808,2024-02-27,REG_07,STORE_019,EMP_007,PROD_047,1,54.68,0.14,47.02,credit,CUST_9624,VIP
TXN_202402_006809,2024-02-10,REG_07,STORE_019,EMP_007,PROD_010,5,303.97,0.29,1079.09,card,CUST_4295,Premium
TXN_202402_006810,2024-02-20,REG_04,STORE_011,EMP_016,PROD_050,5,352.33,0.1,1585.48,card,CUST_8625,Regular
TXN_202402_006811,2024-02-10,REG_10,STORE_030,EMP_020,PROD_037,2,386.64,0.16,649.56,mobile,CUST_7085,Premium
TXN_202402_006812,2024-02-01,REG_05,STORE_014,EMP_005,PROD_024,3,380.84,0.01,1131.09,cash,CUST_2173,VIP
TXN_202402_006813,2024-02-27,REG_07,STORE_019,EMP_007,PROD_005,3,229.62,0.18,564.87,mobile,CUST_9958,New
TXN_202402_006814,2024-02-11,REG_06,STORE_018,EMP_006,PROD_036,4,62.41,0.26,184.73,credit,CUST_8291,New
TXN_202402_006815,2024-02-24,REG_08,STORE_022,EMP_012,PROD_044,2,30.29,0.07,56.34,cash,CUST_7269,New
TXN_202402_006816,2024-02-04,REG_08,STORE_022,EMP_015,PROD_031,4,128.93,0.05,489.93,credit,CUST_6329,VIP
TXN_202402_006817,2024-02-02,REG_06,STORE_016,EMP_006,PROD_021,4,307.96,0.16,1034.75,card,CUST_9457,VIP
TXN_202402_006818,2024-02-25,REG_01,STORE_002,EMP_011,PROD_031,3,375.54,0.22,878.76,mobile,CUST_4857,Regular
TXN_202402_006819,2024-02-25,REG_05,STORE_015,EMP_021,PROD_028,5,248.5,0.01,1230.08,card,CUST_8352,VIP
TXN_202402_006820,2024-02-19,REG_06,STORE_016,EMP_006,PROD_028,3,351.81,0.29,749.36,cash,CUST_3211,New
TXN_202402_006821,2024-02-09,REG_07,STORE_020,EMP_007,PROD_049,3,380.0,0.08,1048.8,card,CUST_5373,VIP
TXN_202402_006822,2024-02-10,REG_08,STORE_022,EMP_015,PROD_005,5,426.53,0.16,1791.43,card,CUST_7803,Regular
TXN_202402_006823,2024-02-13,REG_02,STORE_005,EMP_002,PROD_050,3,228.74,0.19,555.84,card,CUST_5301,Regular
TXN_202402_006824,2024-02-14,REG_10,STORE_028,EMP_010,PROD_050,2,77.87,0.06,146.4,card,CUST_4734,New
TXN_202402_006825,2024-02-06,REG_03,STORE_007,EMP_014,PROD_011,3,363.88,0.16,916.98,credit,CUST_9424,Premium
TXN_202402_006826,2024-02-16,REG_07,STORE_021,EMP_007,PROD_002,2,53.46,0.28,76.98,cash,CUST_4890,Premium
TXN_202402_006827,2024-02-09,REG_08,STORE_022,EMP_015,PROD_009,5,336.54,0.27,1228.37,card,CUST_6795,VIP
TXN_202402_006828,2024-02-28,REG_08,STORE_022,EMP_008,PROD_049,4,327.62,0.09,1192.54,cash,CUST_3404,New
TXN_202402_006829,2024-02-21,REG_01,STORE_002,EMP_011,PROD_019,4,85.05,0.19,275.56,mobile,CUST_8098,New
TXN_202402_006830,2024-02-01,REG_01,STORE_002,EMP_018,PROD_045,1,28.38,0.19,22.99,credit,CUST_8481,New
TXN_202402_006831,2024-02-15,REG_07,STORE_021,EMP_007,PROD_034,3,323.02,0.27,707.41,credit,CUST_3451,Premium
TXN_202402_006832,2024-02-23,REG_05,STORE_015,EMP_021,PROD_038,3,171.14,0.28,369.66,cash,CUST_8298,Regular
TXN_202402_006833,2024-02-04,REG_07,STORE_019,EMP_007,PROD_042,3,336.54,0.1,908.66,credit,CUST_3225,New
TXN_202402_006834,2024-02-19,REG_07,STORE_020,EMP_007,PROD_041,4,264.07,0.19,855.59,card,CUST_8631,Premium
TXN_202402_006835,2024-02-05,REG_02,STORE_005,EMP_002,PROD_011,2,393.83,0.19,638.0,cash,CUST_4221,Regular
TXN_202402_006836,2024-02-25,REG_03,STORE_008,EMP_003,PROD_013,1,159.75,0.11,142.18,card,CUST_6875,VIP
TXN_202402_006837,2024-02-24,REG_03,STORE_009,EMP_014,PROD_027,3,208.3,0.08,574.91,cash,CUST_4701,New
TXN_202402_006838,2024-02-26,REG_10,STORE_029,EMP_017,PROD_037,2,164.39,0.3,230.15,mobile,CUST_1559,New
TXN_202402_006839,2024-02-22,REG_03,STORE_009,EMP_003,PROD_039,3,102.53,0.15,261.45,credit,CUST_4551,Premium
TXN_202402_006840,2024-02-07,REG_02,STORE_006,EMP_002,PROD_003,3,419.5,0.25,943.88,credit,CUST_6952,Regular
TXN_202402_006841,2024-02-17,REG_05,STORE_015,EMP_021,PROD_017,4,301.65,0.26,892.88,mobile,CUST_7885,VIP
TXN_202402_006842,2024-02-20,REG_10,STORE_030,EMP_020,PROD_026,4,43.31,0.12,152.45,card,CUST_3491,Premium
TXN_202402_006843,2024-02-08,REG_01,STORE_001,EMP_001,PROD_029,5,115.23,0.15,489.73,mobile,CUST_1660,Regular
TXN_202402_006844,2024-02-01,REG_09,STORE_025,EMP_027,PROD_007,4,75.6,0.16,254.02,cash,CUST_8682,Premium
TXN_202402_006845,2024-02-24,REG_02,STORE_004,EMP_002,PROD_034,1,270.34,0.29,191.94,mobile,CUST_5331,Premium
TXN_202402_006846,2024-02-08,REG_07,STORE_019,EMP_007,PROD_046,2,370.14,0.23,570.02,credit,CUST_9308,New
TXN_202402_006847,2024-02-24,REG_04,STORE_010,EMP_004,PROD_011,3,242.14,0.04,697.36,cash,CUST_3315,VIP
TXN_202402_006848,2024-02-01,REG_05,STORE_013,EMP_021,PROD_008,3,93.83,0.21,222.38,card,CUST_3496,VIP
TXN_202402_006849,2024-02-13,REG_03,STORE_008,EMP_014,PROD_032,4,218.54,0.29,620.65,card,CUST_7765,Regular
TXN_202402_006850,2024-02-18,REG_05,STORE_014,EMP_021,PROD_042,4,149.48,0.0,597.92,cash,CUST_3988,VIP
TXN_202402_006851,2024-02-24,REG_06,STORE_017,EMP_006,PROD_050,4,449.28,0.27,1311.9,mobile,CUST_7330,New
TXN_202402_006852,2024-02-17,REG_01,STORE_003,EMP_001,PROD_003,5,233.2,0.03,1131.02,mobile,CUST_7156,New
TXN_202402_006853,2024-02-24,REG_10,STORE_029,EMP_010,PROD_030,3,50.72,0.24,115.64,credit,CUST_1973,Regular
TXN_202402_006854,2024-02-24,REG_06,STORE_016,EMP_006,PROD_007,5,15.56,0.28,56.02,credit,CUST_9113,New
TXN_202402_006855,2024-02-01,REG_02,STORE_006,EMP_002,PROD_032,4,64.19,0.27,187.43,card,CUST_5308,Premium
TXN_202402_006856,2024-02-29,REG_08,STORE_024,EMP_008,PROD_024,2,235.74,0.02,462.05,cash,CUST_7558,VIP
TXN_202402_006857,2024-02-20,REG_08,STORE_022,EMP_012,PROD_014,3,55.19,0.04,158.95,credit,CUST_8640,New
TXN_202402_006858,2024-02-12,REG_10,STORE_028,EMP_017,PROD_029,4,462.72,0.12,1628.77,card,CUST_2437,VIP
TXN_202402_006859,2024-02-05,REG_05,STORE_013,EMP_021,PROD_028,2,243.02,0.03,471.46,credit,CUST_3009,VIP
TXN_202402_006860,2024-02-01,REG_07,STORE_019,EMP_007,PROD_030,3,458.33,0.06,1292.49,cash,CUST_7011,New
TXN_202402_006861,2024-02-16,REG_07,STORE_021,EMP_007,PROD_010,3,305.16,0.09,833.09,mobile,CUST_1289,New
TXN_202402_006862,2024-02-22,REG_03,STORE_008,EMP_014,PROD_046,1,40.96,0.12,36.04,cash,CUST_2496,New
TXN_202402_006863,2024-02-05,REG_07,STORE_021,EMP_007,PROD_028,4,131.89,0.05,501.18,card,CUST_4827,Regular
TXN_202402_006864,2024-02-06,REG_02,STORE_005,EMP_002,PROD_049,2,53.33,0.13,92.79,mobile,CUST_8754,Regular
TXN_202402_006865,2024-02-02,REG_03,STORE_008,EMP_003,PROD_021,1,458.0,0.04,439.68,cash,CUST_1707,Regular
TXN_202402_006866,2024-02-06,REG_05,STORE_013,EMP_021,PROD_030,2,403.89,0.11,718.92,card,CUST_2071,Premium
TXN_202402_006867,2024-02-23,REG_02,STORE_005,EMP_002,PROD_016,2,441.23,0.21,697.14,credit,CUST_9995,VIP
TXN_202402_006868,2024-02-06,REG_08,STORE_024,EMP_023,PROD_023,1,249.4,0.22,194.53,cash,CUST_5082,Premium
TXN_202402_006869,2024-02-04,REG_07,STORE_020,EMP_007,PROD_001,4,233.68,0.14,803.86,card,CUST_9949,Regular
TXN_202402_006870,2024-02-26,REG_05,STORE_015,EMP_005,PROD_016,3,168.2,0.1,454.14,mobile,CUST_6617,New
TXN_202402_006871,2024-02-08,REG_04,STORE_012,EMP_016,PROD_013,4,23.89,0.29,67.85,credit,CUST_4386,VIP
TXN_202402_006872,2024-02-27,REG_10,STORE_030,EMP_010,PROD_025,5,58.7,0.24,223.06,credit,CUST_4891,VIP
TXN_202402_006873,2024-02-04,REG_01,STORE_001,EMP_019,PROD_001,4,129.86,0.25,389.58,credit,CUST_9231,VIP
TXN_202402_006874,2024-02-05,REG_08,STORE_022,EMP_012,PROD_011,5,495.32,0.16,2080.34,mobile,CUST_3115,VIP
TXN_202402_006875,2024-02-25,REG_02,STORE_005,EMP_002,PROD_036,4,235.59,0.26,697.35,card,CUST_2055,VIP
TXN_202402_006876,2024-02-12,REG_05,STORE_013,EMP_021,PROD_003,5,417.66,0.22,1628.87,mobile,CUST_8304,Premium
TXN_202402_006877,2024-02-22,REG_02,STORE_005,EMP_002,PROD_050,5,374.49,0.03,1816.28,mobile,CUST_7061,New
TXN_202402_006878,2024-02-03,REG_10,STORE_030,EMP_010,PROD_017,3,220.56,0.05,628.6,cash,CUST_5216,Regular
TXN_202402_006879,2024-02-03,REG_02,STORE_004,EMP_002,PROD_029,5,363.49,0.17,1508.48,mobile,CUST_4338,Regular
TXN_202402_006880,2024-02-13,REG_01,STORE_002,EMP_018,PROD_039,3,490.58,0.16,1236.26,credit,CUST_1307,VIP
TXN_202402_006881,2024-02-04,REG_04,STORE_012,EMP_030,PROD_025,5,489.48,0.09,2227.13,credit,CUST_9971,Regular
TXN_202402_006882,2024-02-01,REG_04,STORE_012,EMP_026,PROD_049,2,390.72,0.14,672.04,credit,CUST_4768,Premium
TXN_202402_006883,2024-02-23,REG_07,STORE_019,EMP_007,PROD_025,2,236.01,0.18,387.06,card,CUST_5836,Regular
TXN_202402_006884,2024-02-17,REG_10,STORE_029,EMP_020,PROD_041,3,154.44,0.15,393.82,cash,CUST_1840,Premium
TXN_202402_006885,2024-02-27,REG_06,STORE_018,EMP_006,PROD_027,5,82.58,0.07,384.0,mobile,CUST_3616,Regular
TXN_202402_006886,2024-02-08,REG_08,STORE_022,EMP_008,PROD_003,4,291.4,0.17,967.45,credit,CUST_2166,New
TXN_202402_006887,2024-02-10,REG_05,STORE_014,EMP_005,PROD_044,1,55.66,0.17,46.2,cash,CUST_5030,Regular
TXN_202402_006888,2024-02-13,REG_08,STORE_023,EMP_008,PROD_027,2,364.16,0.2,582.66,credit,CUST_9577,Premium
TXN_202402_006889,2024-02-23,REG_10,STORE_030,EMP_017,PROD_045,2,349.23,0.24,530.83,card,CUST_1380,Regular
TXN_202402_006890,2024-02-20,REG_02,STORE_006,EMP_002,PROD_044,5,383.19,0.14,1647.72,mobile,CUST_6406,VIP
TXN_202402_006891,2024-02-20,REG_09,STORE_026,EMP_027,PROD_021,4,211.25,0.15,718.25,mobile,CUST_4087,VIP
TXN_202402_006892,2024-02-13,REG_03,STORE_009,EMP_014,PROD_031,1,475.97,0.06,447.41,card,CUST_2070,VIP
TXN_202402_006893,2024-02-01,REG_05,STORE_014,EMP_005,PROD_038,3,223.55,0.18,549.93,mobile,CUST_9036,New
TXN_202402_006894,2024-02-26,REG_10,STORE_029,EMP_017,PROD_014,4,141.49,0.17,469.75,cash,CUST_7981,Premium
TXN_202402_006895,2024-02-07,REG_06,STORE_016,EMP_006,PROD_010,5,494.83,0.18,2028.8,cash,CUST_5339,New
TXN_202402_006896,2024-02-09,REG_04,STORE_011,EMP_030,PROD_023,4,124.88,0.3,349.66,credit,CUST_3187,New
TXN_202402_006897,2024-02-15,REG_02,STORE_005,EMP_002,PROD_036,3,368.43,0.04,1061.08,credit,CUST_6628,Regular
TXN_202402_006898,2024-02-11,REG_02,STORE_005,EMP_002,PROD_012,3,345.43,0.29,735.77,card,CUST_3206,Regular
TXN_202402_006899,2024-02-05,REG_07,STORE_019,EMP_007,PROD_010,2,454.83,0.25,682.25,credit,CUST_6227,VIP
TXN_202402_006900,2024-02-11,REG_04,STORE_012,EMP_016,PROD_023,1,273.39,0.15,232.38,mobile,CUST_7480,VIP
TXN_202402_006901,2024-02-13,REG_06,STORE_016,EMP_006,PROD_015,5,102.64,0.25,384.9,card,CUST_8959,Regular
TXN_202402_006902,2024-02-08,REG_07,STORE_021,EMP_007,PROD_015,5,210.12,0.18,861.49,mobile,CUST_7192,Regular
TXN_202402_006903,2024-02-17,REG_04,STORE_011,EMP_004,PROD_027,1,434.74,0.15,369.53,cash,CUST_8196,VIP
TXN_202402_006904,2024-02-14,REG_08,STORE_022,EMP_023,PROD_042,4,173.92,0.05,660.9,mobile,CUST_8906,VIP
TXN_202402_006905,2024-02-05,REG_10,STORE_029,EMP_020,PROD_015,1,87.45,0.06,82.2,credit,CUST_9121,Regular
TXN_202402_006906,2024-02-29,REG_02,STORE_005,EMP_002,PROD_001,2,22.77,0.23,35.07,credit,CUST_1416,New
TXN_202402_006907,2024-02-22,REG_09,STORE_025,EMP_022,PROD_004,5,247.27,0.11,1100.35,credit,CUST_4371,New
TXN_202402_006908,2024-02-02,REG_06,STORE_018,EMP_006,PROD_018,5,61.35,0.09,279.14,credit,CUST_7212,New
TXN_202402_006909,2024-02-10,REG_01,STORE_002,EMP_018,PROD_001,2,478.65,0.16,804.13,mobile,CUST_3968,New
TXN_202402_006910,2024-02-17,REG_09,STORE_025,EMP_022,PROD_030,5,201.26,0.26,744.66,credit,CUST_4121,VIP
TXN_202402_006911,2024-02-28,REG_01,STORE_003,EMP_001,PROD_013,1,166.11,0.07,154.48,mobile,CUST_1759,New
TXN_202402_006912,2024-02-15,REG_03,STORE_007,EMP_014,PROD_015,4,147.62,0.12,519.62,cash,CUST_9453,VIP
TXN_202402_006913,2024-02-27,REG_07,STORE_019,EMP_007,PROD_031,3,133.81,0.25,301.07,credit,CUST_6717,Regular
TXN_202402_006914,2024-02-16,REG_09,STORE_025,EMP_022,PROD_019,3,374.78,0.15,955.69,cash,CUST_9694,Premium
TXN_202402_006915,2024-02-11,REG_09,STORE_026,EMP_022,PROD_027,4,308.63,0.0,1234.52,credit,CUST_8011,Regular
TXN_202402_006916,2024-02-10,REG_06,STORE_018,EMP_006,PROD_013,1,392.48,0.22,306.13,credit,CUST_2224,Premium
TXN_202402_006917,2024-02-26,REG_08,STORE_024,EMP_015,PROD_035,3,114.65,0.08,316.43,credit,CUST_4619,Regular
TXN_202402_006918,2024-02-21,REG_05,STORE_015,EMP_021,PROD_017,5,307.71,0.22,1200.07,credit,CUST_5175,VIP
TXN_202402_006919,2024-02-16,REG_07,STORE_020,EMP_007,PROD_010,1,108.99,0.17,90.46,mobile,CUST_5273,Regular
TXN_202402_006920,2024-02-20,REG_03,STORE_008,EMP_003,PROD_032,5,88.04,0.08,404.98,cash,CUST_3935,VIP
TXN_202402_006921,2024-02-05,REG_05,STORE_015,EMP_005,PROD_008,4,25.57,0.12,90.01,credit,CUST_6942,Premium
TXN_202402_006922,2024-02-17,REG_02,STORE_005,EMP_002,PROD_008,4,272.17,0.25,816.51,cash,CUST_4864,Premium
TXN_202402_006923,2024-02-22,REG_05,STORE_014,EMP_021,PROD_011,2,347.55,0.02,681.2,credit,CUST_1385,Premium
TXN_202402_006924,2024-02-12,REG_06,STORE_018,EMP_006,PROD_043,4,424.77,0.29,1206.35,cash,CUST_2997,Premium
TXN_202402_006925,2024-02-10,REG_05,STORE_013,EMP_005,PROD_026,2,211.74,0.12,372.66,credit,CUST_2587,Premium
TXN_202402_006926,2024-02-14,REG_04,STORE_011,EMP_024,PROD_017,3,404.04,0.24,921.21,mobile,CUST_1902,VIP
TXN_202402_006927,2024-02-25,REG_09,STORE_026,EMP_009,PROD_048,1,395.44,0.13,344.03,card,CUST_3120,Regular
TXN_202402_006928,2024-02-09,REG_05,STORE_015,EMP_005,PROD_017,4,328.68,0.02,1288.43,mobile,CUST_1419,Regular
TXN_202402_006929,2024-02-15,REG_04,STORE_012,EMP_024,PROD_009,4,66.3,0.08,243.98,cash,CUST_6006,VIP
TXN_202402_006930,2024-02-03,REG_03,STORE_008,EMP_003,PROD_039,1,240.42,0.24,182.72,credit,CUST_3923,Premium
TXN_202402_006931,2024-02-01,REG_01,STORE_001,EMP_001,PROD_019,3,56.96,0.03,165.75,credit,CUST_3755,Premium
TXN_202402_006932,2024-02-15,REG_07,STORE_020,EMP_007,PROD_015,2,120.01,0.12,211.22,mobile,CUST_4307,VIP
TXN_202402_006933,2024-02-12,REG_03,STORE_008,EMP_003,PROD_027,4,315.48,0.16,1060.01,cash,CUST_8347,Regular
TXN_202402_006934,2024-02-04,REG_10,STORE_029,EMP_013,PROD_038,3,120.84,0.02,355.27,card,CUST_8600,VIP
TXN_202402_006935,2024-02-08,REG_03,STORE_008,EMP_014,PROD_006,5,294.15,0.3,1029.52,mobile,CUST_1416,New
TXN_202402_006936,2024-02-14,REG_01,STORE_001,EMP_011,PROD_043,4,145.24,0.14,499.63,mobile,CUST_3413,Premium
TXN_202402_006937,2024-02-16,REG_03,STORE_008,EMP_014,PROD_009,4,268.68,0.22,838.28,mobile,CUST_4958,New
TXN_202402_006938,2024-02-07,REG_05,STORE_015,EMP_021,PROD_024,3,351.33,0.14,906.43,mobile,CUST_5628,New
TXN_202402_006939,2024-02-03,REG_03,STORE_007,EMP_003,PROD_008,4,154.75,0.27,451.87,cash,CUST_5154,Premium
TXN_202402_006940,2024-02-11,REG_01,STORE_001,EMP_018,PROD_025,2,311.19,0.02,609.93,cash,CUST_4410,Regular
TXN_202402_006941,2024-02-03,REG_08,STORE_023,EMP_023,PROD_009,4,212.28,0.17,704.77,cash,CUST_3599,Regular
TXN_202402_006942,2024-02-17,REG_08,STORE_022,EMP_023,PROD_044,4,153.59,0.3,430.05,cash,CUST_5060,VIP
TXN_202402_006943,2024-02-02,REG_09,STORE_027,EMP_022,PROD_012,1,186.82,0.15,158.8,mobile,CUST_5508,New
TXN_202402_006944,2024-02-04,REG_02,STORE_006,EMP_002,PROD_010,3,421.23,0.17,1048.86,credit,CUST_4145,New
TXN_202402_006945,2024-02-22,REG_03,STORE_008,EMP_003,PROD_018,3,155.52,0.17,387.24,mobile,CUST_5213,VIP
TXN_202402_006946,2024-02-02,REG_09,STORE_026,EMP_025,PROD_048,3,488.34,0.15,1245.27,mobile,CUST_8774,Premium
TXN_202402_006947,2024-02-13,REG_02,STORE_005,EMP_002,PROD_018,2,425.74,0.04,817.42,cash,CUST_4747,Regular
TXN_202402_006948,2024-02-16,REG_06,STORE_016,EMP_006,PROD_048,3,189.1,0.24,431.15,cash,CUST_3799,Premium
TXN_202402_006949,2024-02-03,REG_09,STORE_025,EMP_027,PROD_005,2,219.49,0.21,346.79,cash,CUST_1809,VIP
TXN_202402_006950,2024-02-25,REG_05,STORE_014,EMP_005,PROD_001,4,488.17,0.06,1835.52,credit,CUST_1037,New
TXN_202402_006951,2024-02-14,REG_05,STORE_014,EMP_021,PROD_019,1,150.17,0.29,106.62,mobile,CUST_2750,Regular
TXN_202402_006952,2024-02-17,REG_06,STORE_017,EMP_006,PROD_026,5,75.27,0.05,357.53,cash,CUST_2989,Premium
TXN_202402_006953,2024-02-11,REG_09,STORE_025,EMP_025,PROD_014,2,369.75,0.18,606.39,credit,CUST_4770,VIP
TXN_202402_006954,2024-02-15,REG_10,STORE_029,EMP_020,PROD_008,2,440.49,0.3,616.69,mobile,CUST_8759,Regular
TXN_202402_006955,2024-02-06,REG_07,STORE_020,EMP_007,PROD_004,3,260.03,0.1,702.08,card,CUST_6745,Regular
TXN_202402_006956,2024-02-01,REG_09,STORE_025,EMP_027,PROD_018,5,248.15,0.1,1116.67,cash,CUST_8570,Premium
TXN_202402_006957,2024-02-26,REG_01,STORE_002,EMP_019,PROD_002,4,62.1,0.22,193.75,cash,CUST_5403,Regular
TXN_202402_006958,2024-02-22,REG_06,STORE_018,EMP_006,PROD_047,3,63.91,0.2,153.38,cash,CUST_3100,VIP
TXN_202402_006959,2024-02-07,REG_10,STORE_030,EMP_020,PROD_037,3,497.54,0.08,1373.21,credit,CUST_1447,Regular
TXN_202402_006960,2024-02-24,REG_10,STORE_029,EMP_028,PROD_006,2,260.68,0.18,427.52,cash,CUST_5048,New
TXN_202402_006961,2024-02-20,REG_07,STORE_020,EMP_007,PROD_018,2,61.3,0.05,116.47,cash,CUST_1897,New
TXN_202402_006962,2024-02-19,REG_06,STORE_017,EMP_006,PROD_010,5,101.13,0.28,364.07,mobile,CUST_7769,New
TXN_202402_006963,2024-02-01,REG_03,STORE_008,EMP_003,PROD_034,1,371.83,0.27,271.44,cash,CUST_6587,New
TXN_202402_006964,2024-02-28,REG_10,STORE_028,EMP_013,PROD_042,5,89.26,0.14,383.82,card,CUST_1523,VIP
TXN_202402_006965,2024-02-20,REG_02,STORE_006,EMP_002,PROD_012,5,392.9,0.04,1885.92,cash,CUST_3164,VIP
TXN_202402_006966,2024-02-13,REG_04,STORE_010,EMP_016,PROD_040,3,407.52,0.12,1075.85,cash,CUST_1142,Premium
TXN_202402_006967,2024-02-01,REG_06,STORE_018,EMP_006,PROD_023,1,170.55,0.09,155.2,mobile,CUST_2542,VIP
TXN_202402_006968,2024-02-04,REG_07,STORE_020,EMP_007,PROD_032,4,328.66,0.08,1209.47,card,CUST_6148,New
TXN_202402_006969,2024-02-02,REG_07,STORE_019,EMP_007,PROD_004,1,145.16,0.07,135.0,card,CUST_2706,Regular
TXN_202402_006970,2024-02-15,REG_01,STORE_001,EMP_019,PROD_017,2,59.1,0.19,95.74,mobile,CUST_7636,Regular
TXN_202402_006971,2024-02-05,REG_08,STORE_024,EMP_015,PROD_010,2,200.85,0.21,317.34,credit,CUST_8837,Premium
TXN_202402_006972,2024-02-16,REG_03,STORE_008,EMP_014,PROD_020,2,136.44,0.04,261.96,credit,CUST_8894,VIP
TXN_202402_006973,2024-02-16,REG_07,STORE_019,EMP_007,PROD_009,3,109.83,0.24,250.41,credit,CUST_4485,VIP
TXN_202402_006974,2024-02-12,REG_07,STORE_021,EMP_007,PROD_023,5,22.04,0.21,87.06,mobile,CUST_9334,VIP
TXN_202402_006975,2024-02-15,REG_01,STORE_002,EMP_019,PROD_045,1,66.99,0.12,58.95,credit,CUST_9537,Premium
TXN_202402_006976,2024-02-04,REG_03,STORE_009,EMP_014,PROD_003,1,191.37,0.2,153.1,cash,CUST_4875,VIP
TXN_202402_006977,2024-02-25,REG_09,STORE_025,EMP_025,PROD_018,3,30.24,0.19,73.48,mobile,CUST_1159,New
TXN_202402_006978,2024-02-11,REG_04,STORE_010,EMP_016,PROD_048,1,316.39,0.23,243.62,credit,CUST_6688,New
TXN_202402_006979,2024-02-29,REG_05,STORE_013,EMP_021,PROD_014,2,88.11,0.02,172.7,card,CUST_8516,Premium
TXN_202402_006980,2024-02-28,REG_10,STORE_029,EMP_017,PROD_014,3,195.02,0.17,485.6,card,CUST_4330,VIP
