transaction_id,date,region,store_id,employee_id,product_id,units,unit_price,discount,revenue,payment,customer_id,customer_segment
TXN_202412_011462,2024-12-10,REG_08,STORE_022,EMP_015,PROD_033,1,151.85,0.25,113.89,mobile,CUST_3307,Premium
TXN_202412_011463,2024-12-11,REG_09,STORE_026,EMP_025,PROD_022,5,189.19,0.24,718.92,card,CUST_4579,VIP
TXN_202412_011464,2024-12-18,REG_06,STORE_018,EMP_006,PROD_006,3,308.47,0.24,703.31,credit,CUST_2247,VIP
TXN_202412_011465,2024-12-11,REG_01,STORE_003,EMP_019,PROD_044,5,207.54,0.27,757.52,card,CUST_5473,VIP
TXN_202412_011466,2024-12-04,REG_03,STORE_008,EMP_014,PROD_043,5,468.6,0.03,2272.71,cash,CUST_6704,Regular
TXN_202412_011467,2024-12-09,REG_01,STORE_001,EMP_019,PROD_041,2,138.39,0.17,229.73,card,CUST_3142,Premium
TXN_202412_011468,2024-12-06,REG_06,STORE_016,EMP_006,PROD_020,3,74.7,0.2,179.28,cash,CUST_8324,Regular
TXN_202412_011469,2024-12-10,REG_07,STORE_021,EMP_007,PROD_038,3,448.77,0.15,1144.36,mobile,CUST_9267,New
TXN_202412_011470,2024-12-07,REG_02,STORE_005,EMP_002,PROD_003,2,394.37,0.28,567.89,card,CUST_9277,Premium
TXN_202412_011471,2024-12-10,REG_10,STORE_030,EMP_028,PROD_010,1,149.6,0.1,134.64,mobile,CUST_7527,Regular
TXN_202412_011472,2024-12-25,REG_07,STORE_021,EMP_007,PROD_016,3,256.34,0.0,769.02,cash,CUST_6061,Premium
TXN_202412_011473,2024-12-10,REG_07,STORE_020,EMP_007,PROD_043,3,449.61,0.15,1146.51,mobile,CUST_1195,New
TXN_202412_011474,2024-12-28,REG_03,STORE_007,EMP_003,PROD_037,4,122.41,0.15,416.19,card,CUST_3453,Premium
TXN_202412_011475,2024-12-28,REG_09,STORE_027,EMP_025,PROD_033,1,52.04,0.28,37.47,cash,CUST_7382,New
TXN_202412_011476,2024-12-18,REG_02,STORE_005,EMP_002,PROD_049,4,34.11,0.17,113.25,card,CUST_2319,Premium
TXN_202412_011477,2024-12-27,REG_05,STORE_014,EMP_005,PROD_019,3,88.68,0.02,260.72,card,CUST_5069,Premium
TXN_202412_011478,2024-12-12,REG_02,STORE_006,EMP_002,PROD_026,3,191.0,0.23,441.21,mobile,CUST_3658,New
TXN_202412_011479,2024-12-20,REG_05,STORE_013,EMP_021,PROD_013,4,383.01,0.21,1210.31,card,CUST_1278,VIP
TXN_202412_011480,2024-12-05,REG_03,STORE_009,EMP_003,PROD_019,3,191.04,0.26,424.11,cash,CUST_6044,Premium
TXN_202412_011481,2024-12-26,REG_04,STORE_012,EMP_030,PROD_001,4,180.25,0.27,526.33,cash,CUST_8863,New
TXN_202412_011482,2024-12-05,REG_07,STORE_021,EMP_007,PROD_008,3,460.2,0.16,1159.7,cash,CUST_4370,New
TXN_202412_011483,2024-12-28,REG_01,STORE_001,EMP_011,PROD_010,1,498.31,0.18,408.61,credit,CUST_9881,New
TXN_202412_011484,2024-12-29,REG_05,STORE_015,EMP_005,PROD_022,5,52.32,0.11,232.82,cash,CUST_8936,New
TXN_202412_011485,2024-12-04,REG_09,STORE_026,EMP_025,PROD_050,2,463.15,0.26,685.46,mobile,CUST_1072,New
TXN_202412_011486,2024-12-28,REG_04,STORE_010,EMP_004,PROD_032,5,120.37,0.16,505.55,cash,CUST_2672,New
TXN_202412_011487,2024-12-07,REG_08,STORE_023,EMP_008,PROD_017,5,316.56,0.18,1297.9,mobile,CUST_3796,Regular
TXN_202412_011488,2024-12-26,REG_06,STORE_018,EMP_006,PROD_023,1,155.25,0.21,122.65,mobile,CUST_6969,New
TXN_202412_011489,2024-12-28,REG_09,STORE_027,EMP_027,PROD_049,2,163.18,0.12,287.2,mobile,CUST_7264,Regular
TXN_202412_011490,2024-12-18,REG_07,STORE_020,EMP_007,PROD_004,1,233.98,0.14,201.22,credit,CUST_6254,VIP
TXN_202412_011491,2024-12-01,REG_05,STORE_013,EMP_005,PROD_009,5,329.21,0.26,1218.08,cash,CUST_9084,Premium
TXN_202412_011492,2024-12-20,REG_09,STORE_026,EMP_009,PROD_037,3,353.36,0.19,858.66,credit,CUST_9950,Premium
TXN_202412_011493,2024-12-04,REG_02,STORE_005,EMP_002,PROD_032,3,278.65,0.3,585.16,mobile,CUST_4435,Regular
TXN_202412_011494,2024-12-04,REG_04,STORE_011,EMP_016,PROD_029,2,302.92,0.11,539.2,mobile,CUST_6070,VIP
TXN_202412_011495,2024-12-03,REG_03,STORE_009,EMP_003,PROD_013,1,246.9,0.06,232.09,cash,CUST_3273,VIP
TXN_202412_011496,2024-12-29,REG_01,STORE_002,EMP_019,PROD_012,2,235.51,0.07,438.05,card,CUST_3952,VIP
TXN_202412_011497,2024-12-26,REG_09,STORE_025,EMP_027,PROD_023,3,193.33,0.03,562.59,mobile,CUST_7555,Regular
TXN_202412_011498,2024-12-19,REG_05,STORE_013,EMP_005,PROD_012,5,359.26,0.22,1401.11,mobile,CUST_5147,VIP
TXN_202412_011499,2024-12-22,REG_01,STORE_002,EMP_011,PROD_014,3,411.32,0.22,962.49,mobile,CUST_4126,VIP
TXN_202412_011500,2024-12-26,REG_04,STORE_010,EMP_004,PROD_009,3,365.2,0.02,1073.69,card,CUST_5947,Premium
TXN_202412_011501,2024-12-07,REG_01,STORE_003,EMP_018,PROD_003,5,330.18,0.23,1271.19,card,CUST_4851,Regular
TXN_202412_011502,2024-12-28,REG_05,STORE_013,EMP_005,PROD_037,3,193.63,0.08,534.42,mobile,CUST_6165,New
TXN_202412_011503,2024-12-08,REG_04,STORE_010,EMP_024,PROD_035,5,172.56,0.01,854.17,credit,CUST_2721,New
TXN_202412_011504,2024-12-08,REG_05,STORE_013,EMP_021,PROD_050,5,497.99,0.21,1967.06,mobile,CUST_7236,Premium
TXN_202412_011505,2024-12-24,REG_03,STORE_007,EMP_014,PROD_010,5,343.76,0.11,1529.73,mobile,CUST_9130,Regular
TXN_202412_011506,2024-12-31,REG_06,STORE_016,EMP_006,PROD_030,2,125.83,0.23,193.78,credit,CUST_8236,Regular
TXN_202412_011507,2024-12-05,REG_01,STORE_003,EMP_018,PROD_003,5,133.22,0.27,486.25,credit,CUST_4468,Regular
TXN_202412_011508,2024-12-28,REG_05,STORE_013,EMP_005,PROD_017,2,288.33,0.1,518.99,credit,CUST_3680,Premium
TXN_202412_011509,2024-12-04,REG_06,STORE_017,EMP_006,PROD_025,4,376.29,0.28,1083.72,cash,CUST_8194,Regular
TXN_202412_011510,2024-12-22,REG_07,STORE_021,EMP_007,PROD_004,5,476.29,0.15,2024.23,card,CUST_5212,VIP
TXN_202412_011511,2024-12-01,REG_04,STORE_012,EMP_004,PROD_007,3,381.55,0.13,995.85,mobile,CUST_1633,Regular
TXN_202412_011512,2024-12-23,REG_08,STORE_023,EMP_008,PROD_019,1,366.2,0.26,270.99,mobile,CUST_9114,Premium
TXN_202412_011513,2024-12-01,REG_10,STORE_028,EMP_020,PROD_041,3,309.05,0.23,713.91,mobile,CUST_2458,Premium
TXN_202412_011514,2024-12-14,REG_01,STORE_003,EMP_019,PROD_016,3,287.34,0.18,706.86,cash,CUST_2876,New
TXN_202412_011515,2024-12-11,REG_08,STORE_023,EMP_015,PROD_005,5,300.14,0.0,1500.7,credit,CUST_6332,New
TXN_202412_011516,2024-12-28,REG_06,STORE_018,EMP_006,PROD_004,3,235.17,0.23,543.24,cash,CUST_3409,Premium
TXN_202412_011517,2024-12-05,REG_07,STORE_019,EMP_007,PROD_029,3,97.69,0.17,243.25,card,CUST_1318,Premium
TXN_202412_011518,2024-12-10,REG_05,STORE_013,EMP_021,PROD_047,2,344.2,0.08,633.33,credit,CUST_5222,New
TXN_202412_011519,2024-12-05,REG_02,STORE_005,EMP_002,PROD_017,5,107.72,0.2,430.88,card,CUST_2878,Regular
TXN_202412_011520,2024-12-09,REG_07,STORE_020,EMP_007,PROD_002,5,449.83,0.11,2001.74,cash,CUST_8846,Regular
TXN_202412_011521,2024-12-09,REG_01,STORE_002,EMP_011,PROD_017,1,72.11,0.12,63.46,mobile,CUST_5234,VIP
TXN_202412_011522,2024-12-30,REG_10,STORE_028,EMP_010,PROD_022,3,62.49,0.25,140.6,cash,CUST_5680,New
TXN_202412_011523,2024-12-05,REG_01,STORE_003,EMP_019,PROD_042,1,378.25,0.13,329.08,cash,CUST_1441,New
TXN_202412_011524,2024-12-05,REG_09,STORE_025,EMP_022,PROD_047,5,387.22,0.04,1858.66,card,CUST_6861,VIP
TXN_202412_011525,2024-12-30,REG_03,STORE_008,EMP_014,PROD_011,2,327.0,0.11,582.06,cash,CUST_7548,VIP
TXN_202412_011526,2024-12-24,REG_01,STORE_001,EMP_001,PROD_005,4,37.58,0.21,118.75,credit,CUST_7296,New
TXN_202412_011527,2024-12-20,REG_10,STORE_030,EMP_028,PROD_019,5,208.34,0.15,885.45,card,CUST_5755,New
TXN_202412_011528,2024-12-24,REG_09,STORE_026,EMP_009,PROD_015,3,353.48,0.23,816.54,card,CUST_4111,Regular
TXN_202412_011529,2024-12-12,REG_02,STORE_006,EMP_002,PROD_043,2,159.15,0.3,222.81,mobile,CUST_8513,New
TXN_202412_011530,2024-12-08,REG_07,STORE_020,EMP_007,PROD_001,4,475.72,0.24,1446.19,cash,CUST_9049,Regular
TXN_202412_011531,2024-12-06,REG_04,STORE_012,EMP_004,PROD_029,3,394.06,0.01,1170.36,cash,CUST_2387,VIP
TXN_202412_011532,2024-12-19,REG_08,STORE_023,EMP_023,PROD_010,2,380.45,0.14,654.37,cash,CUST_5369,New
TXN_202412_011533,2024-12-07,REG_03,STORE_007,EMP_003,PROD_043,3,476.79,0.18,1172.9,card,CUST_4656,Premium
TXN_202412_011534,2024-12-02,REG_05,STORE_014,EMP_005,PROD_037,5,146.17,0.12,643.15,credit,CUST_2527,Regular
TXN_202412_011535,2024-12-04,REG_01,STORE_002,EMP_019,PROD_029,3,310.74,0.18,764.42,credit,CUST_7810,Regular
TXN_202412_011536,2024-12-14,REG_02,STORE_005,EMP_002,PROD_048,4,411.53,0.29,1168.75,cash,CUST_4015,Premium
TXN_202412_011537,2024-12-28,REG_04,STORE_010,EMP_029,PROD_041,5,117.32,0.22,457.55,credit,CUST_9594,Regular
TXN_202412_011538,2024-12-08,REG_08,STORE_024,EMP_023,PROD_019,1,270.77,0.1,243.69,credit,CUST_2767,New
TXN_202412_011539,2024-12-16,REG_04,STORE_011,EMP_030,PROD_017,1,260.12,0.2,208.1,cash,CUST_4877,Regular
TXN_202412_011540,2024-12-11,REG_04,STORE_011,EMP_016,PROD_005,5,448.0,0.03,2172.8,cash,CUST_3958,VIP
TXN_202412_011541,2024-12-31,REG_01,STORE_002,EMP_018,PROD_027,4,266.64,0.18,874.58,cash,CUST_6910,New
TXN_202412_011542,2024-12-31,REG_09,STORE_027,EMP_025,PROD_001,4,484.72,0.15,1648.05,cash,CUST_1024,New
TXN_202412_011543,2024-12-25,REG_09,STORE_025,EMP_027,PROD_007,3,208.96,0.21,495.24,mobile,CUST_8935,VIP
TXN_202412_011544,2024-12-21,REG_06,STORE_018,EMP_006,PROD_039,2,251.54,0.08,462.83,credit,CUST_3326,VIP
TXN_202412_011545,2024-12-12,REG_09,STORE_025,EMP_025,PROD_038,2,267.46,0.08,492.13,credit,CUST_4985,Regular
TXN_202412_011546,2024-12-03,REG_04,STORE_011,EMP_029,PROD_008,5,382.29,0.12,1682.08,credit,CUST_7752,Premium
TXN_202412_011547,2024-12-14,REG_01,STORE_001,EMP_001,PROD_002,5,14.08,0.22,54.91,credit,CUST_4655,VIP
TXN_202412_011548,2024-12-07,REG_10,STORE_029,EMP_028,PROD_001,5,309.18,0.19,1252.18,credit,CUST_3217,New
TXN_202412_011549,2024-12-01,REG_06,STORE_016,EMP_006,PROD_044,4,149.04,0.26,441.16,mobile,CUST_8425,Regular
TXN_202412_011550,2024-12-07,REG_08,STORE_023,EMP_012,PROD_020,5,213.11,0.07,990.96,card,CUST_7037,Premium
TXN_202412_011551,2024-12-26,REG_07,STORE_021,EMP_007,PROD_023,3,86.03,0.03,250.35,credit,CUST_8867,New
TXN_202412_011552,2024-12-18,REG_02,STORE_004,EMP_002,PROD_037,4,266.02,0.03,1032.16,cash,CUST_5687,Regular
TXN_202412_011553,2024-12-24,REG_08,STORE_024,EMP_015,PROD_004,4,199.43,0.23,614.24,card,CUST_3931,Premium
TXN_202412_011554,2024-12-25,REG_02,STORE_005,EMP_002,PROD_024,2,37.54,0.23,57.81,card,CUST_1683,Regular
TXN_202412_011555,2024-12-21,REG_06,STORE_016,EMP_006,PROD_011,1,406.38,0.19,329.17,mobile,CUST_8876,Premium
TXN_202412_011556,2024-12-03,REG_01,STORE_003,EMP_001,PROD_005,2,229.88,0.08,422.98,credit,CUST_5221,Premium
TXN_202412_011557,2024-12-23,REG_07,STORE_021,EMP_007,PROD_006,3,125.28,0.19,304.43,credit,CUST_9963,VIP
TXN_202412_011558,2024-12-14,REG_09,STORE_027,EMP_009,PROD_033,3,253.56,0.07,707.43,card,CUST_6549,VIP
TXN_202412_011559,2024-12-31,REG_10,STORE_028,EMP_020,PROD_009,4,490.52,0.25,1471.56,mobile,CUST_8755,New
TXN_202412_011560,2024-12-19,REG_04,STORE_012,EMP_029,PROD_043,2,382.16,0.22,596.17,mobile,CUST_7874,New
TXN_202412_011561,2024-12-06,REG_09,STORE_027,EMP_027,PROD_028,1,495.3,0.03,480.44,credit,CUST_8538,Premium
TXN_202412_011562,2024-12-24,REG_02,STORE_004,EMP_002,PROD_027,3,458.89,0.0,1376.67,cash,CUST_5552,New
TXN_202412_011563,2024-12-07,REG_05,STORE_013,EMP_021,PROD_035,3,321.85,0.16,811.06,mobile,CUST_2757,New
TXN_202412_011564,2024-12-08,REG_03,STORE_009,EMP_014,PROD_010,1,407.29,0.02,399.14,card,CUST_3637,Regular
TXN_202412_011565,2024-12-09,REG_01,STORE_002,EMP_019,PROD_011,4,35.74,0.25,107.22,card,CUST_7715,New
TXN_202412_011566,2024-12-22,REG_06,STORE_017,EMP_006,PROD_040,4,261.08,0.16,877.23,card,CUST_1622,Premium
TXN_202412_011567,2024-12-01,REG_04,STORE_011,EMP_024,PROD_003,4,245.6,0.02,962.75,card,CUST_3544,New
TXN_202412_011568,2024-12-18,REG_10,STORE_030,EMP_017,PROD_011,1,163.6,0.16,137.42,cash,CUST_9120,VIP
TXN_202412_011569,2024-12-18,REG_02,STORE_006,EMP_002,PROD_037,3,140.75,0.02,413.81,cash,CUST_7527,Premium
TXN_202412_011570,2024-12-29,REG_02,STORE_005,EMP_002,PROD_050,3,283.05,0.27,619.88,cash,CUST_7785,New
TXN_202412_011571,2024-12-14,REG_10,STORE_030,EMP_013,PROD_030,3,214.42,0.16,540.34,cash,CUST_1086,New
TXN_202412_011572,2024-12-05,REG_04,STORE_010,EMP_016,PROD_036,2,332.05,0.27,484.79,credit,CUST_8415,VIP
TXN_202412_011573,2024-12-05,REG_08,STORE_022,EMP_023,PROD_037,2,494.02,0.3,691.63,cash,CUST_4766,New
TXN_202412_011574,2024-12-21,REG_03,STORE_009,EMP_003,PROD_050,4,246.12,0.12,866.34,mobile,CUST_6893,New
TXN_202412_011575,2024-12-20,REG_09,STORE_027,EMP_009,PROD_036,1,420.9,0.06,395.65,credit,CUST_3809,Regular
TXN_202412_011576,2024-12-24,REG_09,STORE_027,EMP_027,PROD_031,3,257.12,0.08,709.65,cash,CUST_1935,New
TXN_202412_011577,2024-12-29,REG_05,STORE_013,EMP_021,PROD_013,5,57.25,0.09,260.49,mobile,CUST_9932,Premium
TXN_202412_011578,2024-12-30,REG_10,STORE_028,EMP_017,PROD_017,3,71.98,0.12,190.03,cash,CUST_6544,Premium
TXN_202412_011579,2024-12-20,REG_09,STORE_026,EMP_009,PROD_048,4,171.92,0.19,557.02,credit,CUST_5942,Premium
TXN_202412_011580,2024-12-15,REG_07,STORE_019,EMP_007,PROD_006,2,472.8,0.26,699.74,credit,CUST_1359,Regular
TXN_202412_011581,2024-12-09,REG_08,STORE_024,EMP_015,PROD_049,4,75.31,0.25,225.93,card,CUST_9011,Premium
TXN_202412_011582,2024-12-18,REG_06,STORE_016,EMP_006,PROD_020,3,84.38,0.13,220.23,mobile,CUST_6535,Regular
TXN_202412_011583,2024-12-02,REG_08,STORE_023,EMP_015,PROD_045,5,230.6,0.11,1026.17,cash,CUST_9687,Premium
TXN_202412_011584,2024-12-02,REG_04,STORE_011,EMP_004,PROD_018,4,193.48,0.21,611.4,credit,CUST_4135,Premium
TXN_202412_011585,2024-12-02,REG_10,STORE_028,EMP_020,PROD_030,1,150.33,0.16,126.28,card,CUST_3484,New
TXN_202412_011586,2024-12-04,REG_05,STORE_013,EMP_021,PROD_019,5,107.13,0.28,385.67,card,CUST_4262,Regular
TXN_202412_011587,2024-12-18,REG_07,STORE_020,EMP_007,PROD_022,3,88.42,0.08,244.04,cash,CUST_5930,Regular
TXN_202412_011588,2024-12-15,REG_01,STORE_001,EMP_019,PROD_020,3,123.73,0.23,285.82,card,CUST_6612,Regular
TXN_202412_011589,2024-12-22,REG_04,STORE_010,EMP_030,PROD_047,2,85.96,0.07,159.89,mobile,CUST_8819,Premium
TXN_202412_011590,2024-12-11,REG_03,STORE_007,EMP_014,PROD_002,4,220.46,0.19,714.29,card,CUST_9070,Premium
TXN_202412_011591,2024-12-15,REG_09,STORE_026,EMP_027,PROD_036,1,400.21,0.05,380.2,credit,CUST_8931,Regular
TXN_202412_011592,2024-12-18,REG_05,STORE_015,EMP_021,PROD_007,4,263.87,0.01,1044.93,credit,CUST_5341,Premium
TXN_202412_011593,2024-12-13,REG_02,STORE_004,EMP_002,PROD_032,3,228.1,0.07,636.4,card,CUST_5603,New
TXN_202412_011594,2024-12-24,REG_07,STORE_019,EMP_007,PROD_027,5,125.44,0.29,445.31,mobile,CUST_6343,New
TXN_202412_011595,2024-12-22,REG_05,STORE_014,EMP_021,PROD_021,3,371.13,0.28,801.64,cash,CUST_8531,Regular
TXN_202412_011596,2024-12-03,REG_09,STORE_025,EMP_027,PROD_020,2,386.95,0.27,564.95,mobile,CUST_7837,New
TXN_202412_011597,2024-12-15,REG_06,STORE_017,EMP_006,PROD_041,1,251.07,0.03,243.54,mobile,CUST_3635,VIP
TXN_202412_011598,2024-12-29,REG_04,STORE_011,EMP_026,PROD_041,5,103.2,0.24,392.16,credit,CUST_8369,New
TXN_202412_011599,2024-12-19,REG_07,STORE_019,EMP_007,PROD_042,2,79.99,0.09,145.58,cash,CUST_7109,New
TXN_202412_011600,2024-12-24,REG_10,STORE_028,EMP_010,PROD_001,3,172.24,0.28,372.04,credit,CUST_1194,Premium
TXN_202412_011601,2024-12-02,REG_08,STORE_024,EMP_012,PROD_009,3,103.35,0.16,260.44,credit,CUST_8794,Premium
TXN_202412_011602,2024-12-30,REG_09,STORE_026,EMP_025,PROD_027,3,375.3,0.19,911.98,card,CUST_5151,New
TXN_202412_011603,2024-12-25,REG_01,STORE_002,EMP_001,PROD_050,3,76.52,0.17,190.53,cash,CUST_1845,Premium
TXN_202412_011604,2024-12-05,REG_05,STORE_014,EMP_021,PROD_044,1,171.86,0.27,125.46,credit,CUST_2886,New
TXN_202412_011605,2024-12-26,REG_08,STORE_023,EMP_012,PROD_025,4,229.73,0.2,735.14,cash,CUST_8110,New
TXN_202412_011606,2024-12-29,REG_07,STORE_021,EMP_007,PROD_045,1,215.04,0.18,176.33,mobile,CUST_1408,New
TXN_202412_011607,2024-12-05,REG_04,STORE_011,EMP_030,PROD_004,4,421.41,0.24,1281.09,mobile,CUST_8949,Premium
TXN_202412_011608,2024-12-12,REG_02,STORE_005,EMP_002,PROD_003,5,399.14,0.01,1975.74,cash,CUST_2912,Premium
TXN_202412_011609,2024-12-04,REG_10,STORE_029,EMP_028,PROD_023,2,401.76,0.15,682.99,card,CUST_5800,Regular
TXN_202412_011610,2024-12-29,REG_07,STORE_019,EMP_007,PROD_032,1,356.16,0.28,256.44,credit,CUST_5701,Regular
TXN_202412_011611,2024-12-01,REG_09,STORE_027,EMP_009,PROD_046,1,209.05,0.04,200.69,mobile,CUST_4638,Regular
TXN_202412_011612,2024-12-15,REG_03,STORE_007,EMP_014,PROD_016,3,108.61,0.03,316.06,card,CUST_6340,VIP
TXN_202412_011613,2024-12-07,REG_10,STORE_029,EMP_017,PROD_014,1,345.38,0.29,245.22,cash,CUST_6663,VIP
TXN_202412_011614,2024-12-25,REG_02,STORE_004,EMP_002,PROD_043,5,313.77,0.02,1537.47,card,CUST_7567,New
TXN_202412_011615,2024-12-30,REG_10,STORE_028,EMP_010,PROD_036,3,372.22,0.08,1027.33,mobile,CUST_7524,Regular
TXN_202412_011616,2024-12-18,REG_01,STORE_003,EMP_011,PROD_034,1,179.53,0.26,132.85,cash,CUST_9092,Premium
TXN_202412_011617,2024-12-18,REG_05,STORE_013,EMP_005,PROD_049,5,55.25,0.16,232.05,mobile,CUST_1146,VIP
TXN_202412_011618,2024-12-01,REG_01,STORE_002,EMP_001,PROD_039,2,129.58,0.19,209.92,credit,CUST_5454,Premium
TXN_202412_011619,2024-12-07,REG_03,STORE_008,EMP_003,PROD_009,2,414.86,0.07,771.64,card,CUST_6713,VIP
TXN_202412_011620,2024-12-03,REG_07,STORE_020,EMP_007,PROD_031,4,364.88,0.03,1415.73,mobile,CUST_8613,VIP
TXN_202412_011621,2024-12-16,REG_01,STORE_003,EMP_001,PROD_050,1,145.5,0.04,139.68,card,CUST_7136,Premium
TXN_202412_011622,2024-12-08,REG_03,STORE_007,EMP_003,PROD_044,4,172.75,0.04,663.36,cash,CUST_2024,Premium
TXN_202412_011623,2024-12-14,REG_06,STORE_018,EMP_006,PROD_021,3,114.19,0.02,335.72,cash,CUST_9914,Regular
TXN_202412_011624,2024-12-06,REG_07,STORE_021,EMP_007,PROD_024,1,171.15,0.12,150.61,credit,CUST_8403,New
TXN_202412_011625,2024-12-10,REG_04,STORE_011,EMP_004,PROD_042,5,71.81,0.28,258.52,credit,CUST_1515,Premium
TXN_202412_011626,2024-12-05,REG_05,STORE_015,EMP_005,PROD_010,4,108.13,0.01,428.19,credit,CUST_2969,New
TXN_202412_011627,2024-12-06,REG_10,STORE_029,EMP_017,PROD_027,1,224.87,0.26,166.4,cash,CUST_3552,VIP
TXN_202412_011628,2024-12-12,REG_04,STORE_011,EMP_016,PROD_027,4,33.6,0.21,106.18,mobile,CUST_7018,VIP
TXN_202412_011629,2024-12-02,REG_05,STORE_013,EMP_005,PROD_016,1,24.07,0.09,21.9,cash,CUST_7785,New
TXN_202412_011630,2024-12-18,REG_01,STORE_001,EMP_011,PROD_032,3,312.6,0.03,909.67,credit,CUST_4167,New
TXN_202412_011631,2024-12-10,REG_05,STORE_015,EMP_005,PROD_012,2,161.56,0.26,239.11,card,CUST_3268,Regular
TXN_202412_011632,2024-12-20,REG_10,STORE_028,EMP_020,PROD_024,5,403.94,0.14,1736.94,mobile,CUST_4202,New
TXN_202412_011633,2024-12-01,REG_03,STORE_008,EMP_014,PROD_037,3,10.4,0.03,30.26,card,CUST_1906,Regular
TXN_202412_011634,2024-12-27,REG_10,STORE_030,EMP_017,PROD_001,2,406.82,0.22,634.64,cash,CUST_1501,Regular
TXN_202412_011635,2024-12-22,REG_07,STORE_020,EMP_007,PROD_034,2,60.3,0.17,100.1,cash,CUST_3101,VIP
TXN_202412_011636,2024-12-08,REG_07,STORE_021,EMP_007,PROD_034,1,445.49,0.25,334.12,mobile,CUST_3157,Premium
TXN_202412_011637,2024-12-09,REG_03,STORE_008,EMP_003,PROD_032,5,423.75,0.22,1652.62,credit,CUST_9070,New
TXN_202412_011638,2024-12-23,REG_08,STORE_022,EMP_015,PROD_030,3,72.71,0.29,154.87,credit,CUST_8113,Regular
TXN_202412_011639,2024-12-21,REG_05,STORE_015,EMP_021,PROD_027,1,239.74,0.29,170.22,card,CUST_7071,VIP
TXN_202412_011640,2024-12-30,REG_08,STORE_024,EMP_012,PROD_039,4,351.73,0.02,1378.78,card,CUST_9388,VIP
TXN_202412_011641,2024-12-20,REG_03,STORE_008,EMP_014,PROD_023,2,57.34,0.26,84.86,credit,CUST_7400,New
TXN_202412_011642,2024-12-25,REG_05,STORE_013,EMP_005,PROD_011,3,17.97,0.05,51.21,card,CUST_6230,New
TXN_202412_011643,2024-12-11,REG_08,STORE_022,EMP_008,PROD_003,4,375.36,0.14,1291.24,cash,CUST_2531,Regular
TXN_202412_011644,2024-12-12,REG_08,STORE_022,EMP_023,PROD_009,2,78.68,0.14,135.33,cash,CUST_7736,New
TXN_202412_011645,2024-12-21,REG_03,STORE_007,EMP_014,PROD_016,4,410.3,0.01,1624.79,credit,CUST_1475,New
TXN_202412_011646,2024-12-13,REG_04,STORE_012,EMP_016,PROD_041,5,317.94,0.11,1414.83,card,CUST_5830,New
TXN_202412_011647,2024-12-09,REG_03,STORE_007,EMP_014,PROD_021,4,264.17,0.27,771.38,cash,CUST_1081,Premium
TXN_202412_011648,2024-12-29,REG_01,STORE_001,EMP_018,PROD_014,5,305.29,0.0,1526.45,credit,CUST_7230,VIP
TXN_202412_011649,2024-12-06,REG_07,STORE_019,EMP_007,PROD_009,2,485.71,0.18,796.56,cash,CUST_7972,Regular
TXN_202412_011650,2024-12-19,REG_01,STORE_003,EMP_011,PROD_037,2,168.23,0.0,336.46,card,CUST_6211,Regular
TXN_202412_011651,2024-12-23,REG_02,STORE_004,EMP_002,PROD_015,5,148.5,0.08,683.1,cash,CUST_5815,VIP
TXN_202412_011652,2024-12-04,REG_10,STORE_030,EMP_017,PROD_011,1,236.87,0.01,234.5,credit,CUST_8144,Premium
TXN_202412_011653,2024-12-03,REG_08,STORE_023,EMP_023,PROD_032,4,16.19,0.28,46.63,card,CUST_9601,Premium
TXN_202412_011654,2024-12-01,REG_03,STORE_009,EMP_003,PROD_004,4,368.41,0.19,1193.65,credit,CUST_4567,Regular
TXN_202412_011655,2024-12-26,REG_10,STORE_028,EMP_020,PROD_013,5,99.38,0.28,357.77,mobile,CUST_9612,New
TXN_202412_011656,2024-12-11,REG_09,STORE_026,EMP_025,PROD_008,3,167.05,0.02,491.13,card,CUST_7398,VIP
TXN_202412_011657,2024-12-21,REG_01,STORE_001,EMP_019,PROD_033,2,342.44,0.29,486.26,card,CUST_3245,Regular
TXN_202412_011658,2024-12-05,REG_09,STORE_027,EMP_022,PROD_038,3,343.04,0.2,823.3,mobile,CUST_1337,Premium
TXN_202412_011659,2024-12-21,REG_06,STORE_017,EMP_006,PROD_032,4,112.74,0.07,419.39,mobile,CUST_2399,New
TXN_202412_011660,2024-12-27,REG_01,STORE_002,EMP_011,PROD_024,3,219.2,0.29,466.9,card,CUST_5691,Premium
TXN_202412_011661,2024-12-18,REG_03,STORE_007,EMP_014,PROD_046,4,424.77,0.05,1614.13,cash,CUST_1972,VIP
TXN_202412_011662,2024-12-17,REG_02,STORE_005,EMP_002,PROD_003,1,35.49,0.18,29.1,mobile,CUST_1952,New
TXN_202412_011663,2024-12-31,REG_08,STORE_024,EMP_012,PROD_026,1,289.58,0.05,275.1,card,CUST_3684,New
TXN_202412_011664,2024-12-05,REG_04,STORE_012,EMP_029,PROD_026,5,424.5,0.27,1549.42,card,CUST_1109,Premium
TXN_202412_011665,2024-12-29,REG_08,STORE_023,EMP_023,PROD_011,5,368.76,0.22,1438.16,credit,CUST_1833,Regular
TXN_202412_011666,2024-12-03,REG_02,STORE_005,EMP_002,PROD_021,4,24.95,0.07,92.81,mobile,CUST_3432,Regular
TXN_202412_011667,2024-12-18,REG_10,STORE_028,EMP_017,PROD_018,4,157.52,0.07,585.97,card,CUST_4161,New
TXN_202412_011668,2024-12-12,REG_09,STORE_027,EMP_022,PROD_006,5,434.56,0.07,2020.7,mobile,CUST_9259,Premium
TXN_202412_011669,2024-12-06,REG_06,STORE_017,EMP_006,PROD_033,4,22.03,0.25,66.09,cash,CUST_3685,VIP
TXN_202412_011670,2024-12-16,REG_10,STORE_029,EMP_013,PROD_010,4,232.86,0.09,847.61,cash,CUST_4947,New
TXN_202412_011671,2024-12-10,REG_09,STORE_025,EMP_022,PROD_040,2,449.77,0.18,737.62,mobile,CUST_2304,VIP
TXN_202412_011672,2024-12-14,REG_08,STORE_023,EMP_008,PROD_040,5,76.05,0.1,342.23,card,CUST_5777,Regular
TXN_202412_011673,2024-12-18,REG_10,STORE_029,EMP_017,PROD_005,2,71.91,0.28,103.55,credit,CUST_8844,Regular
TXN_202412_011674,2024-12-24,REG_01,STORE_002,EMP_001,PROD_034,5,207.25,0.12,911.9,credit,CUST_3898,New
TXN_202412_011675,2024-12-31,REG_03,STORE_007,EMP_014,PROD_019,3,121.42,0.22,284.12,credit,CUST_3278,New
TXN_202412_011676,2024-12-26,REG_03,STORE_009,EMP_003,PROD_026,2,468.67,0.04,899.85,mobile,CUST_1897,Regular
TXN_202412_011677,2024-12-24,REG_07,STORE_019,EMP_007,PROD_048,1,365.3,0.13,317.81,cash,CUST_8020,Premium
TXN_202412_011678,2024-12-21,REG_01,STORE_002,EMP_001,PROD_010,4,33.12,0.02,129.83,card,CUST_9361,Premium
TXN_202412_011679,2024-12-07,REG_06,STORE_017,EMP_006,PROD_033,1,113.02,0.22,88.16,card,CUST_5010,New
TXN_202412_011680,2024-12-16,REG_10,STORE_029,EMP_013,PROD_033,1,293.9,0.15,249.81,card,CUST_9988,VIP
TXN_202412_011681,2024-12-08,REG_04,STORE_012,EMP_016,PROD_036,4,453.58,0.06,1705.46,credit,CUST_9557,Premium
TXN_202412_011682,2024-12-28,REG_02,STORE_005,EMP_002,PROD_049,2,430.34,0.17,714.36,credit,CUST_2437,VIP
TXN_202412_011683,2024-12-02,REG_09,STORE_026,EMP_025,PROD_005,3,57.03,0.11,152.27,credit,CUST_1301,VIP
TXN_202412_011684,2024-12-23,REG_02,STORE_005,EMP_002,PROD_021,3,363.2,0.11,969.74,card,CUST_3252,VIP
TXN_202412_011685,2024-12-20,REG_08,STORE_023,EMP_008,PROD_023,5,102.45,0.06,481.51,credit,CUST_9513,VIP
TXN_202412_011686,2024-12-06,REG_01,STORE_002,EMP_011,PROD_025,2,146.28,0.15,248.68,mobile,CUST_5234,New
TXN_202412_011687,2024-12-11,REG_04,STORE_012,EMP_016,PROD_033,2,119.4,0.25,179.1,cash,CUST_5905,New
TXN_202412_011688,2024-12-06,REG_06,STORE_017,EMP_006,PROD_002,3,463.13,0.17,1153.19,card,CUST_2653,Premium
TXN_202412_011689,2024-12-09,REG_05,STORE_015,EMP_021,PROD_014,1,445.6,0.13,387.67,card,CUST_5946,Regular
TXN_202412_011690,2024-12-30,REG_06,STORE_016,EMP_006,PROD_025,2,95.77,0.25,143.66,credit,CUST_2054,Regular
TXN_202412_011691,2024-12-18,REG_01,STORE_002,EMP_018,PROD_001,1,228.7,0.05,217.26,cash,CUST_6923,Premium
TXN_202412_011692,2024-12-03,REG_05,STORE_015,EMP_005,PROD_016,4,126.15,0.18,413.77,mobile,CUST_2688,New
TXN_202412_011693,2024-12-08,REG_05,STORE_014,EMP_005,PROD_026,5,445.1,0.09,2025.21,cash,CUST_6496,VIP
TXN_202412_011694,2024-12-26,REG_05,STORE_013,EMP_005,PROD_011,4,189.07,0.23,582.34,card,CUST_5254,New
TXN_202412_011695,2024-12-09,REG_07,STORE_019,EMP_007,PROD_032,1,46.44,0.12,40.87,credit,CUST_2702,Regular
TXN_202412_011696,2024-12-11,REG_05,STORE_013,EMP_021,PROD_045,2,214.29,0.01,424.29,credit,CUST_6464,VIP
TXN_202412_011697,2024-12-23,REG_02,STORE_004,EMP_002,PROD_032,4,403.65,0.14,1388.56,cash,CUST_3978,VIP
TXN_202412_011698,2024-12-01,REG_09,STORE_025,EMP_025,PROD_001,2,60.54,0.2,96.86,mobile,CUST_9592,Regular
TXN_202412_011699,2024-12-07,REG_09,STORE_025,EMP_027,PROD_009,3,364.58,0.29,776.56,cash,CUST_8477,Regular
TXN_202412_011700,2024-12-16,REG_01,STORE_003,EMP_019,PROD_026,4,299.32,0.16,1005.72,card,CUST_7897,Premium
TXN_202412_011701,2024-12-20,REG_05,STORE_014,EMP_021,PROD_019,5,246.41,0.07,1145.81,credit,CUST_8205,VIP
TXN_202412_011702,2024-12-08,REG_10,STORE_028,EMP_013,PROD_005,1,421.73,0.08,387.99,mobile,CUST_6936,Regular
TXN_202412_011703,2024-12-06,REG_01,STORE_002,EMP_001,PROD_044,2,403.06,0.28,580.41,card,CUST_4341,Regular
TXN_202412_011704,2024-12-01,REG_02,STORE_006,EMP_002,PROD_050,3,445.42,0.25,1002.19,credit,CUST_2962,Premium
TXN_202412_011705,2024-12-14,REG_03,STORE_007,EMP_003,PROD_008,3,172.86,0.02,508.21,credit,CUST_5694,Regular
TXN_202412_011706,2024-12-09,REG_08,STORE_024,EMP_012,PROD_037,5,360.99,0.11,1606.41,card,CUST_9634,New
TXN_202412_011707,2024-12-11,REG_01,STORE_003,EMP_019,PROD_018,2,304.79,0.11,542.53,cash,CUST_2830,New
TXN_202412_011708,2024-12-30,REG_07,STORE_020,EMP_007,PROD_040,3,409.52,0.05,1167.13,cash,CUST_7894,New
TXN_202412_011709,2024-12-30,REG_05,STORE_013,EMP_005,PROD_002,2,44.98,0.07,83.66,card,CUST_8228,Premium
TXN_202412_011710,2024-12-13,REG_07,STORE_020,EMP_007,PROD_041,2,83.52,0.07,155.35,card,CUST_8907,New
TXN_202412_011711,2024-12-26,REG_10,STORE_028,EMP_010,PROD_011,1,264.63,0.04,254.04,mobile,CUST_1471,VIP
TXN_202412_011712,2024-12-16,REG_02,STORE_005,EMP_002,PROD_007,3,271.42,0.22,635.12,credit,CUST_2145,Regular
TXN_202412_011713,2024-12-24,REG_03,STORE_007,EMP_014,PROD_048,1,118.11,0.09,107.48,cash,CUST_3031,Regular
TXN_202412_011714,2024-12-19,REG_06,STORE_018,EMP_006,PROD_040,3,350.83,0.1,947.24,cash,CUST_7192,VIP
TXN_202412_011715,2024-12-28,REG_03,STORE_009,EMP_014,PROD_026,2,175.31,0.25,262.97,credit,CUST_1570,Regular
TXN_202412_011716,2024-12-14,REG_01,STORE_001,EMP_019,PROD_018,3,202.15,0.08,557.93,mobile,CUST_6915,Premium
TXN_202412_011717,2024-12-04,REG_09,STORE_026,EMP_022,PROD_047,2,109.22,0.15,185.67,credit,CUST_4216,VIP
TXN_202412_011718,2024-12-20,REG_02,STORE_005,EMP_002,PROD_018,1,194.7,0.17,161.6,card,CUST_5122,VIP
TXN_202412_011719,2024-12-10,REG_06,STORE_016,EMP_006,PROD_018,3,131.17,0.15,334.48,mobile,CUST_4722,Premium
TXN_202412_011720,2024-12-27,REG_01,STORE_001,EMP_001,PROD_045,3,123.95,0.27,271.45,credit,CUST_5335,Regular
TXN_202412_011721,2024-12-21,REG_10,STORE_028,EMP_010,PROD_017,1,211.7,0.1,190.53,credit,CUST_8030,Premium
TXN_202412_011722,2024-12-13,REG_07,STORE_020,EMP_007,PROD_027,5,89.31,0.25,334.91,card,CUST_2781,VIP
TXN_202412_011723,2024-12-06,REG_06,STORE_017,EMP_006,PROD_012,2,83.3,0.15,141.61,credit,CUST_4415,Premium
TXN_202412_011724,2024-12-05,REG_09,STORE_025,EMP_025,PROD_019,2,190.01,0.3,266.01,credit,CUST_3709,Premium
TXN_202412_011725,2024-12-22,REG_01,STORE_001,EMP_001,PROD_038,3,69.35,0.25,156.04,mobile,CUST_5733,VIP
TXN_202412_011726,2024-12-08,REG_09,STORE_027,EMP_022,PROD_008,5,80.22,0.13,348.96,mobile,CUST_7337,Regular
TXN_202412_011727,2024-12-24,REG_01,STORE_001,EMP_011,PROD_015,5,168.18,0.21,664.31,credit,CUST_8091,Premium
TXN_202412_011728,2024-12-24,REG_09,STORE_027,EMP_009,PROD_020,1,394.97,0.09,359.42,credit,CUST_1402,VIP
TXN_202412_011729,2024-12-17,REG_07,STORE_019,EMP_007,PROD_030,1,24.2,0.09,22.02,cash,CUST_2017,Regular
TXN_202412_011730,2024-12-03,REG_06,STORE_018,EMP_006,PROD_013,4,146.95,0.15,499.63,card,CUST_2561,New
TXN_202412_011731,2024-12-02,REG_06,STORE_018,EMP_006,PROD_018,4,162.23,0.28,467.22,card,CUST_7872,Regular
TXN_202412_011732,2024-12-01,REG_09,STORE_026,EMP_027,PROD_041,4,382.69,0.29,1086.84,card,CUST_9735,Regular
TXN_202412_011733,2024-12-30,REG_04,STORE_010,EMP_026,PROD_022,1,92.7,0.2,74.16,mobile,CUST_3611,Premium
TXN_202412_011734,2024-12-04,REG_01,STORE_002,EMP_001,PROD_005,2,123.55,0.12,217.45,cash,CUST_8554,New
TXN_202412_011735,2024-12-09,REG_02,STORE_004,EMP_002,PROD_016,1,291.1,0.24,221.24,mobile,CUST_5751,New
TXN_202412_011736,2024-12-04,REG_09,STORE_027,EMP_025,PROD_023,2,346.8,0.19,561.82,cash,CUST_4788,VIP
TXN_202412_011737,2024-12-08,REG_02,STORE_006,EMP_002,PROD_013,1,262.27,0.03,254.4,card,CUST_5013,VIP
TXN_202412_011738,2024-12-21,REG_05,STORE_015,EMP_021,PROD_035,5,282.11,0.16,1184.86,credit,CUST_1180,Regular
TXN_202412_011739,2024-12-01,REG_09,STORE_027,EMP_025,PROD_031,5,19.79,0.14,85.1,cash,CUST_5435,Premium
TXN_202412_011740,2024-12-29,REG_08,STORE_022,EMP_023,PROD_017,4,452.53,0.15,1538.6,credit,CUST_2988,New
TXN_202412_011741,2024-12-30,REG_09,STORE_025,EMP_022,PROD_027,3,116.69,0.13,304.56,cash,CUST_6681,VIP
TXN_202412_011742,2024-12-19,REG_07,STORE_021,EMP_007,PROD_038,5,472.46,0.01,2338.68,cash,CUST_5641,Premium
TXN_202412_011743,2024-12-13,REG_10,STORE_030,EMP_020,PROD_010,3,127.15,0.08,350.93,mobile,CUST_9518,New
TXN_202412_011744,2024-12-10,REG_08,STORE_022,EMP_012,PROD_045,4,305.43,0.08,1123.98,cash,CUST_1190,New
TXN_202412_011745,2024-12-04,REG_05,STORE_015,EMP_005,PROD_027,2,282.75,0.28,407.16,credit,CUST_5312,New
TXN_202412_011746,2024-12-07,REG_07,STORE_019,EMP_007,PROD_045,2,316.13,0.01,625.94,cash,CUST_1212,Regular
TXN_202412_011747,2024-12-23,REG_04,STORE_011,EMP_026,PROD_010,5,186.82,0.12,822.01,cash,CUST_8223,Premium
TXN_202412_011748,2024-12-13,REG_06,STORE_016,EMP_006,PROD_031,3,443.41,0.17,1104.09,cash,CUST_1675,New
TXN_202412_011749,2024-12-23,REG_01,STORE_003,EMP_019,PROD_036,1,47.27,0.26,34.98,credit,CUST_6390,VIP
TXN_202412_011750,2024-12-08,REG_03,STORE_008,EMP_014,PROD_003,1,466.16,0.09,424.21,card,CUST_9897,VIP
TXN_202412_011751,2024-12-02,REG_05,STORE_014,EMP_005,PROD_001,4,78.78,0.26,233.19,card,CUST_4053,Premium
TXN_202412_011752,2024-12-13,REG_03,STORE_007,EMP_014,PROD_025,1,361.67,0.21,285.72,credit,CUST_5091,VIP
TXN_202412_011753,2024-12-30,REG_07,STORE_019,EMP_007,PROD_025,1,232.83,0.18,190.92,credit,CUST_9519,New
TXN_202412_011754,2024-12-19,REG_04,STORE_012,EMP_004,PROD_042,3,145.16,0.06,409.35,card,CUST_9997,Premium
TXN_202412_011755,2024-12-09,REG_06,STORE_017,EMP_006,PROD_036,1,149.1,0.09,135.68,mobile,CUST_8161,Premium
TXN_202412_011756,2024-12-15,REG_03,STORE_008,EMP_014,PROD_045,3,266.32,0.18,655.15,credit,CUST_4521,VIP
TXN_202412_011757,2024-12-11,REG_10,STORE_029,EMP_013,PROD_042,4,394.28,0.07,1466.72,credit,CUST_4775,New
TXN_202412_011758,2024-12-19,REG_06,STORE_018,EMP_006,PROD_013,3,258.61,0.11,690.49,mobile,CUST_8135,Regular
TXN_202412_011759,2024-12-10,REG_05,STORE_015,EMP_021,PROD_014,1,221.91,0.06,208.6,cash,CUST_7889,VIP
TXN_202412_011760,2024-12-19,REG_07,STORE_021,EMP_007,PROD_011,2,75.64,0.15,128.59,card,CUST_5682,Premium
TXN_202412_011761,2024-12-23,REG_08,STORE_024,EMP_012,PROD_015,3,331.85,0.2,796.44,card,CUST_3908,VIP
TXN_202412_011762,2024-12-29,REG_07,STORE_021,EMP_007,PROD_044,1,209.1,0.2,167.28,cash,CUST_3626,Premium
TXN_202412_011763,2024-12-14,REG_02,STORE_005,EMP_002,PROD_050,2,45.51,0.16,76.46,card,CUST_7014,Premium
TXN_202412_011764,2024-12-23,REG_02,STORE_004,EMP_002,PROD_011,3,163.93,0.16,413.1,mobile,CUST_5129,New
TXN_202412_011765,2024-12-13,REG_01,STORE_003,EMP_011,PROD_032,1,37.84,0.11,33.68,cash,CUST_9024,Premium
TXN_202412_011766,2024-12-01,REG_08,STORE_024,EMP_012,PROD_020,2,230.52,0.11,410.33,card,CUST_6847,Premium
TXN_202412_011767,2024-12-05,REG_08,STORE_024,EMP_015,PROD_020,2,253.11,0.11,450.54,credit,CUST_3367,Regular
TXN_202412_011768,2024-12-06,REG_05,STORE_013,EMP_021,PROD_014,4,429.64,0.23,1323.29,mobile,CUST_3749,VIP
TXN_202412_011769,2024-12-27,REG_04,STORE_012,EMP_026,PROD_039,4,162.79,0.09,592.56,credit,CUST_2854,Premium
TXN_202412_011770,2024-12-24,REG_02,STORE_006,EMP_002,PROD_004,3,143.07,0.25,321.91,credit,CUST_7060,Regular
TXN_202412_011771,2024-12-04,REG_06,STORE_016,EMP_006,PROD_031,3,198.54,0.25,446.72,credit,CUST_7787,Regular
TXN_202412_011772,2024-12-07,REG_10,STORE_028,EMP_010,PROD_016,4,217.17,0.05,825.25,credit,CUST_3951,Premium
TXN_202412_011773,2024-12-15,REG_08,STORE_024,EMP_012,PROD_049,3,336.08,0.23,776.34,credit,CUST_8229,New
TXN_202412_011774,2024-12-20,REG_06,STORE_017,EMP_006,PROD_025,5,370.28,0.05,1758.83,mobile,CUST_8991,VIP
TXN_202412_011775,2024-12-08,REG_07,STORE_020,EMP_007,PROD_034,2,153.11,0.05,290.91,cash,CUST_5229,Premium
TXN_202412_011776,2024-12-23,REG_01,STORE_002,EMP_019,PROD_039,5,420.32,0.3,1471.12,mobile,CUST_9548,Premium
TXN_202412_011777,2024-12-28,REG_04,STORE_010,EMP_016,PROD_027,5,387.4,0.15,1646.45,credit,CUST_5786,New
TXN_202412_011778,2024-12-19,REG_02,STORE_004,EMP_002,PROD_005,5,145.37,0.04,697.78,mobile,CUST_3469,New
TXN_202412_011779,2024-12-23,REG_02,STORE_006,EMP_002,PROD_047,4,446.96,0.29,1269.37,card,CUST_9194,VIP
TXN_202412_011780,2024-12-20,REG_09,STORE_025,EMP_009,PROD_030,3,352.97,0.06,995.38,mobile,CUST_5402,New
TXN_202412_011781,2024-12-01,REG_02,STORE_005,EMP_002,PROD_049,3,128.82,0.19,313.03,mobile,CUST_3739,Regular
TXN_202412_011782,2024-12-05,REG_04,STORE_012,EMP_030,PROD_026,2,320.36,0.21,506.17,credit,CUST_6199,VIP
TXN_202412_011783,2024-12-16,REG_06,STORE_018,EMP_006,PROD_023,1,400.37,0.22,312.29,mobile,CUST_2901,New
TXN_202412_011784,2024-12-03,REG_09,STORE_025,EMP_025,PROD_002,5,142.79,0.19,578.3,card,CUST_4911,VIP
TXN_202412_011785,2024-12-02,REG_07,STORE_021,EMP_007,PROD_043,2,248.69,0.21,392.93,credit,CUST_4436,VIP
TXN_202412_011786,2024-12-15,REG_07,STORE_021,EMP_007,PROD_021,5,491.97,0.09,2238.46,cash,CUST_9363,New
TXN_202412_011787,2024-12-30,REG_06,STORE_017,EMP_006,PROD_007,5,221.42,0.01,1096.03,cash,CUST_7085,Premium
TXN_202412_011788,2024-12-19,REG_06,STORE_016,EMP_006,PROD_014,2,489.92,0.12,862.26,card,CUST_1219,VIP
TXN_202412_011789,2024-12-04,REG_08,STORE_024,EMP_023,PROD_035,1,426.22,0.05,404.91,cash,CUST_5601,Regular
TXN_202412_011790,2024-12-02,REG_06,STORE_018,EMP_006,PROD_045,1,135.01,0.03,130.96,card,CUST_9990,Premium
TXN_202412_011791,2024-12-13,REG_03,STORE_009,EMP_003,PROD_046,3,228.59,0.04,658.34,credit,CUST_1147,Premium
TXN_202412_011792,2024-12-01,REG_06,STORE_017,EMP_006,PROD_045,1,220.91,0.21,174.52,credit,CUST_3402,Regular
TXN_202412_011793,2024-12-04,REG_08,STORE_023,EMP_015,PROD_048,4,89.68,0.25,269.04,credit,CUST_1072,Premium
TXN_202412_011794,2024-12-03,REG_08,STORE_024,EMP_008,PROD_039,1,188.87,0.23,145.43,card,CUST_7363,Premium
TXN_202412_011795,2024-12-16,REG_06,STORE_017,EMP_006,PROD_007,2,211.1,0.12,371.54,credit,CUST_1581,New
TXN_202412_011796,2024-12-01,REG_03,STORE_009,EMP_003,PROD_005,5,73.31,0.22,285.91,card,CUST_9730,Regular
TXN_202412_011797,2024-12-16,REG_05,STORE_015,EMP_021,PROD_032,1,114.11,0.3,79.88,cash,CUST_4801,VIP
TXN_202412_011798,2024-12-01,REG_02,STORE_006,EMP_002,PROD_043,5,337.6,0.24,1282.88,card,CUST_1979,Premium
TXN_202412_011799,2024-12-09,REG_02,STORE_004,EMP_002,PROD_049,5,388.89,0.17,1613.89,cash,CUST_8295,Premium
TXN_202412_011800,2024-12-26,REG_03,STORE_008,EMP_003,PROD_041,5,88.32,0.07,410.69,cash,CUST_2747,Premium
TXN_202412_011801,2024-12-13,REG_06,STORE_018,EMP_006,PROD_023,5,479.91,0.07,2231.58,mobile,CUST_7581,New
TXN_202412_011802,2024-12-10,REG_02,STORE_006,EMP_002,PROD_003,2,434.82,0.26,643.53,cash,CUST_6193,New
TXN_202412_011803,2024-12-09,REG_03,STORE_009,EMP_003,PROD_022,4,308.68,0.25,926.04,cash,CUST_9776,Regular
TXN_202412_011804,2024-12-23,REG_07,STORE_019,EMP_007,PROD_003,1,172.42,0.12,151.73,mobile,CUST_8098,Premium
TXN_202412_011805,2024-12-26,REG_09,STORE_027,EMP_009,PROD_042,1,115.41,0.14,99.25,mobile,CUST_3553,Premium
TXN_202412_011806,2024-12-16,REG_05,STORE_014,EMP_021,PROD_021,2,100.02,0.07,186.04,mobile,CUST_3192,New
TXN_202412_011807,2024-12-23,REG_09,STORE_026,EMP_025,PROD_025,2,116.03,0.0,232.06,credit,CUST_6109,New
TXN_202412_011808,2024-12-19,REG_06,STORE_017,EMP_006,PROD_008,1,448.95,0.28,323.24,mobile,CUST_6600,Regular
TXN_202412_011809,2024-12-20,REG_09,STORE_027,EMP_025,PROD_031,2,470.49,0.19,762.19,credit,CUST_3825,New
TXN_202412_011810,2024-12-10,REG_02,STORE_004,EMP_002,PROD_006,4,285.58,0.1,1028.09,credit,CUST_7242,Premium
TXN_202412_011811,2024-12-07,REG_01,STORE_002,EMP_011,PROD_007,3,142.46,0.25,320.53,cash,CUST_1086,Regular
TXN_202412_011812,2024-12-17,REG_10,STORE_030,EMP_020,PROD_005,4,299.62,0.22,934.81,credit,CUST_6267,New
TXN_202412_011813,2024-12-27,REG_09,STORE_025,EMP_025,PROD_020,5,260.55,0.04,1250.64,mobile,CUST_9222,Premium
TXN_202412_011814,2024-12-16,REG_07,STORE_020,EMP_007,PROD_012,2,377.21,0.08,694.07,mobile,CUST_5324,VIP
TXN_202412_011815,2024-12-01,REG_01,STORE_002,EMP_001,PROD_018,1,50.4,0.2,40.32,cash,CUST_4601,Premium
TXN_202412_011816,2024-12-02,REG_08,STORE_022,EMP_023,PROD_008,4,154.0,0.11,548.24,mobile,CUST_4684,Premium
TXN_202412_011817,2024-12-26,REG_03,STORE_007,EMP_014,PROD_042,5,340.49,0.22,1327.91,credit,CUST_3574,Regular
TXN_202412_011818,2024-12-04,REG_07,STORE_021,EMP_007,PROD_015,4,55.83,0.15,189.82,card,CUST_1674,Regular
TXN_202412_011819,2024-12-24,REG_02,STORE_005,EMP_002,PROD_035,1,264.15,0.21,208.68,mobile,CUST_7234,Regular
TXN_202412_011820,2024-12-15,REG_09,STORE_026,EMP_025,PROD_001,5,297.07,0.01,1470.5,cash,CUST_6221,New
TXN_202412_011821,2024-12-15,REG_08,STORE_023,EMP_015,PROD_006,3,251.46,0.08,694.03,card,CUST_2623,Premium
TXN_202412_011822,2024-12-10,REG_07,STORE_020,EMP_007,PROD_002,2,393.62,0.27,574.69,cash,CUST_8447,Premium
TXN_202412_011823,2024-12-12,REG_10,STORE_028,EMP_028,PROD_021,3,207.54,0.27,454.51,mobile,CUST_7651,VIP
TXN_202412_011824,2024-12-19,REG_09,STORE_027,EMP_027,PROD_041,5,225.75,0.12,993.3,credit,CUST_4203,Premium
TXN_202412_011825,2024-12-28,REG_05,STORE_014,EMP_021,PROD_033,5,252.98,0.22,986.62,credit,CUST_5915,Premium
TXN_202412_011826,2024-12-22,REG_08,STORE_024,EMP_023,PROD_042,1,234.21,0.02,229.53,card,CUST_3475,Premium
TXN_202412_011827,2024-12-07,REG_08,STORE_024,EMP_015,PROD_018,3,125.27,0.14,323.2,card,CUST_7784,New
TXN_202412_011828,2024-12-04,REG_06,STORE_018,EMP_006,PROD_042,2,394.48,0.24,599.61,card,CUST_2274,New
TXN_202412_011829,2024-12-08,REG_10,STORE_028,EMP_010,PROD_028,2,406.8,0.2,650.88,credit,CUST_2549,VIP
TXN_202412_011830,2024-12-23,REG_09,STORE_026,EMP_022,PROD_040,5,261.57,0.07,1216.3,credit,CUST_7679,Premium
TXN_202412_011831,2024-12-06,REG_08,STORE_024,EMP_008,PROD_026,4,144.07,0.07,535.94,credit,CUST_3075,Premium
TXN_202412_011832,2024-12-07,REG_09,STORE_025,EMP_009,PROD_045,4,379.58,0.11,1351.3,credit,CUST_8526,VIP
TXN_202412_011833,2024-12-19,REG_10,STORE_029,EMP_020,PROD_005,1,352.21,0.03,341.64,card,CUST_7126,VIP
TXN_202412_011834,2024-12-14,REG_02,STORE_006,EMP_002,PROD_049,1,67.58,0.01,66.9,card,CUST_5482,Regular
TXN_202412_011835,2024-12-20,REG_09,STORE_025,EMP_009,PROD_048,2,295.44,0.26,437.25,cash,CUST_3271,VIP
TXN_202412_011836,2024-12-21,REG_02,STORE_006,EMP_002,PROD_043,4,403.63,0.29,1146.31,cash,CUST_9045,Premium
TXN_202412_011837,2024-12-30,REG_05,STORE_015,EMP_005,PROD_031,3,479.12,0.15,1221.76,mobile,CUST_1530,New
TXN_202412_011838,2024-12-06,REG_08,STORE_023,EMP_008,PROD_050,2,155.97,0.13,271.39,mobile,CUST_3843,Regular
TXN_202412_011839,2024-12-26,REG_09,STORE_027,EMP_022,PROD_007,3,359.24,0.21,851.4,card,CUST_3833,New
TXN_202412_011840,2024-12-12,REG_10,STORE_028,EMP_017,PROD_001,4,277.46,0.15,943.36,mobile,CUST_5150,Regular
TXN_202412_011841,2024-12-23,REG_01,STORE_003,EMP_001,PROD_002,5,137.5,0.01,680.62,cash,CUST_6150,Premium
TXN_202412_011842,2024-12-17,REG_07,STORE_020,EMP_007,PROD_006,2,253.74,0.27,370.46,cash,CUST_9611,Regular
TXN_202412_011843,2024-12-11,REG_06,STORE_018,EMP_006,PROD_028,3,356.53,0.24,812.89,card,CUST_9338,VIP
TXN_202412_011844,2024-12-22,REG_08,STORE_024,EMP_008,PROD_012,5,307.4,0.09,1398.67,card,CUST_3495,Premium
TXN_202412_011845,2024-12-17,REG_03,STORE_008,EMP_003,PROD_009,1,71.1,0.13,61.86,card,CUST_8984,Premium
TXN_202412_011846,2024-12-08,REG_09,STORE_026,EMP_027,PROD_048,2,115.08,0.05,218.65,credit,CUST_5795,New
TXN_202412_011847,2024-12-17,REG_02,STORE_004,EMP_002,PROD_029,1,51.67,0.19,41.85,cash,CUST_6998,Premium
TXN_202412_011848,2024-12-01,REG_04,STORE_010,EMP_004,PROD_030,3,159.88,0.24,364.53,mobile,CUST_1641,Premium
TXN_202412_011849,2024-12-10,REG_09,STORE_026,EMP_025,PROD_001,2,357.46,0.01,707.77,credit,CUST_8686,VIP
TXN_202412_011850,2024-12-16,REG_01,STORE_001,EMP_011,PROD_001,1,447.42,0.3,313.19,cash,CUST_4300,Premium
TXN_202412_011851,2024-12-30,REG_08,STORE_023,EMP_015,PROD_012,5,138.79,0.16,582.92,credit,CUST_8450,Regular
TXN_202412_011852,2024-12-28,REG_02,STORE_006,EMP_002,PROD_036,1,198.61,0.21,156.9,mobile,CUST_1294,Regular
TXN_202412_011853,2024-12-28,REG_04,STORE_012,EMP_030,PROD_002,2,432.19,0.3,605.07,credit,CUST_1135,Premium
TXN_202412_011854,2024-12-25,REG_10,STORE_030,EMP_013,PROD_041,2,147.88,0.15,251.4,credit,CUST_9302,Regular
TXN_202412_011855,2024-12-05,REG_02,STORE_004,EMP_002,PROD_020,5,302.93,0.14,1302.6,cash,CUST_9982,VIP
TXN_202412_011856,2024-12-27,REG_01,STORE_003,EMP_001,PROD_038,5,440.13,0.24,1672.49,credit,CUST_6962,Premium
TXN_202412_011857,2024-12-17,REG_08,STORE_023,EMP_008,PROD_016,5,433.2,0.21,1711.14,credit,CUST_9491,Regular
TXN_202412_011858,2024-12-17,REG_08,STORE_023,EMP_012,PROD_023,4,19.02,0.22,59.34,card,CUST_7057,VIP
TXN_202412_011859,2024-12-19,REG_09,STORE_027,EMP_027,PROD_032,2,410.68,0.23,632.45,credit,CUST_1719,New
TXN_202412_011860,2024-12-11,REG_06,STORE_018,EMP_006,PROD_006,2,353.18,0.07,656.91,card,CUST_7518,Regular
TXN_202412_011861,2024-12-30,REG_05,STORE_014,EMP_021,PROD_002,5,362.39,0.07,1685.11,card,CUST_6228,VIP
TXN_202412_011862,2024-12-05,REG_05,STORE_013,EMP_021,PROD_004,5,466.98,0.18,1914.62,cash,CUST_2850,Regular
TXN_202412_011863,2024-12-06,REG_05,STORE_013,EMP_005,PROD_010,5,187.02,0.06,878.99,credit,CUST_5836,Premium
TXN_202412_011864,2024-12-02,REG_08,STORE_023,EMP_015,PROD_038,3,459.71,0.2,1103.3,card,CUST_1249,Regular
TXN_202412_011865,2024-12-22,REG_03,STORE_009,EMP_014,PROD_039,4,195.47,0.11,695.87,card,CUST_9594,Regular
TXN_202412_011866,2024-12-02,REG_09,STORE_025,EMP_022,PROD_011,5,223.73,0.19,906.11,credit,CUST_3202,New
TXN_202412_011867,2024-12-20,REG_09,STORE_025,EMP_027,PROD_027,4,355.61,0.14,1223.3,card,CUST_4409,Premium
TXN_202412_011868,2024-12-08,REG_05,STORE_013,EMP_021,PROD_023,3,413.39,0.16,1041.74,cash,CUST_7133,New
TXN_202412_011869,2024-12-11,REG_01,STORE_003,EMP_019,PROD_010,1,146.99,0.25,110.24,cash,CUST_4260,Regular
TXN_202412_011870,2024-12-28,REG_03,STORE_008,EMP_014,PROD_016,3,129.85,0.26,288.27,mobile,CUST_9401,Premium
TXN_202412_011871,2024-12-20,REG_07,STORE_020,EMP_007,PROD_043,5,172.2,0.15,731.85,mobile,CUST_4516,Regular
TXN_202412_011872,2024-12-07,REG_02,STORE_005,EMP_002,PROD_023,4,349.48,0.0,1397.92,credit,CUST_2371,Premium
TXN_202412_011873,2024-12-24,REG_03,STORE_007,EMP_003,PROD_031,1,117.19,0.03,113.67,mobile,CUST_6167,Regular
TXN_202412_011874,2024-12-30,REG_09,STORE_025,EMP_027,PROD_013,2,38.24,0.22,59.65,credit,CUST_1329,VIP
TXN_202412_011875,2024-12-25,REG_02,STORE_005,EMP_002,PROD_027,2,395.18,0.29,561.16,card,CUST_1387,VIP
TXN_202412_011876,2024-12-17,REG_09,STORE_027,EMP_025,PROD_024,2,419.03,0.28,603.4,cash,CUST_9716,Regular
TXN_202412_011877,2024-12-22,REG_02,STORE_005,EMP_002,PROD_017,3,316.06,0.19,768.03,mobile,CUST_2598,Regular
TXN_202412_011878,2024-12-05,REG_03,STORE_008,EMP_014,PROD_020,4,362.41,0.03,1406.15,credit,CUST_5784,Regular
TXN_202412_011879,2024-12-20,REG_04,STORE_011,EMP_030,PROD_037,1,54.68,0.29,38.82,mobile,CUST_5131,Regular
TXN_202412_011880,2024-12-08,REG_05,STORE_015,EMP_005,PROD_015,4,232.2,0.22,724.46,card,CUST_1091,New
TXN_202412_011881,2024-12-18,REG_09,STORE_027,EMP_025,PROD_018,3,168.35,0.15,429.29,cash,CUST_3119,Premium
TXN_202412_011882,2024-12-03,REG_01,STORE_001,EMP_001,PROD_024,2,15.02,0.1,27.04,card,CUST_1413,New
TXN_202412_011883,2024-12-16,REG_02,STORE_004,EMP_002,PROD_029,5,219.7,0.05,1043.58,card,CUST_4662,Regular
TXN_202412_011884,2024-12-11,REG_08,STORE_023,EMP_015,PROD_022,1,361.94,0.25,271.45,cash,CUST_5976,New
TXN_202412_011885,2024-12-14,REG_01,STORE_001,EMP_018,PROD_045,4,197.45,0.13,687.13,credit,CUST_7933,VIP
TXN_202412_011886,2024-12-04,REG_02,STORE_004,EMP_002,PROD_038,1,429.33,0.17,356.34,card,CUST_3064,New
TXN_202412_011887,2024-12-26,REG_01,STORE_002,EMP_011,PROD_039,2,144.05,0.0,288.1,card,CUST_8276,Regular
TXN_202412_011888,2024-12-16,REG_03,STORE_008,EMP_003,PROD_044,2,40.99,0.19,66.4,mobile,CUST_3815,New
TXN_202412_011889,2024-12-13,REG_07,STORE_021,EMP_007,PROD_029,2,240.49,0.2,384.78,card,CUST_7704,Regular
TXN_202412_011890,2024-12-07,REG_05,STORE_015,EMP_021,PROD_012,3,44.36,0.29,94.49,card,CUST_3354,New
TXN_202412_011891,2024-12-02,REG_09,STORE_025,EMP_022,PROD_011,5,20.82,0.29,73.91,cash,CUST_6704,VIP
TXN_202412_011892,2024-12-08,REG_01,STORE_001,EMP_001,PROD_002,1,71.38,0.03,69.24,card,CUST_4220,Regular
TXN_202412_011893,2024-12-09,REG_07,STORE_020,EMP_007,PROD_040,4,49.98,0.13,173.93,credit,CUST_4854,Premium
TXN_202412_011894,2024-12-14,REG_07,STORE_020,EMP_007,PROD_007,2,470.73,0.2,753.17,cash,CUST_9913,New
TXN_202412_011895,2024-12-25,REG_04,STORE_010,EMP_030,PROD_016,3,452.08,0.18,1112.12,mobile,CUST_9885,Regular
TXN_202412_011896,2024-12-26,REG_05,STORE_013,EMP_005,PROD_001,4,280.1,0.0,1120.4,credit,CUST_7440,New
TXN_202412_011897,2024-12-01,REG_08,STORE_022,EMP_023,PROD_005,4,243.06,0.27,709.74,cash,CUST_4440,Premium
TXN_202412_011898,2024-12-03,REG_01,STORE_002,EMP_018,PROD_035,2,236.9,0.12,416.94,mobile,CUST_8295,VIP
TXN_202412_011899,2024-12-18,REG_07,STORE_019,EMP_007,PROD_026,1,465.94,0.05,442.64,mobile,CUST_3178,Premium
TXN_202412_011900,2024-12-13,REG_04,STORE_012,EMP_024,PROD_031,2,276.99,0.28,398.87,card,CUST_1582,Regular
TXN_202412_011901,2024-12-19,REG_06,STORE_018,EMP_006,PROD_037,5,363.56,0.06,1708.73,card,CUST_5972,Regular
TXN_202412_011902,2024-12-24,REG_08,STORE_022,EMP_015,PROD_038,5,434.38,0.05,2063.3,credit,CUST_5408,New
TXN_202412_011903,2024-12-06,REG_08,STORE_024,EMP_015,PROD_047,2,226.51,0.08,416.78,mobile,CUST_5398,New
TXN_202412_011904,2024-12-10,REG_04,STORE_012,EMP_026,PROD_046,3,29.46,0.16,74.24,cash,CUST_4657,Regular
TXN_202412_011905,2024-12-01,REG_05,STORE_013,EMP_005,PROD_020,5,459.4,0.07,2136.21,credit,CUST_1366,Regular
TXN_202412_011906,2024-12-05,REG_10,STORE_028,EMP_010,PROD_005,3,416.76,0.16,1050.24,card,CUST_3917,Premium
TXN_202412_011907,2024-12-03,REG_05,STORE_014,EMP_021,PROD_014,1,115.54,0.11,102.83,card,CUST_3836,New
TXN_202412_011908,2024-12-05,REG_05,STORE_014,EMP_021,PROD_047,1,366.91,0.21,289.86,credit,CUST_3668,Regular
TXN_202412_011909,2024-12-26,REG_09,STORE_027,EMP_027,PROD_050,4,305.66,0.06,1149.28,cash,CUST_2744,VIP
TXN_202412_011910,2024-12-13,REG_02,STORE_006,EMP_002,PROD_043,5,122.62,0.06,576.31,mobile,CUST_7854,Regular
TXN_202412_011911,2024-12-09,REG_07,STORE_020,EMP_007,PROD_005,2,482.54,0.12,849.27,cash,CUST_6659,New
TXN_202412_011912,2024-12-12,REG_01,STORE_001,EMP_019,PROD_033,2,461.22,0.14,793.3,credit,CUST_2104,New
TXN_202412_011913,2024-12-28,REG_09,STORE_025,EMP_025,PROD_012,4,470.63,0.2,1506.02,cash,CUST_7699,New
TXN_202412_011914,2024-12-23,REG_04,STORE_010,EMP_030,PROD_025,3,59.78,0.04,172.17,mobile,CUST_2131,New
TXN_202412_011915,2024-12-13,REG_03,STORE_009,EMP_003,PROD_018,3,470.61,0.27,1030.64,credit,CUST_2346,Regular
TXN_202412_011916,2024-12-27,REG_03,STORE_008,EMP_003,PROD_011,4,435.98,0.2,1395.14,mobile,CUST_9553,Premium
TXN_202412_011917,2024-12-08,REG_02,STORE_006,EMP_002,PROD_021,4,266.9,0.21,843.4,cash,CUST_5986,VIP
TXN_202412_011918,2024-12-02,REG_07,STORE_019,EMP_007,PROD_007,3,391.85,0.04,1128.53,cash,CUST_3913,Premium
TXN_202412_011919,2024-12-04,REG_05,STORE_015,EMP_005,PROD_007,4,118.62,0.18,389.07,mobile,CUST_5419,New
TXN_202412_011920,2024-12-02,REG_03,STORE_007,EMP_003,PROD_008,1,465.97,0.25,349.48,mobile,CUST_3372,VIP
TXN_202412_011921,2024-12-23,REG_09,STORE_025,EMP_009,PROD_005,2,362.68,0.12,638.32,credit,CUST_4969,New
TXN_202412_011922,2024-12-04,REG_10,STORE_030,EMP_013,PROD_025,2,155.29,0.0,310.58,card,CUST_8970,New
TXN_202412_011923,2024-12-09,REG_09,STORE_027,EMP_009,PROD_014,1,439.7,0.21,347.36,mobile,CUST_9867,Regular
TXN_202412_011924,2024-12-17,REG_04,STORE_012,EMP_024,PROD_049,4,179.25,0.21,566.43,card,CUST_3948,Regular
TXN_202412_011925,2024-12-19,REG_09,STORE_027,EMP_022,PROD_046,4,479.77,0.03,1861.51,mobile,CUST_3738,VIP
TXN_202412_011926,2024-12-10,REG_06,STORE_016,EMP_006,PROD_024,3,106.98,0.18,263.17,card,CUST_8353,VIP
TXN_202412_011927,2024-12-01,REG_03,STORE_008,EMP_003,PROD_047,5,110.8,0.15,470.9,credit,CUST_4794,Premium
TXN_202412_011928,2024-12-31,REG_03,STORE_007,EMP_014,PROD_007,4,451.14,0.18,1479.74,cash,CUST_6401,VIP
TXN_202412_011929,2024-12-04,REG_04,STORE_012,EMP_024,PROD_025,5,88.71,0.14,381.45,credit,CUST_2069,New
TXN_202412_011930,2024-12-03,REG_03,STORE_009,EMP_014,PROD_031,2,271.28,0.22,423.2,credit,CUST_4001,VIP
TXN_202412_011931,2024-12-12,REG_09,STORE_025,EMP_025,PROD_028,4,312.13,0.26,923.9,credit,CUST_4855,Regular
TXN_202412_011932,2024-12-11,REG_04,STORE_011,EMP_024,PROD_008,3,398.84,0.22,933.29,cash,CUST_8901,Regular
TXN_202412_011933,2024-12-07,REG_04,STORE_011,EMP_030,PROD_004,5,40.99,0.03,198.8,credit,CUST_1364,Premium
TXN_202412_011934,2024-12-19,REG_01,STORE_001,EMP_001,PROD_038,3,143.59,0.05,409.23,cash,CUST_4512,Regular
TXN_202412_011935,2024-12-17,REG_01,STORE_001,EMP_011,PROD_023,1,343.74,0.18,281.87,cash,CUST_4278,Regular
TXN_202412_011936,2024-12-20,REG_08,STORE_022,EMP_015,PROD_020,4,209.81,0.28,604.25,mobile,CUST_9945,VIP
TXN_202412_011937,2024-12-27,REG_06,STORE_018,EMP_006,PROD_038,5,293.35,0.07,1364.08,card,CUST_8531,Regular
TXN_202412_011938,2024-12-09,REG_09,STORE_025,EMP_025,PROD_007,1,442.95,0.08,407.51,cash,CUST_7717,Regular
TXN_202412_011939,2024-12-13,REG_01,STORE_001,EMP_011,PROD_039,2,262.16,0.05,498.1,cash,CUST_2600,VIP
TXN_202412_011940,2024-12-13,REG_03,STORE_008,EMP_014,PROD_009,5,346.92,0.0,1734.6,card,CUST_6528,VIP
TXN_202412_011941,2024-12-15,REG_03,STORE_008,EMP_014,PROD_009,5,316.74,0.07,1472.84,mobile,CUST_1380,VIP
TXN_202412_011942,2024-12-15,REG_01,STORE_002,EMP_018,PROD_012,2,268.05,0.13,466.41,card,CUST_8452,New
TXN_202412_011943,2024-12-15,REG_08,STORE_022,EMP_023,PROD_024,2,125.47,0.27,183.19,mobile,CUST_1940,New
TXN_202412_011944,2024-12-16,REG_10,STORE_028,EMP_017,PROD_026,3,114.02,0.27,249.7,credit,CUST_5218,Regular
TXN_202412_011945,2024-12-23,REG_08,STORE_022,EMP_008,PROD_034,5,351.65,0.02,1723.09,card,CUST_7671,Premium
TXN_202412_011946,2024-12-07,REG_10,STORE_030,EMP_013,PROD_046,3,262.67,0.2,630.41,mobile,CUST_4706,Premium
TXN_202412_011947,2024-12-24,REG_04,STORE_010,EMP_030,PROD_032,5,284.76,0.13,1238.71,credit,CUST_1105,VIP
TXN_202412_011948,2024-12-28,REG_07,STORE_019,EMP_007,PROD_030,3,236.63,0.02,695.69,card,CUST_9173,Premium
TXN_202412_011949,2024-12-09,REG_03,STORE_008,EMP_014,PROD_012,2,334.9,0.29,475.56,card,CUST_1055,Regular
TXN_202412_011950,2024-12-06,REG_05,STORE_013,EMP_005,PROD_002,4,290.68,0.26,860.41,mobile,CUST_3512,Regular
TXN_202412_011951,2024-12-17,REG_10,STORE_030,EMP_017,PROD_031,1,98.22,0.15,83.49,mobile,CUST_6315,VIP
TXN_202412_011952,2024-12-19,REG_06,STORE_017,EMP_006,PROD_016,4,385.87,0.09,1404.57,credit,CUST_4118,Premium
TXN_202412_011953,2024-12-29,REG_10,STORE_028,EMP_020,PROD_032,3,38.86,0.04,111.92,cash,CUST_1755,VIP
TXN_202412_011954,2024-12-28,REG_08,STORE_024,EMP_012,PROD_011,5,195.8,0.02,959.42,credit,CUST_6324,Regular
TXN_202412_011955,2024-12-25,REG_06,STORE_018,EMP_006,PROD_019,1,468.69,0.04,449.94,mobile,CUST_3373,New
TXN_202412_011956,2024-12-17,REG_09,STORE_025,EMP_009,PROD_010,3,48.0,0.22,112.32,credit,CUST_5835,New
TXN_202412_011957,2024-12-30,REG_04,STORE_010,EMP_026,PROD_017,1,362.28,0.07,336.92,cash,CUST_5891,New
TXN_202412_011958,2024-12-20,REG_03,STORE_007,EMP_014,PROD_018,2,47.53,0.25,71.3,mobile,CUST_3221,New
TXN_202412_011959,2024-12-29,REG_06,STORE_016,EMP_006,PROD_036,1,57.31,0.11,51.01,mobile,CUST_4225,VIP
TXN_202412_011960,2024-12-16,REG_04,STORE_010,EMP_016,PROD_032,4,475.48,0.29,1350.36,cash,CUST_3851,Regular
TXN_202412_011961,2024-12-30,REG_10,STORE_030,EMP_028,PROD_033,3,134.26,0.01,398.75,credit,CUST_8731,Premium
