transaction_id,date,region,store_id,employee_id,product_id,units,unit_price,discount,revenue,payment,customer_id,customer_segment
TXN_202405_007981,2024-05-17,REG_05,STORE_013,EMP_005,PROD_041,3,35.49,0.09,96.89,credit,CUST_9096,Premium
TXN_202405_007982,2024-05-26,REG_02,STORE_006,EMP_002,PROD_037,4,394.22,0.28,1135.35,cash,CUST_7717,New
TXN_202405_007983,2024-05-09,REG_05,STORE_013,EMP_021,PROD_027,3,65.99,0.06,186.09,mobile,CUST_8831,New
TXN_202405_007984,2024-05-05,REG_03,STORE_009,EMP_014,PROD_020,5,485.11,0.07,2255.76,mobile,CUST_2237,Premium
TXN_202405_007985,2024-05-15,REG_03,STORE_008,EMP_003,PROD_006,5,243.52,0.18,998.43,mobile,CUST_1366,Regular
TXN_202405_007986,2024-05-31,REG_01,STORE_003,EMP_001,PROD_047,1,63.26,0.22,49.34,cash,CUST_5770,VIP
TXN_202405_007987,2024-05-24,REG_01,STORE_002,EMP_011,PROD_026,4,181.49,0.27,529.95,credit,CUST_2389,VIP
TXN_202405_007988,2024-05-24,REG_04,STORE_011,EMP_030,PROD_014,4,417.59,0.15,1419.81,mobile,CUST_6293,Premium
TXN_202405_007989,2024-05-24,REG_03,STORE_009,EMP_003,PROD_037,4,444.53,0.03,1724.78,cash,CUST_6331,VIP
TXN_202405_007990,2024-05-11,REG_10,STORE_029,EMP_028,PROD_036,4,422.82,0.29,1200.81,mobile,CUST_8311,Premium
TXN_202405_007991,2024-05-02,REG_02,STORE_005,EMP_002,PROD_001,2,322.31,0.28,464.13,cash,CUST_9553,Premium
TXN_202405_007992,2024-05-15,REG_04,STORE_010,EMP_024,PROD_050,5,185.31,0.01,917.28,mobile,CUST_6612,New
TXN_202405_007993,2024-05-05,REG_04,STORE_012,EMP_030,PROD_048,2,463.32,0.23,713.51,cash,CUST_9967,VIP
TXN_202405_007994,2024-05-13,REG_03,STORE_008,EMP_014,PROD_043,1,450.82,0.15,383.2,cash,CUST_4975,Premium
TXN_202405_007995,2024-05-07,REG_01,STORE_003,EMP_001,PROD_002,5,487.24,0.01,2411.84,mobile,CUST_8834,Premium
TXN_202405_007996,2024-05-20,REG_10,STORE_030,EMP_017,PROD_032,1,311.43,0.14,267.83,mobile,CUST_1840,Premium
TXN_202405_007997,2024-05-31,REG_02,STORE_004,EMP_002,PROD_027,3,393.49,0.3,826.33,cash,CUST_6105,VIP
TXN_202405_007998,2024-05-02,REG_06,STORE_016,EMP_006,PROD_030,2,393.93,0.28,567.26,credit,CUST_3515,New
TXN_202405_007999,2024-05-07,REG_02,STORE_004,EMP_002,PROD_032,5,439.25,0.24,1669.15,mobile,CUST_4105,Regular
TXN_202405_008000,2024-05-11,REG_07,STORE_019,EMP_007,PROD_024,4,266.18,0.16,894.36,mobile,CUST_7107,Regular
TXN_202405_008001,2024-05-12,REG_07,STORE_021,EMP_007,PROD_039,5,115.61,0.19,468.22,cash,CUST_5879,Premium
TXN_202405_008002,2024-05-02,REG_01,STORE_001,EMP_019,PROD_011,1,168.25,0.1,151.43,card,CUST_1556,Regular
TXN_202405_008003,2024-05-05,REG_01,STORE_001,EMP_019,PROD_039,2,83.18,0.07,154.71,cash,CUST_4558,Premium
TXN_202405_008004,2024-05-19,REG_06,STORE_018,EMP_006,PROD_014,3,412.8,0.1,1114.56,mobile,CUST_6318,VIP
TXN_202405_008005,2024-05-25,REG_06,STORE_018,EMP_006,PROD_013,5,277.07,0.03,1343.79,credit,CUST_9545,Regular
TXN_202405_008006,2024-05-26,REG_05,STORE_015,EMP_005,PROD_027,3,469.99,0.02,1381.77,card,CUST_6122,VIP
TXN_202405_008007,2024-05-13,REG_09,STORE_025,EMP_022,PROD_005,3,74.97,0.28,161.94,card,CUST_6035,Premium
TXN_202405_008008,2024-05-20,REG_03,STORE_008,EMP_003,PROD_001,3,36.59,0.06,103.18,mobile,CUST_5508,New
TXN_202405_008009,2024-05-24,REG_01,STORE_003,EMP_019,PROD_014,1,312.14,0.2,249.71,mobile,CUST_9182,Premium
TXN_202405_008010,2024-05-19,REG_07,STORE_020,EMP_007,PROD_008,3,250.1,0.18,615.25,cash,CUST_2430,New
TXN_202405_008011,2024-05-25,REG_07,STORE_021,EMP_007,PROD_040,3,451.03,0.13,1177.19,mobile,CUST_2769,VIP
TXN_202405_008012,2024-05-24,REG_04,STORE_012,EMP_026,PROD_042,2,87.12,0.09,158.56,cash,CUST_1073,Regular
TXN_202405_008013,2024-05-05,REG_07,STORE_021,EMP_007,PROD_037,2,370.51,0.16,622.46,card,CUST_9862,Regular
TXN_202405_008014,2024-05-06,REG_06,STORE_018,EMP_006,PROD_035,4,109.82,0.27,320.67,mobile,CUST_2552,Regular
TXN_202405_008015,2024-05-15,REG_03,STORE_008,EMP_003,PROD_041,1,422.17,0.08,388.4,cash,CUST_8454,VIP
TXN_202405_008016,2024-05-22,REG_09,STORE_026,EMP_027,PROD_023,4,77.72,0.18,254.92,credit,CUST_8245,New
TXN_202405_008017,2024-05-01,REG_02,STORE_004,EMP_002,PROD_028,3,251.59,0.01,747.22,mobile,CUST_7638,New
TXN_202405_008018,2024-05-23,REG_02,STORE_005,EMP_002,PROD_031,4,193.57,0.24,588.45,credit,CUST_1980,New
TXN_202405_008019,2024-05-07,REG_03,STORE_007,EMP_014,PROD_007,2,255.0,0.23,392.7,card,CUST_7759,VIP
TXN_202405_008020,2024-05-19,REG_05,STORE_014,EMP_021,PROD_035,3,107.26,0.04,308.91,cash,CUST_9095,Regular
TXN_202405_008021,2024-05-02,REG_04,STORE_011,EMP_029,PROD_041,3,85.1,0.02,250.19,card,CUST_4231,Premium
TXN_202405_008022,2024-05-24,REG_08,STORE_022,EMP_015,PROD_047,1,325.12,0.28,234.09,credit,CUST_9980,VIP
TXN_202405_008023,2024-05-08,REG_07,STORE_021,EMP_007,PROD_011,1,69.09,0.09,62.87,card,CUST_2285,Regular
TXN_202405_008024,2024-05-02,REG_03,STORE_007,EMP_014,PROD_013,4,170.55,0.06,641.27,mobile,CUST_6219,New
TXN_202405_008025,2024-05-03,REG_03,STORE_009,EMP_014,PROD_020,1,118.48,0.04,113.74,credit,CUST_9449,Premium
TXN_202405_008026,2024-05-13,REG_04,STORE_012,EMP_024,PROD_013,4,34.16,0.28,98.38,mobile,CUST_4410,Regular
TXN_202405_008027,2024-05-06,REG_10,STORE_029,EMP_013,PROD_005,4,303.48,0.16,1019.69,credit,CUST_6616,Premium
TXN_202405_008028,2024-05-09,REG_09,STORE_025,EMP_009,PROD_002,4,495.56,0.01,1962.42,credit,CUST_3153,Regular
TXN_202405_008029,2024-05-30,REG_10,STORE_028,EMP_028,PROD_022,5,80.69,0.25,302.59,credit,CUST_5625,Premium
TXN_202405_008030,2024-05-22,REG_01,STORE_003,EMP_001,PROD_025,2,31.71,0.07,58.98,card,CUST_9467,New
TXN_202405_008031,2024-05-05,REG_10,STORE_030,EMP_010,PROD_047,4,399.9,0.15,1359.66,card,CUST_2848,Regular
TXN_202405_008032,2024-05-18,REG_07,STORE_019,EMP_007,PROD_029,2,233.18,0.24,354.43,card,CUST_9445,Premium
TXN_202405_008033,2024-05-06,REG_07,STORE_019,EMP_007,PROD_036,1,252.18,0.0,252.18,credit,CUST_5446,New
TXN_202405_008034,2024-05-08,REG_02,STORE_006,EMP_002,PROD_013,4,308.57,0.13,1073.82,mobile,CUST_6943,Regular
TXN_202405_008035,2024-05-08,REG_09,STORE_027,EMP_022,PROD_010,3,360.78,0.25,811.75,card,CUST_1899,Regular
TXN_202405_008036,2024-05-20,REG_05,STORE_014,EMP_005,PROD_008,2,469.62,0.18,770.18,mobile,CUST_2873,VIP
TXN_202405_008037,2024-05-19,REG_01,STORE_002,EMP_001,PROD_005,5,85.86,0.11,382.08,credit,CUST_2179,New
TXN_202405_008038,2024-05-06,REG_08,STORE_023,EMP_015,PROD_003,3,265.54,0.25,597.47,card,CUST_7982,Regular
TXN_202405_008039,2024-05-13,REG_05,STORE_014,EMP_005,PROD_027,4,276.95,0.04,1063.49,credit,CUST_1769,Regular
TXN_202405_008040,2024-05-17,REG_08,STORE_023,EMP_012,PROD_004,5,389.27,0.0,1946.35,cash,CUST_2052,VIP
TXN_202405_008041,2024-05-17,REG_07,STORE_020,EMP_007,PROD_045,2,119.19,0.29,169.25,card,CUST_9425,VIP
TXN_202405_008042,2024-05-01,REG_07,STORE_021,EMP_007,PROD_045,1,497.69,0.05,472.81,card,CUST_5777,Premium
TXN_202405_008043,2024-05-13,REG_02,STORE_004,EMP_002,PROD_018,1,423.5,0.28,304.92,card,CUST_4313,New
TXN_202405_008044,2024-05-11,REG_06,STORE_018,EMP_006,PROD_045,5,432.76,0.23,1666.13,mobile,CUST_6401,New
TXN_202405_008045,2024-05-31,REG_09,STORE_025,EMP_025,PROD_030,4,134.46,0.18,441.03,mobile,CUST_2646,VIP
TXN_202405_008046,2024-05-18,REG_02,STORE_004,EMP_002,PROD_023,5,111.78,0.12,491.83,credit,CUST_7937,New
TXN_202405_008047,2024-05-05,REG_03,STORE_007,EMP_003,PROD_029,5,298.03,0.22,1162.32,cash,CUST_9293,New
TXN_202405_008048,2024-05-10,REG_06,STORE_018,EMP_006,PROD_048,4,96.66,0.25,289.98,credit,CUST_3208,New
TXN_202405_008049,2024-05-28,REG_06,STORE_018,EMP_006,PROD_002,1,491.24,0.13,427.38,card,CUST_7308,New
TXN_202405_008050,2024-05-18,REG_10,STORE_029,EMP_013,PROD_046,1,147.72,0.09,134.43,cash,CUST_7948,Premium
TXN_202405_008051,2024-05-23,REG_04,STORE_010,EMP_016,PROD_006,1,298.52,0.15,253.74,mobile,CUST_6083,New
TXN_202405_008052,2024-05-31,REG_05,STORE_013,EMP_005,PROD_002,3,494.11,0.12,1304.45,credit,CUST_8402,Regular
TXN_202405_008053,2024-05-31,REG_02,STORE_006,EMP_002,PROD_009,3,417.98,0.22,978.07,cash,CUST_4388,New
TXN_202405_008054,2024-05-12,REG_01,STORE_002,EMP_001,PROD_042,3,298.6,0.28,644.98,cash,CUST_7004,New
TXN_202405_008055,2024-05-13,REG_10,STORE_029,EMP_013,PROD_027,4,30.48,0.03,118.26,card,CUST_8027,Regular
TXN_202405_008056,2024-05-10,REG_04,STORE_012,EMP_016,PROD_026,5,302.6,0.29,1074.23,cash,CUST_3921,New
TXN_202405_008057,2024-05-12,REG_03,STORE_008,EMP_003,PROD_040,2,123.23,0.12,216.88,card,CUST_2065,Premium
TXN_202405_008058,2024-05-24,REG_06,STORE_017,EMP_006,PROD_049,2,31.92,0.28,45.96,card,CUST_2182,Premium
TXN_202405_008059,2024-05-09,REG_07,STORE_020,EMP_007,PROD_035,2,337.47,0.13,587.2,cash,CUST_8081,VIP
TXN_202405_008060,2024-05-30,REG_05,STORE_013,EMP_021,PROD_007,5,29.35,0.23,113.0,cash,CUST_6926,New
TXN_202405_008061,2024-05-02,REG_02,STORE_005,EMP_002,PROD_025,1,264.99,0.27,193.44,card,CUST_1826,Regular
TXN_202405_008062,2024-05-20,REG_06,STORE_018,EMP_006,PROD_048,2,154.44,0.1,277.99,mobile,CUST_5128,Regular
TXN_202405_008063,2024-05-05,REG_07,STORE_020,EMP_007,PROD_032,4,19.62,0.08,72.2,card,CUST_5232,Regular
TXN_202405_008064,2024-05-06,REG_09,STORE_026,EMP_025,PROD_042,5,408.08,0.1,1836.36,card,CUST_7779,Regular
TXN_202405_008065,2024-05-23,REG_04,STORE_012,EMP_026,PROD_028,1,246.96,0.21,195.1,credit,CUST_9241,Premium
TXN_202405_008066,2024-05-20,REG_01,STORE_001,EMP_019,PROD_025,5,454.58,0.1,2045.61,mobile,CUST_7349,Regular
TXN_202405_008067,2024-05-03,REG_04,STORE_011,EMP_024,PROD_020,5,85.55,0.07,397.81,card,CUST_6222,Regular
TXN_202405_008068,2024-05-09,REG_04,STORE_010,EMP_026,PROD_019,3,58.27,0.19,141.6,mobile,CUST_5885,New
TXN_202405_008069,2024-05-04,REG_08,STORE_024,EMP_012,PROD_009,5,332.85,0.13,1447.9,cash,CUST_5637,VIP
TXN_202405_008070,2024-05-14,REG_09,STORE_026,EMP_009,PROD_008,5,20.2,0.03,97.97,card,CUST_5977,VIP
TXN_202405_008071,2024-05-07,REG_10,STORE_030,EMP_028,PROD_039,5,230.86,0.19,934.98,mobile,CUST_2404,Regular
TXN_202405_008072,2024-05-18,REG_07,STORE_020,EMP_007,PROD_006,1,366.34,0.21,289.41,card,CUST_7189,VIP
TXN_202405_008073,2024-05-24,REG_09,STORE_026,EMP_025,PROD_027,4,346.82,0.22,1082.08,card,CUST_8705,Regular
TXN_202405_008074,2024-05-18,REG_09,STORE_026,EMP_025,PROD_026,5,388.17,0.14,1669.13,credit,CUST_6973,New
TXN_202405_008075,2024-05-18,REG_03,STORE_009,EMP_014,PROD_037,2,499.1,0.26,738.67,card,CUST_4683,Regular
TXN_202405_008076,2024-05-03,REG_03,STORE_009,EMP_003,PROD_040,5,29.34,0.06,137.9,credit,CUST_5897,Regular
TXN_202405_008077,2024-05-20,REG_02,STORE_006,EMP_002,PROD_007,1,453.78,0.15,385.71,credit,CUST_2801,New
TXN_202405_008078,2024-05-17,REG_02,STORE_004,EMP_002,PROD_049,2,231.55,0.29,328.8,credit,CUST_1994,Regular
TXN_202405_008079,2024-05-14,REG_09,STORE_027,EMP_027,PROD_021,2,471.98,0.27,689.09,mobile,CUST_3574,Premium
TXN_202405_008080,2024-05-10,REG_07,STORE_021,EMP_007,PROD_033,3,214.17,0.18,526.86,cash,CUST_3686,Premium
TXN_202405_008081,2024-05-11,REG_04,STORE_011,EMP_024,PROD_002,5,314.3,0.25,1178.62,credit,CUST_9299,Premium
TXN_202405_008082,2024-05-18,REG_03,STORE_009,EMP_003,PROD_004,2,265.76,0.1,478.37,mobile,CUST_2461,Regular
TXN_202405_008083,2024-05-30,REG_10,STORE_029,EMP_028,PROD_027,2,370.53,0.16,622.49,mobile,CUST_6212,New
TXN_202405_008084,2024-05-28,REG_09,STORE_027,EMP_025,PROD_029,5,407.51,0.24,1548.54,cash,CUST_5604,Premium
TXN_202405_008085,2024-05-25,REG_05,STORE_015,EMP_005,PROD_048,2,124.38,0.17,206.47,credit,CUST_3473,Regular
TXN_202405_008086,2024-05-23,REG_02,STORE_004,EMP_002,PROD_012,1,19.12,0.0,19.12,credit,CUST_9612,Regular
TXN_202405_008087,2024-05-25,REG_04,STORE_010,EMP_004,PROD_024,1,382.27,0.17,317.28,mobile,CUST_5326,Regular
TXN_202405_008088,2024-05-05,REG_05,STORE_015,EMP_021,PROD_032,1,246.34,0.04,236.49,mobile,CUST_8151,New
TXN_202405_008089,2024-05-08,REG_08,STORE_023,EMP_012,PROD_015,5,33.18,0.26,122.77,mobile,CUST_4382,New
TXN_202405_008090,2024-05-04,REG_03,STORE_009,EMP_014,PROD_031,4,44.77,0.08,164.75,cash,CUST_7618,VIP
TXN_202405_008091,2024-05-29,REG_10,STORE_030,EMP_010,PROD_043,5,195.98,0.16,823.12,card,CUST_8191,Premium
TXN_202405_008092,2024-05-26,REG_08,STORE_022,EMP_008,PROD_021,4,472.92,0.26,1399.84,card,CUST_5815,New
TXN_202405_008093,2024-05-06,REG_03,STORE_007,EMP_003,PROD_017,2,445.06,0.27,649.79,credit,CUST_6443,Premium
TXN_202405_008094,2024-05-14,REG_04,STORE_010,EMP_030,PROD_040,1,298.36,0.01,295.38,mobile,CUST_7606,Regular
TXN_202405_008095,2024-05-05,REG_10,STORE_028,EMP_010,PROD_006,3,12.24,0.27,26.81,mobile,CUST_1047,Regular
TXN_202405_008096,2024-05-04,REG_03,STORE_007,EMP_003,PROD_026,3,296.58,0.08,818.56,card,CUST_1137,New
TXN_202405_008097,2024-05-16,REG_07,STORE_021,EMP_007,PROD_045,2,410.37,0.29,582.73,mobile,CUST_3257,Premium
TXN_202405_008098,2024-05-02,REG_05,STORE_013,EMP_005,PROD_006,2,272.65,0.09,496.22,cash,CUST_9079,VIP
TXN_202405_008099,2024-05-13,REG_04,STORE_010,EMP_030,PROD_002,4,161.89,0.18,531.0,cash,CUST_9050,New
TXN_202405_008100,2024-05-15,REG_05,STORE_013,EMP_021,PROD_021,2,308.65,0.06,580.26,card,CUST_6883,Regular
TXN_202405_008101,2024-05-01,REG_06,STORE_018,EMP_006,PROD_008,3,187.17,0.09,510.97,mobile,CUST_1299,Regular
TXN_202405_008102,2024-05-18,REG_06,STORE_016,EMP_006,PROD_027,5,213.08,0.25,799.05,cash,CUST_8907,Regular
TXN_202405_008103,2024-05-14,REG_06,STORE_018,EMP_006,PROD_046,1,296.41,0.09,269.73,mobile,CUST_3030,New
TXN_202405_008104,2024-05-08,REG_10,STORE_030,EMP_017,PROD_049,4,267.37,0.1,962.53,card,CUST_8820,Regular
TXN_202405_008105,2024-05-02,REG_03,STORE_008,EMP_014,PROD_042,4,385.51,0.11,1372.42,cash,CUST_3062,Regular
TXN_202405_008106,2024-05-26,REG_06,STORE_016,EMP_006,PROD_036,3,346.96,0.17,863.93,card,CUST_8091,VIP
TXN_202405_008107,2024-05-06,REG_07,STORE_021,EMP_007,PROD_023,2,103.9,0.05,197.41,credit,CUST_3374,Regular
TXN_202405_008108,2024-05-09,REG_01,STORE_002,EMP_001,PROD_023,3,221.41,0.05,631.02,cash,CUST_3330,Premium
TXN_202405_008109,2024-05-10,REG_03,STORE_009,EMP_014,PROD_021,1,327.58,0.18,268.62,card,CUST_7805,New
TXN_202405_008110,2024-05-30,REG_06,STORE_018,EMP_006,PROD_007,3,246.55,0.26,547.34,cash,CUST_7089,Regular
TXN_202405_008111,2024-05-03,REG_10,STORE_029,EMP_013,PROD_043,2,315.38,0.12,555.07,credit,CUST_5544,VIP
TXN_202405_008112,2024-05-30,REG_02,STORE_005,EMP_002,PROD_049,5,477.65,0.22,1862.84,card,CUST_4490,Regular
TXN_202405_008113,2024-05-21,REG_05,STORE_013,EMP_005,PROD_019,1,452.77,0.05,430.13,credit,CUST_7950,VIP
TXN_202405_008114,2024-05-03,REG_05,STORE_015,EMP_005,PROD_026,2,231.63,0.2,370.61,mobile,CUST_9424,Regular
TXN_202405_008115,2024-05-31,REG_09,STORE_026,EMP_009,PROD_015,5,365.93,0.1,1646.69,mobile,CUST_8890,Regular
TXN_202405_008116,2024-05-05,REG_06,STORE_017,EMP_006,PROD_010,2,14.8,0.01,29.3,cash,CUST_2126,Premium
TXN_202405_008117,2024-05-09,REG_03,STORE_008,EMP_003,PROD_034,2,317.76,0.11,565.61,cash,CUST_3067,Regular
TXN_202405_008118,2024-05-18,REG_02,STORE_005,EMP_002,PROD_009,4,19.52,0.02,76.52,cash,CUST_5500,New
TXN_202405_008119,2024-05-11,REG_06,STORE_016,EMP_006,PROD_042,2,324.41,0.23,499.59,credit,CUST_7477,Premium
TXN_202405_008120,2024-05-31,REG_03,STORE_007,EMP_014,PROD_044,4,82.47,0.26,244.11,card,CUST_4842,Premium
TXN_202405_008121,2024-05-02,REG_09,STORE_025,EMP_022,PROD_008,4,158.42,0.02,621.01,cash,CUST_4844,Premium
TXN_202405_008122,2024-05-10,REG_02,STORE_005,EMP_002,PROD_033,5,72.24,0.29,256.45,cash,CUST_6997,New
TXN_202405_008123,2024-05-30,REG_07,STORE_019,EMP_007,PROD_037,3,155.8,0.26,345.88,cash,CUST_3077,Premium
TXN_202405_008124,2024-05-23,REG_03,STORE_009,EMP_014,PROD_009,2,270.16,0.22,421.45,card,CUST_4014,Premium
TXN_202405_008125,2024-05-07,REG_06,STORE_018,EMP_006,PROD_049,2,63.07,0.08,116.05,cash,CUST_7297,Premium
TXN_202405_008126,2024-05-04,REG_07,STORE_021,EMP_007,PROD_050,1,224.35,0.21,177.24,cash,CUST_9418,New
TXN_202405_008127,2024-05-18,REG_08,STORE_024,EMP_023,PROD_001,2,201.78,0.12,355.13,cash,CUST_7034,Premium
TXN_202405_008128,2024-05-20,REG_02,STORE_004,EMP_002,PROD_049,5,173.7,0.26,642.69,credit,CUST_4587,New
TXN_202405_008129,2024-05-11,REG_10,STORE_030,EMP_010,PROD_036,4,163.09,0.06,613.22,mobile,CUST_8086,Premium
TXN_202405_008130,2024-05-04,REG_09,STORE_025,EMP_025,PROD_001,2,468.81,0.21,740.72,cash,CUST_4181,New
TXN_202405_008131,2024-05-30,REG_05,STORE_014,EMP_021,PROD_026,2,477.66,0.05,907.55,card,CUST_9110,Premium
TXN_202405_008132,2024-05-25,REG_10,STORE_030,EMP_017,PROD_049,1,187.27,0.17,155.43,mobile,CUST_4556,New
TXN_202405_008133,2024-05-28,REG_09,STORE_026,EMP_027,PROD_028,2,398.26,0.21,629.25,mobile,CUST_5803,Premium
TXN_202405_008134,2024-05-26,REG_04,STORE_010,EMP_030,PROD_015,1,318.61,0.14,274.0,cash,CUST_4425,Premium
TXN_202405_008135,2024-05-08,REG_10,STORE_030,EMP_013,PROD_031,3,165.14,0.06,465.69,cash,CUST_6724,Regular
TXN_202405_008136,2024-05-30,REG_02,STORE_005,EMP_002,PROD_039,2,22.26,0.14,38.29,mobile,CUST_7521,New
TXN_202405_008137,2024-05-13,REG_03,STORE_009,EMP_014,PROD_009,5,109.51,0.15,465.42,card,CUST_1012,Regular
TXN_202405_008138,2024-05-14,REG_03,STORE_008,EMP_014,PROD_043,3,302.01,0.03,878.85,credit,CUST_6330,VIP
TXN_202405_008139,2024-05-22,REG_02,STORE_004,EMP_002,PROD_035,4,459.22,0.2,1469.5,card,CUST_4162,VIP
TXN_202405_008140,2024-05-01,REG_08,STORE_023,EMP_023,PROD_012,4,210.25,0.05,798.95,cash,CUST_9717,New
TXN_202405_008141,2024-05-20,REG_01,STORE_003,EMP_001,PROD_010,2,17.46,0.0,34.92,mobile,CUST_8017,Regular
TXN_202405_008142,2024-05-03,REG_02,STORE_004,EMP_002,PROD_013,3,295.47,0.29,629.35,card,CUST_5414,Regular
TXN_202405_008143,2024-05-05,REG_08,STORE_022,EMP_012,PROD_043,2,125.44,0.2,200.7,card,CUST_2149,New
TXN_202405_008144,2024-05-07,REG_04,STORE_010,EMP_030,PROD_015,1,224.72,0.25,168.54,card,CUST_2820,Regular
TXN_202405_008145,2024-05-29,REG_04,STORE_011,EMP_026,PROD_013,5,401.7,0.04,1928.16,cash,CUST_9288,Premium
TXN_202405_008146,2024-05-03,REG_07,STORE_020,EMP_007,PROD_029,1,395.14,0.06,371.43,credit,CUST_8613,New
TXN_202405_008147,2024-05-29,REG_02,STORE_006,EMP_002,PROD_015,1,315.35,0.21,249.13,cash,CUST_6344,VIP
TXN_202405_008148,2024-05-27,REG_10,STORE_028,EMP_013,PROD_005,4,461.16,0.03,1789.3,card,CUST_1335,Regular
TXN_202405_008149,2024-05-05,REG_08,STORE_022,EMP_015,PROD_048,1,452.6,0.18,371.13,card,CUST_3948,New
TXN_202405_008150,2024-05-01,REG_08,STORE_022,EMP_012,PROD_041,5,301.0,0.2,1204.0,mobile,CUST_7865,Regular
TXN_202405_008151,2024-05-21,REG_01,STORE_001,EMP_001,PROD_036,4,327.83,0.08,1206.41,card,CUST_7026,Premium
TXN_202405_008152,2024-05-10,REG_01,STORE_001,EMP_019,PROD_017,4,85.91,0.27,250.86,credit,CUST_5510,Premium
TXN_202405_008153,2024-05-28,REG_03,STORE_009,EMP_003,PROD_042,5,456.21,0.3,1596.73,card,CUST_9994,VIP
TXN_202405_008154,2024-05-04,REG_10,STORE_028,EMP_013,PROD_035,1,31.79,0.06,29.88,mobile,CUST_7578,Regular
TXN_202405_008155,2024-05-30,REG_09,STORE_026,EMP_025,PROD_037,5,265.47,0.0,1327.35,mobile,CUST_7555,New
TXN_202405_008156,2024-05-10,REG_09,STORE_027,EMP_027,PROD_034,4,101.38,0.15,344.69,mobile,CUST_3041,New
TXN_202405_008157,2024-05-02,REG_03,STORE_008,EMP_003,PROD_017,3,319.56,0.16,805.29,cash,CUST_7645,New
TXN_202405_008158,2024-05-04,REG_02,STORE_004,EMP_002,PROD_024,4,228.4,0.24,694.34,card,CUST_7476,Premium
TXN_202405_008159,2024-05-09,REG_07,STORE_021,EMP_007,PROD_022,5,39.94,0.12,175.74,credit,CUST_6565,Premium
TXN_202405_008160,2024-05-19,REG_09,STORE_025,EMP_022,PROD_011,5,282.49,0.12,1242.96,credit,CUST_9325,Premium
TXN_202405_008161,2024-05-05,REG_04,STORE_012,EMP_026,PROD_024,1,267.09,0.08,245.72,cash,CUST_8321,VIP
TXN_202405_008162,2024-05-23,REG_03,STORE_008,EMP_003,PROD_030,1,363.54,0.15,309.01,cash,CUST_5106,New
TXN_202405_008163,2024-05-20,REG_07,STORE_020,EMP_007,PROD_007,3,316.25,0.07,882.34,cash,CUST_1875,Regular
TXN_202405_008164,2024-05-11,REG_06,STORE_017,EMP_006,PROD_009,5,233.23,0.09,1061.2,cash,CUST_7655,VIP
TXN_202405_008165,2024-05-05,REG_03,STORE_007,EMP_003,PROD_021,1,332.54,0.26,246.08,card,CUST_8140,New
TXN_202405_008166,2024-05-22,REG_10,STORE_030,EMP_017,PROD_022,3,432.39,0.27,946.93,card,CUST_2378,VIP
TXN_202405_008167,2024-05-25,REG_08,STORE_022,EMP_012,PROD_039,2,199.82,0.26,295.73,credit,CUST_9729,VIP
TXN_202405_008168,2024-05-28,REG_02,STORE_004,EMP_002,PROD_010,2,476.06,0.17,790.26,card,CUST_7033,Regular
TXN_202405_008169,2024-05-06,REG_09,STORE_025,EMP_022,PROD_045,4,234.17,0.04,899.21,mobile,CUST_6076,Premium
TXN_202405_008170,2024-05-26,REG_01,STORE_003,EMP_019,PROD_046,1,13.99,0.06,13.15,cash,CUST_8317,Premium
TXN_202405_008171,2024-05-30,REG_02,STORE_004,EMP_002,PROD_036,5,245.89,0.18,1008.15,mobile,CUST_4549,VIP
TXN_202405_008172,2024-05-22,REG_08,STORE_023,EMP_015,PROD_033,3,224.15,0.04,645.55,mobile,CUST_3917,VIP
TXN_202405_008173,2024-05-22,REG_07,STORE_021,EMP_007,PROD_010,3,198.73,0.26,441.18,card,CUST_3519,VIP
TXN_202405_008174,2024-05-30,REG_04,STORE_012,EMP_030,PROD_046,1,20.73,0.24,15.75,mobile,CUST_4553,Premium
TXN_202405_008175,2024-05-11,REG_06,STORE_016,EMP_006,PROD_048,1,468.45,0.05,445.03,mobile,CUST_4554,Regular
TXN_202405_008176,2024-05-18,REG_03,STORE_009,EMP_014,PROD_030,1,382.78,0.21,302.4,credit,CUST_3569,New
TXN_202405_008177,2024-05-08,REG_04,STORE_012,EMP_029,PROD_045,1,276.95,0.21,218.79,mobile,CUST_5106,Premium
TXN_202405_008178,2024-05-29,REG_10,STORE_030,EMP_020,PROD_031,5,64.43,0.21,254.5,credit,CUST_5604,Premium
TXN_202405_008179,2024-05-07,REG_05,STORE_013,EMP_005,PROD_014,3,459.27,0.06,1295.14,mobile,CUST_9728,VIP
TXN_202405_008180,2024-05-15,REG_06,STORE_016,EMP_006,PROD_022,1,29.77,0.16,25.01,cash,CUST_5922,New
TXN_202405_008181,2024-05-04,REG_05,STORE_015,EMP_005,PROD_025,4,213.63,0.11,760.52,cash,CUST_7976,VIP
TXN_202405_008182,2024-05-23,REG_07,STORE_021,EMP_007,PROD_018,4,308.44,0.15,1048.7,mobile,CUST_2222,New
TXN_202405_008183,2024-05-13,REG_06,STORE_016,EMP_006,PROD_046,1,313.27,0.09,285.08,card,CUST_4894,Premium
TXN_202405_008184,2024-05-12,REG_04,STORE_011,EMP_024,PROD_047,4,327.38,0.28,942.85,card,CUST_6527,New
TXN_202405_008185,2024-05-02,REG_09,STORE_025,EMP_027,PROD_026,4,222.81,0.24,677.34,credit,CUST_4099,VIP
TXN_202405_008186,2024-05-11,REG_06,STORE_018,EMP_006,PROD_027,2,29.9,0.2,47.84,card,CUST_3585,Regular
TXN_202405_008187,2024-05-23,REG_04,STORE_011,EMP_029,PROD_017,2,109.28,0.24,166.11,card,CUST_3726,VIP
TXN_202405_008188,2024-05-25,REG_08,STORE_023,EMP_012,PROD_041,1,128.27,0.25,96.2,card,CUST_5455,Premium
TXN_202405_008189,2024-05-07,REG_05,STORE_015,EMP_005,PROD_032,2,118.42,0.21,187.1,card,CUST_4901,VIP
TXN_202405_008190,2024-05-10,REG_05,STORE_014,EMP_021,PROD_044,5,320.39,0.06,1505.83,cash,CUST_8505,Premium
TXN_202405_008191,2024-05-11,REG_06,STORE_018,EMP_006,PROD_002,1,172.62,0.1,155.36,credit,CUST_1530,VIP
TXN_202405_008192,2024-05-28,REG_09,STORE_027,EMP_027,PROD_027,5,414.43,0.15,1761.33,card,CUST_5396,VIP
TXN_202405_008193,2024-05-18,REG_09,STORE_025,EMP_022,PROD_020,1,11.82,0.23,9.1,card,CUST_6827,Premium
TXN_202405_008194,2024-05-25,REG_01,STORE_001,EMP_019,PROD_013,5,383.83,0.04,1842.38,mobile,CUST_2444,VIP
TXN_202405_008195,2024-05-14,REG_09,STORE_026,EMP_009,PROD_032,2,88.64,0.16,148.92,card,CUST_1932,VIP
TXN_202405_008196,2024-05-24,REG_01,STORE_003,EMP_018,PROD_013,2,285.4,0.01,565.09,mobile,CUST_1524,Regular
TXN_202405_008197,2024-05-02,REG_01,STORE_003,EMP_011,PROD_022,2,159.45,0.12,280.63,mobile,CUST_1281,Regular
TXN_202405_008198,2024-05-17,REG_03,STORE_007,EMP_003,PROD_001,2,185.49,0.23,285.65,card,CUST_3676,VIP
TXN_202405_008199,2024-05-17,REG_05,STORE_015,EMP_005,PROD_042,5,37.46,0.24,142.35,card,CUST_7874,Premium
TXN_202405_008200,2024-05-22,REG_03,STORE_009,EMP_014,PROD_036,1,156.44,0.02,153.31,cash,CUST_6004,Premium
TXN_202405_008201,2024-05-01,REG_02,STORE_005,EMP_002,PROD_020,1,90.66,0.29,64.37,mobile,CUST_6960,Premium
TXN_202405_008202,2024-05-13,REG_02,STORE_005,EMP_002,PROD_013,5,317.03,0.12,1394.93,card,CUST_6703,Regular
TXN_202405_008203,2024-05-28,REG_10,STORE_030,EMP_028,PROD_030,5,176.03,0.28,633.71,card,CUST_9076,New
TXN_202405_008204,2024-05-23,REG_04,STORE_010,EMP_030,PROD_040,4,174.46,0.24,530.36,card,CUST_3234,VIP
TXN_202405_008205,2024-05-20,REG_06,STORE_018,EMP_006,PROD_021,1,150.82,0.27,110.1,credit,CUST_9242,New
TXN_202405_008206,2024-05-18,REG_01,STORE_001,EMP_011,PROD_030,1,70.59,0.2,56.47,mobile,CUST_2775,VIP
TXN_202405_008207,2024-05-27,REG_03,STORE_007,EMP_014,PROD_019,5,135.34,0.28,487.22,card,CUST_8309,Premium
TXN_202405_008208,2024-05-18,REG_09,STORE_026,EMP_025,PROD_006,1,309.22,0.06,290.67,cash,CUST_7860,Premium
TXN_202405_008209,2024-05-16,REG_02,STORE_006,EMP_002,PROD_048,1,107.7,0.26,79.7,cash,CUST_7912,VIP
TXN_202405_008210,2024-05-25,REG_03,STORE_008,EMP_014,PROD_025,3,188.33,0.09,514.14,cash,CUST_2310,Premium
TXN_202405_008211,2024-05-24,REG_10,STORE_030,EMP_028,PROD_007,4,177.08,0.17,587.91,cash,CUST_7123,New
TXN_202405_008212,2024-05-31,REG_08,STORE_022,EMP_015,PROD_038,1,410.33,0.19,332.37,credit,CUST_8203,Premium
TXN_202405_008213,2024-05-24,REG_10,STORE_028,EMP_028,PROD_047,3,357.98,0.23,826.93,cash,CUST_4271,Regular
TXN_202405_008214,2024-05-13,REG_10,STORE_029,EMP_013,PROD_010,5,288.89,0.09,1314.45,credit,CUST_5888,VIP
TXN_202405_008215,2024-05-16,REG_10,STORE_029,EMP_017,PROD_047,4,346.59,0.14,1192.27,cash,CUST_5206,VIP
TXN_202405_008216,2024-05-22,REG_09,STORE_026,EMP_009,PROD_004,2,308.45,0.24,468.84,mobile,CUST_3530,VIP
TXN_202405_008217,2024-05-29,REG_08,STORE_023,EMP_015,PROD_042,2,64.03,0.21,101.17,credit,CUST_5574,VIP
TXN_202405_008218,2024-05-24,REG_07,STORE_019,EMP_007,PROD_026,5,387.29,0.23,1491.07,cash,CUST_6151,Regular
TXN_202405_008219,2024-05-03,REG_02,STORE_004,EMP_002,PROD_011,4,58.11,0.23,178.98,cash,CUST_2107,VIP
TXN_202405_008220,2024-05-26,REG_05,STORE_015,EMP_005,PROD_043,5,327.31,0.02,1603.82,card,CUST_8415,New
TXN_202405_008221,2024-05-24,REG_09,STORE_025,EMP_027,PROD_009,2,411.09,0.12,723.52,credit,CUST_7893,Premium
TXN_202405_008222,2024-05-14,REG_01,STORE_003,EMP_018,PROD_048,3,411.87,0.0,1235.61,credit,CUST_2358,VIP
TXN_202405_008223,2024-05-25,REG_03,STORE_008,EMP_003,PROD_024,3,342.74,0.3,719.75,cash,CUST_6839,Regular
TXN_202405_008224,2024-05-11,REG_05,STORE_013,EMP_021,PROD_001,2,127.79,0.16,214.69,card,CUST_9893,Regular
TXN_202405_008225,2024-05-23,REG_02,STORE_006,EMP_002,PROD_015,4,69.32,0.07,257.87,mobile,CUST_2101,Premium
TXN_202405_008226,2024-05-23,REG_03,STORE_007,EMP_003,PROD_015,5,488.69,0.17,2028.06,card,CUST_1648,Regular
TXN_202405_008227,2024-05-06,REG_04,STORE_011,EMP_024,PROD_009,3,438.38,0.13,1144.17,card,CUST_7243,Regular
TXN_202405_008228,2024-05-08,REG_04,STORE_012,EMP_024,PROD_003,2,263.4,0.22,410.9,mobile,CUST_9615,VIP
TXN_202405_008229,2024-05-08,REG_04,STORE_011,EMP_029,PROD_011,1,156.09,0.19,126.43,cash,CUST_4689,Regular
TXN_202405_008230,2024-05-13,REG_01,STORE_003,EMP_019,PROD_038,1,227.34,0.05,215.97,credit,CUST_7395,New
TXN_202405_008231,2024-05-05,REG_07,STORE_020,EMP_007,PROD_048,2,138.21,0.15,234.96,card,CUST_2266,Premium
TXN_202405_008232,2024-05-07,REG_05,STORE_013,EMP_005,PROD_021,2,63.01,0.26,93.25,cash,CUST_3734,Premium
TXN_202405_008233,2024-05-31,REG_06,STORE_017,EMP_006,PROD_010,4,467.35,0.29,1327.27,credit,CUST_1298,Premium
TXN_202405_008234,2024-05-17,REG_01,STORE_002,EMP_018,PROD_001,5,96.09,0.21,379.56,mobile,CUST_6794,Premium
TXN_202405_008235,2024-05-04,REG_06,STORE_016,EMP_006,PROD_035,1,242.96,0.2,194.37,credit,CUST_4415,New
TXN_202405_008236,2024-05-18,REG_07,STORE_021,EMP_007,PROD_039,1,388.74,0.28,279.89,cash,CUST_6175,Regular
TXN_202405_008237,2024-05-04,REG_02,STORE_004,EMP_002,PROD_014,5,259.44,0.05,1232.34,credit,CUST_2157,Regular
TXN_202405_008238,2024-05-16,REG_01,STORE_003,EMP_019,PROD_041,3,339.92,0.28,734.23,credit,CUST_9044,Regular
TXN_202405_008239,2024-05-21,REG_02,STORE_004,EMP_002,PROD_050,4,480.74,0.26,1422.99,card,CUST_1641,Regular
TXN_202405_008240,2024-05-07,REG_08,STORE_023,EMP_015,PROD_005,1,282.96,0.06,265.98,mobile,CUST_5810,Premium
TXN_202405_008241,2024-05-19,REG_02,STORE_004,EMP_002,PROD_037,3,373.95,0.16,942.35,credit,CUST_4998,New
TXN_202405_008242,2024-05-24,REG_08,STORE_024,EMP_012,PROD_050,4,214.29,0.18,702.87,credit,CUST_3831,Regular
TXN_202405_008243,2024-05-12,REG_10,STORE_030,EMP_010,PROD_023,4,66.9,0.07,248.87,cash,CUST_9460,New
TXN_202405_008244,2024-05-08,REG_05,STORE_015,EMP_021,PROD_037,4,401.97,0.12,1414.93,mobile,CUST_3169,New
TXN_202405_008245,2024-05-24,REG_01,STORE_003,EMP_018,PROD_003,2,342.66,0.26,507.14,credit,CUST_4288,Regular
TXN_202405_008246,2024-05-02,REG_08,STORE_022,EMP_023,PROD_035,1,287.28,0.07,267.17,credit,CUST_8034,VIP
TXN_202405_008247,2024-05-21,REG_06,STORE_016,EMP_006,PROD_050,5,296.17,0.23,1140.25,credit,CUST_7967,Regular
TXN_202405_008248,2024-05-18,REG_03,STORE_009,EMP_003,PROD_023,1,90.89,0.11,80.89,cash,CUST_8632,Regular
TXN_202405_008249,2024-05-08,REG_01,STORE_003,EMP_001,PROD_048,1,259.91,0.09,236.52,card,CUST_5806,Premium
TXN_202405_008250,2024-05-17,REG_04,STORE_010,EMP_026,PROD_009,4,92.55,0.18,303.56,card,CUST_5500,Premium
TXN_202405_008251,2024-05-26,REG_02,STORE_005,EMP_002,PROD_005,4,86.13,0.28,248.05,cash,CUST_3609,VIP
TXN_202405_008252,2024-05-21,REG_02,STORE_004,EMP_002,PROD_031,3,441.25,0.09,1204.61,credit,CUST_9136,VIP
TXN_202405_008253,2024-05-14,REG_04,STORE_012,EMP_024,PROD_016,4,196.43,0.12,691.43,mobile,CUST_2907,VIP
TXN_202405_008254,2024-05-19,REG_07,STORE_021,EMP_007,PROD_037,2,391.55,0.02,767.44,card,CUST_2933,VIP
TXN_202405_008255,2024-05-24,REG_01,STORE_003,EMP_011,PROD_018,5,426.74,0.09,1941.67,mobile,CUST_3454,Premium
TXN_202405_008256,2024-05-14,REG_03,STORE_007,EMP_003,PROD_018,5,258.69,0.23,995.96,cash,CUST_7260,VIP
TXN_202405_008257,2024-05-23,REG_10,STORE_030,EMP_020,PROD_046,1,87.27,0.02,85.52,card,CUST_3939,New
TXN_202405_008258,2024-05-19,REG_08,STORE_024,EMP_012,PROD_043,1,302.56,0.0,302.56,card,CUST_4448,New
TXN_202405_008259,2024-05-11,REG_10,STORE_030,EMP_013,PROD_041,1,128.94,0.27,94.13,mobile,CUST_8752,Regular
TXN_202405_008260,2024-05-18,REG_09,STORE_025,EMP_027,PROD_004,4,212.06,0.01,839.76,credit,CUST_2524,Regular
TXN_202405_008261,2024-05-25,REG_09,STORE_027,EMP_009,PROD_005,5,148.49,0.13,645.93,mobile,CUST_8032,Premium
TXN_202405_008262,2024-05-17,REG_10,STORE_029,EMP_010,PROD_017,2,84.31,0.2,134.9,cash,CUST_9592,Premium
TXN_202405_008263,2024-05-15,REG_07,STORE_019,EMP_007,PROD_046,3,287.18,0.24,654.77,card,CUST_1193,VIP
TXN_202405_008264,2024-05-24,REG_02,STORE_005,EMP_002,PROD_032,2,143.38,0.29,203.6,card,CUST_9144,Regular
TXN_202405_008265,2024-05-19,REG_08,STORE_022,EMP_012,PROD_017,5,103.78,0.18,425.5,card,CUST_9910,Premium
TXN_202405_008266,2024-05-06,REG_06,STORE_018,EMP_006,PROD_008,2,151.24,0.29,214.76,card,CUST_6439,VIP
TXN_202405_008267,2024-05-18,REG_05,STORE_014,EMP_021,PROD_045,2,345.06,0.18,565.9,mobile,CUST_5593,Premium
TXN_202405_008268,2024-05-29,REG_02,STORE_004,EMP_002,PROD_011,2,36.71,0.01,72.69,mobile,CUST_7009,Regular
TXN_202405_008269,2024-05-21,REG_09,STORE_027,EMP_025,PROD_043,2,430.44,0.19,697.31,credit,CUST_2693,Regular
TXN_202405_008270,2024-05-15,REG_10,STORE_030,EMP_010,PROD_048,1,224.35,0.17,186.21,cash,CUST_2521,New
TXN_202405_008271,2024-05-29,REG_01,STORE_001,EMP_019,PROD_027,2,220.9,0.18,362.28,card,CUST_8920,New
TXN_202405_008272,2024-05-20,REG_02,STORE_004,EMP_002,PROD_009,3,39.21,0.29,83.52,card,CUST_3172,Premium
TXN_202405_008273,2024-05-08,REG_05,STORE_014,EMP_021,PROD_021,3,376.05,0.21,891.24,card,CUST_5702,VIP
TXN_202405_008274,2024-05-05,REG_10,STORE_029,EMP_010,PROD_028,4,63.1,0.28,181.73,cash,CUST_5436,New
TXN_202405_008275,2024-05-25,REG_07,STORE_021,EMP_007,PROD_019,4,332.72,0.28,958.23,credit,CUST_8581,Premium
TXN_202405_008276,2024-05-23,REG_01,STORE_001,EMP_019,PROD_031,5,134.96,0.21,533.09,card,CUST_2552,New
TXN_202405_008277,2024-05-29,REG_04,STORE_010,EMP_030,PROD_021,1,388.21,0.18,318.33,credit,CUST_9313,VIP
TXN_202405_008278,2024-05-02,REG_05,STORE_014,EMP_021,PROD_002,2,361.59,0.19,585.78,mobile,CUST_1886,Premium
TXN_202405_008279,2024-05-01,REG_06,STORE_018,EMP_006,PROD_017,3,96.75,0.03,281.54,card,CUST_1328,Regular
TXN_202405_008280,2024-05-26,REG_10,STORE_028,EMP_010,PROD_018,2,392.35,0.23,604.22,credit,CUST_6906,New
TXN_202405_008281,2024-05-15,REG_10,STORE_030,EMP_017,PROD_011,2,301.7,0.08,555.13,card,CUST_6499,Premium
TXN_202405_008282,2024-05-16,REG_01,STORE_001,EMP_001,PROD_039,5,198.91,0.03,964.71,cash,CUST_3080,Regular
TXN_202405_008283,2024-05-27,REG_08,STORE_022,EMP_015,PROD_038,5,230.27,0.13,1001.67,mobile,CUST_1338,New
TXN_202405_008284,2024-05-10,REG_02,STORE_004,EMP_002,PROD_025,2,444.68,0.17,738.17,card,CUST_6434,Premium
TXN_202405_008285,2024-05-19,REG_01,STORE_001,EMP_001,PROD_046,1,103.51,0.29,73.49,credit,CUST_1103,Premium
TXN_202405_008286,2024-05-14,REG_02,STORE_006,EMP_002,PROD_017,5,466.71,0.3,1633.48,credit,CUST_1234,Premium
TXN_202405_008287,2024-05-30,REG_10,STORE_028,EMP_020,PROD_038,5,125.38,0.14,539.13,cash,CUST_6761,New
TXN_202405_008288,2024-05-30,REG_09,STORE_025,EMP_022,PROD_021,3,131.35,0.0,394.05,card,CUST_1433,Regular
TXN_202405_008289,2024-05-07,REG_05,STORE_014,EMP_021,PROD_022,3,298.76,0.25,672.21,mobile,CUST_8293,VIP
TXN_202405_008290,2024-05-27,REG_06,STORE_017,EMP_006,PROD_038,3,163.81,0.21,388.23,credit,CUST_6753,VIP
TXN_202405_008291,2024-05-23,REG_06,STORE_016,EMP_006,PROD_037,3,444.94,0.05,1268.08,credit,CUST_8452,VIP
TXN_202405_008292,2024-05-25,REG_03,STORE_007,EMP_003,PROD_006,4,189.84,0.26,561.93,cash,CUST_6630,New
TXN_202405_008293,2024-05-20,REG_05,STORE_013,EMP_021,PROD_003,4,498.72,0.2,1595.9,card,CUST_6921,VIP
TXN_202405_008294,2024-05-11,REG_09,STORE_025,EMP_022,PROD_016,4,386.33,0.08,1421.69,credit,CUST_3050,Regular
TXN_202405_008295,2024-05-19,REG_04,STORE_011,EMP_029,PROD_020,5,166.86,0.12,734.18,mobile,CUST_3812,VIP
TXN_202405_008296,2024-05-04,REG_08,STORE_023,EMP_012,PROD_008,5,286.01,0.26,1058.24,credit,CUST_3110,Premium
TXN_202405_008297,2024-05-06,REG_09,STORE_025,EMP_022,PROD_014,4,165.78,0.3,464.18,cash,CUST_2708,New
TXN_202405_008298,2024-05-16,REG_09,STORE_025,EMP_027,PROD_040,1,383.71,0.13,333.83,cash,CUST_7230,New
TXN_202405_008299,2024-05-07,REG_05,STORE_013,EMP_021,PROD_025,3,67.33,0.07,187.85,card,CUST_6117,Regular
TXN_202405_008300,2024-05-03,REG_05,STORE_015,EMP_005,PROD_011,1,293.15,0.07,272.63,mobile,CUST_1229,Regular
TXN_202405_008301,2024-05-05,REG_04,STORE_012,EMP_016,PROD_016,2,333.7,0.11,593.99,mobile,CUST_4146,New
TXN_202405_008302,2024-05-31,REG_06,STORE_016,EMP_006,PROD_021,2,68.31,0.1,122.96,cash,CUST_4713,VIP
TXN_202405_008303,2024-05-16,REG_07,STORE_019,EMP_007,PROD_001,2,145.27,0.04,278.92,credit,CUST_2461,Regular
TXN_202405_008304,2024-05-12,REG_03,STORE_007,EMP_003,PROD_034,2,412.87,0.14,710.14,mobile,CUST_4697,Premium
TXN_202405_008305,2024-05-31,REG_04,STORE_010,EMP_030,PROD_001,2,62.13,0.17,103.14,cash,CUST_2757,New
TXN_202405_008306,2024-05-05,REG_06,STORE_017,EMP_006,PROD_011,5,352.23,0.0,1761.15,mobile,CUST_9858,VIP
TXN_202405_008307,2024-05-31,REG_10,STORE_028,EMP_013,PROD_022,2,59.34,0.04,113.93,mobile,CUST_7614,VIP
TXN_202405_008308,2024-05-28,REG_02,STORE_006,EMP_002,PROD_037,3,232.06,0.14,598.71,card,CUST_8822,Premium
TXN_202405_008309,2024-05-17,REG_05,STORE_015,EMP_005,PROD_039,1,140.32,0.04,134.71,cash,CUST_2920,New
TXN_202405_008310,2024-05-16,REG_05,STORE_015,EMP_021,PROD_046,5,181.13,0.14,778.86,card,CUST_8340,New
TXN_202405_008311,2024-05-15,REG_05,STORE_014,EMP_005,PROD_022,3,267.3,0.08,737.75,cash,CUST_2465,New
TXN_202405_008312,2024-05-19,REG_03,STORE_008,EMP_003,PROD_048,2,147.78,0.21,233.49,credit,CUST_8503,Premium
TXN_202405_008313,2024-05-08,REG_09,STORE_026,EMP_025,PROD_011,1,389.22,0.24,295.81,mobile,CUST_4422,VIP
TXN_202405_008314,2024-05-26,REG_06,STORE_017,EMP_006,PROD_020,1,37.11,0.02,36.37,card,CUST_6100,New
TXN_202405_008315,2024-05-20,REG_04,STORE_011,EMP_024,PROD_010,4,205.49,0.27,600.03,mobile,CUST_1304,Premium
TXN_202405_008316,2024-05-20,REG_02,STORE_006,EMP_002,PROD_050,1,24.51,0.23,18.87,card,CUST_3524,Premium
TXN_202405_008317,2024-05-22,REG_08,STORE_023,EMP_015,PROD_006,1,374.14,0.1,336.73,credit,CUST_7614,Premium
TXN_202405_008318,2024-05-05,REG_01,STORE_001,EMP_018,PROD_045,5,303.72,0.22,1184.51,credit,CUST_3285,Regular
TXN_202405_008319,2024-05-19,REG_07,STORE_019,EMP_007,PROD_041,5,211.91,0.27,773.47,cash,CUST_1080,VIP
TXN_202405_008320,2024-05-27,REG_08,STORE_024,EMP_023,PROD_024,1,236.53,0.15,201.05,card,CUST_1420,Regular
TXN_202405_008321,2024-05-12,REG_09,STORE_025,EMP_009,PROD_007,2,165.85,0.11,295.21,credit,CUST_7374,Regular
TXN_202405_008322,2024-05-16,REG_09,STORE_026,EMP_022,PROD_041,2,440.72,0.24,669.89,cash,CUST_4490,VIP
TXN_202405_008323,2024-05-02,REG_07,STORE_020,EMP_007,PROD_030,3,164.11,0.18,403.71,cash,CUST_8373,Regular
TXN_202405_008324,2024-05-04,REG_05,STORE_015,EMP_021,PROD_009,2,10.29,0.16,17.29,card,CUST_4109,Regular
TXN_202405_008325,2024-05-11,REG_07,STORE_021,EMP_007,PROD_019,1,471.04,0.03,456.91,credit,CUST_3960,New
TXN_202405_008326,2024-05-25,REG_10,STORE_029,EMP_013,PROD_016,5,394.27,0.08,1813.64,mobile,CUST_6205,Premium
TXN_202405_008327,2024-05-22,REG_08,STORE_023,EMP_012,PROD_012,2,159.22,0.07,296.15,cash,CUST_9409,VIP
TXN_202405_008328,2024-05-16,REG_04,STORE_010,EMP_030,PROD_010,1,344.23,0.24,261.61,card,CUST_7542,Premium
TXN_202405_008329,2024-05-10,REG_07,STORE_020,EMP_007,PROD_028,2,269.18,0.11,479.14,credit,CUST_4547,Premium
TXN_202405_008330,2024-05-30,REG_06,STORE_016,EMP_006,PROD_029,3,340.73,0.29,725.75,mobile,CUST_4899,Regular
TXN_202405_008331,2024-05-19,REG_02,STORE_006,EMP_002,PROD_039,4,279.91,0.18,918.1,cash,CUST_8821,VIP
TXN_202405_008332,2024-05-04,REG_02,STORE_006,EMP_002,PROD_025,4,448.73,0.21,1417.99,cash,CUST_3655,VIP
TXN_202405_008333,2024-05-05,REG_09,STORE_026,EMP_009,PROD_048,4,116.09,0.14,399.35,mobile,CUST_2453,Regular
TXN_202405_008334,2024-05-01,REG_07,STORE_019,EMP_007,PROD_037,5,215.01,0.05,1021.3,credit,CUST_5955,VIP
TXN_202405_008335,2024-05-04,REG_04,STORE_010,EMP_030,PROD_013,2,397.15,0.16,667.21,mobile,CUST_5107,New
TXN_202405_008336,2024-05-22,REG_02,STORE_004,EMP_002,PROD_013,5,57.31,0.29,203.45,card,CUST_1426,New
TXN_202405_008337,2024-05-24,REG_07,STORE_019,EMP_007,PROD_018,4,412.68,0.05,1568.18,credit,CUST_3608,New
TXN_202405_008338,2024-05-08,REG_06,STORE_016,EMP_006,PROD_014,5,314.58,0.07,1462.8,credit,CUST_8896,VIP
TXN_202405_008339,2024-05-27,REG_02,STORE_005,EMP_002,PROD_028,4,440.68,0.07,1639.33,cash,CUST_5601,New
TXN_202405_008340,2024-05-29,REG_04,STORE_012,EMP_030,PROD_034,4,476.38,0.12,1676.86,card,CUST_8723,Regular
TXN_202405_008341,2024-05-17,REG_02,STORE_005,EMP_002,PROD_039,3,338.05,0.2,811.32,cash,CUST_6476,Regular
TXN_202405_008342,2024-05-23,REG_10,STORE_030,EMP_020,PROD_017,3,300.21,0.14,774.54,mobile,CUST_7092,Premium
TXN_202405_008343,2024-05-11,REG_03,STORE_008,EMP_003,PROD_028,1,70.82,0.06,66.57,credit,CUST_2568,VIP
TXN_202405_008344,2024-05-24,REG_04,STORE_012,EMP_004,PROD_013,4,415.53,0.28,1196.73,mobile,CUST_6158,Regular
TXN_202405_008345,2024-05-21,REG_03,STORE_008,EMP_014,PROD_008,1,66.43,0.03,64.44,cash,CUST_4180,New
TXN_202405_008346,2024-05-20,REG_10,STORE_030,EMP_028,PROD_001,4,134.98,0.02,529.12,mobile,CUST_9895,VIP
TXN_202405_008347,2024-05-03,REG_09,STORE_025,EMP_027,PROD_012,2,150.44,0.29,213.62,card,CUST_7622,VIP
TXN_202405_008348,2024-05-29,REG_10,STORE_028,EMP_028,PROD_014,3,262.77,0.28,567.58,cash,CUST_7970,Premium
TXN_202405_008349,2024-05-12,REG_09,STORE_025,EMP_022,PROD_040,3,85.69,0.05,244.22,mobile,CUST_5556,Premium
TXN_202405_008350,2024-05-03,REG_10,STORE_029,EMP_017,PROD_011,2,461.25,0.03,894.82,credit,CUST_6351,VIP
TXN_202405_008351,2024-05-14,REG_08,STORE_022,EMP_008,PROD_017,5,62.44,0.27,227.91,cash,CUST_9632,Premium
TXN_202405_008352,2024-05-24,REG_07,STORE_019,EMP_007,PROD_009,5,414.35,0.28,1491.66,card,CUST_5489,Regular
TXN_202405_008353,2024-05-09,REG_04,STORE_012,EMP_026,PROD_043,4,235.85,0.26,698.12,mobile,CUST_9884,Regular
TXN_202405_008354,2024-05-18,REG_01,STORE_003,EMP_001,PROD_026,1,18.58,0.0,18.58,mobile,CUST_6518,VIP
TXN_202405_008355,2024-05-02,REG_06,STORE_018,EMP_006,PROD_029,5,363.08,0.06,1706.48,cash,CUST_5178,Regular
TXN_202405_008356,2024-05-12,REG_05,STORE_013,EMP_021,PROD_045,4,245.58,0.2,785.86,card,CUST_6560,Regular
TXN_202405_008357,2024-05-23,REG_08,STORE_023,EMP_008,PROD_041,2,263.0,0.1,473.4,cash,CUST_1323,VIP
TXN_202405_008358,2024-05-10,REG_06,STORE_016,EMP_006,PROD_034,1,414.68,0.23,319.3,cash,CUST_9993,New
TXN_202405_008359,2024-05-20,REG_06,STORE_017,EMP_006,PROD_008,2,265.44,0.1,477.79,card,CUST_2589,Premium
TXN_202405_008360,2024-05-11,REG_06,STORE_016,EMP_006,PROD_041,4,428.49,0.08,1576.84,credit,CUST_9422,VIP
TXN_202405_008361,2024-05-20,REG_05,STORE_014,EMP_021,PROD_030,2,496.84,0.29,705.51,cash,CUST_2682,New
TXN_202405_008362,2024-05-14,REG_08,STORE_022,EMP_023,PROD_011,2,70.19,0.07,130.55,cash,CUST_3267,New
TXN_202405_008363,2024-05-13,REG_04,STORE_010,EMP_024,PROD_040,3,364.23,0.19,885.08,cash,CUST_3009,VIP
TXN_202405_008364,2024-05-25,REG_09,STORE_025,EMP_025,PROD_037,1,450.85,0.24,342.65,card,CUST_2998,Regular
TXN_202405_008365,2024-05-15,REG_09,STORE_026,EMP_027,PROD_020,5,29.65,0.09,134.91,cash,CUST_2359,Regular
TXN_202405_008366,2024-05-25,REG_10,STORE_028,EMP_013,PROD_046,1,445.82,0.24,338.82,cash,CUST_9064,VIP
TXN_202405_008367,2024-05-14,REG_10,STORE_029,EMP_028,PROD_005,3,371.34,0.23,857.8,card,CUST_2490,New
TXN_202405_008368,2024-05-11,REG_05,STORE_014,EMP_021,PROD_029,4,247.38,0.15,841.09,card,CUST_8606,New
TXN_202405_008369,2024-05-04,REG_07,STORE_020,EMP_007,PROD_038,1,44.42,0.18,36.42,mobile,CUST_6591,Premium
TXN_202405_008370,2024-05-24,REG_07,STORE_020,EMP_007,PROD_050,3,420.66,0.17,1047.44,mobile,CUST_3400,Regular
TXN_202405_008371,2024-05-20,REG_04,STORE_011,EMP_024,PROD_029,4,478.59,0.24,1454.91,card,CUST_4693,Premium
TXN_202405_008372,2024-05-24,REG_05,STORE_014,EMP_021,PROD_002,5,471.63,0.18,1933.68,card,CUST_6991,Premium
TXN_202405_008373,2024-05-14,REG_07,STORE_019,EMP_007,PROD_042,4,489.68,0.13,1704.09,credit,CUST_5389,Regular
TXN_202405_008374,2024-05-13,REG_01,STORE_003,EMP_018,PROD_011,3,336.29,0.08,928.16,cash,CUST_9948,New
TXN_202405_008375,2024-05-26,REG_04,STORE_010,EMP_004,PROD_032,1,178.96,0.13,155.7,credit,CUST_9276,Regular
TXN_202405_008376,2024-05-16,REG_03,STORE_009,EMP_003,PROD_043,2,413.42,0.15,702.81,cash,CUST_9300,Premium
TXN_202405_008377,2024-05-10,REG_05,STORE_014,EMP_021,PROD_043,1,116.62,0.16,97.96,mobile,CUST_2904,Premium
TXN_202405_008378,2024-05-02,REG_05,STORE_013,EMP_021,PROD_021,5,498.09,0.14,2141.79,mobile,CUST_5479,New
TXN_202405_008379,2024-05-28,REG_10,STORE_028,EMP_017,PROD_029,5,498.15,0.21,1967.69,credit,CUST_5464,Premium
TXN_202405_008380,2024-05-21,REG_05,STORE_014,EMP_021,PROD_048,3,489.61,0.08,1351.32,mobile,CUST_2182,Premium
TXN_202405_008381,2024-05-31,REG_01,STORE_002,EMP_018,PROD_010,1,321.54,0.13,279.74,credit,CUST_2850,VIP
TXN_202405_008382,2024-05-12,REG_09,STORE_026,EMP_027,PROD_020,5,438.09,0.01,2168.55,cash,CUST_8451,Premium
TXN_202405_008383,2024-05-15,REG_02,STORE_004,EMP_002,PROD_008,3,246.55,0.24,562.13,card,CUST_3271,Regular
TXN_202405_008384,2024-05-26,REG_02,STORE_004,EMP_002,PROD_046,5,444.23,0.28,1599.23,cash,CUST_6086,VIP
TXN_202405_008385,2024-05-17,REG_04,STORE_012,EMP_030,PROD_038,4,425.56,0.15,1446.9,card,CUST_9248,Premium
TXN_202405_008386,2024-05-18,REG_06,STORE_018,EMP_006,PROD_013,2,245.96,0.27,359.1,card,CUST_6375,Premium
TXN_202405_008387,2024-05-21,REG_10,STORE_030,EMP_017,PROD_001,3,228.99,0.26,508.36,credit,CUST_6610,Regular
TXN_202405_008388,2024-05-11,REG_09,STORE_026,EMP_009,PROD_041,4,103.94,0.16,349.24,credit,CUST_2164,Regular
TXN_202405_008389,2024-05-17,REG_07,STORE_021,EMP_007,PROD_029,5,401.23,0.15,1705.23,mobile,CUST_8944,New
TXN_202405_008390,2024-05-02,REG_01,STORE_001,EMP_018,PROD_023,2,477.07,0.28,686.98,mobile,CUST_2012,New
TXN_202405_008391,2024-05-11,REG_06,STORE_018,EMP_006,PROD_032,3,272.74,0.27,597.3,credit,CUST_2513,New
TXN_202405_008392,2024-05-02,REG_06,STORE_016,EMP_006,PROD_014,1,229.99,0.01,227.69,mobile,CUST_3991,Premium
TXN_202405_008393,2024-05-13,REG_06,STORE_018,EMP_006,PROD_039,2,149.24,0.08,274.6,credit,CUST_8344,Regular
TXN_202405_008394,2024-05-20,REG_02,STORE_005,EMP_002,PROD_006,1,49.71,0.2,39.77,cash,CUST_1569,Regular
TXN_202405_008395,2024-05-27,REG_10,STORE_030,EMP_010,PROD_045,4,433.93,0.27,1267.08,credit,CUST_7309,Regular
TXN_202405_008396,2024-05-05,REG_09,STORE_025,EMP_027,PROD_045,3,105.2,0.06,296.66,mobile,CUST_1104,Premium
TXN_202405_008397,2024-05-20,REG_01,STORE_003,EMP_001,PROD_021,5,359.85,0.12,1583.34,credit,CUST_2031,Premium
TXN_202405_008398,2024-05-14,REG_01,STORE_002,EMP_011,PROD_008,1,495.37,0.29,351.71,credit,CUST_2651,VIP
TXN_202405_008399,2024-05-18,REG_10,STORE_029,EMP_013,PROD_016,2,51.53,0.06,96.88,credit,CUST_8265,New
TXN_202405_008400,2024-05-05,REG_08,STORE_022,EMP_008,PROD_003,5,464.44,0.23,1788.09,mobile,CUST_9682,Regular
TXN_202405_008401,2024-05-02,REG_02,STORE_006,EMP_002,PROD_041,3,119.0,0.28,257.04,cash,CUST_6273,Premium
TXN_202405_008402,2024-05-19,REG_04,STORE_011,EMP_029,PROD_003,4,381.96,0.11,1359.78,card,CUST_2096,VIP
TXN_202405_008403,2024-05-31,REG_03,STORE_007,EMP_003,PROD_015,2,281.58,0.2,450.53,cash,CUST_5797,Regular
TXN_202405_008404,2024-05-23,REG_01,STORE_002,EMP_011,PROD_037,1,442.84,0.14,380.84,card,CUST_5490,Regular
TXN_202405_008405,2024-05-24,REG_09,STORE_027,EMP_022,PROD_034,2,10.68,0.11,19.01,mobile,CUST_5389,Regular
TXN_202405_008406,2024-05-25,REG_10,STORE_028,EMP_020,PROD_026,3,202.68,0.18,498.59,card,CUST_1429,New
TXN_202405_008407,2024-05-13,REG_01,STORE_001,EMP_019,PROD_018,2,193.29,0.23,297.67,mobile,CUST_9486,New
TXN_202405_008408,2024-05-19,REG_02,STORE_005,EMP_002,PROD_011,4,193.56,0.03,751.01,card,CUST_1145,Regular
TXN_202405_008409,2024-05-08,REG_10,STORE_030,EMP_028,PROD_008,1,252.2,0.05,239.59,cash,CUST_2514,New
TXN_202405_008410,2024-05-10,REG_08,STORE_022,EMP_012,PROD_004,4,446.43,0.19,1446.43,credit,CUST_4693,Premium
TXN_202405_008411,2024-05-15,REG_08,STORE_022,EMP_008,PROD_004,1,38.1,0.07,35.43,credit,CUST_8595,VIP
TXN_202405_008412,2024-05-22,REG_08,STORE_023,EMP_012,PROD_033,4,448.92,0.29,1274.93,credit,CUST_2618,VIP
TXN_202405_008413,2024-05-23,REG_01,STORE_001,EMP_011,PROD_010,5,348.1,0.03,1688.28,card,CUST_4293,New
TXN_202405_008414,2024-05-04,REG_01,STORE_001,EMP_018,PROD_039,3,396.93,0.23,916.91,cash,CUST_3996,VIP
TXN_202405_008415,2024-05-28,REG_06,STORE_016,EMP_006,PROD_007,2,467.66,0.2,748.26,mobile,CUST_3059,New
TXN_202405_008416,2024-05-23,REG_06,STORE_017,EMP_006,PROD_046,4,279.61,0.16,939.49,card,CUST_3763,Premium
TXN_202405_008417,2024-05-29,REG_05,STORE_013,EMP_021,PROD_019,2,253.07,0.09,460.59,mobile,CUST_7257,Premium
TXN_202405_008418,2024-05-10,REG_06,STORE_016,EMP_006,PROD_044,1,121.84,0.07,113.31,credit,CUST_2670,Regular
TXN_202405_008419,2024-05-25,REG_09,STORE_027,EMP_009,PROD_004,5,379.7,0.18,1556.77,cash,CUST_9343,Premium
TXN_202405_008420,2024-05-26,REG_10,STORE_029,EMP_013,PROD_001,2,201.3,0.23,310.0,credit,CUST_3882,Regular
TXN_202405_008421,2024-05-10,REG_08,STORE_024,EMP_012,PROD_049,3,296.83,0.18,730.2,credit,CUST_9780,Regular
TXN_202405_008422,2024-05-28,REG_02,STORE_005,EMP_002,PROD_050,2,315.42,0.22,492.06,credit,CUST_9730,VIP
TXN_202405_008423,2024-05-12,REG_10,STORE_030,EMP_017,PROD_016,5,332.43,0.2,1329.72,mobile,CUST_9894,Regular
TXN_202405_008424,2024-05-28,REG_04,STORE_010,EMP_029,PROD_021,4,376.79,0.01,1492.09,cash,CUST_7002,Premium
TXN_202405_008425,2024-05-16,REG_07,STORE_020,EMP_007,PROD_049,1,47.8,0.25,35.85,credit,CUST_4510,Premium
TXN_202405_008426,2024-05-20,REG_10,STORE_030,EMP_010,PROD_039,4,277.4,0.29,787.82,cash,CUST_5457,Regular
TXN_202405_008427,2024-05-05,REG_04,STORE_012,EMP_016,PROD_008,3,115.97,0.27,253.97,credit,CUST_1839,VIP
TXN_202405_008428,2024-05-06,REG_01,STORE_003,EMP_001,PROD_018,3,220.99,0.02,649.71,cash,CUST_5221,New
TXN_202405_008429,2024-05-14,REG_02,STORE_005,EMP_002,PROD_029,2,366.53,0.0,733.06,credit,CUST_9919,New
TXN_202405_008430,2024-05-18,REG_05,STORE_014,EMP_005,PROD_035,2,129.37,0.09,235.45,cash,CUST_2987,Premium
TXN_202405_008431,2024-05-14,REG_03,STORE_008,EMP_003,PROD_002,4,218.66,0.27,638.49,cash,CUST_8103,Premium
TXN_202405_008432,2024-05-26,REG_03,STORE_007,EMP_003,PROD_025,1,168.06,0.22,131.09,cash,CUST_4405,Premium
TXN_202405_008433,2024-05-12,REG_09,STORE_026,EMP_027,PROD_042,4,43.99,0.13,153.09,credit,CUST_4480,Regular
TXN_202405_008434,2024-05-28,REG_01,STORE_001,EMP_001,PROD_027,2,260.0,0.1,468.0,cash,CUST_9151,Premium
TXN_202405_008435,2024-05-19,REG_06,STORE_016,EMP_006,PROD_048,1,29.61,0.16,24.87,credit,CUST_4269,VIP
TXN_202405_008436,2024-05-20,REG_08,STORE_023,EMP_023,PROD_047,3,228.88,0.0,686.64,cash,CUST_1823,Regular
TXN_202405_008437,2024-05-19,REG_01,STORE_001,EMP_011,PROD_019,2,278.62,0.28,401.21,mobile,CUST_4858,Premium
TXN_202405_008438,2024-05-11,REG_06,STORE_017,EMP_006,PROD_047,4,157.08,0.04,603.19,cash,CUST_4404,Premium
TXN_202405_008439,2024-05-18,REG_04,STORE_012,EMP_030,PROD_001,2,121.09,0.3,169.53,credit,CUST_5799,New
TXN_202405_008440,2024-05-17,REG_10,STORE_028,EMP_013,PROD_044,3,404.15,0.27,885.09,credit,CUST_4178,Regular
TXN_202405_008441,2024-05-09,REG_10,STORE_029,EMP_010,PROD_013,2,42.29,0.19,68.51,cash,CUST_6392,Regular
TXN_202405_008442,2024-05-09,REG_06,STORE_018,EMP_006,PROD_031,1,410.8,0.09,373.83,mobile,CUST_7061,Premium
TXN_202405_008443,2024-05-05,REG_09,STORE_025,EMP_025,PROD_029,1,313.39,0.12,275.78,credit,CUST_2434,VIP
TXN_202405_008444,2024-05-07,REG_01,STORE_003,EMP_018,PROD_044,4,118.98,0.1,428.33,credit,CUST_7435,Premium
TXN_202405_008445,2024-05-13,REG_08,STORE_024,EMP_015,PROD_015,2,14.56,0.0,29.12,mobile,CUST_8243,Regular
TXN_202405_008446,2024-05-29,REG_06,STORE_017,EMP_006,PROD_016,5,113.09,0.26,418.43,cash,CUST_8960,Regular
TXN_202405_008447,2024-05-01,REG_06,STORE_016,EMP_006,PROD_017,3,430.27,0.13,1123.0,card,CUST_1692,Premium
TXN_202405_008448,2024-05-27,REG_06,STORE_016,EMP_006,PROD_045,4,95.85,0.14,329.72,card,CUST_7141,VIP
TXN_202405_008449,2024-05-04,REG_09,STORE_026,EMP_027,PROD_021,3,396.83,0.17,988.11,mobile,CUST_8573,Regular
TXN_202405_008450,2024-05-31,REG_08,STORE_023,EMP_012,PROD_002,5,419.07,0.18,1718.19,credit,CUST_8857,New
TXN_202405_008451,2024-05-03,REG_07,STORE_021,EMP_007,PROD_038,5,56.66,0.18,232.31,card,CUST_3596,VIP
TXN_202405_008452,2024-05-24,REG_09,STORE_026,EMP_022,PROD_012,4,226.86,0.1,816.7,card,CUST_8719,New
TXN_202405_008453,2024-05-28,REG_06,STORE_018,EMP_006,PROD_027,2,119.4,0.02,234.02,mobile,CUST_8342,New
TXN_202405_008454,2024-05-24,REG_04,STORE_010,EMP_024,PROD_050,1,198.48,0.21,156.8,cash,CUST_2015,New
TXN_202405_008455,2024-05-08,REG_04,STORE_012,EMP_029,PROD_042,4,410.22,0.24,1247.07,cash,CUST_7074,Premium
TXN_202405_008456,2024-05-14,REG_09,STORE_026,EMP_022,PROD_027,4,110.45,0.12,388.78,card,CUST_8485,VIP
TXN_202405_008457,2024-05-06,REG_02,STORE_005,EMP_002,PROD_030,2,199.61,0.05,379.26,credit,CUST_6141,Premium
TXN_202405_008458,2024-05-18,REG_04,STORE_010,EMP_030,PROD_019,3,499.25,0.1,1347.98,credit,CUST_5916,New
TXN_202405_008459,2024-05-04,REG_02,STORE_006,EMP_002,PROD_024,1,341.66,0.02,334.83,credit,CUST_1616,New
TXN_202405_008460,2024-05-25,REG_03,STORE_008,EMP_014,PROD_041,2,48.65,0.25,72.97,credit,CUST_5982,Regular
TXN_202405_008461,2024-05-14,REG_01,STORE_002,EMP_018,PROD_050,2,295.89,0.08,544.44,card,CUST_9302,Premium
TXN_202405_008462,2024-05-05,REG_02,STORE_006,EMP_002,PROD_014,1,17.27,0.17,14.33,card,CUST_3934,Premium
TXN_202405_008463,2024-05-01,REG_09,STORE_026,EMP_022,PROD_040,1,449.25,0.0,449.25,credit,CUST_4802,VIP
TXN_202405_008464,2024-05-07,REG_08,STORE_022,EMP_015,PROD_035,3,132.21,0.18,325.24,card,CUST_5332,Regular
TXN_202405_008465,2024-05-12,REG_07,STORE_020,EMP_007,PROD_014,1,115.5,0.0,115.5,mobile,CUST_5405,Premium
TXN_202405_008466,2024-05-07,REG_06,STORE_017,EMP_006,PROD_046,5,215.61,0.25,808.54,cash,CUST_1856,Regular
TXN_202405_008467,2024-05-16,REG_04,STORE_010,EMP_016,PROD_032,2,455.97,0.17,756.91,mobile,CUST_7712,New
TXN_202405_008468,2024-05-01,REG_10,STORE_028,EMP_010,PROD_022,4,243.39,0.2,778.85,cash,CUST_3164,New
TXN_202405_008469,2024-05-25,REG_03,STORE_008,EMP_014,PROD_005,3,221.32,0.02,650.68,credit,CUST_5337,VIP
TXN_202405_008470,2024-05-24,REG_08,STORE_024,EMP_008,PROD_014,2,381.34,0.14,655.9,cash,CUST_1517,VIP
TXN_202405_008471,2024-05-09,REG_10,STORE_028,EMP_010,PROD_009,2,436.73,0.02,855.99,card,CUST_7069,Premium
TXN_202405_008472,2024-05-18,REG_07,STORE_021,EMP_007,PROD_032,2,265.36,0.24,403.35,credit,CUST_8930,New
TXN_202405_008473,2024-05-22,REG_07,STORE_021,EMP_007,PROD_049,4,102.64,0.13,357.19,cash,CUST_4803,Premium
TXN_202405_008474,2024-05-19,REG_09,STORE_025,EMP_025,PROD_044,3,297.63,0.02,875.03,cash,CUST_1011,VIP
TXN_202405_008475,2024-05-25,REG_07,STORE_019,EMP_007,PROD_013,5,154.56,0.13,672.34,cash,CUST_2515,VIP
TXN_202405_008476,2024-05-28,REG_03,STORE_008,EMP_003,PROD_047,5,130.43,0.15,554.33,cash,CUST_7912,VIP
TXN_202405_008477,2024-05-17,REG_08,STORE_024,EMP_008,PROD_039,4,333.36,0.05,1266.77,mobile,CUST_7490,Regular
TXN_202405_008478,2024-05-23,REG_09,STORE_025,EMP_009,PROD_019,3,304.85,0.17,759.08,mobile,CUST_7924,Premium
TXN_202405_008479,2024-05-01,REG_05,STORE_013,EMP_005,PROD_018,3,34.6,0.01,102.76,mobile,CUST_6949,Premium
TXN_202405_008480,2024-05-13,REG_10,STORE_029,EMP_013,PROD_018,5,330.96,0.28,1191.46,cash,CUST_7148,New
