transaction_id,date,region,store_id,employee_id,product_id,units,unit_price,discount,revenue,payment,customer_id,customer_segment
TXN_202403_006981,2024-03-14,REG_05,STORE_013,EMP_005,PROD_006,5,91.84,0.12,404.1,credit,CUST_5538,New
TXN_202403_006982,2024-03-26,REG_03,STORE_007,EMP_014,PROD_038,2,408.4,0.23,628.94,credit,CUST_3479,Regular
TXN_202403_006983,2024-03-21,REG_03,STORE_009,EMP_014,PROD_016,2,382.55,0.06,719.19,credit,CUST_7294,Premium
TXN_202403_006984,2024-03-22,REG_05,STORE_013,EMP_005,PROD_022,5,137.14,0.26,507.42,credit,CUST_3713,VIP
TXN_202403_006985,2024-03-25,REG_10,STORE_029,EMP_013,PROD_030,5,190.18,0.28,684.65,card,CUST_7268,Premium
TXN_202403_006986,2024-03-26,REG_05,STORE_014,EMP_005,PROD_023,4,240.97,0.04,925.32,credit,CUST_1459,Regular
TXN_202403_006987,2024-03-27,REG_05,STORE_014,EMP_005,PROD_029,3,35.47,0.08,97.9,credit,CUST_9676,Regular
TXN_202403_006988,2024-03-30,REG_08,STORE_023,EMP_008,PROD_046,5,80.07,0.18,328.29,credit,CUST_3529,Premium
TXN_202403_006989,2024-03-03,REG_04,STORE_012,EMP_016,PROD_036,5,398.37,0.2,1593.48,cash,CUST_8421,Regular
TXN_202403_006990,2024-03-21,REG_09,STORE_025,EMP_025,PROD_016,5,224.65,0.29,797.51,credit,CUST_1837,Premium
TXN_202403_006991,2024-03-30,REG_07,STORE_021,EMP_007,PROD_016,2,21.54,0.13,37.48,card,CUST_2967,New
TXN_202403_006992,2024-03-30,REG_06,STORE_016,EMP_006,PROD_002,1,470.28,0.02,460.87,credit,CUST_6358,Regular
TXN_202403_006993,2024-03-03,REG_08,STORE_024,EMP_008,PROD_003,1,79.39,0.03,77.01,mobile,CUST_6528,New
TXN_202403_006994,2024-03-25,REG_06,STORE_017,EMP_006,PROD_006,2,68.66,0.26,101.62,credit,CUST_5801,Regular
TXN_202403_006995,2024-03-23,REG_10,STORE_029,EMP_017,PROD_047,3,445.22,0.03,1295.59,credit,CUST_2646,Premium
TXN_202403_006996,2024-03-04,REG_08,STORE_024,EMP_023,PROD_020,5,411.94,0.2,1647.76,cash,CUST_4287,Premium
TXN_202403_006997,2024-03-24,REG_05,STORE_014,EMP_005,PROD_030,2,431.21,0.2,689.94,credit,CUST_1121,Premium
TXN_202403_006998,2024-03-21,REG_04,STORE_012,EMP_029,PROD_023,1,473.13,0.26,350.12,mobile,CUST_5822,Premium
TXN_202403_006999,2024-03-21,REG_01,STORE_003,EMP_018,PROD_036,2,69.43,0.01,137.47,cash,CUST_4485,Premium
TXN_202403_007000,2024-03-06,REG_04,STORE_012,EMP_004,PROD_020,3,227.28,0.29,484.11,card,CUST_8144,New
TXN_202403_007001,2024-03-31,REG_07,STORE_021,EMP_007,PROD_022,5,89.62,0.09,407.77,mobile,CUST_4288,Premium
TXN_202403_007002,2024-03-12,REG_09,STORE_026,EMP_009,PROD_013,4,42.86,0.08,157.72,cash,CUST_6074,Regular
TXN_202403_007003,2024-03-23,REG_02,STORE_004,EMP_002,PROD_022,5,115.66,0.22,451.07,credit,CUST_1315,VIP
TXN_202403_007004,2024-03-10,REG_09,STORE_027,EMP_022,PROD_037,5,322.39,0.17,1337.92,card,CUST_9288,New
TXN_202403_007005,2024-03-05,REG_10,STORE_028,EMP_010,PROD_046,5,176.0,0.25,660.0,credit,CUST_4048,Premium
TXN_202403_007006,2024-03-03,REG_09,STORE_027,EMP_022,PROD_022,1,260.41,0.28,187.5,mobile,CUST_7635,Regular
TXN_202403_007007,2024-03-17,REG_05,STORE_015,EMP_005,PROD_005,3,40.18,0.08,110.9,cash,CUST_2946,New
TXN_202403_007008,2024-03-23,REG_01,STORE_001,EMP_011,PROD_033,4,398.39,0.13,1386.4,credit,CUST_4828,Premium
TXN_202403_007009,2024-03-05,REG_04,STORE_012,EMP_026,PROD_034,3,473.89,0.1,1279.5,mobile,CUST_7084,VIP
TXN_202403_007010,2024-03-08,REG_07,STORE_020,EMP_007,PROD_025,2,399.58,0.02,783.18,card,CUST_9577,VIP
TXN_202403_007011,2024-03-21,REG_01,STORE_001,EMP_019,PROD_035,2,450.82,0.22,703.28,mobile,CUST_1373,New
TXN_202403_007012,2024-03-30,REG_09,STORE_027,EMP_027,PROD_026,2,306.0,0.18,501.84,mobile,CUST_7058,Premium
TXN_202403_007013,2024-03-18,REG_03,STORE_008,EMP_003,PROD_040,3,175.68,0.27,384.74,card,CUST_3349,VIP
TXN_202403_007014,2024-03-27,REG_06,STORE_017,EMP_006,PROD_027,5,447.85,0.05,2127.29,cash,CUST_8826,New
TXN_202403_007015,2024-03-18,REG_05,STORE_015,EMP_005,PROD_019,1,200.1,0.14,172.09,card,CUST_9137,Regular
TXN_202403_007016,2024-03-17,REG_10,STORE_028,EMP_017,PROD_032,3,75.44,0.14,194.64,credit,CUST_1924,Premium
TXN_202403_007017,2024-03-09,REG_05,STORE_015,EMP_021,PROD_047,4,432.37,0.11,1539.24,mobile,CUST_8175,VIP
TXN_202403_007018,2024-03-04,REG_06,STORE_017,EMP_006,PROD_041,1,99.23,0.26,73.43,credit,CUST_2284,Premium
TXN_202403_007019,2024-03-11,REG_10,STORE_028,EMP_013,PROD_028,1,31.68,0.1,28.51,credit,CUST_1091,Premium
TXN_202403_007020,2024-03-11,REG_10,STORE_028,EMP_028,PROD_048,3,373.74,0.18,919.4,credit,CUST_1888,Premium
TXN_202403_007021,2024-03-19,REG_01,STORE_003,EMP_001,PROD_017,3,474.12,0.24,1080.99,credit,CUST_5882,Premium
TXN_202403_007022,2024-03-28,REG_05,STORE_015,EMP_005,PROD_048,4,429.84,0.04,1650.59,cash,CUST_4595,New
TXN_202403_007023,2024-03-28,REG_10,STORE_028,EMP_010,PROD_039,3,149.88,0.2,359.71,cash,CUST_7539,Regular
TXN_202403_007024,2024-03-07,REG_03,STORE_007,EMP_003,PROD_025,1,228.78,0.26,169.3,cash,CUST_9524,New
TXN_202403_007025,2024-03-29,REG_05,STORE_015,EMP_005,PROD_011,2,237.82,0.02,466.13,card,CUST_5623,Premium
TXN_202403_007026,2024-03-30,REG_08,STORE_024,EMP_015,PROD_011,5,139.91,0.01,692.55,cash,CUST_2732,Premium
TXN_202403_007027,2024-03-28,REG_04,STORE_011,EMP_030,PROD_007,2,377.93,0.25,566.89,card,CUST_2520,VIP
TXN_202403_007028,2024-03-05,REG_06,STORE_018,EMP_006,PROD_024,3,173.74,0.24,396.13,credit,CUST_8706,Regular
TXN_202403_007029,2024-03-19,REG_02,STORE_005,EMP_002,PROD_029,2,471.96,0.17,783.45,cash,CUST_9819,Regular
TXN_202403_007030,2024-03-28,REG_04,STORE_011,EMP_030,PROD_021,5,12.13,0.17,50.34,credit,CUST_2560,New
TXN_202403_007031,2024-03-09,REG_06,STORE_018,EMP_006,PROD_029,1,440.17,0.2,352.14,mobile,CUST_8043,New
TXN_202403_007032,2024-03-30,REG_04,STORE_012,EMP_004,PROD_009,4,143.88,0.17,477.68,card,CUST_7989,Premium
TXN_202403_007033,2024-03-12,REG_10,STORE_028,EMP_017,PROD_022,1,433.38,0.09,394.38,card,CUST_6406,New
TXN_202403_007034,2024-03-14,REG_01,STORE_002,EMP_019,PROD_020,4,198.6,0.15,675.24,credit,CUST_4523,Premium
TXN_202403_007035,2024-03-06,REG_07,STORE_020,EMP_007,PROD_050,5,268.47,0.04,1288.66,mobile,CUST_9929,Regular
TXN_202403_007036,2024-03-01,REG_04,STORE_011,EMP_030,PROD_017,3,307.43,0.28,664.05,card,CUST_1714,Regular
TXN_202403_007037,2024-03-22,REG_08,STORE_024,EMP_008,PROD_043,1,398.71,0.17,330.93,card,CUST_6894,Regular
TXN_202403_007038,2024-03-19,REG_01,STORE_001,EMP_001,PROD_023,4,487.58,0.25,1462.74,cash,CUST_6707,VIP
TXN_202403_007039,2024-03-27,REG_06,STORE_016,EMP_006,PROD_044,4,477.25,0.07,1775.37,credit,CUST_5523,VIP
TXN_202403_007040,2024-03-29,REG_09,STORE_026,EMP_025,PROD_025,1,368.37,0.26,272.59,cash,CUST_6404,New
TXN_202403_007041,2024-03-19,REG_03,STORE_008,EMP_003,PROD_031,3,296.62,0.14,765.28,card,CUST_2684,VIP
TXN_202403_007042,2024-03-23,REG_10,STORE_030,EMP_013,PROD_045,1,99.27,0.3,69.49,credit,CUST_3173,New
TXN_202403_007043,2024-03-16,REG_04,STORE_012,EMP_029,PROD_034,5,490.9,0.12,2159.96,card,CUST_4812,Premium
TXN_202403_007044,2024-03-01,REG_03,STORE_007,EMP_014,PROD_033,1,224.02,0.09,203.86,cash,CUST_3170,Premium
TXN_202403_007045,2024-03-13,REG_04,STORE_012,EMP_004,PROD_049,2,145.25,0.2,232.4,credit,CUST_9796,New
TXN_202403_007046,2024-03-21,REG_08,STORE_023,EMP_023,PROD_005,5,345.77,0.06,1625.12,credit,CUST_5421,VIP
TXN_202403_007047,2024-03-11,REG_03,STORE_009,EMP_014,PROD_040,1,307.46,0.29,218.3,cash,CUST_3866,Regular
TXN_202403_007048,2024-03-30,REG_06,STORE_017,EMP_006,PROD_008,5,36.81,0.15,156.44,mobile,CUST_5260,Premium
TXN_202403_007049,2024-03-21,REG_02,STORE_005,EMP_002,PROD_032,3,163.5,0.18,402.21,credit,CUST_2748,New
TXN_202403_007050,2024-03-28,REG_06,STORE_018,EMP_006,PROD_029,3,422.73,0.27,925.78,credit,CUST_8012,New
TXN_202403_007051,2024-03-31,REG_06,STORE_017,EMP_006,PROD_050,1,455.8,0.23,350.97,cash,CUST_3749,Regular
TXN_202403_007052,2024-03-01,REG_04,STORE_011,EMP_029,PROD_006,2,72.36,0.09,131.7,mobile,CUST_3400,Premium
TXN_202403_007053,2024-03-21,REG_04,STORE_012,EMP_016,PROD_032,2,196.14,0.06,368.74,mobile,CUST_6272,Premium
TXN_202403_007054,2024-03-19,REG_07,STORE_019,EMP_007,PROD_020,2,108.28,0.22,168.92,cash,CUST_2490,Premium
TXN_202403_007055,2024-03-28,REG_03,STORE_007,EMP_014,PROD_048,4,210.01,0.21,663.63,credit,CUST_4699,VIP
TXN_202403_007056,2024-03-06,REG_07,STORE_021,EMP_007,PROD_013,4,429.01,0.01,1698.88,card,CUST_3033,Premium
TXN_202403_007057,2024-03-09,REG_07,STORE_021,EMP_007,PROD_012,3,23.48,0.02,69.03,card,CUST_5070,New
TXN_202403_007058,2024-03-06,REG_01,STORE_002,EMP_011,PROD_035,2,52.78,0.29,74.95,mobile,CUST_6051,VIP
TXN_202403_007059,2024-03-22,REG_04,STORE_010,EMP_029,PROD_029,3,143.33,0.04,412.79,credit,CUST_2493,New
TXN_202403_007060,2024-03-22,REG_08,STORE_022,EMP_023,PROD_014,1,152.85,0.15,129.92,mobile,CUST_2000,Premium
TXN_202403_007061,2024-03-09,REG_07,STORE_020,EMP_007,PROD_001,2,93.33,0.22,145.59,card,CUST_9420,VIP
TXN_202403_007062,2024-03-12,REG_07,STORE_019,EMP_007,PROD_039,2,234.0,0.29,332.28,mobile,CUST_1102,Regular
TXN_202403_007063,2024-03-11,REG_05,STORE_014,EMP_021,PROD_035,3,142.67,0.26,316.73,cash,CUST_7829,Regular
TXN_202403_007064,2024-03-13,REG_09,STORE_027,EMP_009,PROD_028,1,328.11,0.23,252.64,mobile,CUST_7167,Regular
TXN_202403_007065,2024-03-04,REG_07,STORE_020,EMP_007,PROD_047,3,408.06,0.29,869.17,credit,CUST_9991,Regular
TXN_202403_007066,2024-03-11,REG_07,STORE_020,EMP_007,PROD_034,3,131.52,0.0,394.56,card,CUST_4955,VIP
TXN_202403_007067,2024-03-30,REG_03,STORE_009,EMP_003,PROD_019,2,160.69,0.14,276.39,cash,CUST_8957,New
TXN_202403_007068,2024-03-12,REG_10,STORE_030,EMP_010,PROD_041,2,51.61,0.28,74.32,cash,CUST_2194,Regular
TXN_202403_007069,2024-03-30,REG_06,STORE_018,EMP_006,PROD_032,4,273.1,0.15,928.54,mobile,CUST_7276,Regular
TXN_202403_007070,2024-03-11,REG_01,STORE_001,EMP_019,PROD_038,2,300.77,0.24,457.17,card,CUST_8542,VIP
TXN_202403_007071,2024-03-25,REG_02,STORE_006,EMP_002,PROD_013,5,476.08,0.18,1951.93,mobile,CUST_1199,New
TXN_202403_007072,2024-03-26,REG_03,STORE_008,EMP_014,PROD_044,1,415.5,0.08,382.26,credit,CUST_9552,New
TXN_202403_007073,2024-03-16,REG_10,STORE_028,EMP_028,PROD_004,5,490.7,0.21,1938.27,mobile,CUST_6243,Premium
TXN_202403_007074,2024-03-07,REG_05,STORE_013,EMP_021,PROD_047,4,164.05,0.0,656.2,card,CUST_6999,VIP
TXN_202403_007075,2024-03-09,REG_01,STORE_001,EMP_011,PROD_047,5,142.43,0.21,562.6,mobile,CUST_6671,Premium
TXN_202403_007076,2024-03-09,REG_03,STORE_007,EMP_003,PROD_050,2,349.27,0.13,607.73,credit,CUST_8614,Regular
TXN_202403_007077,2024-03-29,REG_03,STORE_008,EMP_014,PROD_046,4,302.8,0.09,1102.19,mobile,CUST_9372,VIP
TXN_202403_007078,2024-03-31,REG_07,STORE_019,EMP_007,PROD_020,1,324.43,0.01,321.19,card,CUST_6267,New
TXN_202403_007079,2024-03-02,REG_09,STORE_026,EMP_027,PROD_043,2,88.37,0.21,139.62,credit,CUST_1601,New
TXN_202403_007080,2024-03-12,REG_02,STORE_004,EMP_002,PROD_044,2,313.7,0.09,570.93,cash,CUST_9524,Premium
TXN_202403_007081,2024-03-11,REG_08,STORE_022,EMP_008,PROD_030,5,395.14,0.04,1896.67,cash,CUST_7193,VIP
TXN_202403_007082,2024-03-24,REG_10,STORE_028,EMP_017,PROD_011,4,249.64,0.26,738.93,card,CUST_7056,Premium
TXN_202403_007083,2024-03-11,REG_01,STORE_003,EMP_001,PROD_023,1,115.02,0.16,96.62,cash,CUST_9971,Premium
TXN_202403_007084,2024-03-12,REG_10,STORE_030,EMP_028,PROD_038,2,185.05,0.02,362.7,mobile,CUST_2408,New
TXN_202403_007085,2024-03-29,REG_08,STORE_023,EMP_015,PROD_044,1,319.4,0.23,245.94,credit,CUST_3585,Premium
TXN_202403_007086,2024-03-25,REG_03,STORE_008,EMP_003,PROD_041,5,117.62,0.21,464.6,credit,CUST_6107,Premium
TXN_202403_007087,2024-03-08,REG_07,STORE_021,EMP_007,PROD_015,4,274.59,0.13,955.57,cash,CUST_9236,Regular
TXN_202403_007088,2024-03-12,REG_08,STORE_024,EMP_008,PROD_010,4,88.52,0.19,286.8,cash,CUST_7082,New
TXN_202403_007089,2024-03-11,REG_10,STORE_030,EMP_013,PROD_016,2,223.0,0.06,419.24,card,CUST_1205,VIP
TXN_202403_007090,2024-03-14,REG_03,STORE_008,EMP_003,PROD_032,2,329.67,0.13,573.63,credit,CUST_2532,VIP
TXN_202403_007091,2024-03-03,REG_09,STORE_026,EMP_025,PROD_038,2,467.24,0.21,738.24,credit,CUST_8105,New
TXN_202403_007092,2024-03-20,REG_06,STORE_017,EMP_006,PROD_013,5,245.29,0.28,883.04,card,CUST_8541,Premium
TXN_202403_007093,2024-03-18,REG_04,STORE_010,EMP_024,PROD_022,1,79.13,0.25,59.35,cash,CUST_8332,New
TXN_202403_007094,2024-03-22,REG_02,STORE_005,EMP_002,PROD_022,1,232.14,0.12,204.28,mobile,CUST_9433,Regular
TXN_202403_007095,2024-03-14,REG_05,STORE_015,EMP_021,PROD_018,1,252.37,0.22,196.85,mobile,CUST_9390,Regular
TXN_202403_007096,2024-03-22,REG_08,STORE_024,EMP_023,PROD_009,4,419.33,0.28,1207.67,credit,CUST_7461,Regular
TXN_202403_007097,2024-03-08,REG_07,STORE_020,EMP_007,PROD_045,3,497.43,0.29,1059.53,credit,CUST_3803,New
TXN_202403_007098,2024-03-15,REG_01,STORE_003,EMP_018,PROD_014,5,200.44,0.19,811.78,cash,CUST_3632,Premium
TXN_202403_007099,2024-03-10,REG_04,STORE_011,EMP_026,PROD_009,1,129.53,0.1,116.58,mobile,CUST_5902,Regular
TXN_202403_007100,2024-03-16,REG_02,STORE_005,EMP_002,PROD_040,2,127.37,0.05,242.0,credit,CUST_3897,Regular
TXN_202403_007101,2024-03-01,REG_01,STORE_001,EMP_011,PROD_012,4,217.9,0.01,862.88,mobile,CUST_3070,New
TXN_202403_007102,2024-03-20,REG_09,STORE_026,EMP_025,PROD_020,2,191.12,0.16,321.08,mobile,CUST_8751,VIP
TXN_202403_007103,2024-03-09,REG_07,STORE_021,EMP_007,PROD_023,4,118.46,0.02,464.36,credit,CUST_8621,New
TXN_202403_007104,2024-03-11,REG_04,STORE_011,EMP_029,PROD_021,2,391.27,0.03,759.06,card,CUST_2800,Premium
TXN_202403_007105,2024-03-10,REG_03,STORE_008,EMP_014,PROD_027,3,132.1,0.28,285.34,card,CUST_2569,New
TXN_202403_007106,2024-03-23,REG_03,STORE_009,EMP_014,PROD_005,1,64.18,0.12,56.48,card,CUST_4743,VIP
TXN_202403_007107,2024-03-02,REG_01,STORE_002,EMP_019,PROD_027,3,166.54,0.09,454.65,mobile,CUST_9424,Premium
TXN_202403_007108,2024-03-04,REG_06,STORE_016,EMP_006,PROD_048,5,385.53,0.26,1426.46,mobile,CUST_1708,Premium
TXN_202403_007109,2024-03-29,REG_04,STORE_011,EMP_030,PROD_013,1,278.81,0.07,259.29,mobile,CUST_9169,New
TXN_202403_007110,2024-03-13,REG_07,STORE_020,EMP_007,PROD_021,2,299.26,0.07,556.62,cash,CUST_4091,Regular
TXN_202403_007111,2024-03-22,REG_09,STORE_025,EMP_022,PROD_044,5,383.05,0.18,1570.51,mobile,CUST_1643,Regular
TXN_202403_007112,2024-03-29,REG_08,STORE_022,EMP_008,PROD_008,3,392.13,0.18,964.64,credit,CUST_4547,Regular
TXN_202403_007113,2024-03-15,REG_07,STORE_019,EMP_007,PROD_038,4,33.31,0.09,121.25,cash,CUST_4392,Regular
TXN_202403_007114,2024-03-24,REG_09,STORE_025,EMP_009,PROD_025,3,294.6,0.13,768.91,mobile,CUST_6609,New
TXN_202403_007115,2024-03-02,REG_09,STORE_027,EMP_009,PROD_026,5,461.63,0.1,2077.34,mobile,CUST_1756,Regular
TXN_202403_007116,2024-03-08,REG_05,STORE_015,EMP_021,PROD_037,5,83.46,0.17,346.36,credit,CUST_5377,Regular
TXN_202403_007117,2024-03-07,REG_09,STORE_026,EMP_009,PROD_042,2,247.99,0.22,386.86,card,CUST_2707,VIP
TXN_202403_007118,2024-03-13,REG_08,STORE_023,EMP_008,PROD_014,5,374.46,0.25,1404.22,cash,CUST_3186,Regular
TXN_202403_007119,2024-03-02,REG_06,STORE_018,EMP_006,PROD_027,5,380.13,0.16,1596.55,card,CUST_4328,New
TXN_202403_007120,2024-03-18,REG_05,STORE_015,EMP_005,PROD_046,2,228.01,0.22,355.7,credit,CUST_3847,Premium
TXN_202403_007121,2024-03-30,REG_06,STORE_017,EMP_006,PROD_035,2,186.34,0.29,264.6,credit,CUST_3138,Regular
TXN_202403_007122,2024-03-01,REG_04,STORE_012,EMP_004,PROD_002,1,207.12,0.3,144.98,credit,CUST_7459,New
TXN_202403_007123,2024-03-30,REG_09,STORE_025,EMP_025,PROD_038,2,97.63,0.16,164.02,credit,CUST_7895,Regular
TXN_202403_007124,2024-03-31,REG_03,STORE_007,EMP_014,PROD_019,2,64.27,0.1,115.69,mobile,CUST_8665,New
TXN_202403_007125,2024-03-11,REG_04,STORE_012,EMP_024,PROD_008,2,421.23,0.27,615.0,cash,CUST_4558,Regular
TXN_202403_007126,2024-03-27,REG_08,STORE_024,EMP_012,PROD_049,2,401.53,0.1,722.75,credit,CUST_1514,VIP
TXN_202403_007127,2024-03-20,REG_05,STORE_014,EMP_021,PROD_045,3,318.73,0.21,755.39,cash,CUST_1239,New
TXN_202403_007128,2024-03-16,REG_05,STORE_015,EMP_005,PROD_011,3,401.21,0.09,1095.3,cash,CUST_7149,Regular
TXN_202403_007129,2024-03-09,REG_09,STORE_027,EMP_022,PROD_017,2,425.74,0.15,723.76,card,CUST_1739,Premium
TXN_202403_007130,2024-03-07,REG_09,STORE_026,EMP_027,PROD_048,5,397.33,0.13,1728.39,credit,CUST_5402,Regular
TXN_202403_007131,2024-03-01,REG_05,STORE_014,EMP_005,PROD_035,4,43.23,0.05,164.27,card,CUST_3337,Premium
TXN_202403_007132,2024-03-08,REG_09,STORE_025,EMP_027,PROD_019,3,114.87,0.26,255.01,cash,CUST_1133,Premium
TXN_202403_007133,2024-03-14,REG_07,STORE_021,EMP_007,PROD_041,5,110.07,0.08,506.32,cash,CUST_7753,Premium
TXN_202403_007134,2024-03-25,REG_02,STORE_004,EMP_002,PROD_048,4,427.03,0.03,1656.88,mobile,CUST_7465,Premium
TXN_202403_007135,2024-03-08,REG_06,STORE_016,EMP_006,PROD_027,2,464.15,0.15,789.05,cash,CUST_8756,Premium
TXN_202403_007136,2024-03-05,REG_08,STORE_023,EMP_012,PROD_049,4,231.16,0.12,813.68,cash,CUST_7708,New
TXN_202403_007137,2024-03-30,REG_04,STORE_012,EMP_024,PROD_050,3,362.81,0.02,1066.66,credit,CUST_5082,Regular
TXN_202403_007138,2024-03-24,REG_08,STORE_024,EMP_015,PROD_025,3,184.43,0.26,409.43,credit,CUST_1452,Premium
TXN_202403_007139,2024-03-05,REG_01,STORE_002,EMP_001,PROD_040,1,275.77,0.05,261.98,mobile,CUST_3276,New
TXN_202403_007140,2024-03-14,REG_07,STORE_020,EMP_007,PROD_034,2,14.11,0.2,22.58,mobile,CUST_7783,New
TXN_202403_007141,2024-03-04,REG_09,STORE_027,EMP_009,PROD_002,5,202.05,0.18,828.41,cash,CUST_8030,New
TXN_202403_007142,2024-03-21,REG_01,STORE_001,EMP_001,PROD_047,2,290.42,0.05,551.8,credit,CUST_1451,VIP
TXN_202403_007143,2024-03-12,REG_05,STORE_013,EMP_005,PROD_030,3,209.65,0.09,572.34,cash,CUST_8095,VIP
TXN_202403_007144,2024-03-22,REG_08,STORE_024,EMP_023,PROD_027,4,93.43,0.03,362.51,card,CUST_4361,Premium
TXN_202403_007145,2024-03-30,REG_08,STORE_023,EMP_012,PROD_022,1,332.38,0.03,322.41,credit,CUST_3368,Regular
TXN_202403_007146,2024-03-28,REG_04,STORE_010,EMP_026,PROD_006,3,341.65,0.17,850.71,mobile,CUST_5512,VIP
TXN_202403_007147,2024-03-04,REG_03,STORE_008,EMP_003,PROD_029,1,305.64,0.2,244.51,card,CUST_5423,Regular
TXN_202403_007148,2024-03-25,REG_05,STORE_013,EMP_021,PROD_016,1,472.9,0.22,368.86,mobile,CUST_6407,Regular
TXN_202403_007149,2024-03-10,REG_01,STORE_002,EMP_011,PROD_026,4,119.71,0.28,344.76,cash,CUST_2746,New
TXN_202403_007150,2024-03-15,REG_04,STORE_012,EMP_024,PROD_018,5,225.93,0.09,1027.98,card,CUST_5731,Regular
TXN_202403_007151,2024-03-20,REG_03,STORE_009,EMP_003,PROD_004,2,10.84,0.25,16.26,card,CUST_7604,New
TXN_202403_007152,2024-03-21,REG_06,STORE_017,EMP_006,PROD_047,3,133.95,0.29,285.31,card,CUST_1138,Premium
TXN_202403_007153,2024-03-29,REG_08,STORE_023,EMP_023,PROD_046,5,230.07,0.09,1046.82,card,CUST_7160,Premium
TXN_202403_007154,2024-03-24,REG_01,STORE_001,EMP_001,PROD_033,2,342.96,0.17,569.31,credit,CUST_6175,Regular
TXN_202403_007155,2024-03-13,REG_06,STORE_016,EMP_006,PROD_023,4,61.11,0.04,234.66,credit,CUST_2599,VIP
TXN_202403_007156,2024-03-28,REG_03,STORE_009,EMP_014,PROD_030,3,150.32,0.26,333.71,cash,CUST_3657,New
TXN_202403_007157,2024-03-13,REG_08,STORE_023,EMP_023,PROD_006,4,78.83,0.26,233.34,card,CUST_6743,Premium
TXN_202403_007158,2024-03-19,REG_09,STORE_027,EMP_009,PROD_030,4,383.47,0.19,1242.44,cash,CUST_9580,Premium
TXN_202403_007159,2024-03-23,REG_09,STORE_025,EMP_009,PROD_020,1,348.94,0.01,345.45,card,CUST_7882,Premium
TXN_202403_007160,2024-03-15,REG_09,STORE_027,EMP_022,PROD_046,4,406.3,0.27,1186.4,credit,CUST_9450,Regular
TXN_202403_007161,2024-03-06,REG_05,STORE_014,EMP_005,PROD_019,5,371.37,0.22,1448.34,cash,CUST_1036,Premium
TXN_202403_007162,2024-03-22,REG_09,STORE_026,EMP_025,PROD_036,1,73.22,0.25,54.91,mobile,CUST_5265,New
TXN_202403_007163,2024-03-29,REG_02,STORE_005,EMP_002,PROD_026,3,412.2,0.16,1038.74,mobile,CUST_8827,Premium
TXN_202403_007164,2024-03-03,REG_01,STORE_001,EMP_018,PROD_009,2,352.96,0.27,515.32,credit,CUST_3355,New
TXN_202403_007165,2024-03-11,REG_09,STORE_026,EMP_027,PROD_043,1,332.71,0.08,306.09,card,CUST_9097,New
TXN_202403_007166,2024-03-11,REG_02,STORE_005,EMP_002,PROD_036,4,197.88,0.0,791.52,credit,CUST_5967,New
TXN_202403_007167,2024-03-26,REG_01,STORE_001,EMP_011,PROD_006,5,222.82,0.21,880.14,mobile,CUST_6291,VIP
TXN_202403_007168,2024-03-09,REG_07,STORE_019,EMP_007,PROD_013,1,269.06,0.05,255.61,card,CUST_4102,New
TXN_202403_007169,2024-03-29,REG_10,STORE_029,EMP_020,PROD_041,2,358.89,0.17,595.76,card,CUST_6210,Regular
TXN_202403_007170,2024-03-16,REG_09,STORE_026,EMP_022,PROD_013,1,104.54,0.29,74.22,card,CUST_3199,Premium
TXN_202403_007171,2024-03-12,REG_10,STORE_029,EMP_010,PROD_033,1,308.04,0.19,249.51,credit,CUST_1076,VIP
TXN_202403_007172,2024-03-04,REG_05,STORE_014,EMP_005,PROD_010,4,444.54,0.03,1724.82,card,CUST_8822,New
TXN_202403_007173,2024-03-24,REG_07,STORE_021,EMP_007,PROD_010,1,83.85,0.0,83.85,mobile,CUST_1815,New
TXN_202403_007174,2024-03-20,REG_06,STORE_018,EMP_006,PROD_024,1,284.32,0.18,233.14,cash,CUST_9871,Premium
TXN_202403_007175,2024-03-11,REG_03,STORE_007,EMP_003,PROD_032,4,248.75,0.02,975.1,card,CUST_3994,VIP
TXN_202403_007176,2024-03-18,REG_09,STORE_026,EMP_009,PROD_039,4,378.3,0.09,1377.01,credit,CUST_8002,Regular
TXN_202403_007177,2024-03-30,REG_08,STORE_022,EMP_015,PROD_036,2,493.52,0.07,917.95,card,CUST_7385,Premium
TXN_202403_007178,2024-03-26,REG_04,STORE_011,EMP_024,PROD_030,2,488.34,0.07,908.31,mobile,CUST_6487,Regular
TXN_202403_007179,2024-03-07,REG_04,STORE_010,EMP_004,PROD_028,1,123.22,0.01,121.99,mobile,CUST_3924,VIP
TXN_202403_007180,2024-03-13,REG_10,STORE_028,EMP_028,PROD_001,1,396.95,0.08,365.19,cash,CUST_7063,Regular
TXN_202403_007181,2024-03-10,REG_08,STORE_022,EMP_023,PROD_032,4,163.86,0.28,471.92,credit,CUST_6266,Premium
TXN_202403_007182,2024-03-20,REG_05,STORE_014,EMP_005,PROD_007,1,141.18,0.27,103.06,credit,CUST_2856,Premium
TXN_202403_007183,2024-03-15,REG_05,STORE_013,EMP_005,PROD_018,4,428.87,0.03,1664.02,mobile,CUST_8291,VIP
TXN_202403_007184,2024-03-06,REG_01,STORE_001,EMP_018,PROD_044,4,145.65,0.1,524.34,mobile,CUST_6592,Premium
TXN_202403_007185,2024-03-24,REG_08,STORE_022,EMP_015,PROD_038,2,291.84,0.22,455.27,card,CUST_5546,Premium
TXN_202403_007186,2024-03-02,REG_01,STORE_001,EMP_019,PROD_040,1,128.25,0.15,109.01,credit,CUST_9508,Premium
TXN_202403_007187,2024-03-24,REG_08,STORE_022,EMP_012,PROD_039,3,296.75,0.25,667.69,mobile,CUST_8992,Premium
TXN_202403_007188,2024-03-19,REG_04,STORE_010,EMP_026,PROD_001,3,344.71,0.21,816.96,card,CUST_3045,Regular
TXN_202403_007189,2024-03-03,REG_01,STORE_002,EMP_018,PROD_024,1,440.75,0.17,365.82,card,CUST_9849,Regular
TXN_202403_007190,2024-03-01,REG_02,STORE_006,EMP_002,PROD_040,1,476.88,0.15,405.35,mobile,CUST_2250,Premium
TXN_202403_007191,2024-03-11,REG_09,STORE_027,EMP_009,PROD_032,3,122.17,0.13,318.86,card,CUST_9067,Premium
TXN_202403_007192,2024-03-08,REG_03,STORE_008,EMP_014,PROD_005,3,66.6,0.19,161.84,mobile,CUST_5483,VIP
TXN_202403_007193,2024-03-02,REG_10,STORE_028,EMP_028,PROD_002,3,219.35,0.16,552.76,cash,CUST_2922,Regular
TXN_202403_007194,2024-03-11,REG_08,STORE_022,EMP_012,PROD_014,2,485.62,0.13,844.98,card,CUST_6477,Regular
TXN_202403_007195,2024-03-25,REG_02,STORE_005,EMP_002,PROD_004,5,114.98,0.12,505.91,credit,CUST_7611,Regular
TXN_202403_007196,2024-03-14,REG_01,STORE_001,EMP_018,PROD_004,1,126.06,0.17,104.63,credit,CUST_2143,VIP
TXN_202403_007197,2024-03-20,REG_02,STORE_004,EMP_002,PROD_034,2,41.73,0.03,80.96,credit,CUST_3843,VIP
TXN_202403_007198,2024-03-01,REG_01,STORE_002,EMP_001,PROD_033,5,144.85,0.13,630.1,mobile,CUST_5167,New
TXN_202403_007199,2024-03-17,REG_08,STORE_023,EMP_008,PROD_036,3,53.15,0.29,113.21,credit,CUST_2860,VIP
TXN_202403_007200,2024-03-01,REG_09,STORE_026,EMP_022,PROD_014,2,375.04,0.1,675.07,credit,CUST_9770,New
TXN_202403_007201,2024-03-27,REG_01,STORE_002,EMP_019,PROD_011,4,456.64,0.12,1607.37,mobile,CUST_5695,Premium
TXN_202403_007202,2024-03-22,REG_07,STORE_020,EMP_007,PROD_042,4,279.58,0.1,1006.49,credit,CUST_3116,VIP
TXN_202403_007203,2024-03-06,REG_01,STORE_001,EMP_018,PROD_023,1,298.48,0.1,268.63,cash,CUST_1390,Premium
TXN_202403_007204,2024-03-06,REG_07,STORE_021,EMP_007,PROD_032,5,316.64,0.06,1488.21,card,CUST_6799,Premium
TXN_202403_007205,2024-03-15,REG_02,STORE_005,EMP_002,PROD_044,1,178.89,0.27,130.59,cash,CUST_4490,Regular
TXN_202403_007206,2024-03-02,REG_03,STORE_007,EMP_003,PROD_007,2,55.54,0.17,92.2,card,CUST_6787,Regular
TXN_202403_007207,2024-03-14,REG_10,STORE_030,EMP_020,PROD_015,5,312.99,0.18,1283.26,card,CUST_4794,New
TXN_202403_007208,2024-03-02,REG_06,STORE_017,EMP_006,PROD_012,4,433.13,0.17,1437.99,credit,CUST_9354,Premium
TXN_202403_007209,2024-03-17,REG_02,STORE_004,EMP_002,PROD_035,5,442.23,0.22,1724.7,credit,CUST_8755,VIP
TXN_202403_007210,2024-03-31,REG_06,STORE_018,EMP_006,PROD_044,1,304.02,0.11,270.58,cash,CUST_1063,VIP
TXN_202403_007211,2024-03-03,REG_08,STORE_022,EMP_015,PROD_028,2,496.28,0.15,843.68,credit,CUST_6105,Premium
TXN_202403_007212,2024-03-15,REG_06,STORE_017,EMP_006,PROD_020,5,122.79,0.15,521.86,cash,CUST_5571,Regular
TXN_202403_007213,2024-03-11,REG_07,STORE_021,EMP_007,PROD_011,2,198.14,0.21,313.06,card,CUST_9621,Regular
TXN_202403_007214,2024-03-18,REG_06,STORE_017,EMP_006,PROD_013,5,360.02,0.29,1278.07,cash,CUST_5396,Regular
TXN_202403_007215,2024-03-20,REG_10,STORE_029,EMP_017,PROD_015,4,235.67,0.01,933.25,mobile,CUST_6228,Regular
TXN_202403_007216,2024-03-04,REG_03,STORE_009,EMP_014,PROD_050,1,432.13,0.05,410.52,card,CUST_7697,New
TXN_202403_007217,2024-03-15,REG_06,STORE_017,EMP_006,PROD_002,4,306.45,0.21,968.38,card,CUST_7432,Regular
TXN_202403_007218,2024-03-22,REG_03,STORE_008,EMP_003,PROD_011,1,204.99,0.08,188.59,cash,CUST_8147,Regular
TXN_202403_007219,2024-03-14,REG_04,STORE_011,EMP_024,PROD_050,4,90.08,0.06,338.7,card,CUST_4664,VIP
TXN_202403_007220,2024-03-30,REG_09,STORE_025,EMP_022,PROD_045,3,74.12,0.12,195.68,mobile,CUST_3769,Regular
TXN_202403_007221,2024-03-05,REG_07,STORE_019,EMP_007,PROD_039,4,341.1,0.27,996.01,card,CUST_3871,VIP
TXN_202403_007222,2024-03-07,REG_10,STORE_030,EMP_017,PROD_021,3,408.79,0.08,1128.26,credit,CUST_7608,New
TXN_202403_007223,2024-03-16,REG_05,STORE_014,EMP_021,PROD_038,1,27.92,0.23,21.5,cash,CUST_4104,New
TXN_202403_007224,2024-03-13,REG_09,STORE_025,EMP_022,PROD_018,5,198.86,0.14,855.1,mobile,CUST_6425,New
TXN_202403_007225,2024-03-01,REG_05,STORE_013,EMP_021,PROD_008,5,68.73,0.02,336.78,card,CUST_4661,VIP
TXN_202403_007226,2024-03-03,REG_03,STORE_007,EMP_003,PROD_014,1,312.42,0.16,262.43,credit,CUST_9634,VIP
TXN_202403_007227,2024-03-31,REG_08,STORE_024,EMP_012,PROD_039,5,197.34,0.04,947.23,card,CUST_9363,Regular
TXN_202403_007228,2024-03-26,REG_04,STORE_010,EMP_024,PROD_050,1,101.28,0.18,83.05,mobile,CUST_5320,VIP
TXN_202403_007229,2024-03-11,REG_04,STORE_011,EMP_024,PROD_039,2,19.38,0.15,32.95,card,CUST_8209,New
TXN_202403_007230,2024-03-25,REG_07,STORE_020,EMP_007,PROD_015,1,435.57,0.15,370.23,credit,CUST_6331,VIP
TXN_202403_007231,2024-03-05,REG_07,STORE_020,EMP_007,PROD_044,4,224.88,0.24,683.64,credit,CUST_1008,Regular
TXN_202403_007232,2024-03-20,REG_06,STORE_018,EMP_006,PROD_049,2,193.68,0.3,271.15,card,CUST_1189,Regular
TXN_202403_007233,2024-03-28,REG_01,STORE_003,EMP_018,PROD_049,2,118.23,0.29,167.89,cash,CUST_2437,Premium
TXN_202403_007234,2024-03-07,REG_09,STORE_026,EMP_009,PROD_005,1,245.02,0.05,232.77,card,CUST_5016,Regular
TXN_202403_007235,2024-03-16,REG_03,STORE_008,EMP_003,PROD_016,5,66.34,0.02,325.07,card,CUST_5642,New
TXN_202403_007236,2024-03-24,REG_08,STORE_024,EMP_012,PROD_011,1,459.71,0.17,381.56,credit,CUST_4101,Regular
TXN_202403_007237,2024-03-16,REG_01,STORE_001,EMP_001,PROD_002,2,185.91,0.24,282.58,card,CUST_9007,Regular
TXN_202403_007238,2024-03-19,REG_01,STORE_001,EMP_018,PROD_020,2,357.74,0.11,636.78,cash,CUST_7430,Regular
TXN_202403_007239,2024-03-26,REG_05,STORE_015,EMP_005,PROD_018,5,162.44,0.28,584.78,card,CUST_1994,VIP
TXN_202403_007240,2024-03-23,REG_07,STORE_021,EMP_007,PROD_004,2,167.81,0.08,308.77,card,CUST_5983,VIP
TXN_202403_007241,2024-03-01,REG_02,STORE_006,EMP_002,PROD_042,5,333.34,0.22,1300.03,cash,CUST_7068,New
TXN_202403_007242,2024-03-24,REG_08,STORE_023,EMP_023,PROD_038,5,202.11,0.07,939.81,credit,CUST_1170,Regular
TXN_202403_007243,2024-03-19,REG_09,STORE_027,EMP_025,PROD_018,4,323.47,0.0,1293.88,credit,CUST_6680,New
TXN_202403_007244,2024-03-31,REG_09,STORE_026,EMP_025,PROD_020,2,42.28,0.05,80.33,cash,CUST_1328,Premium
TXN_202403_007245,2024-03-21,REG_08,STORE_022,EMP_023,PROD_024,4,467.37,0.28,1346.03,card,CUST_1919,Premium
TXN_202403_007246,2024-03-22,REG_08,STORE_024,EMP_008,PROD_046,1,358.99,0.2,287.19,cash,CUST_9475,New
TXN_202403_007247,2024-03-22,REG_08,STORE_022,EMP_023,PROD_017,1,284.66,0.11,253.35,card,CUST_3852,Regular
TXN_202403_007248,2024-03-25,REG_04,STORE_010,EMP_029,PROD_016,5,222.03,0.07,1032.44,mobile,CUST_1910,Premium
TXN_202403_007249,2024-03-26,REG_06,STORE_017,EMP_006,PROD_047,5,22.67,0.23,87.28,credit,CUST_8322,VIP
TXN_202403_007250,2024-03-15,REG_02,STORE_005,EMP_002,PROD_050,5,275.79,0.01,1365.16,card,CUST_7475,Regular
TXN_202403_007251,2024-03-29,REG_02,STORE_006,EMP_002,PROD_027,4,432.26,0.08,1590.72,card,CUST_3651,New
TXN_202403_007252,2024-03-03,REG_06,STORE_017,EMP_006,PROD_004,3,247.05,0.2,592.92,cash,CUST_6808,VIP
TXN_202403_007253,2024-03-21,REG_10,STORE_030,EMP_020,PROD_039,3,340.76,0.19,828.05,mobile,CUST_6940,Regular
TXN_202403_007254,2024-03-25,REG_04,STORE_010,EMP_029,PROD_050,1,225.95,0.28,162.68,cash,CUST_8923,Premium
TXN_202403_007255,2024-03-19,REG_01,STORE_001,EMP_018,PROD_036,5,392.15,0.11,1745.07,credit,CUST_8329,Regular
TXN_202403_007256,2024-03-26,REG_09,STORE_026,EMP_025,PROD_014,5,332.36,0.22,1296.2,mobile,CUST_6094,Regular
TXN_202403_007257,2024-03-29,REG_08,STORE_022,EMP_023,PROD_049,1,272.09,0.28,195.9,credit,CUST_1764,VIP
TXN_202403_007258,2024-03-14,REG_02,STORE_005,EMP_002,PROD_029,3,280.61,0.18,690.3,card,CUST_7585,Regular
TXN_202403_007259,2024-03-26,REG_10,STORE_029,EMP_017,PROD_004,3,266.02,0.04,766.14,cash,CUST_1665,VIP
TXN_202403_007260,2024-03-07,REG_04,STORE_012,EMP_016,PROD_003,4,128.59,0.25,385.77,card,CUST_9691,Premium
TXN_202403_007261,2024-03-09,REG_01,STORE_003,EMP_019,PROD_008,5,255.84,0.06,1202.45,mobile,CUST_2751,New
TXN_202403_007262,2024-03-08,REG_06,STORE_016,EMP_006,PROD_014,4,55.58,0.23,171.19,cash,CUST_1070,Premium
TXN_202403_007263,2024-03-30,REG_10,STORE_028,EMP_010,PROD_045,1,54.23,0.21,42.84,credit,CUST_5920,VIP
TXN_202403_007264,2024-03-24,REG_03,STORE_008,EMP_003,PROD_030,3,55.35,0.06,156.09,card,CUST_9377,VIP
TXN_202403_007265,2024-03-15,REG_08,STORE_023,EMP_015,PROD_036,2,427.73,0.1,769.91,credit,CUST_1598,VIP
TXN_202403_007266,2024-03-08,REG_08,STORE_024,EMP_008,PROD_029,5,479.65,0.07,2230.37,credit,CUST_7059,Regular
TXN_202403_007267,2024-03-13,REG_01,STORE_003,EMP_001,PROD_012,4,39.16,0.09,142.54,cash,CUST_8671,New
TXN_202403_007268,2024-03-07,REG_10,STORE_029,EMP_020,PROD_030,3,483.12,0.18,1188.48,card,CUST_5306,Regular
TXN_202403_007269,2024-03-10,REG_03,STORE_008,EMP_014,PROD_016,3,23.58,0.18,58.01,cash,CUST_9394,Regular
TXN_202403_007270,2024-03-17,REG_03,STORE_009,EMP_003,PROD_007,2,321.15,0.11,571.65,cash,CUST_1850,Premium
TXN_202403_007271,2024-03-11,REG_08,STORE_023,EMP_023,PROD_005,1,18.39,0.1,16.55,card,CUST_7919,New
TXN_202403_007272,2024-03-02,REG_07,STORE_021,EMP_007,PROD_034,3,306.64,0.06,864.72,card,CUST_1686,Regular
TXN_202403_007273,2024-03-07,REG_01,STORE_001,EMP_011,PROD_003,3,370.31,0.19,899.85,mobile,CUST_6906,VIP
TXN_202403_007274,2024-03-23,REG_05,STORE_013,EMP_005,PROD_037,4,91.03,0.15,309.5,credit,CUST_7013,VIP
TXN_202403_007275,2024-03-30,REG_06,STORE_018,EMP_006,PROD_007,3,302.87,0.03,881.35,mobile,CUST_1777,VIP
TXN_202403_007276,2024-03-10,REG_06,STORE_018,EMP_006,PROD_037,3,108.94,0.13,284.33,card,CUST_9847,Regular
TXN_202403_007277,2024-03-07,REG_01,STORE_001,EMP_019,PROD_001,2,281.44,0.03,545.99,card,CUST_4523,VIP
TXN_202403_007278,2024-03-02,REG_07,STORE_019,EMP_007,PROD_002,2,173.72,0.19,281.43,cash,CUST_1170,VIP
TXN_202403_007279,2024-03-29,REG_03,STORE_009,EMP_014,PROD_010,2,408.52,0.19,661.8,credit,CUST_1909,Regular
TXN_202403_007280,2024-03-14,REG_09,STORE_027,EMP_027,PROD_025,2,408.23,0.07,759.31,credit,CUST_9124,VIP
TXN_202403_007281,2024-03-11,REG_03,STORE_009,EMP_014,PROD_023,2,262.05,0.2,419.28,card,CUST_2398,Premium
TXN_202403_007282,2024-03-11,REG_09,STORE_026,EMP_025,PROD_033,1,61.55,0.13,53.55,cash,CUST_1186,New
TXN_202403_007283,2024-03-26,REG_01,STORE_003,EMP_018,PROD_041,2,98.94,0.21,156.33,card,CUST_2304,Regular
TXN_202403_007284,2024-03-03,REG_08,STORE_024,EMP_015,PROD_033,1,401.29,0.13,349.12,card,CUST_2792,VIP
TXN_202403_007285,2024-03-19,REG_08,STORE_022,EMP_015,PROD_003,3,385.45,0.14,994.46,credit,CUST_3446,New
TXN_202403_007286,2024-03-25,REG_10,STORE_029,EMP_013,PROD_029,2,466.24,0.03,904.51,cash,CUST_2033,New
TXN_202403_007287,2024-03-27,REG_08,STORE_022,EMP_023,PROD_026,4,496.57,0.06,1867.1,mobile,CUST_1891,Regular
TXN_202403_007288,2024-03-12,REG_09,STORE_025,EMP_025,PROD_050,3,128.93,0.03,375.19,mobile,CUST_3150,Premium
TXN_202403_007289,2024-03-01,REG_02,STORE_004,EMP_002,PROD_009,1,272.39,0.09,247.87,mobile,CUST_1752,New
TXN_202403_007290,2024-03-20,REG_08,STORE_022,EMP_015,PROD_037,1,442.46,0.25,331.84,credit,CUST_6102,Premium
TXN_202403_007291,2024-03-09,REG_05,STORE_015,EMP_021,PROD_045,3,18.49,0.29,39.38,cash,CUST_1447,New
TXN_202403_007292,2024-03-02,REG_08,STORE_023,EMP_008,PROD_039,5,426.16,0.27,1555.48,mobile,CUST_4200,VIP
TXN_202403_007293,2024-03-18,REG_03,STORE_009,EMP_003,PROD_031,3,101.88,0.19,247.57,credit,CUST_8858,Premium
TXN_202403_007294,2024-03-16,REG_07,STORE_019,EMP_007,PROD_024,5,234.77,0.22,915.6,credit,CUST_9874,VIP
TXN_202403_007295,2024-03-04,REG_05,STORE_013,EMP_005,PROD_028,1,462.6,0.06,434.84,mobile,CUST_7479,VIP
TXN_202403_007296,2024-03-01,REG_09,STORE_027,EMP_009,PROD_022,1,147.66,0.27,107.79,card,CUST_5013,New
TXN_202403_007297,2024-03-04,REG_09,STORE_025,EMP_025,PROD_046,5,230.41,0.05,1094.45,card,CUST_9651,VIP
TXN_202403_007298,2024-03-20,REG_02,STORE_004,EMP_002,PROD_043,1,227.14,0.13,197.61,cash,CUST_7952,Premium
TXN_202403_007299,2024-03-28,REG_10,STORE_029,EMP_017,PROD_026,1,304.83,0.1,274.35,cash,CUST_5780,Premium
TXN_202403_007300,2024-03-25,REG_01,STORE_002,EMP_011,PROD_042,2,389.71,0.22,607.95,cash,CUST_1762,Premium
TXN_202403_007301,2024-03-13,REG_06,STORE_017,EMP_006,PROD_039,2,352.94,0.23,543.53,mobile,CUST_6810,Premium
TXN_202403_007302,2024-03-24,REG_08,STORE_022,EMP_015,PROD_016,5,122.33,0.01,605.53,card,CUST_3315,New
TXN_202403_007303,2024-03-24,REG_04,STORE_010,EMP_016,PROD_039,3,291.7,0.22,682.58,credit,CUST_4021,New
TXN_202403_007304,2024-03-31,REG_06,STORE_018,EMP_006,PROD_036,1,414.46,0.2,331.57,mobile,CUST_7209,Regular
TXN_202403_007305,2024-03-10,REG_10,STORE_028,EMP_010,PROD_009,2,74.58,0.17,123.8,mobile,CUST_6663,Regular
TXN_202403_007306,2024-03-09,REG_01,STORE_003,EMP_011,PROD_001,5,431.06,0.06,2025.98,cash,CUST_7801,VIP
TXN_202403_007307,2024-03-03,REG_04,STORE_011,EMP_029,PROD_050,3,374.88,0.25,843.48,credit,CUST_3667,Regular
TXN_202403_007308,2024-03-28,REG_03,STORE_007,EMP_014,PROD_001,3,460.6,0.19,1119.26,card,CUST_8499,VIP
TXN_202403_007309,2024-03-21,REG_09,STORE_026,EMP_022,PROD_011,2,471.38,0.16,791.92,credit,CUST_6873,Regular
TXN_202403_007310,2024-03-02,REG_02,STORE_005,EMP_002,PROD_028,2,92.97,0.09,169.21,credit,CUST_5952,Premium
TXN_202403_007311,2024-03-26,REG_03,STORE_009,EMP_003,PROD_034,3,36.07,0.27,78.99,cash,CUST_9540,VIP
TXN_202403_007312,2024-03-14,REG_09,STORE_025,EMP_025,PROD_023,3,89.82,0.08,247.9,cash,CUST_6804,VIP
TXN_202403_007313,2024-03-28,REG_04,STORE_012,EMP_024,PROD_049,2,232.35,0.1,418.23,credit,CUST_1312,VIP
TXN_202403_007314,2024-03-30,REG_10,STORE_029,EMP_013,PROD_018,4,266.75,0.2,853.6,cash,CUST_4999,VIP
TXN_202403_007315,2024-03-12,REG_03,STORE_008,EMP_014,PROD_050,4,330.17,0.28,950.89,mobile,CUST_8243,VIP
TXN_202403_007316,2024-03-25,REG_06,STORE_017,EMP_006,PROD_002,2,168.32,0.08,309.71,cash,CUST_8001,New
TXN_202403_007317,2024-03-07,REG_05,STORE_013,EMP_021,PROD_030,3,284.43,0.04,819.16,credit,CUST_6741,Regular
TXN_202403_007318,2024-03-20,REG_08,STORE_024,EMP_015,PROD_038,3,124.55,0.16,313.87,card,CUST_6992,Premium
TXN_202403_007319,2024-03-22,REG_10,STORE_028,EMP_017,PROD_028,1,239.2,0.05,227.24,mobile,CUST_2385,Premium
TXN_202403_007320,2024-03-08,REG_03,STORE_008,EMP_003,PROD_013,3,409.03,0.04,1178.01,mobile,CUST_7293,VIP
TXN_202403_007321,2024-03-16,REG_05,STORE_015,EMP_021,PROD_044,5,448.23,0.03,2173.92,mobile,CUST_1840,VIP
TXN_202403_007322,2024-03-12,REG_08,STORE_024,EMP_008,PROD_050,3,373.16,0.03,1085.9,cash,CUST_8896,New
TXN_202403_007323,2024-03-26,REG_05,STORE_013,EMP_005,PROD_014,2,127.86,0.28,184.12,card,CUST_2779,New
TXN_202403_007324,2024-03-26,REG_02,STORE_005,EMP_002,PROD_024,4,112.26,0.18,368.21,card,CUST_7923,Regular
TXN_202403_007325,2024-03-02,REG_01,STORE_003,EMP_011,PROD_018,4,238.07,0.1,857.05,cash,CUST_9914,VIP
TXN_202403_007326,2024-03-18,REG_05,STORE_014,EMP_021,PROD_004,2,287.64,0.2,460.22,card,CUST_5072,Regular
TXN_202403_007327,2024-03-24,REG_10,STORE_029,EMP_028,PROD_013,4,207.47,0.06,780.09,mobile,CUST_1762,Premium
TXN_202403_007328,2024-03-29,REG_09,STORE_026,EMP_022,PROD_050,2,301.71,0.02,591.35,mobile,CUST_1505,VIP
TXN_202403_007329,2024-03-25,REG_01,STORE_001,EMP_018,PROD_008,5,110.43,0.19,447.24,card,CUST_2560,VIP
TXN_202403_007330,2024-03-24,REG_02,STORE_006,EMP_002,PROD_024,1,246.1,0.03,238.72,card,CUST_4390,Regular
TXN_202403_007331,2024-03-05,REG_02,STORE_006,EMP_002,PROD_017,3,299.85,0.02,881.56,mobile,CUST_8253,New
TXN_202403_007332,2024-03-28,REG_08,STORE_022,EMP_023,PROD_008,2,155.6,0.01,308.09,credit,CUST_6935,New
TXN_202403_007333,2024-03-24,REG_02,STORE_004,EMP_002,PROD_005,3,95.71,0.09,261.29,credit,CUST_2128,Premium
TXN_202403_007334,2024-03-04,REG_05,STORE_013,EMP_005,PROD_025,5,108.32,0.22,422.45,card,CUST_6591,VIP
TXN_202403_007335,2024-03-22,REG_08,STORE_022,EMP_015,PROD_022,4,278.09,0.09,1012.25,card,CUST_7107,Regular
TXN_202403_007336,2024-03-26,REG_06,STORE_016,EMP_006,PROD_047,2,189.84,0.22,296.15,card,CUST_3783,Premium
TXN_202403_007337,2024-03-06,REG_07,STORE_019,EMP_007,PROD_019,2,123.57,0.13,215.01,card,CUST_8754,New
TXN_202403_007338,2024-03-17,REG_03,STORE_009,EMP_014,PROD_026,1,207.43,0.06,194.98,card,CUST_3164,Premium
TXN_202403_007339,2024-03-18,REG_02,STORE_004,EMP_002,PROD_043,2,147.73,0.02,289.55,credit,CUST_6415,Regular
TXN_202403_007340,2024-03-05,REG_10,STORE_029,EMP_020,PROD_037,1,208.98,0.13,181.81,mobile,CUST_8102,VIP
TXN_202403_007341,2024-03-30,REG_09,STORE_026,EMP_022,PROD_028,4,475.25,0.14,1634.86,credit,CUST_5300,VIP
TXN_202403_007342,2024-03-25,REG_02,STORE_006,EMP_002,PROD_002,2,442.98,0.27,646.75,mobile,CUST_8577,New
TXN_202403_007343,2024-03-01,REG_02,STORE_004,EMP_002,PROD_017,3,233.25,0.27,510.82,credit,CUST_6231,New
TXN_202403_007344,2024-03-13,REG_08,STORE_022,EMP_023,PROD_038,5,168.09,0.22,655.55,cash,CUST_7538,New
TXN_202403_007345,2024-03-08,REG_05,STORE_014,EMP_021,PROD_006,5,474.35,0.13,2063.42,cash,CUST_2792,Premium
TXN_202403_007346,2024-03-25,REG_06,STORE_018,EMP_006,PROD_027,5,372.96,0.09,1696.97,card,CUST_4902,Regular
TXN_202403_007347,2024-03-05,REG_04,STORE_010,EMP_026,PROD_031,2,168.45,0.21,266.15,cash,CUST_5566,New
TXN_202403_007348,2024-03-20,REG_06,STORE_018,EMP_006,PROD_002,4,163.16,0.24,496.01,card,CUST_2571,Premium
TXN_202403_007349,2024-03-28,REG_04,STORE_010,EMP_004,PROD_002,1,341.96,0.04,328.28,cash,CUST_8121,VIP
TXN_202403_007350,2024-03-05,REG_04,STORE_011,EMP_004,PROD_049,2,190.12,0.23,292.78,cash,CUST_4187,VIP
TXN_202403_007351,2024-03-15,REG_02,STORE_006,EMP_002,PROD_037,3,311.12,0.0,933.36,credit,CUST_8473,VIP
TXN_202403_007352,2024-03-16,REG_08,STORE_023,EMP_015,PROD_032,1,102.06,0.23,78.59,mobile,CUST_7870,New
TXN_202403_007353,2024-03-25,REG_02,STORE_006,EMP_002,PROD_031,3,349.87,0.25,787.21,card,CUST_8767,Regular
TXN_202403_007354,2024-03-12,REG_06,STORE_017,EMP_006,PROD_042,1,329.17,0.13,286.38,card,CUST_1976,Regular
TXN_202403_007355,2024-03-28,REG_06,STORE_018,EMP_006,PROD_029,2,27.5,0.13,47.85,card,CUST_3350,VIP
TXN_202403_007356,2024-03-07,REG_02,STORE_006,EMP_002,PROD_027,2,464.32,0.09,845.06,cash,CUST_3805,New
TXN_202403_007357,2024-03-28,REG_06,STORE_018,EMP_006,PROD_001,1,466.81,0.08,429.47,cash,CUST_1649,VIP
TXN_202403_007358,2024-03-10,REG_09,STORE_027,EMP_022,PROD_047,3,196.29,0.26,435.76,card,CUST_3334,Premium
TXN_202403_007359,2024-03-25,REG_05,STORE_014,EMP_021,PROD_028,4,271.29,0.24,824.72,mobile,CUST_9692,VIP
TXN_202403_007360,2024-03-13,REG_02,STORE_005,EMP_002,PROD_050,4,221.48,0.13,770.75,cash,CUST_7630,Premium
TXN_202403_007361,2024-03-13,REG_04,STORE_011,EMP_026,PROD_050,2,196.59,0.02,385.32,credit,CUST_7156,Premium
TXN_202403_007362,2024-03-17,REG_05,STORE_013,EMP_005,PROD_021,1,117.8,0.26,87.17,mobile,CUST_7063,Premium
TXN_202403_007363,2024-03-13,REG_07,STORE_019,EMP_007,PROD_040,5,57.41,0.01,284.18,credit,CUST_5386,New
TXN_202403_007364,2024-03-16,REG_02,STORE_006,EMP_002,PROD_001,4,105.78,0.16,355.42,cash,CUST_1362,VIP
TXN_202403_007365,2024-03-11,REG_09,STORE_025,EMP_022,PROD_050,2,438.78,0.22,684.5,credit,CUST_4066,Regular
TXN_202403_007366,2024-03-23,REG_08,STORE_024,EMP_008,PROD_008,5,217.24,0.05,1031.89,credit,CUST_4493,New
TXN_202403_007367,2024-03-04,REG_09,STORE_027,EMP_027,PROD_020,4,164.53,0.28,473.85,card,CUST_7672,VIP
TXN_202403_007368,2024-03-18,REG_05,STORE_015,EMP_005,PROD_013,2,302.61,0.17,502.33,cash,CUST_2662,Regular
TXN_202403_007369,2024-03-15,REG_08,STORE_024,EMP_008,PROD_015,3,181.11,0.14,467.26,mobile,CUST_3955,New
TXN_202403_007370,2024-03-06,REG_09,STORE_027,EMP_025,PROD_017,2,302.08,0.13,525.62,cash,CUST_4701,Premium
TXN_202403_007371,2024-03-24,REG_01,STORE_001,EMP_001,PROD_022,1,367.42,0.14,315.98,credit,CUST_9117,Premium
TXN_202403_007372,2024-03-07,REG_05,STORE_013,EMP_005,PROD_040,5,487.16,0.14,2094.79,card,CUST_1991,Premium
TXN_202403_007373,2024-03-04,REG_05,STORE_015,EMP_021,PROD_029,4,293.76,0.19,951.78,mobile,CUST_3008,New
TXN_202403_007374,2024-03-07,REG_08,STORE_022,EMP_023,PROD_008,2,46.71,0.07,86.88,card,CUST_2169,VIP
TXN_202403_007375,2024-03-19,REG_05,STORE_014,EMP_005,PROD_039,4,356.02,0.0,1424.08,cash,CUST_1840,New
TXN_202403_007376,2024-03-22,REG_03,STORE_008,EMP_003,PROD_047,3,99.31,0.21,235.36,credit,CUST_8258,VIP
TXN_202403_007377,2024-03-15,REG_05,STORE_015,EMP_021,PROD_026,4,267.04,0.24,811.8,credit,CUST_2050,Premium
TXN_202403_007378,2024-03-30,REG_02,STORE_006,EMP_002,PROD_018,5,79.47,0.02,389.4,card,CUST_8696,New
TXN_202403_007379,2024-03-26,REG_02,STORE_004,EMP_002,PROD_015,3,102.31,0.0,306.93,card,CUST_1773,Regular
TXN_202403_007380,2024-03-27,REG_04,STORE_010,EMP_016,PROD_015,2,231.78,0.26,343.03,mobile,CUST_1081,New
TXN_202403_007381,2024-03-15,REG_10,STORE_029,EMP_020,PROD_013,1,478.61,0.16,402.03,cash,CUST_7958,VIP
TXN_202403_007382,2024-03-29,REG_03,STORE_008,EMP_003,PROD_017,2,318.85,0.16,535.67,cash,CUST_7892,New
TXN_202403_007383,2024-03-21,REG_04,STORE_012,EMP_024,PROD_019,5,212.42,0.22,828.44,credit,CUST_3516,Regular
TXN_202403_007384,2024-03-01,REG_05,STORE_015,EMP_005,PROD_010,1,407.97,0.24,310.06,credit,CUST_6155,Regular
TXN_202403_007385,2024-03-21,REG_09,STORE_027,EMP_009,PROD_021,2,255.95,0.28,368.57,mobile,CUST_6290,VIP
TXN_202403_007386,2024-03-11,REG_04,STORE_011,EMP_030,PROD_020,3,301.98,0.25,679.46,credit,CUST_4025,VIP
TXN_202403_007387,2024-03-10,REG_04,STORE_012,EMP_024,PROD_009,2,317.43,0.05,603.12,mobile,CUST_7188,New
TXN_202403_007388,2024-03-29,REG_04,STORE_010,EMP_004,PROD_047,3,364.64,0.16,918.89,mobile,CUST_3177,Premium
TXN_202403_007389,2024-03-19,REG_04,STORE_012,EMP_004,PROD_040,5,356.44,0.01,1764.38,card,CUST_2112,Premium
TXN_202403_007390,2024-03-01,REG_07,STORE_020,EMP_007,PROD_046,1,282.25,0.04,270.96,cash,CUST_2648,Premium
TXN_202403_007391,2024-03-22,REG_06,STORE_017,EMP_006,PROD_017,4,277.75,0.12,977.68,card,CUST_7721,Premium
TXN_202403_007392,2024-03-29,REG_06,STORE_017,EMP_006,PROD_028,2,97.08,0.12,170.86,cash,CUST_5072,VIP
TXN_202403_007393,2024-03-04,REG_10,STORE_029,EMP_028,PROD_017,1,424.12,0.15,360.5,card,CUST_8650,New
TXN_202403_007394,2024-03-27,REG_02,STORE_006,EMP_002,PROD_010,2,356.57,0.22,556.25,cash,CUST_1044,Premium
TXN_202403_007395,2024-03-16,REG_03,STORE_009,EMP_003,PROD_038,2,136.79,0.27,199.71,credit,CUST_8996,VIP
TXN_202403_007396,2024-03-28,REG_07,STORE_020,EMP_007,PROD_030,4,22.04,0.24,67.0,mobile,CUST_3085,Premium
TXN_202403_007397,2024-03-27,REG_08,STORE_022,EMP_012,PROD_019,4,233.26,0.1,839.74,card,CUST_1116,New
TXN_202403_007398,2024-03-24,REG_09,STORE_027,EMP_027,PROD_007,3,381.67,0.22,893.11,card,CUST_2148,Premium
TXN_202403_007399,2024-03-24,REG_08,STORE_023,EMP_008,PROD_031,1,228.15,0.08,209.9,cash,CUST_7465,Regular
TXN_202403_007400,2024-03-30,REG_05,STORE_014,EMP_005,PROD_001,3,383.98,0.29,817.88,card,CUST_1888,VIP
TXN_202403_007401,2024-03-28,REG_04,STORE_010,EMP_030,PROD_037,1,349.12,0.22,272.31,card,CUST_7518,New
TXN_202403_007402,2024-03-23,REG_01,STORE_001,EMP_019,PROD_021,4,83.34,0.04,320.03,mobile,CUST_9055,Premium
TXN_202403_007403,2024-03-29,REG_02,STORE_006,EMP_002,PROD_020,2,86.27,0.17,143.21,card,CUST_2957,New
TXN_202403_007404,2024-03-24,REG_08,STORE_024,EMP_015,PROD_028,2,328.56,0.16,551.98,mobile,CUST_3836,VIP
TXN_202403_007405,2024-03-07,REG_09,STORE_026,EMP_025,PROD_037,3,214.35,0.07,598.04,card,CUST_6045,Premium
TXN_202403_007406,2024-03-18,REG_04,STORE_010,EMP_016,PROD_022,2,41.38,0.14,71.17,mobile,CUST_7432,Regular
TXN_202403_007407,2024-03-19,REG_02,STORE_004,EMP_002,PROD_043,5,152.88,0.14,657.38,cash,CUST_5038,VIP
TXN_202403_007408,2024-03-14,REG_06,STORE_016,EMP_006,PROD_003,5,76.87,0.27,280.58,mobile,CUST_8937,Regular
TXN_202403_007409,2024-03-27,REG_02,STORE_004,EMP_002,PROD_044,1,358.43,0.04,344.09,card,CUST_2313,New
TXN_202403_007410,2024-03-03,REG_06,STORE_016,EMP_006,PROD_049,2,141.92,0.04,272.49,cash,CUST_8482,Regular
TXN_202403_007411,2024-03-25,REG_01,STORE_003,EMP_001,PROD_006,2,326.05,0.23,502.12,mobile,CUST_2265,Premium
TXN_202403_007412,2024-03-13,REG_02,STORE_004,EMP_002,PROD_003,1,395.59,0.22,308.56,credit,CUST_4864,Premium
TXN_202403_007413,2024-03-27,REG_06,STORE_016,EMP_006,PROD_001,1,86.71,0.12,76.3,mobile,CUST_2059,Regular
TXN_202403_007414,2024-03-08,REG_05,STORE_014,EMP_021,PROD_035,1,46.74,0.19,37.86,cash,CUST_1733,Regular
TXN_202403_007415,2024-03-28,REG_04,STORE_012,EMP_026,PROD_013,4,245.97,0.21,777.27,cash,CUST_1607,Regular
TXN_202403_007416,2024-03-05,REG_07,STORE_021,EMP_007,PROD_050,2,263.92,0.27,385.32,card,CUST_6393,Premium
TXN_202403_007417,2024-03-28,REG_05,STORE_015,EMP_021,PROD_050,2,465.79,0.18,763.9,card,CUST_5365,Regular
TXN_202403_007418,2024-03-02,REG_05,STORE_013,EMP_005,PROD_001,2,415.65,0.03,806.36,mobile,CUST_8581,VIP
TXN_202403_007419,2024-03-15,REG_03,STORE_007,EMP_014,PROD_011,5,323.67,0.04,1553.62,card,CUST_2596,Regular
TXN_202403_007420,2024-03-07,REG_08,STORE_023,EMP_008,PROD_016,3,35.74,0.16,90.06,credit,CUST_7744,Regular
TXN_202403_007421,2024-03-27,REG_05,STORE_013,EMP_021,PROD_007,4,178.47,0.11,635.35,mobile,CUST_6108,Premium
TXN_202403_007422,2024-03-03,REG_02,STORE_005,EMP_002,PROD_049,1,48.15,0.28,34.67,mobile,CUST_4956,New
TXN_202403_007423,2024-03-16,REG_05,STORE_014,EMP_005,PROD_014,5,417.28,0.27,1523.07,mobile,CUST_6017,Premium
TXN_202403_007424,2024-03-06,REG_06,STORE_016,EMP_006,PROD_044,3,385.63,0.12,1018.06,credit,CUST_2968,New
TXN_202403_007425,2024-03-19,REG_02,STORE_004,EMP_002,PROD_040,4,242.19,0.16,813.76,mobile,CUST_5906,New
TXN_202403_007426,2024-03-17,REG_01,STORE_001,EMP_011,PROD_002,2,173.18,0.06,325.58,card,CUST_8296,Premium
TXN_202403_007427,2024-03-21,REG_06,STORE_016,EMP_006,PROD_006,4,104.91,0.26,310.53,mobile,CUST_8405,New
TXN_202403_007428,2024-03-02,REG_07,STORE_019,EMP_007,PROD_044,5,231.72,0.0,1158.6,card,CUST_2114,Regular
TXN_202403_007429,2024-03-01,REG_06,STORE_017,EMP_006,PROD_050,2,455.14,0.12,801.05,card,CUST_3549,Premium
TXN_202403_007430,2024-03-21,REG_02,STORE_004,EMP_002,PROD_016,1,336.71,0.25,252.53,card,CUST_5391,VIP
TXN_202403_007431,2024-03-07,REG_06,STORE_018,EMP_006,PROD_005,1,173.54,0.18,142.3,mobile,CUST_1656,New
TXN_202403_007432,2024-03-06,REG_04,STORE_012,EMP_026,PROD_036,2,89.71,0.03,174.04,mobile,CUST_1721,Regular
TXN_202403_007433,2024-03-24,REG_06,STORE_016,EMP_006,PROD_003,4,441.92,0.12,1555.56,credit,CUST_8301,Regular
TXN_202403_007434,2024-03-23,REG_01,STORE_003,EMP_011,PROD_048,2,444.2,0.16,746.26,card,CUST_6292,New
TXN_202403_007435,2024-03-07,REG_09,STORE_025,EMP_027,PROD_021,2,206.92,0.01,409.7,mobile,CUST_4888,Premium
TXN_202403_007436,2024-03-26,REG_01,STORE_002,EMP_018,PROD_048,3,77.98,0.15,198.85,cash,CUST_9691,VIP
TXN_202403_007437,2024-03-08,REG_03,STORE_009,EMP_014,PROD_018,3,460.49,0.29,980.84,mobile,CUST_1712,Premium
TXN_202403_007438,2024-03-19,REG_03,STORE_009,EMP_014,PROD_009,1,301.64,0.25,226.23,credit,CUST_7630,Premium
TXN_202403_007439,2024-03-05,REG_05,STORE_013,EMP_005,PROD_046,4,271.16,0.17,900.25,cash,CUST_1132,Premium
TXN_202403_007440,2024-03-05,REG_05,STORE_013,EMP_021,PROD_017,2,169.64,0.09,308.74,cash,CUST_4920,Premium
TXN_202403_007441,2024-03-07,REG_06,STORE_018,EMP_006,PROD_009,3,418.1,0.21,990.9,cash,CUST_9116,New
TXN_202403_007442,2024-03-23,REG_04,STORE_012,EMP_026,PROD_033,3,316.5,0.12,835.56,cash,CUST_9368,Regular
TXN_202403_007443,2024-03-24,REG_08,STORE_022,EMP_008,PROD_013,5,417.02,0.17,1730.63,mobile,CUST_9400,VIP
TXN_202403_007444,2024-03-08,REG_10,STORE_028,EMP_017,PROD_015,3,432.87,0.27,947.99,credit,CUST_4204,New
TXN_202403_007445,2024-03-28,REG_06,STORE_017,EMP_006,PROD_001,1,245.48,0.05,233.21,mobile,CUST_4632,Regular
TXN_202403_007446,2024-03-27,REG_09,STORE_025,EMP_025,PROD_028,5,311.64,0.12,1371.22,mobile,CUST_6149,Regular
TXN_202403_007447,2024-03-11,REG_07,STORE_020,EMP_007,PROD_009,3,182.88,0.02,537.67,card,CUST_4358,New
TXN_202403_007448,2024-03-01,REG_07,STORE_019,EMP_007,PROD_032,4,443.01,0.18,1453.07,card,CUST_1576,Regular
TXN_202403_007449,2024-03-12,REG_03,STORE_009,EMP_014,PROD_037,2,351.72,0.09,640.13,card,CUST_5973,Regular
TXN_202403_007450,2024-03-30,REG_09,STORE_026,EMP_025,PROD_010,4,23.16,0.3,64.85,credit,CUST_6482,VIP
TXN_202403_007451,2024-03-27,REG_05,STORE_014,EMP_005,PROD_028,1,134.1,0.01,132.76,cash,CUST_7598,New
TXN_202403_007452,2024-03-13,REG_05,STORE_015,EMP_021,PROD_047,3,226.67,0.23,523.61,card,CUST_4564,VIP
TXN_202403_007453,2024-03-04,REG_10,STORE_029,EMP_017,PROD_019,5,352.66,0.16,1481.17,mobile,CUST_8294,Premium
TXN_202403_007454,2024-03-13,REG_02,STORE_004,EMP_002,PROD_043,3,158.95,0.02,467.31,card,CUST_8195,New
TXN_202403_007455,2024-03-16,REG_06,STORE_018,EMP_006,PROD_010,3,41.06,0.01,121.95,mobile,CUST_2104,Regular
TXN_202403_007456,2024-03-02,REG_06,STORE_017,EMP_006,PROD_037,2,241.85,0.3,338.59,cash,CUST_5295,New
TXN_202403_007457,2024-03-19,REG_08,STORE_024,EMP_023,PROD_046,1,124.27,0.13,108.11,credit,CUST_6762,New
TXN_202403_007458,2024-03-04,REG_04,STORE_010,EMP_029,PROD_003,5,250.41,0.28,901.48,cash,CUST_2707,VIP
TXN_202403_007459,2024-03-18,REG_05,STORE_013,EMP_005,PROD_047,1,154.64,0.25,115.98,card,CUST_7045,Regular
TXN_202403_007460,2024-03-28,REG_02,STORE_006,EMP_002,PROD_032,1,210.15,0.23,161.82,card,CUST_7285,New
TXN_202403_007461,2024-03-12,REG_06,STORE_016,EMP_006,PROD_042,1,466.83,0.29,331.45,cash,CUST_7147,VIP
TXN_202403_007462,2024-03-21,REG_08,STORE_024,EMP_008,PROD_042,3,73.67,0.07,205.54,cash,CUST_3523,New
TXN_202403_007463,2024-03-20,REG_09,STORE_026,EMP_025,PROD_023,5,353.63,0.08,1626.7,credit,CUST_6403,VIP
TXN_202403_007464,2024-03-27,REG_03,STORE_009,EMP_003,PROD_031,2,414.27,0.06,778.83,cash,CUST_9675,VIP
TXN_202403_007465,2024-03-24,REG_02,STORE_005,EMP_002,PROD_017,3,35.84,0.01,106.44,mobile,CUST_4043,VIP
TXN_202403_007466,2024-03-11,REG_07,STORE_021,EMP_007,PROD_022,1,317.83,0.23,244.73,card,CUST_8746,VIP
TXN_202403_007467,2024-03-25,REG_07,STORE_019,EMP_007,PROD_042,5,20.46,0.1,92.07,credit,CUST_8362,New
TXN_202403_007468,2024-03-06,REG_05,STORE_014,EMP_021,PROD_020,4,99.03,0.11,352.55,credit,CUST_5399,New
TXN_202403_007469,2024-03-24,REG_07,STORE_021,EMP_007,PROD_012,4,29.99,0.28,86.37,cash,CUST_3932,Premium
TXN_202403_007470,2024-03-14,REG_01,STORE_002,EMP_011,PROD_026,2,298.98,0.18,490.33,mobile,CUST_2675,Premium
TXN_202403_007471,2024-03-02,REG_05,STORE_013,EMP_021,PROD_008,5,472.15,0.16,1983.03,cash,CUST_9795,VIP
TXN_202403_007472,2024-03-19,REG_05,STORE_013,EMP_021,PROD_031,4,329.97,0.06,1240.69,mobile,CUST_5530,Regular
TXN_202403_007473,2024-03-04,REG_05,STORE_015,EMP_005,PROD_047,2,12.9,0.08,23.74,card,CUST_6537,Premium
TXN_202403_007474,2024-03-10,REG_07,STORE_021,EMP_007,PROD_026,3,405.37,0.26,899.92,cash,CUST_8047,Regular
TXN_202403_007475,2024-03-28,REG_07,STORE_020,EMP_007,PROD_031,1,492.19,0.1,442.97,mobile,CUST_1191,Premium
TXN_202403_007476,2024-03-16,REG_06,STORE_017,EMP_006,PROD_022,1,389.04,0.19,315.12,mobile,CUST_8433,New
TXN_202403_007477,2024-03-06,REG_09,STORE_025,EMP_009,PROD_030,1,148.03,0.11,131.75,cash,CUST_2722,New
TXN_202403_007478,2024-03-29,REG_03,STORE_007,EMP_014,PROD_026,2,481.58,0.1,866.84,card,CUST_4392,New
TXN_202403_007479,2024-03-09,REG_06,STORE_018,EMP_006,PROD_045,3,155.9,0.16,392.87,card,CUST_6667,VIP
TXN_202403_007480,2024-03-17,REG_06,STORE_016,EMP_006,PROD_043,1,293.44,0.17,243.56,mobile,CUST_9810,VIP
