﻿transaction_id,date,region,store_id,employee_id,product_id,units,unit_price,discount,revenue,payment,customer_id,customer_segment
TXN_202309_003981,2023-09-25,REG_08,STORE_022,EMP_023,PROD_029,1,431.38,0.14,370.99,credit,CUST_5821,Regular
TXN_202309_003982,2023-09-08,REG_09,STORE_025,EMP_025,PROD_027,5,211.3,0.26,781.81,cash,CUST_8033,Regular
TXN_202309_003983,2023-09-25,REG_01,STORE_002,EMP_001,PROD_034,1,211.03,0.0,211.03,cash,CUST_6417,Regular
TXN_202309_003984,2023-09-25,REG_01,STORE_001,EMP_018,PROD_027,5,415.58,0.13,1807.77,credit,CUST_1701,Regular
TXN_202309_003985,2023-09-13,REG_02,STORE_005,EMP_002,PROD_005,1,196.76,0.0,196.76,cash,CUST_7874,Regular
TXN_202309_003986,2023-09-17,REG_06,STORE_017,EMP_006,PROD_032,3,97.69,0.18,240.32,mobile,CUST_9089,New
TXN_202309_003987,2023-09-28,REG_02,STORE_005,EMP_002,PROD_043,4,213.32,0.26,631.43,credit,CUST_5403,New
TXN_202309_003988,2023-09-01,REG_01,STORE_003,EMP_018,PROD_040,4,70.44,0.06,264.85,credit,CUST_1337,Premium
TXN_202309_003989,2023-09-27,REG_02,STORE_006,EMP_002,PROD_013,1,374.42,0.03,363.19,card,CUST_4885,Premium
TXN_202309_003990,2023-09-21,REG_04,STORE_012,EMP_024,PROD_004,2,313.71,0.2,501.94,card,CUST_5821,VIP
TXN_202309_003991,2023-09-28,REG_10,STORE_028,EMP_028,PROD_006,3,359.48,0.28,776.48,card,CUST_4303,New
TXN_202309_003992,2023-09-15,REG_05,STORE_013,EMP_005,PROD_011,2,476.99,0.02,934.9,credit,CUST_6348,Premium
TXN_202309_003993,2023-09-20,REG_03,STORE_008,EMP_014,PROD_023,5,468.72,0.01,2320.16,mobile,CUST_9389,Premium
TXN_202309_003994,2023-09-08,REG_05,STORE_013,EMP_005,PROD_031,5,53.74,0.1,241.83,credit,CUST_7709,Premium
TXN_202309_003995,2023-09-12,REG_10,STORE_028,EMP_013,PROD_014,4,147.97,0.09,538.61,credit,CUST_2811,New
TXN_202309_003996,2023-09-21,REG_01,STORE_001,EMP_018,PROD_019,3,204.6,0.24,466.49,credit,CUST_6571,New
TXN_202309_003997,2023-09-26,REG_05,STORE_015,EMP_021,PROD_018,3,116.47,0.23,269.05,card,CUST_1711,New
TXN_202309_003998,2023-09-03,REG_10,STORE_030,EMP_010,PROD_040,5,99.24,0.23,382.07,credit,CUST_5638,VIP
TXN_202309_003999,2023-09-17,REG_01,STORE_003,EMP_011,PROD_015,5,348.26,0.25,1305.97,card,CUST_9317,Regular
TXN_202309_004000,2023-09-25,REG_02,STORE_006,EMP_002,PROD_032,5,375.53,0.15,1596.0,mobile,CUST_8279,Premium
TXN_202309_004001,2023-09-01,REG_01,STORE_002,EMP_001,PROD_022,1,444.15,0.07,413.06,card,CUST_5115,Regular
TXN_202309_004002,2023-09-04,REG_05,STORE_013,EMP_005,PROD_038,5,362.01,0.27,1321.34,cash,CUST_8860,Regular
TXN_202309_004003,2023-09-18,REG_07,STORE_019,EMP_007,PROD_040,4,249.39,0.04,957.66,mobile,CUST_1516,VIP
TXN_202309_004004,2023-09-13,REG_01,STORE_002,EMP_019,PROD_023,4,397.89,0.06,1496.07,credit,CUST_4992,VIP
TXN_202309_004005,2023-09-09,REG_03,STORE_009,EMP_014,PROD_015,2,258.54,0.08,475.71,card,CUST_4835,Premium
TXN_202309_004006,2023-09-20,REG_09,STORE_026,EMP_009,PROD_028,1,227.56,0.09,207.08,mobile,CUST_2276,New
TXN_202309_004007,2023-09-14,REG_08,STORE_023,EMP_012,PROD_031,2,486.59,0.27,710.42,cash,CUST_3701,Regular
TXN_202309_004008,2023-09-14,REG_06,STORE_018,EMP_006,PROD_008,3,314.55,0.13,820.98,credit,CUST_6802,Premium
TXN_202309_004009,2023-09-26,REG_03,STORE_007,EMP_014,PROD_009,4,181.2,0.07,674.06,card,CUST_6218,VIP
TXN_202309_004010,2023-09-13,REG_02,STORE_004,EMP_002,PROD_005,2,223.08,0.21,352.47,mobile,CUST_4083,Premium
TXN_202309_004011,2023-09-14,REG_02,STORE_005,EMP_002,PROD_018,4,137.78,0.03,534.59,cash,CUST_9505,Regular
TXN_202309_004012,2023-09-15,REG_08,STORE_022,EMP_008,PROD_018,1,309.77,0.28,223.03,credit,CUST_2223,Regular
TXN_202309_004013,2023-09-22,REG_04,STORE_012,EMP_016,PROD_027,1,269.68,0.14,231.92,mobile,CUST_6400,VIP
TXN_202309_004014,2023-09-06,REG_07,STORE_020,EMP_007,PROD_015,4,152.3,0.28,438.62,card,CUST_1339,Premium
TXN_202309_004015,2023-09-04,REG_10,STORE_030,EMP_010,PROD_028,1,256.41,0.12,225.64,cash,CUST_9673,Regular
TXN_202309_004016,2023-09-08,REG_02,STORE_004,EMP_002,PROD_049,3,174.3,0.23,402.63,card,CUST_5029,VIP
TXN_202309_004017,2023-09-21,REG_01,STORE_001,EMP_019,PROD_028,5,239.62,0.17,994.42,mobile,CUST_3077,Premium
TXN_202309_004018,2023-09-09,REG_08,STORE_022,EMP_012,PROD_008,5,115.69,0.16,485.9,credit,CUST_3901,Premium
TXN_202309_004019,2023-09-16,REG_03,STORE_007,EMP_003,PROD_022,2,261.0,0.2,417.6,cash,CUST_4198,VIP
TXN_202309_004020,2023-09-28,REG_07,STORE_021,EMP_007,PROD_032,2,238.76,0.15,405.89,card,CUST_2380,Premium
TXN_202309_004021,2023-09-30,REG_08,STORE_022,EMP_008,PROD_039,3,20.64,0.08,56.97,mobile,CUST_5099,Premium
TXN_202309_004022,2023-09-26,REG_09,STORE_025,EMP_022,PROD_040,3,173.69,0.3,364.75,card,CUST_1585,VIP
TXN_202309_004023,2023-09-02,REG_07,STORE_019,EMP_007,PROD_042,2,278.73,0.21,440.39,mobile,CUST_4629,VIP
TXN_202309_004024,2023-09-27,REG_06,STORE_018,EMP_006,PROD_050,1,452.6,0.29,321.35,mobile,CUST_8521,New
TXN_202309_004025,2023-09-04,REG_02,STORE_006,EMP_002,PROD_009,4,442.2,0.05,1680.36,cash,CUST_1543,Premium
TXN_202309_004026,2023-09-16,REG_03,STORE_009,EMP_014,PROD_025,2,417.67,0.29,593.09,mobile,CUST_6037,Regular
TXN_202309_004027,2023-09-24,REG_07,STORE_020,EMP_007,PROD_031,5,334.62,0.16,1405.4,cash,CUST_2972,New
TXN_202309_004028,2023-09-23,REG_05,STORE_015,EMP_021,PROD_010,4,368.86,0.02,1445.93,mobile,CUST_7639,VIP
TXN_202309_004029,2023-09-29,REG_03,STORE_009,EMP_014,PROD_048,1,203.78,0.15,173.21,card,CUST_2697,VIP
TXN_202309_004030,2023-09-18,REG_08,STORE_024,EMP_015,PROD_005,1,169.14,0.14,145.46,credit,CUST_3639,Premium
TXN_202309_004031,2023-09-12,REG_03,STORE_008,EMP_014,PROD_044,1,359.95,0.27,262.76,mobile,CUST_2782,New
TXN_202309_004032,2023-09-30,REG_10,STORE_029,EMP_020,PROD_010,4,254.88,0.09,927.76,card,CUST_2697,VIP
TXN_202309_004033,2023-09-20,REG_09,STORE_025,EMP_022,PROD_044,4,227.57,0.25,682.71,card,CUST_6702,Premium
TXN_202309_004034,2023-09-02,REG_04,STORE_011,EMP_030,PROD_006,4,230.4,0.16,774.14,card,CUST_2624,Premium
TXN_202309_004035,2023-09-04,REG_10,STORE_028,EMP_028,PROD_039,5,233.01,0.14,1001.94,mobile,CUST_3710,VIP
TXN_202309_004036,2023-09-26,REG_03,STORE_007,EMP_003,PROD_022,2,226.45,0.09,412.14,card,CUST_5305,Regular
TXN_202309_004037,2023-09-17,REG_03,STORE_009,EMP_003,PROD_007,4,357.7,0.06,1344.95,cash,CUST_2325,Regular
TXN_202309_004038,2023-09-20,REG_08,STORE_023,EMP_023,PROD_032,5,242.56,0.14,1043.01,cash,CUST_5558,New
TXN_202309_004039,2023-09-04,REG_02,STORE_005,EMP_002,PROD_035,3,492.65,0.0,1477.95,credit,CUST_7127,New
TXN_202309_004040,2023-09-12,REG_02,STORE_006,EMP_002,PROD_024,4,68.14,0.13,237.13,mobile,CUST_5180,Premium
TXN_202309_004041,2023-09-06,REG_10,STORE_029,EMP_013,PROD_046,4,295.64,0.27,863.27,mobile,CUST_6609,New
TXN_202309_004042,2023-09-21,REG_03,STORE_009,EMP_003,PROD_040,1,10.69,0.28,7.7,cash,CUST_7120,Regular
TXN_202309_004043,2023-09-12,REG_09,STORE_026,EMP_009,PROD_027,4,88.9,0.2,284.48,mobile,CUST_7002,VIP
TXN_202309_004044,2023-09-12,REG_02,STORE_004,EMP_002,PROD_003,3,455.3,0.27,997.11,cash,CUST_5001,Premium
TXN_202309_004045,2023-09-30,REG_02,STORE_004,EMP_002,PROD_046,5,430.63,0.16,1808.65,credit,CUST_3643,Premium
TXN_202309_004046,2023-09-29,REG_04,STORE_011,EMP_029,PROD_023,3,386.16,0.06,1088.97,cash,CUST_7838,Premium
TXN_202309_004047,2023-09-16,REG_07,STORE_021,EMP_007,PROD_007,3,247.11,0.06,696.85,mobile,CUST_3609,VIP
TXN_202309_004048,2023-09-23,REG_05,STORE_014,EMP_005,PROD_034,5,388.16,0.3,1358.56,cash,CUST_4465,Premium
TXN_202309_004049,2023-09-03,REG_10,STORE_029,EMP_020,PROD_005,5,353.79,0.06,1662.81,mobile,CUST_7661,Premium
TXN_202309_004050,2023-09-25,REG_07,STORE_019,EMP_007,PROD_033,4,34.41,0.05,130.76,card,CUST_6426,Premium
TXN_202309_004051,2023-09-12,REG_07,STORE_020,EMP_007,PROD_021,1,414.8,0.28,298.66,credit,CUST_5722,VIP
TXN_202309_004052,2023-09-01,REG_02,STORE_004,EMP_002,PROD_016,5,164.74,0.19,667.2,cash,CUST_6908,VIP
TXN_202309_004053,2023-09-14,REG_01,STORE_001,EMP_011,PROD_014,5,268.83,0.28,967.79,mobile,CUST_8855,Regular
TXN_202309_004054,2023-09-24,REG_05,STORE_014,EMP_021,PROD_022,2,343.38,0.26,508.2,mobile,CUST_9177,Regular
TXN_202309_004055,2023-09-21,REG_07,STORE_019,EMP_007,PROD_040,1,496.51,0.13,431.96,credit,CUST_7235,VIP
TXN_202309_004056,2023-09-05,REG_07,STORE_021,EMP_007,PROD_018,4,87.5,0.06,329.0,cash,CUST_7450,New
TXN_202309_004057,2023-09-04,REG_03,STORE_008,EMP_003,PROD_019,3,232.89,0.2,558.94,card,CUST_6537,New
TXN_202309_004058,2023-09-25,REG_07,STORE_020,EMP_007,PROD_005,4,186.01,0.17,617.55,mobile,CUST_2891,Premium
TXN_202309_004059,2023-09-21,REG_06,STORE_018,EMP_006,PROD_011,5,363.7,0.17,1509.36,cash,CUST_3317,New
TXN_202309_004060,2023-09-24,REG_09,STORE_026,EMP_025,PROD_041,1,351.27,0.19,284.53,card,CUST_5215,Premium
TXN_202309_004061,2023-09-15,REG_02,STORE_005,EMP_002,PROD_029,4,138.02,0.26,408.54,mobile,CUST_9461,New
TXN_202309_004062,2023-09-04,REG_06,STORE_018,EMP_006,PROD_050,5,199.96,0.22,779.84,cash,CUST_7733,Regular
TXN_202309_004063,2023-09-10,REG_03,STORE_007,EMP_014,PROD_032,1,242.88,0.08,223.45,cash,CUST_3252,Regular
TXN_202309_004064,2023-09-03,REG_06,STORE_017,EMP_006,PROD_026,3,90.37,0.0,271.11,cash,CUST_4053,Premium
TXN_202309_004065,2023-09-21,REG_04,STORE_010,EMP_029,PROD_008,1,263.05,0.13,228.85,mobile,CUST_3290,New
TXN_202309_004066,2023-09-19,REG_06,STORE_017,EMP_006,PROD_024,5,468.93,0.02,2297.76,mobile,CUST_5034,Premium
TXN_202309_004067,2023-09-30,REG_02,STORE_005,EMP_002,PROD_029,2,414.08,0.16,695.65,mobile,CUST_3755,New
TXN_202309_004068,2023-09-10,REG_05,STORE_014,EMP_005,PROD_026,2,317.21,0.14,545.6,cash,CUST_9680,New
TXN_202309_004069,2023-09-21,REG_05,STORE_014,EMP_021,PROD_012,2,13.5,0.08,24.84,credit,CUST_3303,Regular
TXN_202309_004070,2023-09-01,REG_10,STORE_029,EMP_010,PROD_047,5,142.82,0.14,614.13,card,CUST_2767,Regular
TXN_202309_004071,2023-09-11,REG_07,STORE_019,EMP_007,PROD_040,4,347.79,0.16,1168.57,cash,CUST_4622,VIP
TXN_202309_004072,2023-09-15,REG_07,STORE_021,EMP_007,PROD_013,2,322.2,0.03,625.07,card,CUST_4355,Premium
TXN_202309_004073,2023-09-08,REG_02,STORE_006,EMP_002,PROD_021,5,202.03,0.21,798.02,card,CUST_7611,VIP
TXN_202309_004074,2023-09-17,REG_05,STORE_014,EMP_021,PROD_037,2,15.66,0.23,24.12,credit,CUST_4403,Premium
TXN_202309_004075,2023-09-19,REG_05,STORE_013,EMP_021,PROD_028,4,33.58,0.15,114.17,cash,CUST_4647,Premium
TXN_202309_004076,2023-09-29,REG_06,STORE_016,EMP_006,PROD_038,3,379.17,0.25,853.13,credit,CUST_3883,New
TXN_202309_004077,2023-09-11,REG_06,STORE_018,EMP_006,PROD_004,1,368.52,0.23,283.76,cash,CUST_8425,VIP
TXN_202309_004078,2023-09-26,REG_04,STORE_011,EMP_030,PROD_008,5,430.0,0.12,1892.0,credit,CUST_9058,Premium
TXN_202309_004079,2023-09-20,REG_09,STORE_027,EMP_027,PROD_024,5,332.11,0.26,1228.81,mobile,CUST_4710,Premium
TXN_202309_004080,2023-09-05,REG_05,STORE_014,EMP_021,PROD_004,2,453.97,0.08,835.3,credit,CUST_2552,New
TXN_202309_004081,2023-09-06,REG_04,STORE_011,EMP_004,PROD_006,5,258.2,0.19,1045.71,card,CUST_7019,Regular
TXN_202309_004082,2023-09-16,REG_06,STORE_017,EMP_006,PROD_014,1,453.26,0.27,330.88,credit,CUST_2942,New
TXN_202309_004083,2023-09-09,REG_02,STORE_004,EMP_002,PROD_024,2,390.85,0.2,625.36,credit,CUST_9686,New
TXN_202309_004084,2023-09-24,REG_06,STORE_018,EMP_006,PROD_050,5,462.94,0.11,2060.08,mobile,CUST_8202,Premium
TXN_202309_004085,2023-09-20,REG_03,STORE_009,EMP_003,PROD_016,5,488.16,0.26,1806.19,credit,CUST_6268,VIP
TXN_202309_004086,2023-09-20,REG_07,STORE_021,EMP_007,PROD_018,2,237.08,0.0,474.16,card,CUST_3601,Premium
TXN_202309_004087,2023-09-28,REG_02,STORE_005,EMP_002,PROD_049,1,65.21,0.04,62.6,credit,CUST_6683,Premium
TXN_202309_004088,2023-09-26,REG_10,STORE_029,EMP_028,PROD_026,5,291.27,0.19,1179.64,credit,CUST_7124,Premium
TXN_202309_004089,2023-09-22,REG_05,STORE_013,EMP_005,PROD_023,2,475.81,0.07,885.01,mobile,CUST_9470,New
TXN_202309_004090,2023-09-26,REG_02,STORE_005,EMP_002,PROD_017,4,168.09,0.17,558.06,mobile,CUST_3116,Regular
TXN_202309_004091,2023-09-13,REG_02,STORE_006,EMP_002,PROD_007,2,357.89,0.13,622.73,credit,CUST_6224,VIP
TXN_202309_004092,2023-09-19,REG_04,STORE_010,EMP_030,PROD_030,5,428.42,0.07,1992.15,card,CUST_7954,Regular
TXN_202309_004093,2023-09-11,REG_09,STORE_026,EMP_009,PROD_038,4,168.62,0.16,566.56,credit,CUST_5537,New
TXN_202309_004094,2023-09-02,REG_02,STORE_004,EMP_002,PROD_012,4,332.52,0.08,1223.67,credit,CUST_3020,New
TXN_202309_004095,2023-09-06,REG_10,STORE_030,EMP_020,PROD_024,5,64.08,0.26,237.1,card,CUST_1777,Premium
TXN_202309_004096,2023-09-11,REG_04,STORE_011,EMP_016,PROD_013,2,446.1,0.06,838.67,credit,CUST_3397,New
TXN_202309_004097,2023-09-13,REG_02,STORE_004,EMP_002,PROD_005,1,120.34,0.15,102.29,mobile,CUST_4560,VIP
TXN_202309_004098,2023-09-24,REG_07,STORE_020,EMP_007,PROD_037,1,263.84,0.3,184.69,credit,CUST_7025,VIP
TXN_202309_004099,2023-09-23,REG_04,STORE_012,EMP_004,PROD_023,4,271.11,0.21,856.71,card,CUST_5108,Regular
TXN_202309_004100,2023-09-06,REG_02,STORE_006,EMP_002,PROD_012,4,62.17,0.14,213.86,card,CUST_5195,Regular
TXN_202309_004101,2023-09-12,REG_09,STORE_025,EMP_025,PROD_029,3,173.11,0.14,446.62,credit,CUST_3251,Premium
TXN_202309_004102,2023-09-29,REG_09,STORE_027,EMP_009,PROD_036,4,269.03,0.18,882.42,mobile,CUST_5630,VIP
TXN_202309_004103,2023-09-28,REG_07,STORE_019,EMP_007,PROD_029,1,145.4,0.19,117.77,cash,CUST_8067,Premium
TXN_202309_004104,2023-09-10,REG_01,STORE_002,EMP_011,PROD_050,5,208.38,0.18,854.36,credit,CUST_5030,New
TXN_202309_004105,2023-09-12,REG_02,STORE_004,EMP_002,PROD_048,3,134.0,0.23,309.54,card,CUST_4046,New
TXN_202309_004106,2023-09-29,REG_09,STORE_027,EMP_009,PROD_030,5,489.34,0.16,2055.23,mobile,CUST_8287,Premium
TXN_202309_004107,2023-09-28,REG_02,STORE_004,EMP_002,PROD_038,2,398.35,0.07,740.93,cash,CUST_6648,New
TXN_202309_004108,2023-09-07,REG_10,STORE_028,EMP_028,PROD_021,4,295.64,0.03,1147.08,mobile,CUST_7777,Regular
TXN_202309_004109,2023-09-11,REG_04,STORE_011,EMP_026,PROD_042,3,284.07,0.25,639.16,mobile,CUST_1006,VIP
TXN_202309_004110,2023-09-26,REG_06,STORE_016,EMP_006,PROD_033,2,288.6,0.29,409.81,credit,CUST_3136,Regular
TXN_202309_004111,2023-09-30,REG_04,STORE_010,EMP_024,PROD_011,1,19.18,0.19,15.54,cash,CUST_9678,New
TXN_202309_004112,2023-09-30,REG_10,STORE_029,EMP_013,PROD_036,4,258.36,0.3,723.41,cash,CUST_9666,New
TXN_202309_004113,2023-09-08,REG_03,STORE_008,EMP_014,PROD_011,5,224.62,0.2,898.48,cash,CUST_5998,Regular
TXN_202309_004114,2023-09-18,REG_04,STORE_010,EMP_030,PROD_033,4,264.51,0.11,941.66,cash,CUST_1888,New
TXN_202309_004115,2023-09-20,REG_04,STORE_012,EMP_004,PROD_013,2,251.54,0.21,397.43,credit,CUST_5742,Premium
TXN_202309_004116,2023-09-02,REG_10,STORE_029,EMP_017,PROD_008,4,270.33,0.3,756.92,credit,CUST_2496,Regular
TXN_202309_004117,2023-09-21,REG_04,STORE_012,EMP_030,PROD_032,3,446.92,0.27,978.75,credit,CUST_9856,Regular
TXN_202309_004118,2023-09-07,REG_04,STORE_011,EMP_004,PROD_030,4,412.62,0.2,1320.38,cash,CUST_5904,Regular
TXN_202309_004119,2023-09-02,REG_01,STORE_001,EMP_001,PROD_010,5,111.06,0.14,477.56,mobile,CUST_8567,Regular
TXN_202309_004120,2023-09-06,REG_08,STORE_022,EMP_015,PROD_019,5,337.61,0.28,1215.4,credit,CUST_6766,New
TXN_202309_004121,2023-09-03,REG_03,STORE_007,EMP_003,PROD_009,4,117.9,0.09,429.16,cash,CUST_7111,VIP
TXN_202309_004122,2023-09-27,REG_03,STORE_009,EMP_003,PROD_016,5,378.83,0.01,1875.21,card,CUST_2687,Premium
TXN_202309_004123,2023-09-20,REG_04,STORE_011,EMP_024,PROD_015,4,419.76,0.01,1662.25,cash,CUST_9023,Premium
TXN_202309_004124,2023-09-26,REG_04,STORE_011,EMP_004,PROD_020,3,301.12,0.04,867.23,mobile,CUST_6697,Premium
TXN_202309_004125,2023-09-27,REG_06,STORE_016,EMP_006,PROD_039,4,263.14,0.07,978.88,card,CUST_1413,Regular
TXN_202309_004126,2023-09-30,REG_05,STORE_013,EMP_021,PROD_011,5,488.8,0.09,2224.04,card,CUST_9324,Regular
TXN_202309_004127,2023-09-28,REG_08,STORE_023,EMP_012,PROD_039,3,100.28,0.03,291.81,mobile,CUST_1037,VIP
TXN_202309_004128,2023-09-22,REG_04,STORE_012,EMP_024,PROD_030,5,67.77,0.17,281.25,credit,CUST_7747,Regular
TXN_202309_004129,2023-09-12,REG_06,STORE_018,EMP_006,PROD_034,5,198.79,0.16,834.92,cash,CUST_7123,VIP
TXN_202309_004130,2023-09-28,REG_05,STORE_015,EMP_005,PROD_023,4,223.56,0.18,733.28,credit,CUST_3661,VIP
TXN_202309_004131,2023-09-27,REG_03,STORE_009,EMP_014,PROD_030,4,71.21,0.24,216.48,cash,CUST_5011,Regular
TXN_202309_004132,2023-09-05,REG_10,STORE_028,EMP_017,PROD_018,2,134.89,0.19,218.52,cash,CUST_1938,Premium
TXN_202309_004133,2023-09-04,REG_04,STORE_012,EMP_029,PROD_020,4,247.59,0.05,940.84,card,CUST_3228,Premium
TXN_202309_004134,2023-09-09,REG_02,STORE_006,EMP_002,PROD_013,5,43.61,0.23,167.9,card,CUST_1465,Regular
TXN_202309_004135,2023-09-23,REG_07,STORE_019,EMP_007,PROD_046,2,286.75,0.06,539.09,mobile,CUST_8745,New
TXN_202309_004136,2023-09-21,REG_08,STORE_024,EMP_012,PROD_015,1,105.63,0.1,95.07,cash,CUST_6057,VIP
TXN_202309_004137,2023-09-23,REG_01,STORE_003,EMP_018,PROD_025,2,233.72,0.17,387.98,card,CUST_5853,New
TXN_202309_004138,2023-09-12,REG_09,STORE_026,EMP_009,PROD_032,3,61.5,0.01,182.66,mobile,CUST_8537,New
TXN_202309_004139,2023-09-30,REG_01,STORE_003,EMP_001,PROD_026,3,10.67,0.25,24.01,credit,CUST_4878,New
TXN_202309_004140,2023-09-10,REG_09,STORE_027,EMP_009,PROD_010,1,354.89,0.09,322.95,cash,CUST_6282,Premium
TXN_202309_004141,2023-09-24,REG_09,STORE_027,EMP_025,PROD_017,5,467.5,0.1,2103.75,cash,CUST_2077,Premium
TXN_202309_004142,2023-09-01,REG_06,STORE_017,EMP_006,PROD_015,3,133.91,0.04,385.66,cash,CUST_7456,New
TXN_202309_004143,2023-09-09,REG_10,STORE_028,EMP_017,PROD_044,3,44.2,0.22,103.43,cash,CUST_6400,Regular
TXN_202309_004144,2023-09-14,REG_08,STORE_023,EMP_008,PROD_012,2,467.53,0.07,869.61,credit,CUST_7998,New
TXN_202309_004145,2023-09-17,REG_01,STORE_001,EMP_018,PROD_016,4,171.98,0.21,543.46,card,CUST_9501,VIP
TXN_202309_004146,2023-09-29,REG_04,STORE_012,EMP_030,PROD_016,3,289.85,0.12,765.2,mobile,CUST_7248,Regular
TXN_202309_004147,2023-09-30,REG_07,STORE_019,EMP_007,PROD_013,3,412.88,0.24,941.37,mobile,CUST_7439,Premium
TXN_202309_004148,2023-09-10,REG_08,STORE_024,EMP_023,PROD_029,2,147.47,0.13,256.6,cash,CUST_1356,Regular
TXN_202309_004149,2023-09-13,REG_08,STORE_023,EMP_015,PROD_009,4,85.99,0.11,306.12,mobile,CUST_3288,Premium
TXN_202309_004150,2023-09-27,REG_03,STORE_007,EMP_014,PROD_004,1,325.78,0.24,247.59,credit,CUST_7044,VIP
TXN_202309_004151,2023-09-03,REG_01,STORE_003,EMP_019,PROD_009,3,437.08,0.26,970.32,cash,CUST_3444,Regular
TXN_202309_004152,2023-09-05,REG_03,STORE_007,EMP_003,PROD_006,2,213.82,0.04,410.53,mobile,CUST_8343,Premium
TXN_202309_004153,2023-09-01,REG_04,STORE_010,EMP_030,PROD_034,2,34.59,0.21,54.65,card,CUST_7653,Premium
TXN_202309_004154,2023-09-30,REG_10,STORE_029,EMP_028,PROD_045,2,269.07,0.04,516.61,credit,CUST_2719,Premium
TXN_202309_004155,2023-09-16,REG_06,STORE_018,EMP_006,PROD_019,4,256.34,0.22,799.78,credit,CUST_8261,Premium
TXN_202309_004156,2023-09-08,REG_10,STORE_030,EMP_020,PROD_024,5,287.4,0.11,1278.93,credit,CUST_6542,New
TXN_202309_004157,2023-09-14,REG_09,STORE_026,EMP_027,PROD_033,1,366.81,0.05,348.47,mobile,CUST_3818,Regular
TXN_202309_004158,2023-09-01,REG_07,STORE_020,EMP_007,PROD_043,4,171.84,0.22,536.14,mobile,CUST_4520,Premium
TXN_202309_004159,2023-09-25,REG_02,STORE_006,EMP_002,PROD_046,3,288.81,0.3,606.5,mobile,CUST_3799,Regular
TXN_202309_004160,2023-09-04,REG_04,STORE_011,EMP_030,PROD_034,5,120.39,0.27,439.42,cash,CUST_3933,Regular
TXN_202309_004161,2023-09-16,REG_04,STORE_010,EMP_026,PROD_032,5,12.17,0.24,46.25,cash,CUST_3192,Premium
TXN_202309_004162,2023-09-26,REG_02,STORE_006,EMP_002,PROD_018,3,475.14,0.16,1197.35,cash,CUST_7485,Regular
TXN_202309_004163,2023-09-29,REG_08,STORE_022,EMP_015,PROD_049,5,342.4,0.16,1438.08,card,CUST_6381,Regular
TXN_202309_004164,2023-09-05,REG_02,STORE_005,EMP_002,PROD_042,3,471.22,0.07,1314.7,mobile,CUST_9962,VIP
TXN_202309_004165,2023-09-18,REG_01,STORE_003,EMP_019,PROD_024,3,147.9,0.06,417.08,mobile,CUST_2517,Regular
TXN_202309_004166,2023-09-26,REG_08,STORE_022,EMP_015,PROD_021,3,419.66,0.24,956.82,cash,CUST_2294,New
TXN_202309_004167,2023-09-15,REG_02,STORE_006,EMP_002,PROD_048,5,64.54,0.03,313.02,credit,CUST_4334,Premium
TXN_202309_004168,2023-09-15,REG_02,STORE_006,EMP_002,PROD_006,3,347.22,0.02,1020.83,cash,CUST_6296,Premium
TXN_202309_004169,2023-09-03,REG_10,STORE_029,EMP_020,PROD_036,2,426.01,0.0,852.02,cash,CUST_9792,New
TXN_202309_004170,2023-09-24,REG_07,STORE_019,EMP_007,PROD_007,3,474.37,0.12,1252.34,mobile,CUST_3528,VIP
TXN_202309_004171,2023-09-09,REG_10,STORE_029,EMP_017,PROD_034,5,270.95,0.21,1070.25,credit,CUST_3654,VIP
TXN_202309_004172,2023-09-12,REG_08,STORE_023,EMP_015,PROD_046,1,139.34,0.25,104.5,credit,CUST_1556,Regular
TXN_202309_004173,2023-09-25,REG_02,STORE_005,EMP_002,PROD_020,1,327.36,0.23,252.07,credit,CUST_9032,Premium
TXN_202309_004174,2023-09-26,REG_10,STORE_028,EMP_020,PROD_014,4,232.51,0.11,827.74,cash,CUST_2072,Premium
TXN_202309_004175,2023-09-11,REG_10,STORE_030,EMP_028,PROD_011,4,145.35,0.04,558.14,cash,CUST_3492,Regular
TXN_202309_004176,2023-09-17,REG_03,STORE_007,EMP_003,PROD_027,3,235.56,0.3,494.68,mobile,CUST_4310,New
TXN_202309_004177,2023-09-25,REG_10,STORE_030,EMP_028,PROD_030,4,419.81,0.26,1242.64,mobile,CUST_6686,New
TXN_202309_004178,2023-09-08,REG_07,STORE_021,EMP_007,PROD_022,5,71.33,0.06,335.25,cash,CUST_2217,VIP
TXN_202309_004179,2023-09-22,REG_03,STORE_007,EMP_003,PROD_014,2,176.34,0.24,268.04,cash,CUST_7615,New
TXN_202309_004180,2023-09-14,REG_01,STORE_001,EMP_001,PROD_041,3,319.79,0.12,844.25,cash,CUST_8965,VIP
TXN_202309_004181,2023-09-29,REG_01,STORE_001,EMP_001,PROD_009,2,17.03,0.0,34.06,cash,CUST_9910,Premium
TXN_202309_004182,2023-09-06,REG_10,STORE_028,EMP_010,PROD_025,3,495.9,0.14,1279.42,credit,CUST_3756,VIP
TXN_202309_004183,2023-09-11,REG_10,STORE_030,EMP_017,PROD_047,1,219.5,0.11,195.35,mobile,CUST_3319,Premium
TXN_202309_004184,2023-09-25,REG_05,STORE_013,EMP_021,PROD_026,4,201.94,0.11,718.91,card,CUST_9627,VIP
TXN_202309_004185,2023-09-14,REG_06,STORE_016,EMP_006,PROD_035,5,51.96,0.25,194.85,mobile,CUST_7968,Regular
TXN_202309_004186,2023-09-07,REG_08,STORE_024,EMP_023,PROD_042,5,213.21,0.15,906.14,card,CUST_8650,VIP
TXN_202309_004187,2023-09-27,REG_01,STORE_003,EMP_019,PROD_003,2,487.16,0.16,818.43,card,CUST_6495,Regular
TXN_202309_004188,2023-09-02,REG_07,STORE_019,EMP_007,PROD_014,2,246.62,0.22,384.73,mobile,CUST_8648,Regular
TXN_202309_004189,2023-09-28,REG_03,STORE_009,EMP_014,PROD_033,4,158.73,0.04,609.52,cash,CUST_4241,Premium
TXN_202309_004190,2023-09-28,REG_03,STORE_007,EMP_014,PROD_008,2,187.22,0.24,284.57,card,CUST_1019,Premium
TXN_202309_004191,2023-09-21,REG_05,STORE_013,EMP_021,PROD_028,5,475.93,0.24,1808.53,cash,CUST_8183,Regular
TXN_202309_004192,2023-09-28,REG_02,STORE_004,EMP_002,PROD_003,1,327.49,0.08,301.29,mobile,CUST_1646,Premium
TXN_202309_004193,2023-09-05,REG_05,STORE_013,EMP_005,PROD_035,3,386.87,0.25,870.46,card,CUST_4820,Regular
TXN_202309_004194,2023-09-20,REG_06,STORE_016,EMP_006,PROD_050,5,59.07,0.15,251.05,cash,CUST_8208,VIP
TXN_202309_004195,2023-09-26,REG_06,STORE_018,EMP_006,PROD_042,3,167.21,0.1,451.47,credit,CUST_5898,Premium
TXN_202309_004196,2023-09-17,REG_06,STORE_017,EMP_006,PROD_013,4,40.81,0.01,161.61,card,CUST_9891,Regular
TXN_202309_004197,2023-09-18,REG_07,STORE_021,EMP_007,PROD_039,1,41.64,0.25,31.23,credit,CUST_2327,VIP
TXN_202309_004198,2023-09-02,REG_04,STORE_010,EMP_029,PROD_016,5,30.66,0.15,130.31,card,CUST_3254,New
TXN_202309_004199,2023-09-23,REG_01,STORE_003,EMP_011,PROD_006,4,225.57,0.14,775.96,card,CUST_6696,Premium
TXN_202309_004200,2023-09-25,REG_10,STORE_028,EMP_028,PROD_037,4,213.37,0.23,657.18,credit,CUST_6795,New
TXN_202309_004201,2023-09-09,REG_04,STORE_011,EMP_030,PROD_014,1,23.29,0.13,20.26,mobile,CUST_4171,Premium
TXN_202309_004202,2023-09-29,REG_01,STORE_001,EMP_018,PROD_033,5,213.92,0.15,909.16,card,CUST_2193,Regular
TXN_202309_004203,2023-09-19,REG_02,STORE_004,EMP_002,PROD_039,3,401.7,0.29,855.62,mobile,CUST_5692,Premium
TXN_202309_004204,2023-09-04,REG_01,STORE_002,EMP_011,PROD_015,5,203.23,0.17,843.4,cash,CUST_2383,VIP
TXN_202309_004205,2023-09-20,REG_02,STORE_006,EMP_002,PROD_035,4,380.82,0.12,1340.49,cash,CUST_7450,New
TXN_202309_004206,2023-09-12,REG_08,STORE_024,EMP_012,PROD_039,2,335.57,0.07,624.16,cash,CUST_1211,Premium
TXN_202309_004207,2023-09-17,REG_03,STORE_007,EMP_014,PROD_008,5,77.85,0.18,319.19,card,CUST_3740,Regular
TXN_202309_004208,2023-09-03,REG_08,STORE_022,EMP_012,PROD_023,3,267.02,0.11,712.94,mobile,CUST_5580,New
TXN_202309_004209,2023-09-22,REG_02,STORE_006,EMP_002,PROD_023,4,143.22,0.21,452.58,credit,CUST_8795,Regular
TXN_202309_004210,2023-09-03,REG_03,STORE_009,EMP_003,PROD_037,4,206.79,0.26,612.1,card,CUST_9412,New
TXN_202309_004211,2023-09-26,REG_10,STORE_029,EMP_010,PROD_001,4,405.92,0.22,1266.47,mobile,CUST_6203,Regular
TXN_202309_004212,2023-09-30,REG_02,STORE_004,EMP_002,PROD_011,1,428.96,0.21,338.88,cash,CUST_6387,Regular
TXN_202309_004213,2023-09-04,REG_04,STORE_010,EMP_024,PROD_008,2,353.38,0.26,523.0,mobile,CUST_6510,Regular
TXN_202309_004214,2023-09-16,REG_05,STORE_013,EMP_021,PROD_004,4,244.13,0.12,859.34,cash,CUST_1701,Premium
TXN_202309_004215,2023-09-28,REG_02,STORE_005,EMP_002,PROD_033,3,426.01,0.18,1047.98,credit,CUST_8119,New
TXN_202309_004216,2023-09-09,REG_10,STORE_030,EMP_020,PROD_022,2,271.06,0.19,439.12,credit,CUST_2097,Regular
TXN_202309_004217,2023-09-05,REG_03,STORE_009,EMP_014,PROD_046,1,207.06,0.17,171.86,credit,CUST_9995,Premium
TXN_202309_004218,2023-09-06,REG_09,STORE_027,EMP_009,PROD_038,3,141.57,0.07,394.98,credit,CUST_2826,VIP
TXN_202309_004219,2023-09-30,REG_03,STORE_008,EMP_014,PROD_028,2,194.64,0.25,291.96,mobile,CUST_2694,Regular
TXN_202309_004220,2023-09-07,REG_06,STORE_017,EMP_006,PROD_050,4,123.78,0.02,485.22,mobile,CUST_5424,Regular
TXN_202309_004221,2023-09-10,REG_07,STORE_019,EMP_007,PROD_049,3,64.01,0.13,167.07,cash,CUST_8333,Regular
TXN_202309_004222,2023-09-01,REG_09,STORE_025,EMP_022,PROD_015,2,80.96,0.15,137.63,card,CUST_4999,VIP
TXN_202309_004223,2023-09-22,REG_03,STORE_009,EMP_014,PROD_037,5,493.18,0.27,1800.11,cash,CUST_9737,Regular
TXN_202309_004224,2023-09-27,REG_09,STORE_025,EMP_025,PROD_021,2,129.11,0.3,180.75,cash,CUST_8301,New
TXN_202309_004225,2023-09-23,REG_08,STORE_022,EMP_008,PROD_022,5,431.19,0.18,1767.88,mobile,CUST_4020,Premium
TXN_202309_004226,2023-09-13,REG_02,STORE_006,EMP_002,PROD_001,2,465.7,0.21,735.81,card,CUST_5804,Premium
TXN_202309_004227,2023-09-13,REG_07,STORE_020,EMP_007,PROD_012,2,201.56,0.28,290.25,mobile,CUST_2104,Premium
TXN_202309_004228,2023-09-19,REG_07,STORE_021,EMP_007,PROD_024,4,90.36,0.12,318.07,cash,CUST_6726,VIP
TXN_202309_004229,2023-09-06,REG_01,STORE_003,EMP_019,PROD_017,3,164.46,0.1,444.04,card,CUST_7660,Regular
TXN_202309_004230,2023-09-14,REG_06,STORE_017,EMP_006,PROD_050,4,76.93,0.17,255.41,credit,CUST_7511,Premium
TXN_202309_004231,2023-09-20,REG_04,STORE_010,EMP_016,PROD_037,3,43.25,0.01,128.45,mobile,CUST_6647,Regular
TXN_202309_004232,2023-09-02,REG_03,STORE_008,EMP_014,PROD_050,5,377.97,0.15,1606.37,credit,CUST_1142,VIP
TXN_202309_004233,2023-09-02,REG_06,STORE_017,EMP_006,PROD_012,5,29.66,0.18,121.61,credit,CUST_4641,VIP
TXN_202309_004234,2023-09-15,REG_04,STORE_010,EMP_004,PROD_015,3,326.06,0.1,880.36,mobile,CUST_7642,Premium
TXN_202309_004235,2023-09-01,REG_07,STORE_019,EMP_007,PROD_050,5,338.19,0.16,1420.4,card,CUST_5970,Premium
TXN_202309_004236,2023-09-21,REG_06,STORE_017,EMP_006,PROD_027,2,112.99,0.27,164.97,cash,CUST_5242,VIP
TXN_202309_004237,2023-09-30,REG_02,STORE_006,EMP_002,PROD_018,3,457.25,0.09,1248.29,card,CUST_1931,Regular
TXN_202309_004238,2023-09-13,REG_05,STORE_015,EMP_005,PROD_007,4,218.71,0.14,752.36,cash,CUST_2312,New
TXN_202309_004239,2023-09-08,REG_05,STORE_015,EMP_005,PROD_034,4,53.69,0.01,212.61,credit,CUST_3556,Regular
TXN_202309_004240,2023-09-23,REG_06,STORE_018,EMP_006,PROD_007,4,401.51,0.24,1220.59,mobile,CUST_8715,New
TXN_202309_004241,2023-09-17,REG_07,STORE_020,EMP_007,PROD_019,1,49.52,0.21,39.12,mobile,CUST_2406,VIP
TXN_202309_004242,2023-09-27,REG_01,STORE_003,EMP_018,PROD_020,2,56.42,0.26,83.5,credit,CUST_3621,New
TXN_202309_004243,2023-09-03,REG_03,STORE_009,EMP_014,PROD_049,5,223.39,0.14,960.58,card,CUST_6500,New
TXN_202309_004244,2023-09-08,REG_10,STORE_030,EMP_028,PROD_029,5,312.47,0.17,1296.75,cash,CUST_1626,VIP
TXN_202309_004245,2023-09-14,REG_10,STORE_029,EMP_013,PROD_011,5,383.16,0.05,1820.01,card,CUST_2643,Regular
TXN_202309_004246,2023-09-08,REG_08,STORE_023,EMP_012,PROD_033,3,94.04,0.02,276.48,mobile,CUST_4530,New
TXN_202309_004247,2023-09-29,REG_01,STORE_003,EMP_019,PROD_010,5,363.36,0.03,1762.3,cash,CUST_7118,New
TXN_202309_004248,2023-09-01,REG_05,STORE_014,EMP_021,PROD_042,2,122.91,0.13,213.86,cash,CUST_1323,Regular
TXN_202309_004249,2023-09-14,REG_05,STORE_014,EMP_005,PROD_034,2,354.41,0.11,630.85,credit,CUST_6626,New
TXN_202309_004250,2023-09-02,REG_10,STORE_028,EMP_017,PROD_047,2,391.72,0.25,587.58,credit,CUST_1796,Regular
TXN_202309_004251,2023-09-17,REG_02,STORE_005,EMP_002,PROD_018,1,231.04,0.09,210.25,credit,CUST_9452,New
TXN_202309_004252,2023-09-16,REG_07,STORE_021,EMP_007,PROD_013,4,437.33,0.18,1434.44,mobile,CUST_7548,VIP
TXN_202309_004253,2023-09-27,REG_03,STORE_009,EMP_014,PROD_004,1,332.98,0.21,263.05,cash,CUST_5167,New
TXN_202309_004254,2023-09-11,REG_07,STORE_021,EMP_007,PROD_011,2,418.27,0.19,677.6,cash,CUST_2818,VIP
TXN_202309_004255,2023-09-03,REG_08,STORE_024,EMP_015,PROD_031,2,376.68,0.04,723.23,card,CUST_8791,Premium
TXN_202309_004256,2023-09-14,REG_01,STORE_002,EMP_011,PROD_014,3,479.46,0.08,1323.31,mobile,CUST_7016,New
TXN_202309_004257,2023-09-24,REG_10,STORE_029,EMP_020,PROD_037,5,379.75,0.15,1613.94,mobile,CUST_9474,VIP
TXN_202309_004258,2023-09-23,REG_04,STORE_011,EMP_029,PROD_025,4,221.48,0.26,655.58,mobile,CUST_2378,Premium
TXN_202309_004259,2023-09-29,REG_04,STORE_012,EMP_029,PROD_039,4,180.04,0.04,691.35,mobile,CUST_9521,Premium
TXN_202309_004260,2023-09-17,REG_03,STORE_007,EMP_003,PROD_040,1,243.71,0.2,194.97,cash,CUST_1322,Premium
TXN_202309_004261,2023-09-19,REG_01,STORE_001,EMP_018,PROD_001,2,122.53,0.08,225.46,card,CUST_5905,New
TXN_202309_004262,2023-09-08,REG_03,STORE_007,EMP_003,PROD_023,1,239.56,0.18,196.44,mobile,CUST_8461,New
TXN_202309_004263,2023-09-30,REG_07,STORE_020,EMP_007,PROD_008,5,254.42,0.16,1068.56,cash,CUST_3492,New
TXN_202309_004264,2023-09-07,REG_02,STORE_004,EMP_002,PROD_013,1,338.54,0.21,267.45,card,CUST_9850,New
TXN_202309_004265,2023-09-15,REG_10,STORE_030,EMP_017,PROD_009,4,38.74,0.17,128.62,cash,CUST_2249,Regular
TXN_202309_004266,2023-09-12,REG_04,STORE_011,EMP_026,PROD_021,2,472.85,0.3,661.99,cash,CUST_8347,VIP
TXN_202309_004267,2023-09-16,REG_02,STORE_005,EMP_002,PROD_017,5,134.92,0.18,553.17,card,CUST_5954,Premium
TXN_202309_004268,2023-09-16,REG_03,STORE_008,EMP_014,PROD_049,1,195.99,0.29,139.15,card,CUST_3721,Premium
TXN_202309_004269,2023-09-22,REG_01,STORE_002,EMP_011,PROD_046,4,433.82,0.18,1422.93,credit,CUST_8407,Regular
TXN_202309_004270,2023-09-09,REG_05,STORE_015,EMP_021,PROD_050,5,36.72,0.2,146.88,cash,CUST_6016,Premium
TXN_202309_004271,2023-09-29,REG_02,STORE_006,EMP_002,PROD_038,4,151.22,0.07,562.54,credit,CUST_2528,Regular
TXN_202309_004272,2023-09-08,REG_06,STORE_018,EMP_006,PROD_030,1,483.43,0.05,459.26,credit,CUST_8435,VIP
TXN_202309_004273,2023-09-06,REG_01,STORE_001,EMP_001,PROD_005,2,443.03,0.04,850.62,mobile,CUST_9215,New
TXN_202309_004274,2023-09-24,REG_01,STORE_001,EMP_001,PROD_015,3,141.77,0.17,353.01,credit,CUST_1922,New
TXN_202309_004275,2023-09-13,REG_08,STORE_023,EMP_015,PROD_017,5,302.23,0.24,1148.47,credit,CUST_6912,New
TXN_202309_004276,2023-09-23,REG_01,STORE_003,EMP_018,PROD_048,1,468.75,0.27,342.19,cash,CUST_6565,VIP
TXN_202309_004277,2023-09-24,REG_01,STORE_003,EMP_011,PROD_050,1,495.76,0.09,451.14,cash,CUST_6729,New
TXN_202309_004278,2023-09-16,REG_06,STORE_018,EMP_006,PROD_044,5,27.69,0.01,137.07,credit,CUST_8118,Premium
TXN_202309_004279,2023-09-29,REG_04,STORE_010,EMP_004,PROD_042,2,154.02,0.24,234.11,card,CUST_9268,Regular
TXN_202309_004280,2023-09-18,REG_09,STORE_026,EMP_022,PROD_046,3,211.57,0.14,545.85,mobile,CUST_9052,Premium
TXN_202309_004281,2023-09-29,REG_06,STORE_016,EMP_006,PROD_033,1,79.27,0.19,64.21,mobile,CUST_3595,New
TXN_202309_004282,2023-09-11,REG_04,STORE_011,EMP_004,PROD_046,3,110.15,0.08,304.01,mobile,CUST_4541,New
TXN_202309_004283,2023-09-19,REG_03,STORE_007,EMP_003,PROD_039,3,155.74,0.21,369.1,card,CUST_6615,Premium
TXN_202309_004284,2023-09-27,REG_05,STORE_013,EMP_021,PROD_006,5,327.35,0.03,1587.65,cash,CUST_3834,New
TXN_202309_004285,2023-09-23,REG_04,STORE_010,EMP_024,PROD_008,3,299.16,0.24,682.08,cash,CUST_6912,Regular
TXN_202309_004286,2023-09-22,REG_01,STORE_001,EMP_011,PROD_001,5,342.76,0.09,1559.56,mobile,CUST_5315,VIP
TXN_202309_004287,2023-09-28,REG_03,STORE_007,EMP_014,PROD_033,2,456.21,0.12,802.93,card,CUST_7988,Regular
TXN_202309_004288,2023-09-20,REG_10,STORE_028,EMP_020,PROD_045,4,404.37,0.15,1374.86,mobile,CUST_6580,New
TXN_202309_004289,2023-09-07,REG_04,STORE_011,EMP_016,PROD_042,5,135.51,0.18,555.59,credit,CUST_7423,VIP
TXN_202309_004290,2023-09-13,REG_06,STORE_017,EMP_006,PROD_012,3,13.18,0.14,34.0,mobile,CUST_4742,Premium
TXN_202309_004291,2023-09-28,REG_01,STORE_002,EMP_001,PROD_020,3,302.93,0.15,772.47,cash,CUST_4318,Premium
TXN_202309_004292,2023-09-25,REG_04,STORE_011,EMP_029,PROD_037,4,209.12,0.25,627.36,mobile,CUST_3841,VIP
TXN_202309_004293,2023-09-23,REG_04,STORE_012,EMP_016,PROD_020,1,117.03,0.1,105.33,mobile,CUST_9503,Regular
TXN_202309_004294,2023-09-04,REG_03,STORE_008,EMP_003,PROD_046,1,390.55,0.15,331.97,cash,CUST_8403,Regular
TXN_202309_004295,2023-09-16,REG_05,STORE_013,EMP_005,PROD_031,5,120.6,0.26,446.22,credit,CUST_5821,Premium
TXN_202309_004296,2023-09-01,REG_08,STORE_022,EMP_008,PROD_014,2,437.97,0.21,691.99,credit,CUST_5050,Regular
TXN_202309_004297,2023-09-17,REG_10,STORE_028,EMP_020,PROD_026,2,22.86,0.21,36.12,cash,CUST_6035,VIP
TXN_202309_004298,2023-09-21,REG_09,STORE_027,EMP_025,PROD_009,5,149.31,0.14,642.03,mobile,CUST_6110,New
TXN_202309_004299,2023-09-20,REG_08,STORE_024,EMP_015,PROD_011,3,208.67,0.18,513.33,cash,CUST_7402,VIP
TXN_202309_004300,2023-09-13,REG_04,STORE_010,EMP_026,PROD_005,1,495.83,0.08,456.16,credit,CUST_6243,Regular
TXN_202309_004301,2023-09-01,REG_10,STORE_029,EMP_010,PROD_003,3,210.4,0.13,549.14,credit,CUST_4953,Premium
TXN_202309_004302,2023-09-09,REG_04,STORE_011,EMP_026,PROD_047,3,209.94,0.16,529.05,cash,CUST_7939,New
TXN_202309_004303,2023-09-22,REG_01,STORE_002,EMP_011,PROD_037,5,376.86,0.19,1526.28,mobile,CUST_4519,Premium
TXN_202309_004304,2023-09-03,REG_06,STORE_016,EMP_006,PROD_012,4,51.7,0.08,190.26,credit,CUST_8586,Regular
TXN_202309_004305,2023-09-30,REG_10,STORE_029,EMP_010,PROD_015,2,355.57,0.29,504.91,mobile,CUST_6464,Regular
TXN_202309_004306,2023-09-01,REG_05,STORE_013,EMP_021,PROD_048,1,219.83,0.07,204.44,cash,CUST_5789,VIP
TXN_202309_004307,2023-09-15,REG_10,STORE_029,EMP_010,PROD_040,1,40.56,0.11,36.1,credit,CUST_3083,Regular
TXN_202309_004308,2023-09-22,REG_06,STORE_016,EMP_006,PROD_035,5,488.9,0.09,2224.49,mobile,CUST_5219,Premium
TXN_202309_004309,2023-09-06,REG_09,STORE_025,EMP_025,PROD_007,3,33.74,0.27,73.89,card,CUST_3821,Premium
TXN_202309_004310,2023-09-01,REG_06,STORE_016,EMP_006,PROD_050,3,149.18,0.09,407.26,mobile,CUST_3514,New
TXN_202309_004311,2023-09-07,REG_10,STORE_028,EMP_013,PROD_029,3,418.79,0.16,1055.35,credit,CUST_4313,New
TXN_202309_004312,2023-09-10,REG_04,STORE_012,EMP_030,PROD_021,4,287.58,0.09,1046.79,card,CUST_4584,Regular
TXN_202309_004313,2023-09-10,REG_04,STORE_010,EMP_030,PROD_048,4,339.41,0.25,1018.23,card,CUST_9480,Regular
TXN_202309_004314,2023-09-10,REG_06,STORE_016,EMP_006,PROD_021,3,16.29,0.3,34.21,credit,CUST_7489,New
TXN_202309_004315,2023-09-06,REG_08,STORE_023,EMP_015,PROD_045,3,428.81,0.1,1157.79,card,CUST_8968,VIP
TXN_202309_004316,2023-09-17,REG_09,STORE_025,EMP_009,PROD_010,2,321.59,0.15,546.7,credit,CUST_2295,New
TXN_202309_004317,2023-09-28,REG_03,STORE_007,EMP_014,PROD_016,4,294.59,0.06,1107.66,mobile,CUST_7049,Premium
TXN_202309_004318,2023-09-19,REG_08,STORE_022,EMP_023,PROD_019,4,100.47,0.05,381.79,cash,CUST_8498,VIP
TXN_202309_004319,2023-09-12,REG_05,STORE_013,EMP_021,PROD_036,1,313.21,0.26,231.78,mobile,CUST_6447,Regular
TXN_202309_004320,2023-09-15,REG_05,STORE_014,EMP_005,PROD_030,4,428.47,0.17,1422.52,cash,CUST_2498,VIP
TXN_202309_004321,2023-09-05,REG_07,STORE_021,EMP_007,PROD_009,4,300.45,0.03,1165.75,card,CUST_7315,VIP
TXN_202309_004322,2023-09-13,REG_09,STORE_026,EMP_027,PROD_009,3,455.55,0.02,1339.32,card,CUST_7117,VIP
TXN_202309_004323,2023-09-09,REG_04,STORE_012,EMP_026,PROD_001,3,201.26,0.14,519.25,credit,CUST_4759,VIP
TXN_202309_004324,2023-09-15,REG_06,STORE_016,EMP_006,PROD_045,4,159.4,0.29,452.7,credit,CUST_9313,Premium
TXN_202309_004325,2023-09-22,REG_09,STORE_025,EMP_025,PROD_037,4,90.56,0.13,315.15,cash,CUST_6904,Premium
TXN_202309_004326,2023-09-24,REG_06,STORE_018,EMP_006,PROD_046,2,288.81,0.22,450.54,credit,CUST_5010,New
TXN_202309_004327,2023-09-20,REG_02,STORE_005,EMP_002,PROD_037,1,73.26,0.08,67.4,card,CUST_7208,Regular
TXN_202309_004328,2023-09-06,REG_07,STORE_020,EMP_007,PROD_008,3,326.12,0.16,821.82,mobile,CUST_6654,VIP
TXN_202309_004329,2023-09-04,REG_03,STORE_008,EMP_014,PROD_025,1,258.2,0.05,245.29,mobile,CUST_4510,Premium
TXN_202309_004330,2023-09-19,REG_03,STORE_009,EMP_003,PROD_005,5,23.01,0.25,86.29,card,CUST_8060,New
TXN_202309_004331,2023-09-14,REG_03,STORE_007,EMP_014,PROD_046,2,366.4,0.2,586.24,mobile,CUST_7671,VIP
TXN_202309_004332,2023-09-02,REG_05,STORE_015,EMP_021,PROD_004,1,75.62,0.28,54.45,card,CUST_8263,Regular
TXN_202309_004333,2023-09-08,REG_08,STORE_022,EMP_012,PROD_026,3,429.11,0.1,1158.6,mobile,CUST_8346,Regular
TXN_202309_004334,2023-09-21,REG_01,STORE_002,EMP_018,PROD_032,3,190.74,0.01,566.5,card,CUST_5826,Premium
TXN_202309_004335,2023-09-17,REG_04,STORE_011,EMP_004,PROD_022,4,26.98,0.14,92.81,cash,CUST_6067,Regular
TXN_202309_004336,2023-09-06,REG_05,STORE_014,EMP_005,PROD_025,1,435.32,0.02,426.61,credit,CUST_9985,Regular
TXN_202309_004337,2023-09-28,REG_10,STORE_030,EMP_010,PROD_021,3,201.84,0.17,502.58,credit,CUST_4256,Regular
TXN_202309_004338,2023-09-11,REG_01,STORE_001,EMP_011,PROD_041,5,244.49,0.14,1051.31,credit,CUST_1077,Regular
TXN_202309_004339,2023-09-23,REG_07,STORE_019,EMP_007,PROD_003,1,70.66,0.28,50.88,credit,CUST_8849,Premium
TXN_202309_004340,2023-09-21,REG_05,STORE_015,EMP_005,PROD_032,1,189.68,0.25,142.26,cash,CUST_1321,Regular
TXN_202309_004341,2023-09-04,REG_10,STORE_030,EMP_028,PROD_027,5,423.02,0.04,2030.5,mobile,CUST_4288,New
TXN_202309_004342,2023-09-08,REG_07,STORE_020,EMP_007,PROD_028,4,403.67,0.24,1227.16,card,CUST_2097,New
TXN_202309_004343,2023-09-16,REG_07,STORE_020,EMP_007,PROD_025,5,445.58,0.27,1626.37,credit,CUST_3060,Regular
TXN_202309_004344,2023-09-07,REG_08,STORE_024,EMP_023,PROD_021,5,40.44,0.14,173.89,mobile,CUST_5705,Regular
TXN_202309_004345,2023-09-02,REG_06,STORE_018,EMP_006,PROD_026,1,233.3,0.02,228.63,card,CUST_5357,Premium
TXN_202309_004346,2023-09-08,REG_07,STORE_020,EMP_007,PROD_004,4,140.46,0.22,438.24,mobile,CUST_6408,Regular
TXN_202309_004347,2023-09-28,REG_06,STORE_018,EMP_006,PROD_039,1,170.21,0.12,149.78,card,CUST_3671,Premium
TXN_202309_004348,2023-09-10,REG_03,STORE_008,EMP_014,PROD_020,4,133.55,0.26,395.31,credit,CUST_6829,VIP
TXN_202309_004349,2023-09-07,REG_10,STORE_028,EMP_010,PROD_020,3,63.35,0.17,157.74,cash,CUST_8625,VIP
TXN_202309_004350,2023-09-23,REG_10,STORE_028,EMP_020,PROD_021,4,172.83,0.07,642.93,credit,CUST_2794,New
TXN_202309_004351,2023-09-16,REG_04,STORE_011,EMP_030,PROD_034,4,325.78,0.25,977.34,cash,CUST_1001,VIP
TXN_202309_004352,2023-09-22,REG_10,STORE_029,EMP_020,PROD_036,2,100.98,0.25,151.47,mobile,CUST_6535,Regular
TXN_202309_004353,2023-09-02,REG_04,STORE_011,EMP_026,PROD_031,1,261.89,0.29,185.94,cash,CUST_5293,Premium
TXN_202309_004354,2023-09-17,REG_10,STORE_028,EMP_010,PROD_010,4,166.38,0.14,572.35,mobile,CUST_2786,Premium
TXN_202309_004355,2023-09-17,REG_06,STORE_016,EMP_006,PROD_011,2,240.59,0.0,481.18,mobile,CUST_4515,New
TXN_202309_004356,2023-09-24,REG_10,STORE_028,EMP_013,PROD_005,3,454.24,0.02,1335.47,cash,CUST_6209,VIP
TXN_202309_004357,2023-09-28,REG_01,STORE_003,EMP_001,PROD_036,5,14.49,0.06,68.1,mobile,CUST_5277,New
TXN_202309_004358,2023-09-02,REG_09,STORE_027,EMP_009,PROD_008,1,417.85,0.08,384.42,card,CUST_4202,New
TXN_202309_004359,2023-09-19,REG_07,STORE_020,EMP_007,PROD_046,5,470.25,0.22,1833.98,card,CUST_4095,VIP
TXN_202309_004360,2023-09-19,REG_02,STORE_005,EMP_002,PROD_029,4,397.45,0.12,1399.02,mobile,CUST_7230,Premium
TXN_202309_004361,2023-09-14,REG_10,STORE_030,EMP_020,PROD_044,4,253.02,0.16,850.15,cash,CUST_6326,New
TXN_202309_004362,2023-09-03,REG_07,STORE_020,EMP_007,PROD_008,4,107.93,0.07,401.5,mobile,CUST_2039,Premium
TXN_202309_004363,2023-09-01,REG_06,STORE_016,EMP_006,PROD_032,1,52.42,0.12,46.13,cash,CUST_1137,New
TXN_202309_004364,2023-09-30,REG_07,STORE_021,EMP_007,PROD_032,3,472.47,0.06,1332.37,card,CUST_1554,VIP
TXN_202309_004365,2023-09-14,REG_09,STORE_027,EMP_027,PROD_048,4,336.98,0.16,1132.25,credit,CUST_9156,Premium
TXN_202309_004366,2023-09-24,REG_09,STORE_026,EMP_027,PROD_044,1,220.86,0.07,205.4,card,CUST_6619,VIP
TXN_202309_004367,2023-09-20,REG_06,STORE_017,EMP_006,PROD_002,4,310.84,0.21,982.25,mobile,CUST_8567,New
TXN_202309_004368,2023-09-04,REG_02,STORE_004,EMP_002,PROD_023,1,90.09,0.09,81.98,cash,CUST_1253,Premium
TXN_202309_004369,2023-09-05,REG_08,STORE_024,EMP_023,PROD_038,5,253.87,0.2,1015.48,mobile,CUST_9030,Regular
TXN_202309_004370,2023-09-19,REG_10,STORE_029,EMP_028,PROD_002,2,187.41,0.28,269.87,card,CUST_5897,New
TXN_202309_004371,2023-09-27,REG_07,STORE_020,EMP_007,PROD_001,3,227.02,0.29,483.55,card,CUST_8773,Premium
TXN_202309_004372,2023-09-04,REG_04,STORE_010,EMP_029,PROD_045,3,304.95,0.24,695.29,cash,CUST_8766,New
TXN_202309_004373,2023-09-07,REG_08,STORE_022,EMP_015,PROD_042,3,39.72,0.0,119.16,mobile,CUST_5551,Premium
TXN_202309_004374,2023-09-20,REG_08,STORE_023,EMP_023,PROD_044,5,495.7,0.26,1834.09,credit,CUST_7338,Premium
TXN_202309_004375,2023-09-24,REG_03,STORE_008,EMP_003,PROD_039,4,296.9,0.13,1033.21,mobile,CUST_4810,New
TXN_202309_004376,2023-09-02,REG_10,STORE_029,EMP_013,PROD_032,2,479.42,0.21,757.48,cash,CUST_4717,Premium
TXN_202309_004377,2023-09-23,REG_01,STORE_001,EMP_001,PROD_046,1,472.42,0.18,387.38,cash,CUST_4026,VIP
TXN_202309_004378,2023-09-04,REG_04,STORE_010,EMP_026,PROD_003,4,355.61,0.02,1393.99,card,CUST_9174,Regular
TXN_202309_004379,2023-09-08,REG_02,STORE_005,EMP_002,PROD_039,4,223.43,0.11,795.41,mobile,CUST_2549,New
TXN_202309_004380,2023-09-25,REG_05,STORE_014,EMP_021,PROD_016,2,419.28,0.02,821.79,card,CUST_1276,Premium
TXN_202309_004381,2023-09-03,REG_04,STORE_012,EMP_024,PROD_045,5,147.31,0.0,736.55,cash,CUST_2474,Regular
TXN_202309_004382,2023-09-18,REG_01,STORE_003,EMP_011,PROD_004,5,189.27,0.11,842.25,mobile,CUST_2153,Regular
TXN_202309_004383,2023-09-20,REG_01,STORE_003,EMP_011,PROD_011,4,197.62,0.28,569.15,mobile,CUST_5850,VIP
TXN_202309_004384,2023-09-05,REG_06,STORE_017,EMP_006,PROD_023,2,22.12,0.01,43.8,mobile,CUST_6138,VIP
TXN_202309_004385,2023-09-24,REG_10,STORE_030,EMP_028,PROD_002,2,403.09,0.15,685.25,credit,CUST_7671,Premium
TXN_202309_004386,2023-09-28,REG_09,STORE_027,EMP_009,PROD_016,5,339.27,0.07,1577.61,card,CUST_6899,New
TXN_202309_004387,2023-09-28,REG_10,STORE_028,EMP_013,PROD_034,4,58.04,0.02,227.52,card,CUST_4608,VIP
TXN_202309_004388,2023-09-12,REG_10,STORE_030,EMP_017,PROD_033,2,290.49,0.25,435.74,credit,CUST_6826,Regular
TXN_202309_004389,2023-09-01,REG_06,STORE_018,EMP_006,PROD_040,3,166.75,0.08,460.23,cash,CUST_1294,Premium
TXN_202309_004390,2023-09-22,REG_06,STORE_016,EMP_006,PROD_049,1,495.42,0.19,401.29,card,CUST_4864,Regular
TXN_202309_004391,2023-09-01,REG_03,STORE_007,EMP_003,PROD_030,1,48.64,0.2,38.91,mobile,CUST_3566,Regular
TXN_202309_004392,2023-09-06,REG_05,STORE_015,EMP_005,PROD_031,1,231.54,0.17,192.18,card,CUST_7767,VIP
TXN_202309_004393,2023-09-01,REG_09,STORE_026,EMP_027,PROD_037,2,264.51,0.12,465.54,mobile,CUST_8610,Premium
TXN_202309_004394,2023-09-25,REG_06,STORE_018,EMP_006,PROD_042,3,378.73,0.1,1022.57,credit,CUST_6049,Regular
TXN_202309_004395,2023-09-14,REG_07,STORE_019,EMP_007,PROD_028,1,181.08,0.1,162.97,credit,CUST_3660,New
TXN_202309_004396,2023-09-26,REG_05,STORE_013,EMP_005,PROD_033,2,216.87,0.19,351.33,credit,CUST_3682,Premium
TXN_202309_004397,2023-09-29,REG_02,STORE_004,EMP_002,PROD_011,1,135.11,0.19,109.44,credit,CUST_4638,Premium
TXN_202309_004398,2023-09-13,REG_10,STORE_030,EMP_017,PROD_006,5,99.49,0.25,373.09,card,CUST_3651,Regular
TXN_202309_004399,2023-09-24,REG_03,STORE_009,EMP_014,PROD_046,1,221.54,0.18,181.66,mobile,CUST_8148,VIP
TXN_202309_004400,2023-09-10,REG_06,STORE_017,EMP_006,PROD_020,5,46.54,0.23,179.18,credit,CUST_5068,New
TXN_202309_004401,2023-09-26,REG_06,STORE_017,EMP_006,PROD_042,3,116.02,0.14,299.33,credit,CUST_5687,Regular
TXN_202309_004402,2023-09-28,REG_05,STORE_015,EMP_021,PROD_047,2,38.84,0.05,73.8,mobile,CUST_7180,VIP
TXN_202309_004403,2023-09-15,REG_05,STORE_014,EMP_021,PROD_014,5,413.46,0.11,1839.9,mobile,CUST_5151,Regular
TXN_202309_004404,2023-09-24,REG_10,STORE_030,EMP_020,PROD_023,3,215.06,0.12,567.76,mobile,CUST_8562,Regular
TXN_202309_004405,2023-09-23,REG_09,STORE_027,EMP_009,PROD_048,1,192.8,0.11,171.59,mobile,CUST_1670,Regular
TXN_202309_004406,2023-09-19,REG_04,STORE_010,EMP_030,PROD_030,3,305.46,0.16,769.76,credit,CUST_7361,Premium
TXN_202309_004407,2023-09-04,REG_04,STORE_010,EMP_004,PROD_008,5,477.22,0.24,1813.44,mobile,CUST_7870,VIP
TXN_202309_004408,2023-09-13,REG_06,STORE_016,EMP_006,PROD_014,5,406.02,0.09,1847.39,mobile,CUST_8766,New
TXN_202309_004409,2023-09-13,REG_10,STORE_029,EMP_028,PROD_004,3,422.72,0.02,1242.8,mobile,CUST_9107,Regular
TXN_202309_004410,2023-09-30,REG_05,STORE_014,EMP_021,PROD_020,1,200.44,0.03,194.43,card,CUST_7326,Regular
TXN_202309_004411,2023-09-22,REG_04,STORE_011,EMP_004,PROD_032,1,276.88,0.28,199.35,card,CUST_2076,Regular
TXN_202309_004412,2023-09-21,REG_10,STORE_028,EMP_010,PROD_008,3,72.37,0.05,206.25,cash,CUST_9999,Premium
TXN_202309_004413,2023-09-08,REG_06,STORE_018,EMP_006,PROD_047,5,178.62,0.24,678.76,card,CUST_6403,Regular
TXN_202309_004414,2023-09-21,REG_07,STORE_021,EMP_007,PROD_049,1,205.95,0.18,168.88,credit,CUST_1258,New
TXN_202309_004415,2023-09-16,REG_07,STORE_021,EMP_007,PROD_001,5,369.31,0.2,1477.24,cash,CUST_9975,VIP
TXN_202309_004416,2023-09-06,REG_03,STORE_007,EMP_014,PROD_033,3,456.63,0.03,1328.79,credit,CUST_1064,New
TXN_202309_004417,2023-09-09,REG_07,STORE_020,EMP_007,PROD_007,1,204.39,0.01,202.35,cash,CUST_4298,VIP
TXN_202309_004418,2023-09-30,REG_10,STORE_029,EMP_020,PROD_049,1,179.51,0.09,163.35,credit,CUST_1171,Premium
TXN_202309_004419,2023-09-15,REG_03,STORE_007,EMP_014,PROD_024,2,238.83,0.19,386.9,credit,CUST_9322,VIP
TXN_202309_004420,2023-09-06,REG_09,STORE_027,EMP_009,PROD_031,4,260.18,0.15,884.61,cash,CUST_5295,VIP
TXN_202309_004421,2023-09-28,REG_02,STORE_004,EMP_002,PROD_010,4,110.43,0.15,375.46,credit,CUST_2200,VIP
TXN_202309_004422,2023-09-13,REG_06,STORE_017,EMP_006,PROD_010,2,49.67,0.21,78.48,card,CUST_2989,Premium
TXN_202309_004423,2023-09-11,REG_03,STORE_009,EMP_014,PROD_042,5,100.07,0.17,415.29,card,CUST_3616,VIP
TXN_202309_004424,2023-09-09,REG_08,STORE_023,EMP_012,PROD_004,2,221.12,0.16,371.48,mobile,CUST_1771,Premium
TXN_202309_004425,2023-09-13,REG_06,STORE_017,EMP_006,PROD_020,3,487.22,0.02,1432.43,mobile,CUST_8332,Premium
TXN_202309_004426,2023-09-29,REG_02,STORE_004,EMP_002,PROD_042,3,204.42,0.18,502.87,credit,CUST_4315,Premium
TXN_202309_004427,2023-09-16,REG_07,STORE_020,EMP_007,PROD_020,2,426.31,0.25,639.47,credit,CUST_5451,Regular
TXN_202309_004428,2023-09-04,REG_10,STORE_028,EMP_017,PROD_038,2,248.52,0.16,417.51,mobile,CUST_3342,Regular
TXN_202309_004429,2023-09-12,REG_10,STORE_030,EMP_017,PROD_046,1,256.7,0.01,254.13,credit,CUST_6423,VIP
TXN_202309_004430,2023-09-16,REG_01,STORE_002,EMP_019,PROD_010,4,104.66,0.19,339.1,mobile,CUST_7479,VIP
TXN_202309_004431,2023-09-11,REG_08,STORE_024,EMP_008,PROD_024,5,392.64,0.04,1884.67,cash,CUST_6849,VIP
TXN_202309_004432,2023-09-10,REG_07,STORE_021,EMP_007,PROD_014,1,112.54,0.05,106.91,cash,CUST_3031,Premium
TXN_202309_004433,2023-09-07,REG_02,STORE_005,EMP_002,PROD_016,3,75.28,0.29,160.35,cash,CUST_4467,Regular
TXN_202309_004434,2023-09-07,REG_04,STORE_012,EMP_029,PROD_004,1,375.86,0.06,353.31,cash,CUST_9317,Premium
TXN_202309_004435,2023-09-05,REG_04,STORE_010,EMP_004,PROD_032,1,144.8,0.04,139.01,credit,CUST_6453,VIP
TXN_202309_004436,2023-09-23,REG_09,STORE_027,EMP_025,PROD_014,4,293.58,0.2,939.46,credit,CUST_9180,Premium
TXN_202309_004437,2023-09-04,REG_07,STORE_019,EMP_007,PROD_030,2,246.24,0.29,349.66,card,CUST_9437,VIP
TXN_202309_004438,2023-09-04,REG_06,STORE_018,EMP_006,PROD_032,4,273.46,0.07,1017.27,mobile,CUST_4365,Premium
TXN_202309_004439,2023-09-21,REG_01,STORE_002,EMP_001,PROD_035,4,195.23,0.19,632.55,cash,CUST_8391,New
TXN_202309_004440,2023-09-02,REG_04,STORE_011,EMP_026,PROD_031,1,158.82,0.26,117.53,cash,CUST_1177,New
TXN_202309_004441,2023-09-09,REG_03,STORE_007,EMP_003,PROD_001,1,440.18,0.28,316.93,mobile,CUST_9418,Premium
TXN_202309_004442,2023-09-14,REG_10,STORE_029,EMP_010,PROD_024,4,343.33,0.26,1016.26,card,CUST_9208,Premium
TXN_202309_004443,2023-09-06,REG_04,STORE_012,EMP_016,PROD_035,1,44.24,0.03,42.91,cash,CUST_2623,Regular
TXN_202309_004444,2023-09-20,REG_10,STORE_028,EMP_020,PROD_009,1,267.06,0.02,261.72,cash,CUST_1600,VIP
TXN_202309_004445,2023-09-17,REG_05,STORE_013,EMP_005,PROD_025,3,74.69,0.11,199.42,credit,CUST_8656,VIP
TXN_202309_004446,2023-09-30,REG_08,STORE_023,EMP_012,PROD_029,3,317.22,0.23,732.78,mobile,CUST_5364,Premium
TXN_202309_004447,2023-09-17,REG_03,STORE_009,EMP_014,PROD_040,1,59.05,0.1,53.14,card,CUST_5341,VIP
TXN_202309_004448,2023-09-17,REG_06,STORE_018,EMP_006,PROD_044,5,461.86,0.01,2286.21,card,CUST_1085,Regular
TXN_202309_004449,2023-09-02,REG_07,STORE_020,EMP_007,PROD_020,4,278.35,0.05,1057.73,cash,CUST_7319,New
TXN_202309_004450,2023-09-22,REG_07,STORE_019,EMP_007,PROD_035,1,13.38,0.16,11.24,mobile,CUST_8965,Regular
TXN_202309_004451,2023-09-13,REG_07,STORE_019,EMP_007,PROD_015,1,179.02,0.06,168.28,credit,CUST_5728,New
TXN_202309_004452,2023-09-18,REG_09,STORE_025,EMP_009,PROD_020,5,336.44,0.14,1446.69,credit,CUST_2697,Premium
TXN_202309_004453,2023-09-25,REG_06,STORE_017,EMP_006,PROD_015,3,234.24,0.17,583.26,credit,CUST_6672,Regular
TXN_202309_004454,2023-09-01,REG_03,STORE_007,EMP_014,PROD_020,2,376.37,0.16,632.3,cash,CUST_1392,VIP
TXN_202309_004455,2023-09-04,REG_07,STORE_019,EMP_007,PROD_034,3,156.58,0.2,375.79,cash,CUST_9509,Regular
TXN_202309_004456,2023-09-14,REG_06,STORE_016,EMP_006,PROD_031,3,234.36,0.05,667.93,card,CUST_2457,VIP
TXN_202309_004457,2023-09-18,REG_04,STORE_010,EMP_026,PROD_035,2,209.48,0.28,301.65,card,CUST_5828,Premium
TXN_202309_004458,2023-09-12,REG_07,STORE_020,EMP_007,PROD_046,5,419.76,0.28,1511.14,mobile,CUST_4701,VIP
TXN_202309_004459,2023-09-29,REG_06,STORE_017,EMP_006,PROD_022,5,486.84,0.27,1776.97,mobile,CUST_7415,Regular
TXN_202309_004460,2023-09-04,REG_01,STORE_003,EMP_011,PROD_008,2,76.0,0.27,110.96,cash,CUST_3240,VIP
TXN_202309_004461,2023-09-16,REG_09,STORE_027,EMP_025,PROD_020,1,49.31,0.11,43.89,cash,CUST_1284,VIP
TXN_202309_004462,2023-09-23,REG_09,STORE_026,EMP_022,PROD_025,1,475.31,0.04,456.3,cash,CUST_7527,Premium
TXN_202309_004463,2023-09-15,REG_02,STORE_005,EMP_002,PROD_025,1,255.0,0.24,193.8,credit,CUST_6485,Premium
TXN_202309_004464,2023-09-08,REG_03,STORE_008,EMP_003,PROD_029,1,272.09,0.02,266.65,cash,CUST_9975,Regular
TXN_202309_004465,2023-09-12,REG_01,STORE_002,EMP_001,PROD_019,2,18.69,0.2,29.9,card,CUST_4165,VIP
TXN_202309_004466,2023-09-12,REG_08,STORE_024,EMP_015,PROD_014,1,469.3,0.08,431.76,cash,CUST_9982,Regular
TXN_202309_004467,2023-09-02,REG_09,STORE_027,EMP_009,PROD_011,2,304.01,0.25,456.01,credit,CUST_1490,VIP
TXN_202309_004468,2023-09-02,REG_08,STORE_024,EMP_015,PROD_035,2,128.32,0.28,184.78,mobile,CUST_5278,VIP
TXN_202309_004469,2023-09-22,REG_08,STORE_022,EMP_008,PROD_003,1,112.66,0.13,98.01,credit,CUST_9582,VIP
TXN_202309_004470,2023-09-26,REG_01,STORE_001,EMP_019,PROD_020,3,29.72,0.13,77.57,credit,CUST_7750,Regular
TXN_202309_004471,2023-09-14,REG_04,STORE_010,EMP_026,PROD_004,2,255.66,0.21,403.94,cash,CUST_1884,Regular
TXN_202309_004472,2023-09-28,REG_04,STORE_011,EMP_004,PROD_042,2,331.75,0.28,477.72,card,CUST_9890,VIP
TXN_202309_004473,2023-09-08,REG_03,STORE_008,EMP_003,PROD_025,4,164.07,0.07,610.34,credit,CUST_5673,New
TXN_202309_004474,2023-09-09,REG_08,STORE_023,EMP_008,PROD_012,5,392.11,0.17,1627.26,mobile,CUST_6099,New
TXN_202309_004475,2023-09-29,REG_04,STORE_010,EMP_030,PROD_039,4,492.79,0.27,1438.95,card,CUST_9758,Premium
TXN_202309_004476,2023-09-18,REG_03,STORE_008,EMP_003,PROD_037,5,316.25,0.2,1265.0,mobile,CUST_4696,VIP
TXN_202309_004477,2023-09-06,REG_06,STORE_016,EMP_006,PROD_016,5,179.74,0.27,656.05,cash,CUST_1260,Premium
TXN_202309_004478,2023-09-04,REG_07,STORE_019,EMP_007,PROD_002,5,103.21,0.29,366.4,card,CUST_2473,Premium
TXN_202309_004479,2023-09-13,REG_06,STORE_016,EMP_006,PROD_039,3,394.07,0.03,1146.74,cash,CUST_7074,New
TXN_202309_004480,2023-09-11,REG_10,STORE_030,EMP_028,PROD_047,1,352.55,0.16,296.14,cash,CUST_3042,Premium
