transaction_id,date,region,store_id,employee_id,product_id,units,unit_price,discount,revenue,payment,customer_id,customer_segment
TXN_202509_015962,2025-09-29,REG_08,STORE_024,EMP_008,PROD_026,5,298.82,0.18,1225.16,credit,CUST_6550,Premium
TXN_202509_015963,2025-09-16,REG_01,STORE_002,EMP_019,PROD_005,4,227.2,0.14,781.57,credit,CUST_2569,VIP
TXN_202509_015964,2025-09-06,REG_04,STORE_011,EMP_026,PROD_035,4,304.96,0.06,1146.65,credit,CUST_7837,Premium
TXN_202509_015965,2025-09-16,REG_01,STORE_003,EMP_001,PROD_003,3,220.66,0.1,595.78,card,CUST_8558,Regular
TXN_202509_015966,2025-09-13,REG_07,STORE_019,EMP_007,PROD_008,5,436.35,0.27,1592.68,cash,CUST_4047,New
TXN_202509_015967,2025-09-03,REG_10,STORE_029,EMP_017,PROD_020,3,277.99,0.16,700.53,cash,CUST_2265,New
TXN_202509_015968,2025-09-29,REG_07,STORE_021,EMP_007,PROD_004,1,322.25,0.09,293.25,card,CUST_7789,New
TXN_202509_015969,2025-09-08,REG_03,STORE_007,EMP_014,PROD_039,2,121.26,0.26,179.46,cash,CUST_2716,VIP
TXN_202509_015970,2025-09-15,REG_09,STORE_026,EMP_022,PROD_035,5,363.17,0.11,1616.11,cash,CUST_1103,VIP
TXN_202509_015971,2025-09-05,REG_03,STORE_007,EMP_003,PROD_030,4,76.93,0.21,243.1,cash,CUST_1366,New
TXN_202509_015972,2025-09-13,REG_09,STORE_025,EMP_027,PROD_047,1,223.7,0.27,163.3,credit,CUST_8798,New
TXN_202509_015973,2025-09-15,REG_05,STORE_013,EMP_005,PROD_033,1,125.89,0.12,110.78,card,CUST_9105,VIP
TXN_202509_015974,2025-09-13,REG_09,STORE_025,EMP_009,PROD_030,3,260.11,0.04,749.12,credit,CUST_2643,Regular
TXN_202509_015975,2025-09-20,REG_09,STORE_026,EMP_027,PROD_017,3,462.96,0.09,1263.88,cash,CUST_8530,New
TXN_202509_015976,2025-09-25,REG_08,STORE_022,EMP_008,PROD_015,2,315.18,0.24,479.07,cash,CUST_8189,Premium
TXN_202509_015977,2025-09-02,REG_04,STORE_011,EMP_026,PROD_019,4,28.38,0.11,101.03,card,CUST_4279,Premium
TXN_202509_015978,2025-09-01,REG_05,STORE_014,EMP_005,PROD_036,4,375.3,0.29,1065.85,credit,CUST_7336,Premium
TXN_202509_015979,2025-09-02,REG_09,STORE_027,EMP_027,PROD_019,1,281.21,0.12,247.46,credit,CUST_6069,New
TXN_202509_015980,2025-09-06,REG_03,STORE_008,EMP_014,PROD_039,1,267.13,0.05,253.77,mobile,CUST_6494,Premium
TXN_202509_015981,2025-09-19,REG_01,STORE_001,EMP_011,PROD_022,4,259.52,0.08,955.03,card,CUST_8003,New
TXN_202509_015982,2025-09-18,REG_03,STORE_008,EMP_014,PROD_018,3,327.31,0.01,972.11,cash,CUST_6738,Regular
TXN_202509_015983,2025-09-28,REG_08,STORE_023,EMP_012,PROD_050,3,466.01,0.19,1132.4,mobile,CUST_1761,Regular
TXN_202509_015984,2025-09-01,REG_10,STORE_028,EMP_017,PROD_024,5,462.77,0.05,2198.16,credit,CUST_9282,VIP
TXN_202509_015985,2025-09-27,REG_09,STORE_025,EMP_027,PROD_047,2,214.97,0.1,386.95,card,CUST_6761,Premium
TXN_202509_015986,2025-09-21,REG_10,STORE_028,EMP_013,PROD_044,2,425.51,0.3,595.71,cash,CUST_8645,Premium
TXN_202509_015987,2025-09-07,REG_05,STORE_015,EMP_021,PROD_017,2,432.59,0.06,813.27,cash,CUST_1052,Premium
TXN_202509_015988,2025-09-05,REG_05,STORE_014,EMP_021,PROD_046,5,119.28,0.01,590.44,credit,CUST_9609,VIP
TXN_202509_015989,2025-09-24,REG_10,STORE_029,EMP_028,PROD_050,4,436.11,0.08,1604.88,card,CUST_7170,VIP
TXN_202509_015990,2025-09-13,REG_06,STORE_018,EMP_006,PROD_028,2,212.88,0.29,302.29,mobile,CUST_3183,New
TXN_202509_015991,2025-09-09,REG_07,STORE_020,EMP_007,PROD_044,1,172.88,0.12,152.13,mobile,CUST_6313,New
TXN_202509_015992,2025-09-25,REG_03,STORE_009,EMP_003,PROD_036,3,211.16,0.23,487.78,card,CUST_6023,New
TXN_202509_015993,2025-09-07,REG_10,STORE_029,EMP_013,PROD_006,1,463.32,0.17,384.56,mobile,CUST_3934,Regular
TXN_202509_015994,2025-09-12,REG_02,STORE_005,EMP_002,PROD_035,2,306.87,0.06,576.92,card,CUST_2096,New
TXN_202509_015995,2025-09-01,REG_10,STORE_030,EMP_017,PROD_029,5,70.07,0.25,262.76,mobile,CUST_5120,Premium
TXN_202509_015996,2025-09-16,REG_07,STORE_021,EMP_007,PROD_003,4,128.88,0.13,448.5,credit,CUST_1226,New
TXN_202509_015997,2025-09-07,REG_01,STORE_001,EMP_001,PROD_013,2,69.49,0.04,133.42,mobile,CUST_2680,VIP
TXN_202509_015998,2025-09-03,REG_10,STORE_030,EMP_013,PROD_041,3,258.1,0.07,720.1,mobile,CUST_9583,New
TXN_202509_015999,2025-09-06,REG_01,STORE_001,EMP_019,PROD_031,3,425.05,0.0,1275.15,card,CUST_4075,New
TXN_202509_016000,2025-09-04,REG_01,STORE_002,EMP_011,PROD_013,1,456.88,0.26,338.09,card,CUST_7404,Premium
TXN_202509_016001,2025-09-16,REG_05,STORE_014,EMP_005,PROD_035,2,388.29,0.29,551.37,mobile,CUST_6065,Premium
TXN_202509_016002,2025-09-07,REG_04,STORE_011,EMP_016,PROD_031,2,11.3,0.29,16.05,mobile,CUST_7726,New
TXN_202509_016003,2025-09-25,REG_01,STORE_001,EMP_001,PROD_029,4,43.16,0.22,134.66,cash,CUST_3520,New
TXN_202509_016004,2025-09-22,REG_04,STORE_012,EMP_024,PROD_044,5,483.06,0.14,2077.16,mobile,CUST_2459,New
TXN_202509_016005,2025-09-27,REG_02,STORE_004,EMP_002,PROD_047,2,240.86,0.21,380.56,card,CUST_5746,Premium
TXN_202509_016006,2025-09-10,REG_09,STORE_026,EMP_027,PROD_021,1,366.7,0.24,278.69,mobile,CUST_7483,Premium
TXN_202509_016007,2025-09-01,REG_05,STORE_015,EMP_005,PROD_024,5,86.21,0.04,413.81,cash,CUST_2574,Regular
TXN_202509_016008,2025-09-24,REG_04,STORE_012,EMP_016,PROD_041,3,353.09,0.15,900.38,cash,CUST_6650,Premium
TXN_202509_016009,2025-09-24,REG_01,STORE_002,EMP_001,PROD_013,3,410.56,0.27,899.13,card,CUST_1019,Premium
TXN_202509_016010,2025-09-28,REG_05,STORE_015,EMP_021,PROD_024,1,83.95,0.22,65.48,card,CUST_8420,New
TXN_202509_016011,2025-09-21,REG_05,STORE_015,EMP_005,PROD_042,5,147.42,0.06,692.87,credit,CUST_9708,VIP
TXN_202509_016012,2025-09-02,REG_07,STORE_019,EMP_007,PROD_025,2,444.24,0.03,861.83,cash,CUST_2679,Premium
TXN_202509_016013,2025-09-12,REG_04,STORE_012,EMP_029,PROD_008,5,147.32,0.14,633.48,card,CUST_6992,Premium
TXN_202509_016014,2025-09-15,REG_05,STORE_013,EMP_021,PROD_014,3,302.66,0.02,889.82,mobile,CUST_9001,New
TXN_202509_016015,2025-09-26,REG_03,STORE_008,EMP_014,PROD_045,2,87.03,0.18,142.73,mobile,CUST_2470,New
TXN_202509_016016,2025-09-18,REG_07,STORE_019,EMP_007,PROD_006,1,326.46,0.16,274.23,mobile,CUST_8801,VIP
TXN_202509_016017,2025-09-29,REG_05,STORE_013,EMP_021,PROD_006,4,219.97,0.28,633.51,credit,CUST_8594,Premium
TXN_202509_016018,2025-09-03,REG_08,STORE_024,EMP_015,PROD_038,2,142.0,0.22,221.52,cash,CUST_9967,New
TXN_202509_016019,2025-09-01,REG_08,STORE_023,EMP_015,PROD_004,3,377.19,0.2,905.26,mobile,CUST_6219,VIP
TXN_202509_016020,2025-09-11,REG_10,STORE_029,EMP_013,PROD_024,4,183.64,0.16,617.03,mobile,CUST_2844,Premium
TXN_202509_016021,2025-09-30,REG_04,STORE_010,EMP_030,PROD_030,3,198.22,0.13,517.35,credit,CUST_3634,Regular
TXN_202509_016022,2025-09-14,REG_09,STORE_025,EMP_027,PROD_015,2,60.82,0.24,92.45,card,CUST_8187,New
TXN_202509_016023,2025-09-07,REG_04,STORE_011,EMP_024,PROD_001,3,199.51,0.17,496.78,credit,CUST_1957,Regular
TXN_202509_016024,2025-09-09,REG_08,STORE_022,EMP_023,PROD_004,2,385.51,0.26,570.55,credit,CUST_5074,Premium
TXN_202509_016025,2025-09-11,REG_06,STORE_016,EMP_006,PROD_024,4,308.27,0.28,887.82,cash,CUST_5345,Regular
TXN_202509_016026,2025-09-07,REG_02,STORE_005,EMP_002,PROD_026,3,213.71,0.03,621.9,credit,CUST_7706,VIP
TXN_202509_016027,2025-09-01,REG_07,STORE_020,EMP_007,PROD_048,3,326.73,0.07,911.58,cash,CUST_5788,New
TXN_202509_016028,2025-09-02,REG_05,STORE_013,EMP_005,PROD_034,2,73.28,0.29,104.06,mobile,CUST_4827,VIP
TXN_202509_016029,2025-09-02,REG_07,STORE_021,EMP_007,PROD_040,3,425.42,0.27,931.67,card,CUST_3844,VIP
TXN_202509_016030,2025-09-16,REG_02,STORE_004,EMP_002,PROD_005,2,436.63,0.17,724.81,cash,CUST_7165,New
TXN_202509_016031,2025-09-29,REG_02,STORE_006,EMP_002,PROD_024,5,57.93,0.28,208.55,mobile,CUST_2088,Regular
TXN_202509_016032,2025-09-20,REG_09,STORE_027,EMP_022,PROD_020,1,331.41,0.15,281.7,credit,CUST_3435,New
TXN_202509_016033,2025-09-15,REG_02,STORE_004,EMP_002,PROD_035,4,356.4,0.22,1111.97,credit,CUST_2835,New
TXN_202509_016034,2025-09-04,REG_08,STORE_023,EMP_012,PROD_018,4,201.34,0.1,724.82,mobile,CUST_3472,VIP
TXN_202509_016035,2025-09-17,REG_07,STORE_021,EMP_007,PROD_035,5,449.35,0.02,2201.82,card,CUST_7929,Premium
TXN_202509_016036,2025-09-26,REG_07,STORE_019,EMP_007,PROD_023,5,242.93,0.27,886.69,cash,CUST_4102,VIP
TXN_202509_016037,2025-09-20,REG_06,STORE_017,EMP_006,PROD_028,4,378.67,0.16,1272.33,cash,CUST_9435,Premium
TXN_202509_016038,2025-09-26,REG_05,STORE_014,EMP_021,PROD_046,3,31.8,0.08,87.77,cash,CUST_9957,VIP
TXN_202509_016039,2025-09-18,REG_01,STORE_002,EMP_018,PROD_028,5,279.06,0.3,976.71,cash,CUST_8759,VIP
TXN_202509_016040,2025-09-05,REG_06,STORE_016,EMP_006,PROD_005,3,224.71,0.04,647.16,mobile,CUST_8260,Regular
TXN_202509_016041,2025-09-26,REG_03,STORE_007,EMP_003,PROD_041,2,296.29,0.24,450.36,card,CUST_7812,New
TXN_202509_016042,2025-09-03,REG_06,STORE_017,EMP_006,PROD_026,5,376.9,0.24,1432.22,mobile,CUST_6510,Regular
TXN_202509_016043,2025-09-21,REG_01,STORE_001,EMP_011,PROD_013,2,285.11,0.16,478.98,credit,CUST_3959,New
TXN_202509_016044,2025-09-01,REG_02,STORE_004,EMP_002,PROD_030,3,367.26,0.21,870.41,card,CUST_4321,Premium
TXN_202509_016045,2025-09-14,REG_07,STORE_020,EMP_007,PROD_017,4,490.78,0.06,1845.33,credit,CUST_4274,New
TXN_202509_016046,2025-09-22,REG_01,STORE_003,EMP_001,PROD_048,4,62.51,0.05,237.54,cash,CUST_8874,VIP
TXN_202509_016047,2025-09-09,REG_02,STORE_006,EMP_002,PROD_007,4,61.4,0.23,189.11,cash,CUST_2589,VIP
TXN_202509_016048,2025-09-09,REG_03,STORE_009,EMP_003,PROD_014,4,321.08,0.04,1232.95,card,CUST_7401,New
TXN_202509_016049,2025-09-27,REG_02,STORE_004,EMP_002,PROD_022,1,266.99,0.02,261.65,card,CUST_6773,New
TXN_202509_016050,2025-09-10,REG_07,STORE_019,EMP_007,PROD_025,3,496.5,0.28,1072.44,credit,CUST_3573,Premium
TXN_202509_016051,2025-09-21,REG_01,STORE_003,EMP_001,PROD_036,3,111.93,0.23,258.56,credit,CUST_1082,Premium
TXN_202509_016052,2025-09-10,REG_01,STORE_001,EMP_018,PROD_012,2,288.14,0.11,512.89,credit,CUST_8644,Premium
TXN_202509_016053,2025-09-30,REG_06,STORE_017,EMP_006,PROD_029,5,332.91,0.16,1398.22,mobile,CUST_8278,New
TXN_202509_016054,2025-09-07,REG_10,STORE_029,EMP_010,PROD_021,3,360.99,0.11,963.84,mobile,CUST_8443,New
TXN_202509_016055,2025-09-05,REG_10,STORE_030,EMP_013,PROD_024,1,136.84,0.12,120.42,cash,CUST_4196,Premium
TXN_202509_016056,2025-09-02,REG_02,STORE_005,EMP_002,PROD_012,2,250.09,0.17,415.15,cash,CUST_1117,New
TXN_202509_016057,2025-09-29,REG_03,STORE_009,EMP_014,PROD_018,4,289.59,0.26,857.19,credit,CUST_7673,VIP
TXN_202509_016058,2025-09-10,REG_01,STORE_001,EMP_018,PROD_025,5,82.87,0.08,381.2,card,CUST_8838,Premium
TXN_202509_016059,2025-09-07,REG_03,STORE_009,EMP_003,PROD_042,4,61.27,0.08,225.47,card,CUST_5537,New
TXN_202509_016060,2025-09-27,REG_01,STORE_001,EMP_011,PROD_027,4,92.93,0.25,278.79,card,CUST_2833,VIP
TXN_202509_016061,2025-09-01,REG_07,STORE_019,EMP_007,PROD_036,4,345.14,0.11,1228.7,credit,CUST_3680,Regular
TXN_202509_016062,2025-09-10,REG_05,STORE_015,EMP_021,PROD_004,3,41.63,0.16,104.91,credit,CUST_4578,New
TXN_202509_016063,2025-09-14,REG_10,STORE_028,EMP_013,PROD_025,5,305.49,0.05,1451.08,card,CUST_9676,Regular
TXN_202509_016064,2025-09-28,REG_01,STORE_003,EMP_018,PROD_028,3,197.69,0.29,421.08,credit,CUST_5370,VIP
TXN_202509_016065,2025-09-22,REG_01,STORE_003,EMP_019,PROD_038,1,460.72,0.18,377.79,cash,CUST_7103,Regular
TXN_202509_016066,2025-09-06,REG_04,STORE_010,EMP_004,PROD_028,5,459.4,0.26,1699.78,card,CUST_8675,Regular
TXN_202509_016067,2025-09-14,REG_02,STORE_005,EMP_002,PROD_031,4,208.35,0.16,700.06,cash,CUST_8801,VIP
TXN_202509_016068,2025-09-21,REG_05,STORE_015,EMP_005,PROD_044,2,333.36,0.15,566.71,mobile,CUST_8794,New
TXN_202509_016069,2025-09-15,REG_07,STORE_021,EMP_007,PROD_012,2,13.95,0.24,21.2,cash,CUST_3213,New
TXN_202509_016070,2025-09-16,REG_01,STORE_003,EMP_011,PROD_025,3,430.51,0.03,1252.78,credit,CUST_5663,VIP
TXN_202509_016071,2025-09-07,REG_02,STORE_004,EMP_002,PROD_025,2,382.16,0.18,626.74,mobile,CUST_9080,Regular
TXN_202509_016072,2025-09-25,REG_08,STORE_022,EMP_023,PROD_018,1,483.18,0.21,381.71,mobile,CUST_3671,New
TXN_202509_016073,2025-09-29,REG_08,STORE_023,EMP_008,PROD_044,5,193.88,0.27,707.66,credit,CUST_7349,Premium
TXN_202509_016074,2025-09-16,REG_02,STORE_004,EMP_002,PROD_034,2,368.65,0.09,670.94,card,CUST_8151,Premium
TXN_202509_016075,2025-09-02,REG_02,STORE_006,EMP_002,PROD_042,5,196.25,0.06,922.38,credit,CUST_7603,Premium
TXN_202509_016076,2025-09-22,REG_01,STORE_003,EMP_011,PROD_023,4,362.02,0.18,1187.43,mobile,CUST_6147,New
TXN_202509_016077,2025-09-18,REG_05,STORE_013,EMP_021,PROD_012,5,136.61,0.09,621.58,card,CUST_9378,New
TXN_202509_016078,2025-09-13,REG_09,STORE_026,EMP_009,PROD_022,3,262.4,0.13,684.86,credit,CUST_3911,Premium
TXN_202509_016079,2025-09-12,REG_03,STORE_007,EMP_003,PROD_045,4,389.19,0.25,1167.57,card,CUST_4454,Regular
TXN_202509_016080,2025-09-29,REG_07,STORE_019,EMP_007,PROD_015,1,361.02,0.19,292.43,mobile,CUST_2249,Regular
TXN_202509_016081,2025-09-03,REG_07,STORE_020,EMP_007,PROD_002,4,399.09,0.26,1181.31,card,CUST_7814,Regular
TXN_202509_016082,2025-09-01,REG_08,STORE_024,EMP_023,PROD_019,4,474.67,0.03,1841.72,credit,CUST_1612,Premium
TXN_202509_016083,2025-09-10,REG_08,STORE_022,EMP_012,PROD_022,4,26.22,0.02,102.78,cash,CUST_1631,Regular
TXN_202509_016084,2025-09-23,REG_02,STORE_006,EMP_002,PROD_027,2,35.26,0.23,54.3,credit,CUST_9176,Premium
TXN_202509_016085,2025-09-13,REG_03,STORE_007,EMP_003,PROD_031,4,205.22,0.21,648.5,mobile,CUST_1109,Premium
TXN_202509_016086,2025-09-25,REG_09,STORE_025,EMP_027,PROD_020,5,424.89,0.19,1720.8,mobile,CUST_6928,New
TXN_202509_016087,2025-09-22,REG_08,STORE_024,EMP_012,PROD_027,2,339.66,0.24,516.28,card,CUST_5994,VIP
TXN_202509_016088,2025-09-22,REG_06,STORE_016,EMP_006,PROD_016,5,367.21,0.01,1817.69,credit,CUST_3049,New
TXN_202509_016089,2025-09-25,REG_09,STORE_026,EMP_022,PROD_010,4,17.65,0.21,55.77,card,CUST_2602,Regular
TXN_202509_016090,2025-09-17,REG_09,STORE_026,EMP_027,PROD_011,2,491.17,0.22,766.23,credit,CUST_1417,New
TXN_202509_016091,2025-09-26,REG_04,STORE_010,EMP_026,PROD_039,3,460.37,0.12,1215.38,credit,CUST_5078,New
TXN_202509_016092,2025-09-29,REG_09,STORE_025,EMP_027,PROD_040,1,53.04,0.23,40.84,card,CUST_5549,Premium
TXN_202509_016093,2025-09-23,REG_02,STORE_005,EMP_002,PROD_050,1,230.09,0.1,207.08,mobile,CUST_5090,Premium
TXN_202509_016094,2025-09-14,REG_04,STORE_010,EMP_026,PROD_013,3,450.37,0.18,1107.91,mobile,CUST_2872,Premium
TXN_202509_016095,2025-09-12,REG_05,STORE_013,EMP_005,PROD_003,4,457.75,0.22,1428.18,mobile,CUST_4496,Premium
TXN_202509_016096,2025-09-11,REG_06,STORE_018,EMP_006,PROD_003,5,494.67,0.01,2448.62,mobile,CUST_9020,VIP
TXN_202509_016097,2025-09-28,REG_07,STORE_019,EMP_007,PROD_007,1,321.01,0.19,260.02,mobile,CUST_6514,New
TXN_202509_016098,2025-09-10,REG_08,STORE_022,EMP_015,PROD_004,3,61.36,0.16,154.63,credit,CUST_2591,New
TXN_202509_016099,2025-09-14,REG_04,STORE_010,EMP_004,PROD_039,3,129.94,0.23,300.16,cash,CUST_4586,New
TXN_202509_016100,2025-09-13,REG_02,STORE_006,EMP_002,PROD_011,3,193.05,0.28,416.99,credit,CUST_3832,Premium
TXN_202509_016101,2025-09-19,REG_06,STORE_017,EMP_006,PROD_004,1,413.56,0.25,310.17,card,CUST_7132,VIP
TXN_202509_016102,2025-09-30,REG_07,STORE_019,EMP_007,PROD_036,3,242.56,0.04,698.57,card,CUST_2651,Premium
TXN_202509_016103,2025-09-10,REG_07,STORE_019,EMP_007,PROD_005,2,35.09,0.06,65.97,card,CUST_2785,Regular
TXN_202509_016104,2025-09-11,REG_10,STORE_029,EMP_020,PROD_025,2,408.31,0.17,677.79,mobile,CUST_9195,Premium
TXN_202509_016105,2025-09-25,REG_05,STORE_014,EMP_021,PROD_047,1,153.04,0.12,134.68,card,CUST_8630,Premium
TXN_202509_016106,2025-09-23,REG_01,STORE_003,EMP_001,PROD_012,5,485.5,0.13,2111.93,credit,CUST_5340,VIP
TXN_202509_016107,2025-09-09,REG_04,STORE_010,EMP_024,PROD_035,3,265.08,0.19,644.14,cash,CUST_9305,Premium
TXN_202509_016108,2025-09-14,REG_01,STORE_003,EMP_011,PROD_033,4,80.8,0.25,242.4,card,CUST_8030,Regular
TXN_202509_016109,2025-09-23,REG_08,STORE_022,EMP_012,PROD_013,4,106.66,0.01,422.37,credit,CUST_1276,Regular
TXN_202509_016110,2025-09-13,REG_09,STORE_026,EMP_022,PROD_003,3,84.09,0.12,222.0,credit,CUST_4402,VIP
TXN_202509_016111,2025-09-20,REG_07,STORE_021,EMP_007,PROD_041,5,435.12,0.22,1696.97,cash,CUST_1875,Regular
TXN_202509_016112,2025-09-16,REG_04,STORE_010,EMP_024,PROD_019,1,76.51,0.23,58.91,card,CUST_9684,Premium
TXN_202509_016113,2025-09-08,REG_09,STORE_027,EMP_025,PROD_008,4,223.77,0.05,850.33,cash,CUST_8572,Regular
TXN_202509_016114,2025-09-08,REG_10,STORE_029,EMP_020,PROD_011,5,257.7,0.27,940.61,credit,CUST_3454,Regular
TXN_202509_016115,2025-09-07,REG_09,STORE_027,EMP_009,PROD_047,4,42.65,0.0,170.6,mobile,CUST_5875,VIP
TXN_202509_016116,2025-09-07,REG_05,STORE_015,EMP_005,PROD_049,5,381.19,0.14,1639.12,credit,CUST_4493,Premium
TXN_202509_016117,2025-09-18,REG_04,STORE_011,EMP_026,PROD_024,4,94.45,0.08,347.58,card,CUST_1947,VIP
TXN_202509_016118,2025-09-19,REG_10,STORE_029,EMP_013,PROD_032,2,223.89,0.01,443.3,cash,CUST_3623,VIP
TXN_202509_016119,2025-09-21,REG_06,STORE_017,EMP_006,PROD_031,1,195.16,0.1,175.64,cash,CUST_4593,Premium
TXN_202509_016120,2025-09-12,REG_05,STORE_015,EMP_005,PROD_008,5,456.91,0.04,2193.17,mobile,CUST_5631,New
TXN_202509_016121,2025-09-25,REG_06,STORE_018,EMP_006,PROD_032,3,174.62,0.08,481.95,card,CUST_3774,Regular
TXN_202509_016122,2025-09-05,REG_05,STORE_013,EMP_021,PROD_045,5,429.8,0.27,1568.77,card,CUST_2136,Regular
TXN_202509_016123,2025-09-08,REG_05,STORE_015,EMP_021,PROD_050,5,250.73,0.09,1140.82,credit,CUST_8722,Premium
TXN_202509_016124,2025-09-07,REG_01,STORE_001,EMP_011,PROD_044,3,102.98,0.09,281.14,credit,CUST_7265,New
TXN_202509_016125,2025-09-10,REG_07,STORE_020,EMP_007,PROD_011,1,474.63,0.13,412.93,mobile,CUST_8385,Premium
TXN_202509_016126,2025-09-05,REG_01,STORE_002,EMP_011,PROD_001,2,96.97,0.17,160.97,credit,CUST_4525,Premium
TXN_202509_016127,2025-09-17,REG_07,STORE_020,EMP_007,PROD_025,2,122.18,0.1,219.92,cash,CUST_1067,Premium
TXN_202509_016128,2025-09-04,REG_04,STORE_012,EMP_016,PROD_032,2,33.99,0.19,55.06,mobile,CUST_9090,Premium
TXN_202509_016129,2025-09-01,REG_04,STORE_012,EMP_004,PROD_021,3,394.12,0.03,1146.89,cash,CUST_6700,Premium
TXN_202509_016130,2025-09-30,REG_03,STORE_009,EMP_014,PROD_018,4,340.08,0.17,1129.07,mobile,CUST_2862,VIP
TXN_202509_016131,2025-09-21,REG_04,STORE_011,EMP_024,PROD_004,3,229.32,0.13,598.53,cash,CUST_1744,Premium
TXN_202509_016132,2025-09-14,REG_03,STORE_008,EMP_003,PROD_021,5,334.59,0.18,1371.82,mobile,CUST_3777,Regular
TXN_202509_016133,2025-09-01,REG_08,STORE_024,EMP_008,PROD_022,4,270.12,0.23,831.97,card,CUST_1240,VIP
TXN_202509_016134,2025-09-08,REG_10,STORE_028,EMP_020,PROD_004,2,69.06,0.05,131.21,cash,CUST_5471,Regular
TXN_202509_016135,2025-09-28,REG_07,STORE_021,EMP_007,PROD_045,2,230.24,0.15,391.41,cash,CUST_3286,VIP
TXN_202509_016136,2025-09-03,REG_06,STORE_018,EMP_006,PROD_026,3,41.65,0.05,118.7,credit,CUST_2204,Premium
TXN_202509_016137,2025-09-23,REG_02,STORE_006,EMP_002,PROD_048,3,403.89,0.17,1005.69,mobile,CUST_7433,Premium
TXN_202509_016138,2025-09-14,REG_03,STORE_007,EMP_003,PROD_004,1,57.42,0.13,49.96,cash,CUST_5860,Regular
TXN_202509_016139,2025-09-30,REG_04,STORE_011,EMP_004,PROD_039,4,313.98,0.15,1067.53,credit,CUST_6026,Premium
TXN_202509_016140,2025-09-19,REG_06,STORE_016,EMP_006,PROD_049,3,324.99,0.05,926.22,cash,CUST_7702,Premium
TXN_202509_016141,2025-09-26,REG_01,STORE_001,EMP_018,PROD_019,3,52.97,0.17,131.9,credit,CUST_9731,VIP
TXN_202509_016142,2025-09-02,REG_05,STORE_013,EMP_005,PROD_040,2,124.08,0.05,235.75,credit,CUST_7438,VIP
TXN_202509_016143,2025-09-08,REG_09,STORE_025,EMP_022,PROD_031,5,435.09,0.1,1957.9,credit,CUST_6916,Premium
TXN_202509_016144,2025-09-21,REG_07,STORE_020,EMP_007,PROD_048,5,411.53,0.11,1831.31,cash,CUST_6906,VIP
TXN_202509_016145,2025-09-18,REG_09,STORE_027,EMP_022,PROD_016,4,112.79,0.19,365.44,credit,CUST_6500,VIP
TXN_202509_016146,2025-09-04,REG_09,STORE_026,EMP_025,PROD_035,1,17.71,0.2,14.17,card,CUST_1992,VIP
TXN_202509_016147,2025-09-19,REG_05,STORE_014,EMP_005,PROD_004,3,487.51,0.0,1462.53,mobile,CUST_8496,Regular
TXN_202509_016148,2025-09-20,REG_07,STORE_019,EMP_007,PROD_049,3,106.77,0.26,237.03,mobile,CUST_4086,Premium
TXN_202509_016149,2025-09-03,REG_04,STORE_012,EMP_004,PROD_004,2,153.49,0.17,254.79,card,CUST_4283,Regular
TXN_202509_016150,2025-09-06,REG_08,STORE_023,EMP_012,PROD_011,1,305.23,0.3,213.66,mobile,CUST_8235,VIP
TXN_202509_016151,2025-09-17,REG_03,STORE_009,EMP_003,PROD_017,3,197.62,0.1,533.57,card,CUST_6578,New
TXN_202509_016152,2025-09-23,REG_02,STORE_005,EMP_002,PROD_042,1,460.9,0.07,428.64,card,CUST_1073,New
TXN_202509_016153,2025-09-21,REG_02,STORE_005,EMP_002,PROD_037,3,319.81,0.27,700.38,mobile,CUST_3182,New
TXN_202509_016154,2025-09-09,REG_05,STORE_015,EMP_021,PROD_035,4,258.79,0.02,1014.46,credit,CUST_8054,Premium
TXN_202509_016155,2025-09-07,REG_07,STORE_019,EMP_007,PROD_025,3,156.92,0.23,362.49,cash,CUST_5737,New
TXN_202509_016156,2025-09-11,REG_05,STORE_014,EMP_021,PROD_028,3,24.81,0.09,67.73,card,CUST_4543,New
TXN_202509_016157,2025-09-27,REG_07,STORE_021,EMP_007,PROD_047,2,72.58,0.19,117.58,mobile,CUST_2198,New
TXN_202509_016158,2025-09-15,REG_08,STORE_024,EMP_015,PROD_012,4,339.68,0.3,951.1,cash,CUST_5640,New
TXN_202509_016159,2025-09-02,REG_02,STORE_004,EMP_002,PROD_005,1,394.79,0.27,288.2,card,CUST_3096,New
TXN_202509_016160,2025-09-20,REG_04,STORE_012,EMP_004,PROD_021,1,10.9,0.12,9.59,card,CUST_2108,New
TXN_202509_016161,2025-09-25,REG_05,STORE_015,EMP_005,PROD_014,5,379.21,0.02,1858.13,cash,CUST_2044,Regular
TXN_202509_016162,2025-09-23,REG_10,STORE_028,EMP_010,PROD_041,1,318.93,0.08,293.42,credit,CUST_9579,VIP
TXN_202509_016163,2025-09-07,REG_10,STORE_028,EMP_017,PROD_020,4,259.43,0.26,767.91,card,CUST_9473,Regular
TXN_202509_016164,2025-09-28,REG_01,STORE_003,EMP_018,PROD_037,5,493.94,0.08,2272.12,card,CUST_7439,Premium
TXN_202509_016165,2025-09-03,REG_08,STORE_022,EMP_015,PROD_036,3,289.38,0.11,772.64,mobile,CUST_7656,VIP
TXN_202509_016166,2025-09-02,REG_07,STORE_020,EMP_007,PROD_025,2,40.64,0.04,78.03,mobile,CUST_2586,VIP
TXN_202509_016167,2025-09-20,REG_06,STORE_016,EMP_006,PROD_007,5,470.38,0.2,1881.52,credit,CUST_4397,VIP
TXN_202509_016168,2025-09-27,REG_04,STORE_010,EMP_024,PROD_034,5,104.21,0.05,495.0,cash,CUST_9977,Regular
TXN_202509_016169,2025-09-19,REG_03,STORE_007,EMP_003,PROD_029,3,225.06,0.15,573.9,mobile,CUST_2558,Regular
TXN_202509_016170,2025-09-26,REG_06,STORE_017,EMP_006,PROD_002,4,362.65,0.12,1276.53,card,CUST_6968,Regular
TXN_202509_016171,2025-09-13,REG_02,STORE_005,EMP_002,PROD_012,3,433.53,0.22,1014.46,credit,CUST_1592,New
TXN_202509_016172,2025-09-27,REG_08,STORE_024,EMP_015,PROD_010,3,412.31,0.11,1100.87,mobile,CUST_4632,Premium
TXN_202509_016173,2025-09-07,REG_06,STORE_018,EMP_006,PROD_041,4,38.72,0.18,127.0,credit,CUST_2353,New
TXN_202509_016174,2025-09-30,REG_06,STORE_018,EMP_006,PROD_035,4,291.03,0.15,989.5,mobile,CUST_9420,Regular
TXN_202509_016175,2025-09-30,REG_05,STORE_015,EMP_021,PROD_010,2,420.81,0.01,833.2,card,CUST_8270,VIP
TXN_202509_016176,2025-09-07,REG_03,STORE_008,EMP_003,PROD_032,2,279.59,0.11,497.67,mobile,CUST_3568,Premium
TXN_202509_016177,2025-09-02,REG_09,STORE_026,EMP_027,PROD_031,5,100.48,0.24,381.82,card,CUST_3034,New
TXN_202509_016178,2025-09-09,REG_03,STORE_007,EMP_003,PROD_028,4,237.1,0.13,825.11,cash,CUST_4551,Premium
TXN_202509_016179,2025-09-18,REG_02,STORE_005,EMP_002,PROD_038,1,373.9,0.07,347.73,card,CUST_7650,New
TXN_202509_016180,2025-09-27,REG_04,STORE_010,EMP_016,PROD_038,4,357.61,0.01,1416.14,card,CUST_1171,VIP
TXN_202509_016181,2025-09-02,REG_07,STORE_020,EMP_007,PROD_021,1,129.59,0.11,115.34,mobile,CUST_3261,New
TXN_202509_016182,2025-09-27,REG_08,STORE_024,EMP_008,PROD_001,4,399.76,0.2,1279.23,credit,CUST_7543,Regular
TXN_202509_016183,2025-09-19,REG_10,STORE_030,EMP_017,PROD_004,4,411.19,0.22,1282.91,card,CUST_4054,New
TXN_202509_016184,2025-09-05,REG_06,STORE_018,EMP_006,PROD_009,2,30.91,0.21,48.84,credit,CUST_7884,Regular
TXN_202509_016185,2025-09-04,REG_05,STORE_015,EMP_005,PROD_049,1,280.08,0.18,229.67,mobile,CUST_6742,VIP
TXN_202509_016186,2025-09-18,REG_09,STORE_027,EMP_009,PROD_013,2,328.37,0.08,604.2,credit,CUST_4470,VIP
TXN_202509_016187,2025-09-25,REG_02,STORE_006,EMP_002,PROD_014,3,295.54,0.15,753.63,cash,CUST_7045,Premium
TXN_202509_016188,2025-09-14,REG_10,STORE_030,EMP_010,PROD_004,3,306.12,0.01,909.18,cash,CUST_9796,New
TXN_202509_016189,2025-09-19,REG_04,STORE_011,EMP_029,PROD_050,5,276.83,0.21,1093.48,card,CUST_3916,Premium
TXN_202509_016190,2025-09-26,REG_07,STORE_020,EMP_007,PROD_021,5,472.2,0.16,1983.24,cash,CUST_3827,Regular
TXN_202509_016191,2025-09-07,REG_02,STORE_005,EMP_002,PROD_046,5,490.89,0.25,1840.84,cash,CUST_7125,New
TXN_202509_016192,2025-09-25,REG_01,STORE_003,EMP_019,PROD_025,4,100.61,0.29,285.73,card,CUST_8666,VIP
TXN_202509_016193,2025-09-13,REG_07,STORE_021,EMP_007,PROD_036,4,489.36,0.25,1468.08,mobile,CUST_8879,Premium
TXN_202509_016194,2025-09-19,REG_01,STORE_001,EMP_018,PROD_050,4,434.94,0.07,1617.98,mobile,CUST_7903,Regular
TXN_202509_016195,2025-09-11,REG_10,STORE_029,EMP_017,PROD_044,1,166.57,0.28,119.93,card,CUST_6106,Premium
TXN_202509_016196,2025-09-22,REG_06,STORE_016,EMP_006,PROD_047,3,49.9,0.13,130.24,card,CUST_5609,New
TXN_202509_016197,2025-09-18,REG_06,STORE_017,EMP_006,PROD_003,1,39.66,0.27,28.95,mobile,CUST_2410,New
TXN_202509_016198,2025-09-22,REG_05,STORE_013,EMP_021,PROD_031,5,65.4,0.24,248.52,credit,CUST_2260,Premium
TXN_202509_016199,2025-09-28,REG_05,STORE_015,EMP_021,PROD_021,5,400.72,0.17,1662.99,cash,CUST_4560,Regular
TXN_202509_016200,2025-09-24,REG_03,STORE_008,EMP_003,PROD_030,5,95.73,0.04,459.5,mobile,CUST_4846,VIP
TXN_202509_016201,2025-09-05,REG_04,STORE_012,EMP_030,PROD_046,4,210.36,0.25,631.08,credit,CUST_5643,VIP
TXN_202509_016202,2025-09-07,REG_02,STORE_005,EMP_002,PROD_019,1,200.87,0.19,162.7,credit,CUST_9190,VIP
TXN_202509_016203,2025-09-15,REG_08,STORE_023,EMP_015,PROD_004,3,175.73,0.19,427.02,credit,CUST_9928,Premium
TXN_202509_016204,2025-09-13,REG_07,STORE_020,EMP_007,PROD_023,2,138.17,0.07,257.0,credit,CUST_8455,Regular
TXN_202509_016205,2025-09-25,REG_10,STORE_030,EMP_013,PROD_012,4,214.53,0.26,635.01,cash,CUST_1101,Premium
TXN_202509_016206,2025-09-15,REG_05,STORE_013,EMP_005,PROD_015,3,331.29,0.0,993.87,cash,CUST_9200,New
TXN_202509_016207,2025-09-24,REG_09,STORE_026,EMP_025,PROD_030,3,161.68,0.04,465.64,mobile,CUST_3457,Premium
TXN_202509_016208,2025-09-10,REG_08,STORE_024,EMP_015,PROD_003,4,259.74,0.21,820.78,credit,CUST_2748,VIP
TXN_202509_016209,2025-09-07,REG_02,STORE_005,EMP_002,PROD_022,5,11.33,0.03,54.95,mobile,CUST_1664,Regular
TXN_202509_016210,2025-09-13,REG_06,STORE_018,EMP_006,PROD_024,3,185.56,0.04,534.41,credit,CUST_5880,Premium
TXN_202509_016211,2025-09-24,REG_07,STORE_020,EMP_007,PROD_019,2,56.06,0.17,93.06,card,CUST_8607,New
TXN_202509_016212,2025-09-07,REG_05,STORE_013,EMP_005,PROD_031,2,155.39,0.09,282.81,mobile,CUST_3985,Regular
TXN_202509_016213,2025-09-29,REG_10,STORE_028,EMP_010,PROD_001,5,390.42,0.3,1366.47,cash,CUST_5889,New
TXN_202509_016214,2025-09-19,REG_03,STORE_009,EMP_014,PROD_019,2,112.94,0.3,158.12,card,CUST_9358,Regular
TXN_202509_016215,2025-09-10,REG_08,STORE_024,EMP_012,PROD_024,4,28.02,0.21,88.54,card,CUST_2704,New
TXN_202509_016216,2025-09-27,REG_07,STORE_020,EMP_007,PROD_050,3,265.4,0.09,724.54,card,CUST_2700,New
TXN_202509_016217,2025-09-30,REG_03,STORE_008,EMP_014,PROD_008,4,212.79,0.25,638.37,card,CUST_3513,Regular
TXN_202509_016218,2025-09-08,REG_06,STORE_017,EMP_006,PROD_013,2,59.17,0.13,102.96,card,CUST_4693,Regular
TXN_202509_016219,2025-09-24,REG_06,STORE_018,EMP_006,PROD_038,2,81.38,0.03,157.88,cash,CUST_7859,VIP
TXN_202509_016220,2025-09-11,REG_07,STORE_019,EMP_007,PROD_026,3,347.61,0.17,865.55,cash,CUST_5737,New
TXN_202509_016221,2025-09-19,REG_01,STORE_001,EMP_019,PROD_014,5,390.41,0.15,1659.24,credit,CUST_3805,New
TXN_202509_016222,2025-09-19,REG_01,STORE_001,EMP_019,PROD_021,5,91.34,0.21,360.79,cash,CUST_2395,VIP
TXN_202509_016223,2025-09-21,REG_05,STORE_015,EMP_005,PROD_016,4,281.61,0.2,901.15,card,CUST_8157,Regular
TXN_202509_016224,2025-09-10,REG_02,STORE_005,EMP_002,PROD_027,5,166.56,0.09,757.85,credit,CUST_5795,Regular
TXN_202509_016225,2025-09-04,REG_10,STORE_030,EMP_028,PROD_040,3,60.02,0.14,154.85,credit,CUST_2893,VIP
TXN_202509_016226,2025-09-23,REG_10,STORE_028,EMP_028,PROD_004,5,108.58,0.27,396.32,mobile,CUST_7800,Regular
TXN_202509_016227,2025-09-20,REG_10,STORE_029,EMP_028,PROD_037,2,354.9,0.07,660.11,credit,CUST_3549,Regular
TXN_202509_016228,2025-09-10,REG_09,STORE_025,EMP_025,PROD_010,5,143.85,0.26,532.25,card,CUST_3720,New
TXN_202509_016229,2025-09-17,REG_05,STORE_014,EMP_005,PROD_008,2,167.67,0.17,278.33,cash,CUST_2610,New
TXN_202509_016230,2025-09-16,REG_07,STORE_021,EMP_007,PROD_013,4,290.03,0.07,1078.91,mobile,CUST_1829,Premium
TXN_202509_016231,2025-09-10,REG_09,STORE_026,EMP_022,PROD_049,1,323.71,0.06,304.29,mobile,CUST_3975,Premium
TXN_202509_016232,2025-09-25,REG_07,STORE_021,EMP_007,PROD_027,5,381.29,0.0,1906.45,credit,CUST_6103,Premium
TXN_202509_016233,2025-09-14,REG_09,STORE_027,EMP_022,PROD_018,4,218.86,0.22,682.84,mobile,CUST_3244,Regular
TXN_202509_016234,2025-09-27,REG_03,STORE_008,EMP_014,PROD_020,3,120.76,0.07,336.92,mobile,CUST_6872,New
TXN_202509_016235,2025-09-20,REG_01,STORE_001,EMP_001,PROD_006,5,476.98,0.07,2217.96,mobile,CUST_2581,VIP
TXN_202509_016236,2025-09-15,REG_04,STORE_011,EMP_029,PROD_037,4,320.71,0.23,987.79,credit,CUST_7788,New
TXN_202509_016237,2025-09-10,REG_08,STORE_022,EMP_015,PROD_049,1,457.71,0.18,375.32,card,CUST_7547,Premium
TXN_202509_016238,2025-09-16,REG_06,STORE_017,EMP_006,PROD_035,3,19.75,0.08,54.51,mobile,CUST_8407,Premium
TXN_202509_016239,2025-09-22,REG_06,STORE_016,EMP_006,PROD_013,1,170.11,0.22,132.69,cash,CUST_3099,VIP
TXN_202509_016240,2025-09-30,REG_10,STORE_028,EMP_010,PROD_016,1,158.77,0.12,139.72,credit,CUST_1925,New
TXN_202509_016241,2025-09-10,REG_03,STORE_009,EMP_014,PROD_008,3,27.94,0.04,80.47,credit,CUST_1436,Regular
TXN_202509_016242,2025-09-22,REG_03,STORE_009,EMP_003,PROD_009,4,215.66,0.17,715.99,mobile,CUST_7823,New
TXN_202509_016243,2025-09-24,REG_05,STORE_014,EMP_021,PROD_039,5,205.47,0.13,893.79,cash,CUST_6901,Regular
TXN_202509_016244,2025-09-28,REG_01,STORE_002,EMP_001,PROD_007,1,450.58,0.14,387.5,credit,CUST_2514,Regular
TXN_202509_016245,2025-09-12,REG_09,STORE_026,EMP_022,PROD_025,2,465.01,0.15,790.52,mobile,CUST_9688,VIP
TXN_202509_016246,2025-09-12,REG_10,STORE_029,EMP_013,PROD_023,5,333.69,0.01,1651.77,mobile,CUST_8187,VIP
TXN_202509_016247,2025-09-06,REG_07,STORE_021,EMP_007,PROD_048,5,390.23,0.1,1756.04,card,CUST_6954,Regular
TXN_202509_016248,2025-09-15,REG_02,STORE_004,EMP_002,PROD_043,1,413.26,0.1,371.93,credit,CUST_4228,New
TXN_202509_016249,2025-09-15,REG_07,STORE_020,EMP_007,PROD_030,4,324.13,0.22,1011.29,card,CUST_5140,VIP
TXN_202509_016250,2025-09-06,REG_08,STORE_022,EMP_015,PROD_044,2,173.17,0.04,332.49,mobile,CUST_1729,VIP
TXN_202509_016251,2025-09-02,REG_08,STORE_024,EMP_015,PROD_047,1,422.07,0.01,417.85,mobile,CUST_6314,Regular
TXN_202509_016252,2025-09-15,REG_05,STORE_013,EMP_005,PROD_020,3,58.1,0.11,155.13,card,CUST_5206,New
TXN_202509_016253,2025-09-22,REG_08,STORE_023,EMP_015,PROD_041,3,23.69,0.11,63.25,card,CUST_2398,Premium
TXN_202509_016254,2025-09-03,REG_04,STORE_012,EMP_030,PROD_047,2,137.11,0.23,211.15,cash,CUST_6517,Regular
TXN_202509_016255,2025-09-18,REG_10,STORE_028,EMP_010,PROD_048,5,492.14,0.03,2386.88,cash,CUST_2589,Regular
TXN_202509_016256,2025-09-01,REG_04,STORE_012,EMP_029,PROD_043,3,366.72,0.18,902.13,credit,CUST_9997,Premium
TXN_202509_016257,2025-09-11,REG_04,STORE_011,EMP_026,PROD_008,1,181.89,0.3,127.32,mobile,CUST_9880,New
TXN_202509_016258,2025-09-19,REG_03,STORE_008,EMP_003,PROD_004,1,197.44,0.06,185.59,card,CUST_1703,New
TXN_202509_016259,2025-09-09,REG_04,STORE_012,EMP_029,PROD_047,4,104.72,0.12,368.61,credit,CUST_9949,Regular
TXN_202509_016260,2025-09-27,REG_10,STORE_028,EMP_010,PROD_049,5,321.39,0.25,1205.21,cash,CUST_7764,VIP
TXN_202509_016261,2025-09-26,REG_01,STORE_001,EMP_018,PROD_008,3,378.39,0.11,1010.3,mobile,CUST_6929,New
TXN_202509_016262,2025-09-25,REG_06,STORE_016,EMP_006,PROD_040,3,498.94,0.0,1496.82,card,CUST_6601,VIP
TXN_202509_016263,2025-09-03,REG_09,STORE_026,EMP_009,PROD_031,3,294.33,0.26,653.41,cash,CUST_4740,VIP
TXN_202509_016264,2025-09-12,REG_01,STORE_001,EMP_018,PROD_019,4,200.96,0.18,659.15,cash,CUST_9577,Regular
TXN_202509_016265,2025-09-10,REG_01,STORE_002,EMP_019,PROD_050,5,455.9,0.17,1891.98,card,CUST_4893,New
TXN_202509_016266,2025-09-28,REG_06,STORE_018,EMP_006,PROD_015,4,147.84,0.24,449.43,cash,CUST_6526,Premium
TXN_202509_016267,2025-09-23,REG_09,STORE_026,EMP_027,PROD_028,1,11.38,0.06,10.7,credit,CUST_9461,VIP
TXN_202509_016268,2025-09-09,REG_05,STORE_015,EMP_005,PROD_029,3,402.11,0.01,1194.27,cash,CUST_3971,Regular
TXN_202509_016269,2025-09-04,REG_07,STORE_020,EMP_007,PROD_021,2,407.21,0.1,732.98,mobile,CUST_4235,Regular
TXN_202509_016270,2025-09-08,REG_10,STORE_030,EMP_020,PROD_024,1,238.77,0.21,188.63,mobile,CUST_5270,VIP
TXN_202509_016271,2025-09-10,REG_03,STORE_008,EMP_014,PROD_036,3,243.85,0.3,512.08,card,CUST_3030,Regular
TXN_202509_016272,2025-09-13,REG_06,STORE_018,EMP_006,PROD_021,4,28.48,0.12,100.25,credit,CUST_2957,VIP
TXN_202509_016273,2025-09-20,REG_07,STORE_020,EMP_007,PROD_027,2,377.37,0.05,717.0,mobile,CUST_7260,Premium
TXN_202509_016274,2025-09-26,REG_10,STORE_030,EMP_013,PROD_001,2,203.83,0.08,375.05,cash,CUST_4875,VIP
TXN_202509_016275,2025-09-23,REG_04,STORE_012,EMP_029,PROD_012,2,273.14,0.09,497.11,credit,CUST_5793,Premium
TXN_202509_016276,2025-09-06,REG_04,STORE_012,EMP_029,PROD_031,3,298.56,0.08,824.03,cash,CUST_6609,Regular
TXN_202509_016277,2025-09-20,REG_07,STORE_019,EMP_007,PROD_004,3,435.65,0.11,1163.19,card,CUST_4939,VIP
TXN_202509_016278,2025-09-01,REG_05,STORE_013,EMP_021,PROD_009,5,390.99,0.26,1446.66,cash,CUST_2907,Regular
TXN_202509_016279,2025-09-03,REG_08,STORE_022,EMP_012,PROD_025,2,430.2,0.11,765.76,mobile,CUST_6766,New
TXN_202509_016280,2025-09-10,REG_02,STORE_004,EMP_002,PROD_042,5,430.85,0.06,2024.99,cash,CUST_4352,Regular
TXN_202509_016281,2025-09-20,REG_01,STORE_001,EMP_018,PROD_018,1,468.77,0.21,370.33,mobile,CUST_6981,Regular
TXN_202509_016282,2025-09-01,REG_04,STORE_011,EMP_016,PROD_021,4,465.55,0.15,1582.87,credit,CUST_8909,VIP
TXN_202509_016283,2025-09-17,REG_05,STORE_015,EMP_005,PROD_008,1,405.36,0.19,328.34,credit,CUST_1677,Premium
TXN_202509_016284,2025-09-15,REG_09,STORE_025,EMP_027,PROD_005,2,170.51,0.06,320.56,mobile,CUST_6147,Premium
TXN_202509_016285,2025-09-23,REG_05,STORE_015,EMP_021,PROD_028,2,13.21,0.12,23.25,mobile,CUST_6656,VIP
TXN_202509_016286,2025-09-20,REG_04,STORE_012,EMP_004,PROD_032,3,142.52,0.12,376.25,mobile,CUST_5205,New
TXN_202509_016287,2025-09-19,REG_06,STORE_017,EMP_006,PROD_016,2,131.04,0.06,246.36,cash,CUST_2376,VIP
TXN_202509_016288,2025-09-15,REG_07,STORE_020,EMP_007,PROD_003,4,354.74,0.02,1390.58,card,CUST_1958,Premium
TXN_202509_016289,2025-09-13,REG_09,STORE_026,EMP_022,PROD_019,1,404.7,0.2,323.76,cash,CUST_6477,New
TXN_202509_016290,2025-09-29,REG_01,STORE_001,EMP_019,PROD_048,2,370.84,0.02,726.85,cash,CUST_2546,New
TXN_202509_016291,2025-09-13,REG_10,STORE_030,EMP_017,PROD_027,5,241.84,0.2,967.36,mobile,CUST_9242,Regular
TXN_202509_016292,2025-09-12,REG_06,STORE_018,EMP_006,PROD_024,5,419.4,0.03,2034.09,cash,CUST_9452,VIP
TXN_202509_016293,2025-09-02,REG_07,STORE_021,EMP_007,PROD_003,1,370.47,0.22,288.97,cash,CUST_6865,Regular
TXN_202509_016294,2025-09-06,REG_07,STORE_020,EMP_007,PROD_023,4,259.7,0.13,903.76,mobile,CUST_5497,VIP
TXN_202509_016295,2025-09-25,REG_09,STORE_027,EMP_025,PROD_043,4,210.52,0.27,614.72,credit,CUST_6761,VIP
TXN_202509_016296,2025-09-07,REG_10,STORE_030,EMP_010,PROD_003,3,81.99,0.24,186.94,mobile,CUST_1241,New
TXN_202509_016297,2025-09-22,REG_10,STORE_029,EMP_017,PROD_018,2,213.67,0.12,376.06,mobile,CUST_5276,Regular
TXN_202509_016298,2025-09-23,REG_04,STORE_011,EMP_026,PROD_038,2,296.18,0.2,473.89,cash,CUST_9543,Regular
TXN_202509_016299,2025-09-01,REG_02,STORE_005,EMP_002,PROD_024,5,28.55,0.24,108.49,cash,CUST_7021,Premium
TXN_202509_016300,2025-09-29,REG_10,STORE_030,EMP_028,PROD_027,3,351.75,0.05,1002.49,card,CUST_8381,Regular
TXN_202509_016301,2025-09-03,REG_02,STORE_004,EMP_002,PROD_045,4,155.59,0.08,572.57,mobile,CUST_3128,Premium
TXN_202509_016302,2025-09-23,REG_05,STORE_014,EMP_021,PROD_006,5,359.67,0.15,1528.6,credit,CUST_2360,Regular
TXN_202509_016303,2025-09-19,REG_07,STORE_020,EMP_007,PROD_040,4,368.71,0.27,1076.63,card,CUST_7226,New
TXN_202509_016304,2025-09-02,REG_10,STORE_030,EMP_020,PROD_016,4,74.55,0.08,274.34,cash,CUST_6086,New
TXN_202509_016305,2025-09-18,REG_03,STORE_007,EMP_014,PROD_002,3,321.84,0.23,743.45,mobile,CUST_8996,Regular
TXN_202509_016306,2025-09-09,REG_02,STORE_004,EMP_002,PROD_038,1,296.76,0.01,293.79,credit,CUST_7876,Regular
TXN_202509_016307,2025-09-06,REG_08,STORE_022,EMP_008,PROD_015,3,321.3,0.1,867.51,cash,CUST_3952,Regular
TXN_202509_016308,2025-09-09,REG_04,STORE_012,EMP_026,PROD_039,4,436.75,0.23,1345.19,cash,CUST_1017,Regular
TXN_202509_016309,2025-09-02,REG_06,STORE_017,EMP_006,PROD_026,2,216.46,0.3,303.04,mobile,CUST_1869,Regular
TXN_202509_016310,2025-09-18,REG_10,STORE_028,EMP_020,PROD_026,2,209.93,0.29,298.1,card,CUST_6180,VIP
TXN_202509_016311,2025-09-19,REG_09,STORE_027,EMP_027,PROD_034,1,374.92,0.24,284.94,card,CUST_6720,New
TXN_202509_016312,2025-09-05,REG_05,STORE_014,EMP_021,PROD_029,5,381.94,0.01,1890.6,cash,CUST_7226,Premium
TXN_202509_016313,2025-09-08,REG_07,STORE_021,EMP_007,PROD_050,3,364.83,0.15,930.32,mobile,CUST_6236,New
TXN_202509_016314,2025-09-15,REG_08,STORE_023,EMP_008,PROD_031,3,259.85,0.06,732.78,credit,CUST_9821,Premium
TXN_202509_016315,2025-09-04,REG_08,STORE_022,EMP_015,PROD_020,1,76.03,0.18,62.34,credit,CUST_3450,Regular
TXN_202509_016316,2025-09-03,REG_08,STORE_022,EMP_012,PROD_019,4,334.2,0.3,935.76,card,CUST_4949,VIP
TXN_202509_016317,2025-09-25,REG_07,STORE_021,EMP_007,PROD_029,1,162.48,0.26,120.24,card,CUST_5047,Regular
TXN_202509_016318,2025-09-20,REG_10,STORE_028,EMP_028,PROD_047,1,37.77,0.23,29.08,credit,CUST_7907,New
TXN_202509_016319,2025-09-05,REG_10,STORE_029,EMP_017,PROD_050,4,397.0,0.04,1524.48,credit,CUST_1980,New
TXN_202509_016320,2025-09-17,REG_05,STORE_014,EMP_021,PROD_039,5,296.6,0.06,1394.02,cash,CUST_1247,New
TXN_202509_016321,2025-09-22,REG_04,STORE_012,EMP_029,PROD_021,3,333.61,0.07,930.77,cash,CUST_4466,Regular
TXN_202509_016322,2025-09-13,REG_10,STORE_030,EMP_028,PROD_047,2,120.66,0.11,214.77,credit,CUST_2959,New
TXN_202509_016323,2025-09-14,REG_08,STORE_024,EMP_012,PROD_001,2,372.49,0.01,737.53,mobile,CUST_2487,New
TXN_202509_016324,2025-09-11,REG_01,STORE_003,EMP_019,PROD_010,5,349.74,0.23,1346.5,mobile,CUST_6602,Regular
TXN_202509_016325,2025-09-21,REG_04,STORE_012,EMP_016,PROD_038,1,402.7,0.15,342.29,cash,CUST_7283,Regular
TXN_202509_016326,2025-09-24,REG_04,STORE_012,EMP_029,PROD_020,2,101.31,0.01,200.59,card,CUST_9962,Regular
TXN_202509_016327,2025-09-06,REG_08,STORE_023,EMP_008,PROD_032,2,240.24,0.04,461.26,card,CUST_8294,New
TXN_202509_016328,2025-09-23,REG_10,STORE_029,EMP_020,PROD_007,2,325.16,0.03,630.81,mobile,CUST_7592,Premium
TXN_202509_016329,2025-09-14,REG_01,STORE_002,EMP_018,PROD_039,4,277.15,0.15,942.31,mobile,CUST_9755,New
TXN_202509_016330,2025-09-06,REG_01,STORE_001,EMP_001,PROD_049,5,481.31,0.17,1997.44,card,CUST_2889,New
TXN_202509_016331,2025-09-12,REG_09,STORE_027,EMP_009,PROD_004,3,167.02,0.17,415.88,cash,CUST_3750,VIP
TXN_202509_016332,2025-09-11,REG_08,STORE_024,EMP_008,PROD_040,5,238.52,0.24,906.38,card,CUST_3183,Regular
TXN_202509_016333,2025-09-28,REG_07,STORE_019,EMP_007,PROD_038,4,337.37,0.14,1160.55,cash,CUST_6650,New
TXN_202509_016334,2025-09-02,REG_02,STORE_004,EMP_002,PROD_041,2,467.61,0.24,710.77,card,CUST_2948,New
TXN_202509_016335,2025-09-01,REG_01,STORE_003,EMP_001,PROD_010,2,294.1,0.29,417.62,mobile,CUST_3844,VIP
TXN_202509_016336,2025-09-26,REG_08,STORE_022,EMP_015,PROD_027,5,287.84,0.1,1295.28,cash,CUST_3637,Regular
TXN_202509_016337,2025-09-21,REG_03,STORE_009,EMP_003,PROD_045,2,250.13,0.12,440.23,credit,CUST_6935,New
TXN_202509_016338,2025-09-03,REG_10,STORE_028,EMP_028,PROD_042,1,469.21,0.29,333.14,mobile,CUST_1132,New
TXN_202509_016339,2025-09-28,REG_07,STORE_020,EMP_007,PROD_007,4,69.43,0.06,261.06,mobile,CUST_8236,New
TXN_202509_016340,2025-09-24,REG_01,STORE_002,EMP_011,PROD_006,5,123.72,0.18,507.25,cash,CUST_6848,VIP
TXN_202509_016341,2025-09-10,REG_05,STORE_014,EMP_021,PROD_048,4,322.16,0.29,914.93,cash,CUST_6995,Regular
TXN_202509_016342,2025-09-13,REG_06,STORE_017,EMP_006,PROD_006,4,167.1,0.11,594.88,credit,CUST_1462,Premium
TXN_202509_016343,2025-09-22,REG_05,STORE_014,EMP_021,PROD_002,1,177.65,0.17,147.45,mobile,CUST_2322,VIP
TXN_202509_016344,2025-09-12,REG_07,STORE_021,EMP_007,PROD_042,1,395.5,0.26,292.67,credit,CUST_1818,Premium
TXN_202509_016345,2025-09-20,REG_01,STORE_001,EMP_018,PROD_006,1,117.41,0.21,92.75,cash,CUST_4262,Regular
TXN_202509_016346,2025-09-27,REG_08,STORE_023,EMP_023,PROD_038,1,233.98,0.19,189.52,credit,CUST_6667,New
TXN_202509_016347,2025-09-16,REG_04,STORE_010,EMP_026,PROD_033,1,320.86,0.07,298.4,cash,CUST_4850,VIP
TXN_202509_016348,2025-09-06,REG_09,STORE_027,EMP_022,PROD_015,4,297.11,0.1,1069.6,cash,CUST_7919,VIP
TXN_202509_016349,2025-09-11,REG_06,STORE_016,EMP_006,PROD_016,1,396.8,0.11,353.15,credit,CUST_6508,Regular
TXN_202509_016350,2025-09-27,REG_03,STORE_007,EMP_003,PROD_036,4,143.5,0.3,401.8,credit,CUST_1523,VIP
TXN_202509_016351,2025-09-23,REG_03,STORE_009,EMP_014,PROD_011,3,345.05,0.21,817.77,credit,CUST_5328,New
TXN_202509_016352,2025-09-30,REG_07,STORE_021,EMP_007,PROD_041,5,424.56,0.22,1655.78,credit,CUST_7629,VIP
TXN_202509_016353,2025-09-13,REG_10,STORE_030,EMP_013,PROD_037,4,136.61,0.08,502.72,card,CUST_1829,Regular
TXN_202509_016354,2025-09-30,REG_10,STORE_030,EMP_017,PROD_006,4,233.34,0.12,821.36,mobile,CUST_4466,Regular
TXN_202509_016355,2025-09-06,REG_09,STORE_026,EMP_025,PROD_027,3,18.25,0.3,38.32,credit,CUST_3356,Regular
TXN_202509_016356,2025-09-10,REG_02,STORE_006,EMP_002,PROD_036,1,43.26,0.25,32.45,mobile,CUST_3518,New
TXN_202509_016357,2025-09-07,REG_03,STORE_009,EMP_014,PROD_047,4,87.8,0.13,305.54,credit,CUST_1673,VIP
TXN_202509_016358,2025-09-01,REG_04,STORE_010,EMP_030,PROD_006,5,439.78,0.17,1825.09,cash,CUST_3816,Premium
TXN_202509_016359,2025-09-08,REG_08,STORE_022,EMP_008,PROD_014,5,420.62,0.21,1661.45,card,CUST_3012,VIP
TXN_202509_016360,2025-09-11,REG_08,STORE_022,EMP_008,PROD_030,3,457.39,0.3,960.52,cash,CUST_6060,Premium
TXN_202509_016361,2025-09-16,REG_01,STORE_001,EMP_011,PROD_016,3,435.54,0.0,1306.62,card,CUST_4251,Regular
TXN_202509_016362,2025-09-07,REG_05,STORE_015,EMP_021,PROD_021,1,238.25,0.06,223.95,mobile,CUST_5384,Regular
TXN_202509_016363,2025-09-08,REG_01,STORE_002,EMP_001,PROD_046,4,164.5,0.27,480.34,card,CUST_4072,New
TXN_202509_016364,2025-09-29,REG_04,STORE_011,EMP_004,PROD_038,2,119.84,0.1,215.71,credit,CUST_3361,VIP
TXN_202509_016365,2025-09-19,REG_05,STORE_014,EMP_021,PROD_039,1,189.15,0.21,149.43,mobile,CUST_4625,Regular
TXN_202509_016366,2025-09-08,REG_08,STORE_024,EMP_023,PROD_012,4,417.31,0.22,1302.01,card,CUST_9398,New
TXN_202509_016367,2025-09-02,REG_01,STORE_002,EMP_001,PROD_003,3,272.06,0.08,750.89,cash,CUST_9388,New
TXN_202509_016368,2025-09-03,REG_10,STORE_028,EMP_013,PROD_005,4,201.39,0.04,773.34,credit,CUST_5796,New
TXN_202509_016369,2025-09-18,REG_05,STORE_014,EMP_005,PROD_007,2,127.52,0.18,209.13,mobile,CUST_4821,Regular
TXN_202509_016370,2025-09-09,REG_02,STORE_005,EMP_002,PROD_012,2,64.71,0.26,95.77,card,CUST_5728,Regular
TXN_202509_016371,2025-09-24,REG_01,STORE_003,EMP_011,PROD_002,1,26.3,0.09,23.93,mobile,CUST_6805,Premium
TXN_202509_016372,2025-09-17,REG_06,STORE_018,EMP_006,PROD_040,2,286.31,0.08,526.81,card,CUST_6750,Regular
TXN_202509_016373,2025-09-13,REG_01,STORE_003,EMP_019,PROD_015,3,102.8,0.01,305.32,mobile,CUST_2305,Premium
TXN_202509_016374,2025-09-15,REG_03,STORE_007,EMP_003,PROD_044,1,291.24,0.07,270.85,card,CUST_3590,Regular
TXN_202509_016375,2025-09-11,REG_08,STORE_022,EMP_023,PROD_011,5,221.91,0.02,1087.36,credit,CUST_8331,Regular
TXN_202509_016376,2025-09-20,REG_08,STORE_022,EMP_015,PROD_017,4,420.17,0.16,1411.77,cash,CUST_6139,Premium
TXN_202509_016377,2025-09-22,REG_10,STORE_029,EMP_028,PROD_039,3,414.93,0.22,970.94,card,CUST_1362,New
TXN_202509_016378,2025-09-23,REG_01,STORE_002,EMP_019,PROD_038,2,347.36,0.16,583.56,credit,CUST_8748,Premium
TXN_202509_016379,2025-09-23,REG_01,STORE_002,EMP_018,PROD_021,1,302.38,0.23,232.83,card,CUST_5305,New
TXN_202509_016380,2025-09-24,REG_09,STORE_025,EMP_009,PROD_032,5,453.35,0.22,1768.07,cash,CUST_8097,Premium
TXN_202509_016381,2025-09-22,REG_01,STORE_001,EMP_018,PROD_036,4,215.63,0.01,853.89,card,CUST_3050,VIP
TXN_202509_016382,2025-09-25,REG_01,STORE_003,EMP_001,PROD_023,4,115.65,0.06,434.84,card,CUST_2372,Premium
TXN_202509_016383,2025-09-27,REG_07,STORE_019,EMP_007,PROD_033,1,376.32,0.25,282.24,card,CUST_3220,VIP
TXN_202509_016384,2025-09-21,REG_07,STORE_021,EMP_007,PROD_040,2,327.39,0.03,635.14,credit,CUST_3253,New
TXN_202509_016385,2025-09-13,REG_01,STORE_002,EMP_019,PROD_040,1,178.66,0.15,151.86,mobile,CUST_2420,New
TXN_202509_016386,2025-09-09,REG_05,STORE_015,EMP_005,PROD_024,3,264.55,0.14,682.54,mobile,CUST_4042,New
TXN_202509_016387,2025-09-09,REG_06,STORE_018,EMP_006,PROD_032,4,123.67,0.2,395.74,mobile,CUST_7881,Regular
TXN_202509_016388,2025-09-10,REG_09,STORE_027,EMP_022,PROD_034,5,65.7,0.22,256.23,card,CUST_9259,VIP
TXN_202509_016389,2025-09-05,REG_04,STORE_011,EMP_024,PROD_040,2,172.91,0.2,276.66,credit,CUST_6137,New
TXN_202509_016390,2025-09-10,REG_01,STORE_003,EMP_018,PROD_007,2,222.74,0.19,360.84,card,CUST_6105,New
TXN_202509_016391,2025-09-18,REG_01,STORE_003,EMP_018,PROD_017,1,412.01,0.18,337.85,cash,CUST_1591,Regular
TXN_202509_016392,2025-09-14,REG_08,STORE_022,EMP_023,PROD_045,4,44.94,0.15,152.8,card,CUST_4561,Premium
TXN_202509_016393,2025-09-21,REG_09,STORE_025,EMP_009,PROD_026,2,142.49,0.19,230.83,credit,CUST_5944,Premium
TXN_202509_016394,2025-09-17,REG_10,STORE_030,EMP_010,PROD_014,3,220.67,0.08,609.05,mobile,CUST_3702,VIP
TXN_202509_016395,2025-09-10,REG_01,STORE_002,EMP_019,PROD_002,1,265.83,0.29,188.74,card,CUST_1901,Premium
TXN_202509_016396,2025-09-24,REG_04,STORE_012,EMP_024,PROD_031,3,157.07,0.04,452.36,credit,CUST_9800,Premium
TXN_202509_016397,2025-09-25,REG_09,STORE_027,EMP_022,PROD_029,3,18.23,0.18,44.85,credit,CUST_8056,Premium
TXN_202509_016398,2025-09-24,REG_04,STORE_012,EMP_024,PROD_049,3,107.52,0.05,306.43,mobile,CUST_1345,VIP
TXN_202509_016399,2025-09-25,REG_05,STORE_013,EMP_021,PROD_038,5,124.99,0.08,574.95,mobile,CUST_2481,New
TXN_202509_016400,2025-09-10,REG_05,STORE_013,EMP_005,PROD_035,1,127.5,0.07,118.57,mobile,CUST_8506,Regular
TXN_202509_016401,2025-09-15,REG_10,STORE_028,EMP_020,PROD_044,3,383.4,0.2,920.16,credit,CUST_2681,Regular
TXN_202509_016402,2025-09-30,REG_08,STORE_022,EMP_023,PROD_009,5,447.06,0.08,2056.48,mobile,CUST_6426,Regular
TXN_202509_016403,2025-09-17,REG_05,STORE_015,EMP_021,PROD_007,2,459.48,0.19,744.36,cash,CUST_8202,VIP
TXN_202509_016404,2025-09-08,REG_09,STORE_025,EMP_025,PROD_050,2,204.32,0.14,351.43,credit,CUST_4830,New
TXN_202509_016405,2025-09-08,REG_05,STORE_013,EMP_005,PROD_028,1,172.64,0.22,134.66,cash,CUST_4410,Premium
TXN_202509_016406,2025-09-23,REG_02,STORE_006,EMP_002,PROD_045,2,472.72,0.11,841.44,credit,CUST_8791,Premium
TXN_202509_016407,2025-09-04,REG_03,STORE_009,EMP_014,PROD_015,2,117.58,0.22,183.42,mobile,CUST_2146,VIP
TXN_202509_016408,2025-09-23,REG_09,STORE_026,EMP_025,PROD_011,2,111.61,0.24,169.65,card,CUST_4300,Premium
TXN_202509_016409,2025-09-25,REG_04,STORE_012,EMP_030,PROD_029,5,173.84,0.22,677.98,credit,CUST_1388,Regular
TXN_202509_016410,2025-09-21,REG_07,STORE_021,EMP_007,PROD_032,3,13.84,0.18,34.05,card,CUST_6680,VIP
TXN_202509_016411,2025-09-04,REG_06,STORE_017,EMP_006,PROD_017,4,479.65,0.15,1630.81,card,CUST_5242,Premium
TXN_202509_016412,2025-09-26,REG_08,STORE_022,EMP_015,PROD_029,3,405.8,0.26,900.88,mobile,CUST_2205,New
TXN_202509_016413,2025-09-29,REG_03,STORE_008,EMP_003,PROD_042,2,340.69,0.25,511.03,credit,CUST_6131,New
TXN_202509_016414,2025-09-30,REG_04,STORE_011,EMP_016,PROD_049,1,347.34,0.23,267.45,mobile,CUST_7312,New
TXN_202509_016415,2025-09-25,REG_01,STORE_002,EMP_019,PROD_015,3,270.0,0.24,615.6,mobile,CUST_1453,VIP
TXN_202509_016416,2025-09-19,REG_01,STORE_001,EMP_011,PROD_036,5,192.92,0.03,935.66,credit,CUST_5301,Regular
TXN_202509_016417,2025-09-21,REG_03,STORE_007,EMP_003,PROD_006,4,383.18,0.15,1302.81,card,CUST_7805,VIP
TXN_202509_016418,2025-09-11,REG_06,STORE_016,EMP_006,PROD_049,2,274.66,0.18,450.44,mobile,CUST_8663,Regular
TXN_202509_016419,2025-09-05,REG_03,STORE_009,EMP_014,PROD_026,1,476.21,0.19,385.73,credit,CUST_3006,Regular
TXN_202509_016420,2025-09-03,REG_05,STORE_015,EMP_005,PROD_048,4,165.37,0.19,535.8,mobile,CUST_5827,New
TXN_202509_016421,2025-09-25,REG_04,STORE_012,EMP_026,PROD_034,3,462.37,0.11,1234.53,mobile,CUST_2809,VIP
TXN_202509_016422,2025-09-16,REG_06,STORE_016,EMP_006,PROD_030,1,116.71,0.17,96.87,cash,CUST_1950,Regular
TXN_202509_016423,2025-09-17,REG_03,STORE_008,EMP_014,PROD_015,5,411.1,0.17,1706.06,cash,CUST_7541,Regular
TXN_202509_016424,2025-09-19,REG_04,STORE_012,EMP_026,PROD_007,3,441.0,0.19,1071.63,cash,CUST_9469,New
TXN_202509_016425,2025-09-11,REG_01,STORE_001,EMP_011,PROD_023,5,302.56,0.13,1316.14,mobile,CUST_6165,Regular
TXN_202509_016426,2025-09-06,REG_06,STORE_017,EMP_006,PROD_027,2,273.32,0.12,481.04,credit,CUST_7992,VIP
TXN_202509_016427,2025-09-04,REG_07,STORE_020,EMP_007,PROD_010,1,107.22,0.26,79.34,credit,CUST_3189,VIP
TXN_202509_016428,2025-09-10,REG_01,STORE_002,EMP_018,PROD_002,1,462.53,0.05,439.4,credit,CUST_7157,Regular
TXN_202509_016429,2025-09-07,REG_07,STORE_020,EMP_007,PROD_008,3,53.82,0.16,135.63,credit,CUST_4643,VIP
TXN_202509_016430,2025-09-21,REG_03,STORE_008,EMP_003,PROD_046,3,455.74,0.19,1107.45,cash,CUST_5899,VIP
TXN_202509_016431,2025-09-26,REG_09,STORE_027,EMP_027,PROD_029,1,248.81,0.16,209.0,card,CUST_2637,VIP
TXN_202509_016432,2025-09-11,REG_05,STORE_013,EMP_005,PROD_016,4,86.83,0.13,302.17,mobile,CUST_7671,Premium
TXN_202509_016433,2025-09-20,REG_10,STORE_029,EMP_017,PROD_004,3,377.57,0.19,917.5,card,CUST_6036,New
TXN_202509_016434,2025-09-08,REG_08,STORE_023,EMP_023,PROD_014,1,307.29,0.05,291.93,credit,CUST_9529,Regular
TXN_202509_016435,2025-09-19,REG_04,STORE_012,EMP_030,PROD_003,4,375.41,0.09,1366.49,card,CUST_6468,Premium
TXN_202509_016436,2025-09-03,REG_02,STORE_006,EMP_002,PROD_010,1,287.5,0.02,281.75,credit,CUST_6689,Premium
TXN_202509_016437,2025-09-22,REG_08,STORE_022,EMP_008,PROD_012,1,66.34,0.08,61.03,credit,CUST_9698,New
TXN_202509_016438,2025-09-09,REG_04,STORE_010,EMP_024,PROD_026,1,225.12,0.27,164.34,cash,CUST_8892,VIP
TXN_202509_016439,2025-09-05,REG_06,STORE_017,EMP_006,PROD_003,5,374.96,0.29,1331.11,cash,CUST_1890,Regular
TXN_202509_016440,2025-09-01,REG_10,STORE_029,EMP_017,PROD_014,3,185.5,0.22,434.07,mobile,CUST_7791,New
TXN_202509_016441,2025-09-15,REG_08,STORE_023,EMP_008,PROD_038,2,443.1,0.01,877.34,card,CUST_4783,VIP
TXN_202509_016442,2025-09-21,REG_01,STORE_002,EMP_001,PROD_027,3,351.44,0.27,769.65,cash,CUST_6695,New
TXN_202509_016443,2025-09-17,REG_03,STORE_009,EMP_003,PROD_001,3,299.55,0.09,817.77,mobile,CUST_1106,Premium
TXN_202509_016444,2025-09-02,REG_06,STORE_018,EMP_006,PROD_030,3,285.66,0.14,737.0,mobile,CUST_1841,Premium
TXN_202509_016445,2025-09-23,REG_03,STORE_008,EMP_003,PROD_027,2,128.86,0.06,242.26,credit,CUST_8473,Premium
TXN_202509_016446,2025-09-10,REG_07,STORE_019,EMP_007,PROD_006,5,46.6,0.23,179.41,card,CUST_7618,Premium
TXN_202509_016447,2025-09-21,REG_06,STORE_017,EMP_006,PROD_004,4,455.63,0.26,1348.66,card,CUST_6332,New
TXN_202509_016448,2025-09-06,REG_10,STORE_028,EMP_010,PROD_018,3,478.35,0.01,1420.7,cash,CUST_3283,Premium
TXN_202509_016449,2025-09-20,REG_08,STORE_023,EMP_008,PROD_036,5,243.07,0.01,1203.2,card,CUST_5188,VIP
TXN_202509_016450,2025-09-06,REG_05,STORE_013,EMP_005,PROD_022,1,181.65,0.01,179.83,cash,CUST_5453,Regular
TXN_202509_016451,2025-09-29,REG_05,STORE_015,EMP_005,PROD_039,2,234.09,0.19,379.23,credit,CUST_7525,VIP
TXN_202509_016452,2025-09-08,REG_06,STORE_018,EMP_006,PROD_024,3,116.0,0.02,341.04,cash,CUST_3613,Premium
TXN_202509_016453,2025-09-03,REG_07,STORE_021,EMP_007,PROD_040,4,436.94,0.18,1433.16,cash,CUST_2825,New
TXN_202509_016454,2025-09-18,REG_02,STORE_005,EMP_002,PROD_031,1,17.46,0.04,16.76,cash,CUST_8977,Premium
TXN_202509_016455,2025-09-17,REG_04,STORE_011,EMP_030,PROD_020,3,284.57,0.26,631.75,mobile,CUST_4027,VIP
TXN_202509_016456,2025-09-12,REG_08,STORE_024,EMP_008,PROD_009,5,154.55,0.19,625.93,credit,CUST_8677,Regular
TXN_202509_016457,2025-09-09,REG_02,STORE_005,EMP_002,PROD_041,2,116.66,0.08,214.65,mobile,CUST_3259,New
TXN_202509_016458,2025-09-01,REG_07,STORE_021,EMP_007,PROD_027,1,250.6,0.25,187.95,mobile,CUST_3011,VIP
TXN_202509_016459,2025-09-27,REG_03,STORE_008,EMP_003,PROD_011,5,205.26,0.22,800.51,card,CUST_2770,Regular
TXN_202509_016460,2025-09-08,REG_04,STORE_010,EMP_030,PROD_048,4,78.1,0.04,299.9,card,CUST_2126,Premium
TXN_202509_016461,2025-09-28,REG_07,STORE_020,EMP_007,PROD_037,4,284.32,0.29,807.47,credit,CUST_6741,New
